20200208,宝山,共富,共富二村，双南大两房，精装修，楼层好，是您的选择必看好房,309万,2室1厅 | 83.15平米 | 南 | 简装 | 中楼层(共6层) | 1997年建 | 板楼,https://image1.ljcdn.com/310000-inspection/prod-8014c706-fa5f-47b4-8981-237986b205d8.jpg.296x216.jpg
20200208,宝山,共富,共富优选一房 业主诚心出售 中间楼层 交通便利必看好房,235万,1室1厅 | 62.78平米 | 南 | 简装 | 低楼层(共6层) | 1998年建 | 板楼,https://image1.ljcdn.com/310000-inspection/prod-b7c1522f-588c-4212-a701-30b6df87b6bb.jpg.296x216.jpg
20200208,宝山,共富,地铁优质两房+户型正+总价低+500米到地铁必看好房,245万,2室1厅 | 70.23平米 | 南 | 简装 | 高楼层(共6层) | 1997年建 | 板楼,https://image1.ljcdn.com/310000-inspection/pc1_9J4cpB028_1.jpg.296x216.jpg
20200208,宝山,共富,双南两房，附带天井已搭好，近地铁，满五年！必看好房,298万,2室1厅 | 78.15平米 | 南 | 毛坯 | 低楼层(共6层) | 1997年建 | 板楼,https://image1.ljcdn.com/310000-inspection/prod-54913e47-9edf-4a10-a842-441a909c7c9c.jpg.296x216.jpg
20200208,宝山,共富,【新上房源】1号线共富新村站 飞机户型三房业主诚售必看好房,350万,3室2厅 | 96.09平米 | 南 | 简装 | 高楼层(共6层) | 1997年建 | 板楼,https://image1.ljcdn.com/310000-inspection/pc1_poqHL7Vjs_1.jpg.296x216.jpg
20200208,宝山,共富,精装修三年带阁楼，楼上可以住人，户型正气双南两房必看好房,285万,2室1厅 | 69.42平米 | 南 | 精装 | 高楼层(共6层) | 1998年建 | 板楼,https://image1.ljcdn.com/310000-inspection/pc1_YP7pdx3wM_1.jpg.296x216.jpg
20200208,宝山,共富,链家优选 共富小两房 精装修 带阁楼 诚心出售必看好房,246万,2室1厅 | 58.94平米 | 南 | 精装 | 高楼层(共6层) | 1998年建 | 板楼,https://image1.ljcdn.com/310000-inspection/pc1_icfqQ4jaT_1.jpg.296x216.jpg
20200208,宝山,共富,3楼+采光好+交通便利+业主诚卖！小区物业好必看好房,235万,2室1厅 | 56.4平米 | 南 | 简装 | 中楼层(共6层) | 1998年建 | 板楼,https://image1.ljcdn.com/310000-inspection/pc1_Gd3M2jhbA_1.jpg.296x216.jpg
20200208,宝山,共富,新上房源！05年新房~中间楼层~采光充足~邻近地铁！必看好房,185万,1室1厅 | 45.58平米 | 南 | 简装 | 中楼层(共6层) | 2005年建 | 板楼,https://image1.ljcdn.com/310000-inspection/pc1_FJyMPvuSu_1.jpg.296x216.jpg
20200208,宝山,共富,风里雨里，我就在这里，共富新二村05年正规次新三房必看好房,369万,3室2厅 | 98.17平米 | 南 | 简装 | 高楼层(共6层) | 2005年建 | 板楼,https://image1.ljcdn.com/310000-inspection/pc1_7DO5HDYTK_1.jpg.296x216.jpg
20200208,宝山,共富,本房中等装修，采光充足，小区中间位置，业主诚售。必看好房,185万,1室1厅 | 51.37平米 | 南 | 精装 | 高楼层(共6层) | 1995年建 | 板楼,https://image1.ljcdn.com/310000-inspection/pc1_Ga9lxcTBa_1.jpg.296x216.jpg
20200208,宝山,共富,一楼带双天井天井已搭+业主诚心出售+近地铁350米！必看好房,309万,3室1厅 | 79.98平米 | 南 | 简装 | 低楼层(共6层) | 1997年建 | 板楼,https://image1.ljcdn.com/310000-inspection/pc1_3ajAG4OQJ_1.jpg.296x216.jpg
20200208,宝山,共富,精装修三房，单价低，距地铁站800米，出行方便必看好房,310万,3室1厅 | 90.5平米 | 南 | 精装 | 高楼层(共6层) | 1996年建 | 板楼,https://image1.ljcdn.com/310000-inspection/prod-8f5ab1a8-921f-461d-8ee2-416bcd3efca4.jpg.296x216.jpg
20200208,宝山,共富,6复7,5房复式（附带双北露台）+业主诚售（看房随时）必看好房,498万,5室2厅 | 181.1平米 | 南 | 精装 | 高楼层(共6层) | 2001年建 | 板楼,https://image1.ljcdn.com/310000-inspection/5a54446d-ac61-4679-8f6b-4f0318e22666.jpg.296x216.jpg
20200208,宝山,共富,南北户型（有改动）+采光好+看房方便+交通便利必看好房,183万,1室1厅 | 49.83平米 | 南 | 简装 | 高楼层(共6层) | 1998年建 | 板楼,https://image1.ljcdn.com/310000-inspection/28a36c5f-7971-4ef2-9c54-0dbb257a88e9.jpg.296x216.jpg
20200208,宝山,共富,4房大复式（品质小区）+露台27平，近地铁1号线+诚售房主自荐,470万,4室2厅 | 141.26平米 | 南 北 | 简装 | 高楼层(共6层) | 2002年建 | 板楼,https://image1.ljcdn.com/310000-inspection/pc1_gYhYfZH9t_1.jpg.296x216.jpg
20200208,宝山,共富,富都园+2003年竣工+南北错层+2房2厅2卫2阳台+满五唯一房主自荐,425万,2室2厅 | 104.45平米 | 南 | 精装 | 低楼层(共6层) | 2003年建 | 板楼,https://image1.ljcdn.com/310000-inspection/pc1_BRyhfMSxV_1.jpg.296x216.jpg
20200208,宝山,共富,富都园04年次新房+精装4房+视野开阔+实用面积大+满五房主自荐,490万,4室2厅 | 137.73平米 | 南 | 精装 | 高楼层(共6层) | 2004年建 | 板楼,https://image1.ljcdn.com/310000-inspection/prod-027c6e8b-d4f8-43f5-adbb-2d4086314cee.jpg.296x216.jpg
20200208,宝山,共富,业主诚意出售，2005年次新房，楼上有五十平一层露台！,474万,3室2厅 | 135.05平米 | 南 | 简装 | 高楼层(共6层) | 2005年建 | 板楼,https://image1.ljcdn.com/310000-inspection/prod-31642ff1-bc71-4ee8-a6f1-b68f8ce28354.jpg.296x216.jpg
20200208,宝山,共富,高品质小区02年次新房-复式带大露台，业主诚意出售房主自荐,480万,3室2厅 | 131平米 | 南 | 简装 | 高楼层(共6层) | 2003年建 | 板楼,https://image1.ljcdn.com/310000-inspection/prod-cbd2a42d-8859-494a-b8b7-b70f03cf1d59.jpg.296x216.jpg
20200208,宝山,共富,Lianjia优选+高质量住小区+环境优美+人车分流,640万,3室2厅 | 121.52平米 | 南 | 精装 | 低楼层(共15层)  | 板楼,https://image1.ljcdn.com/310000-inspection/pc1_inJOMGS4H_1.jpg.296x216.jpg
20200208,宝山,共富,正规精装大三房，高得房率，全明户型,435万,3室2厅 | 108.88平米 | 南 | 精装 | 低楼层(共6层) | 1999年建 | 板楼,https://image1.ljcdn.com/310000-inspection/pc1_nPKqS1tQy_1.jpg.296x216.jpg
20200208,宝山,共富,富华苑02年次新房大复式带露台50平米+看房随时+房型正,566万,4室3厅 | 190.58平米 | 南 北 | 精装 | 高楼层(共6层) | 2002年建 | 板楼,https://image1.ljcdn.com/310000-inspection/prod-5fda17ab-c06c-4160-a135-90f61a9de47d.jpg.296x216.jpg
20200208,宝山,共富,低楼层+南北户型好房型+中装修拎包入住+看房随时,296万,2室1厅 | 74.48平米 | 南 北 | 简装 | 低楼层(共6层) | 1997年建 | 板楼,https://image1.ljcdn.com/310000-inspection/prod-c5d3fc20-63ac-4d03-bd17-b2c9b71de240.jpg.296x216.jpg
20200208,宝山,共富,2006年次新大平层三房  精装 全明户型 前面是花园,499万,3室1厅 | 140.05平米 | 南 | 精装 | 低楼层(共6层) | 2006年建 | 板楼,https://image1.ljcdn.com/310000-inspection/prod-cd6bf342-c344-4f37-b327-07f188cf690a.jpg.296x216.jpg
20200208,宝山,共富,富都园一楼带天井+南北错层+小区环境优美+交通便利房主自荐,407万,2室2厅 | 97.14平米 | 南 | 简装 | 低楼层(共6层) | 2003年建 | 板楼,https://image1.ljcdn.com/310000-inspection/prod-c09022c4-fc71-4fdc-9158-4d74f233c0cb.jpg.296x216.jpg
20200208,宝山,共富,融创家园，宝山之星，华灯初上，灯火阑珊！,660万,3室2厅 | 120.17平米 | 南 北 | 精装 | 中楼层(共16层)  | 板楼,https://image1.ljcdn.com/310000-inspection/pc1_1E5esXP86_1.jpg.296x216.jpg
20200208,宝山,共富,一手动迁房，免征增值税以及附加税,楼层好+南北户型房主自荐,490万,3室2厅 | 126.21平米 | 南 | 简装 | 中楼层(共6层) | 1999年建 | 板楼,https://image1.ljcdn.com/310000-inspection/pc1_NGPzTKqUa.jpg.296x216.jpg
20200208,宝山,共富,共富二村次新房，一楼带有双天井，满五唯一，房型正气,358万,3室2厅 | 97.27平米 | 南 | 简装 | 低楼层(共5层) | 1999年建 | 板楼,https://image1.ljcdn.com/310000-inspection/prod-5e595083-8594-4a75-b46a-d1f3734cf33e.jpg.296x216.jpg
20200208,宝山,共富,宝山未来之星+顾村豪地+舒适的环境上端品质生活选择房主自荐,680万,4室2厅 | 131.69平米 | 南 | 精装 | 低楼层(共15层) | 2015年建 | 板楼,https://image1.ljcdn.com/310000-inspection/prod-b6780808-5c47-4ad2-8862-112565ee4c9c.jpg.296x216.jpg
20200208,宝山,共富,富隆苑+多层南北2房+低楼层+环境好+满五年+看房随时,360万,2室2厅 | 90.28平米 | 南 | 简装 | 低楼层(共6层) | 2004年建 | 板楼,https://image1.ljcdn.com/310000-inspection/pc1_VtiUKHD2i_1.jpg.296x216.jpg
20200208,宝山,共富,共富二村精装修三房，全明户型，采光充足，诚心出售房主自荐,307万,3室2厅 | 90.5平米 | 南 | 简装 | 高楼层(共6层) | 1996年建 | 板楼,https://image1.ljcdn.com/310000-inspection/pc1_Lni5576r0_1.jpg.296x216.jpg
20200208,宝山,共富,富弘苑+03年次新房+南北户型+环境优美+看房随时,365万,2室2厅 | 94.47平米 | 南 北 | 简装 | 低楼层(共6层) | 2003年建 | 板楼,https://image1.ljcdn.com/310000-inspection/prod-63c41ded-fc11-49be-af69-3782deaf441c.jpg.296x216.jpg
20200208,宝山,共富,富隆苑2房2卫+3开间朝南+低楼层+采光好+降价房源房主自荐,410万,2室2厅 | 112.99平米 | 南 | 简装 | 低楼层(共14层) | 2004年建 | 板楼,https://image1.ljcdn.com/310000-inspection/pc1_B06Vj0clK.jpg.296x216.jpg
20200208,宝山,共富,房本满五年，业主诚心置换，飞机户型，错层，通风好,520万,3室2厅 | 139.31平米 | 南 | 精装 | 高楼层(共6层) | 2003年建 | 板楼,https://image1.ljcdn.com/310000-inspection/pc1_ENhxI3rxg_1.jpg.296x216.jpg
20200208,宝山,共富,罕见飞机户型+房本满五年+采光充足++交通便利！房主自荐,335万,3室1厅 | 92.05平米 | 南 | 简装 | 高楼层(共6层) | 1996年建 | 板楼,https://image1.ljcdn.com/310000-inspection/pc1_ZqYKSNZ1m.jpg.296x216.jpg
20200208,宝山,共富,普通住宅无增值税买进价高无个税，02年房龄，户型正气房主自荐,360万,2室2厅 | 90.64平米 | 南 | 精装 | 高楼层(共6层) | 2001年建 | 板楼,https://image1.ljcdn.com/310000-inspection/pc1_pMQQg63jq.jpg.296x216.jpg
20200208,宝山,共富,房子满五唯一 采光好 错开的南北,305万,2室1厅 | 79平米 | 南 | 简装 | 高楼层(共6层) | 1997年建 | 板楼,https://image1.ljcdn.com/310000-inspection/pc1_JnsOvG0gv_1.jpg.296x216.jpg
20200208,宝山,共富,二村无个税，中间楼层，采光充足，一梯两户得房率高,325万,3室2厅 | 89.65平米 | 南 | 简装 | 中楼层(共6层) | 1996年建 | 板楼,https://image1.ljcdn.com/310000-inspection/pc1_DdDnimV6v_1.jpg.296x216.jpg
20200208,宝山,共富,02年房龄+正气户型+环境优雅+生活便利+诚心出售房主自荐,436万,3室2厅 | 118.91平米 | 南 北 | 精装 | 高楼层(共6层) | 2001年建 | 板楼,https://image1.ljcdn.com/310000-inspection/prod-52465934-07c5-490b-b55a-7ba0fc0aea50.jpg.296x216.jpg
20200208,宝山,共富,宝山之星2+1户型+带车位+房型正气+窗外湿地公园！,520万,3室1厅 | 92平米 | 南 | 精装 | 低楼层(共16层)  | 板楼,https://image1.ljcdn.com/310000-inspection/prod-5527cb6f-2234-4591-8913-af72b36b90fa.jpg.296x216.jpg
20200208,宝山,共富,店长推荐：单价低，大三居，楼层好，必看好房房主自荐,450万,3室2厅 | 123.83平米 | 南 | 精装 | 低楼层(共6层) | 1999年建 | 板楼,https://image1.ljcdn.com/310000-inspection/pc1_l5EADNMCW_1.jpg.296x216.jpg
20200208,宝山,共富,01年大三房+2楼+交通便利+配套齐全+看房方便,470万,3室2厅 | 126.21平米 | 南 | 简装 | 低楼层(共6层) | 1999年建 | 板楼,https://image1.ljcdn.com/310000-inspection/prod-d110ff98-b45f-4854-8a88-bdb468e85304.jpg.296x216.jpg
20200208,宝山,共富,交通便利， 满五唯一，户型方正，双南两房。,265万,2室2厅 | 71.53平米 | 南 | 简装 | 高楼层(共6层) | 1996年建 | 板楼,https://image1.ljcdn.com/310000-inspection/prod-8d056b45-f6ed-415c-b5e8-b3df7916235d.jpg.296x216.jpg
20200208,宝山,共富,错层南北两房，02年次新房，小区环境优美！房主自荐,382万,2室2厅 | 97.58平米 | 南 | 简装 | 高楼层(共6层) | 2002年建 | 板楼,https://image1.ljcdn.com/310000-inspection/prod-7786982c-8322-4c7d-95a5-9e47beb8fb76.jpg.296x216.jpg
20200208,宝山,共富,富隆苑1房+楼层低+出行方便+环境好+看房方便房主自荐,305万,1室1厅 | 82.16平米 | 南 | 精装 | 低楼层(共14层) | 2004年建 | 板楼,https://image1.ljcdn.com/310000-inspection/ebd0b10d-3ecf-4c87-933b-d1cc7f6a1f81_1000.jpg.296x216.jpg
20200208,宝山,共富,近地铁，小区边套，无遮挡，全明户型，拎包入住。,370万,3室2厅 | 100.13平米 | 南 | 精装 | 中楼层(共6层) | 1997年建 | 板楼,https://image1.ljcdn.com/310000-inspection/pc1_oSsbAcFtA_1.jpg.296x216.jpg
20200208,宝山,共富,16年精装修，单价低，双南大两房，一梯两户，全明户型,293万,2室2厅 | 83.75平米 | 南 北 | 精装 | 高楼层(共6层) | 1997年建 | 板楼,https://image1.ljcdn.com/310000-inspection/pc1_odyGqgbxO_1.jpg.296x216.jpg
20200208,宝山,共富,《店长推荐》上新好房1号线共富新村站  非顶楼正3房房主自荐,335万,3室1厅 | 83.32平米 | 南 北 | 精装 | 高楼层(共6层) | 1997年建 | 板楼,https://image1.ljcdn.com/310000-inspection/pc1_W2cZUpCTY_1.jpg.296x216.jpg
20200208,宝山,共富,外环以内普通住宅，2001年次新房，南北两房,340万,2室2厅 | 85.77平米 | 南 | 精装 | 高楼层(共6层) | 2001年建 | 板楼,https://image1.ljcdn.com/310000-inspection/pc1_nUjNm0UFK.jpg.296x216.jpg
20200208,宝山,共富,飞机户型大三房+自带50平三个小花园+采光充足+1号线,465万,3室2厅 | 129.09平米 | 南 | 简装 | 低楼层(共6层) | 1997年建 | 板楼,https://image1.ljcdn.com/310000-inspection/prod-ac2d5ed4-0ef7-48be-a663-05f85dffff3f.jpg.296x216.jpg
20200208,宝山,共富,1号线小区中间位置 中间楼层 一梯两户 采光好 楼层佳,205万,1室1厅 | 51.27平米 | 南 北 | 简装 | 中楼层(共6层) | 1997年建 | 板楼,https://image1.ljcdn.com/310000-inspection/prod-f42c2aeb-127e-44cb-b2ca-d410c6a9a0e1.jpg.296x216.jpg
20200208,宝山,共富,满五唯一+南北户型（有改动）+采光好+看房方便房主自荐,193万,1室1厅 | 49.83平米 | 南 | 简装 | 高楼层(共6层) | 1998年建 | 板楼,https://image1.ljcdn.com/310000-inspection/pc1_El6e5CFAI_1.jpg.296x216.jpg
20200208,宝山,共富,店长推荐好房源，中间楼层，满五年无个税房主自荐,243万,1室2厅 | 57.72平米 | 南 北 | 精装 | 中楼层(共6层) | 2000年建 | 板楼,https://image1.ljcdn.com/310000-inspection/pc1_ArjqnxuRP.jpg.296x216.jpg
20200208,宝山,共富,lianjia.优选 全明户型，双南卧室，楼层低出行方便房主自荐,262万,2室1厅 | 65.34平米 | 南 | 简装 | 低楼层(共6层) | 1998年建 | 板楼,https://image1.ljcdn.com/310000-inspection/pc1_y6K7gVZry_1.jpg.296x216.jpg
20200208,宝山,共富,香，真香，好香，中间楼层，中间位置，地铁800米！！房主自荐,280万,2室1厅 | 70.9平米 | 南 | 简装 | 中楼层(共6层) | 1997年建 | 板楼,https://image1.ljcdn.com/310000-inspection/pc1_8oecofl2M_1.jpg.296x216.jpg
20200208,宝山,共富,房本满五的横套间，楼层好位置好房型优房主自荐,225万,1室2厅 | 53.73平米 | 南 | 简装 | 中楼层(共6层) | 1998年建 | 板楼,https://image1.ljcdn.com/310000-inspection/pc1_lvwI3h1uT_1.jpg.296x216.jpg
20200208,宝山,共富,02年小区（链家优选）+2楼+在小区丽位置好+楼间距大+,357万,2室2厅 | 87.46平米 | 南 | 简装 | 中楼层(共5层) | 2002年建 | 板楼,https://image1.ljcdn.com/310000-inspection/prod-bce92896-02be-4859-a297-5af5a554065e.jpg.296x216.jpg
20200208,宝山,共富,《 全明户型+两房朝南+厅朝东》带17平米天井花园房主自荐,268万,2室1厅 | 67.84平米 | 南 | 简装 | 低楼层(共6层) | 1998年建 | 板楼,https://image1.ljcdn.com/310000-inspection/prod-ee029807-232e-4c50-b01b-3cd28468811e.jpg.296x216.jpg
20200208,宝山,共富,链家优选，中层南北两房，满五唯一，厨卫分明，随时看房主自荐,321万,2室2厅 | 78.71平米 | 南 | 简装 | 低楼层(共6层) | 2000年建 | 板楼,https://image1.ljcdn.com/310000-inspection/pc1_leimYwWv6_1.jpg.296x216.jpg
20200208,宝山,共富,富康园+3房2卫链家优选+楼层好+房型正气+交通方便,460万,3室2厅 | 126.21平米 | 南 | 简装 | 低楼层(共6层) | 1999年建 | 板楼,https://image1.ljcdn.com/310000-inspection/prod-bb370187-5cda-4625-ac21-05c7a3916522.jpg.296x216.jpg
20200208,宝山,共富,zhongyang空调带地暖+楼层高区+小区带会所+室内外泳池,720万,4室2厅 | 131平米 | 南 北 | 精装 | 高楼层(共15层)  | 板楼,https://image1.ljcdn.com/310000-inspection/pc1_U2ozut6mN.jpg.296x216.jpg
20200208,宝山,共富,大宁北玉兰公馆 3室2厅 700万房主自荐,700万,3室2厅 | 120.33平米 | 南 北 | 其他 | 高楼层(共15层) | 2016年建 | 板楼,https://image1.ljcdn.com/310000-inspection/pc1_HvP5IECwZ.jpg.296x216.jpg
20200208,宝山,共富,业主定居国外急售此房+满五唯一+有钥匙 +税费各付！,405万,3室2厅 | 116.54平米 | 南 北 | 简装 | 高楼层(共6层) | 1997年建 | 板楼,https://image1.ljcdn.com/310000-inspection/pc1_hgTn2MRfI_1.jpg.296x216.jpg
20200208,宝山,共富,满五唯一，交通便利，无遮挡，业主诚售,295万,2室1厅 | 79平米 | 南 | 简装 | 低楼层(共6层) | 1997年建 | 板楼,https://image1.ljcdn.com/310000-inspection/prod-fa2464ec-8008-4c9b-81f7-74810a77bb91.jpg.296x216.jpg
20200208,宝山,共富,精装修，满五唯一，中楼层业主诚心出售，,198万,1室1厅 | 49.7平米 | 南 | 精装 | 中楼层(共6层) | 1998年建 | 板楼,https://image1.ljcdn.com/310000-inspection/pc1_5D3sjshE6_1.jpg.296x216.jpg
20200208,宝山,共富,宝山共富四村精装修2房中间楼层采光好视野开阔安静房主自荐,330万,2室2厅 | 80.46平米 | 南 | 精装 | 中楼层(共6层) | 1999年建 | 板楼,https://image1.ljcdn.com/310000-inspection/pc1_KnkLcqNQs_1.jpg.296x216.jpg
20200208,宝山,共富,富隆苑+电梯南北2房+楼层好+装修好+拎包入住+看房方便房主自荐,425万,2室2厅 | 104.31平米 | 南 | 精装 | 中楼层(共14层) | 2004年建 | 板楼,https://image1.ljcdn.com/310000-inspection/pc1_KOCb7CPhd_1.jpg.296x216.jpg
20200208,宝山,共富,近地铁+精装修，非顶楼，前排无遮挡视野好，采光足。房主自荐,199万,1室1厅 | 51.04平米 | 南 | 精装 | 高楼层(共6层) | 1997年建 | 板楼,https://image1.ljcdn.com/310000-inspection/pc1_cEK8eRnBh_1.jpg.296x216.jpg
20200208,宝山,共富,1号线地铁 刚需三房 店长推荐一梯二户 小区中间位置,333万,3室1厅 | 88.4平米 | 南 | 简装 | 中楼层(共6层) | 1995年建 | 板楼,https://image1.ljcdn.com/310000-inspection/prod-9dabefcc-c4d5-4c88-8541-f57780ed4d8d.jpg.296x216.jpg
20200208,宝山,共富,电梯房，满五唯一，中楼层，全明户型，采光充足，可谈,500万,3室2厅 | 138.58平米 | 南 | 简装 | 中楼层(共11层) | 2006年建 | 板楼,https://image1.ljcdn.com/310000-inspection/prod-55cfed58-2f89-42bc-a237-d52c2b77cae1.jpg.296x216.jpg
20200208,宝山,共富,南北通透，户型正气，交通便利，出行方便房主自荐,294万,2室1厅 | 84平米 | 南 北 | 精装 | 中楼层(共6层) | 2004年建 | 板楼,https://image1.ljcdn.com/310000-inspection/prod-a6df6e4e-ab7b-45c7-862f-6711028c548d.jpg.296x216.jpg
20200208,宝山,共富,链家优选，中层南北两房，交通便利，生活配套齐全房主自荐,246万,2室1厅 | 57.6平米 | 南 | 精装 | 高楼层(共6层) | 2000年建 | 板楼,https://image1.ljcdn.com/310000-inspection/pc1_IOTnDUtxq_1.jpg.296x216.jpg
20200208,宝山,共富,业主诚心出售， 楼层适中，满五唯一，采光充足房主自荐,297万,3室1厅 | 77.45平米 | 南 | 简装 | 中楼层(共6层) | 1996年建 | 板楼,https://image1.ljcdn.com/310000-inspection/pc1_Fy2JSHyIt_1.jpg.296x216.jpg
20200208,宝山,共富,满五唯一+南北全明户型+交通便利,275万,2室1厅 | 76.67平米 | 南 北 | 简装 | 高楼层(共6层) | 1997年建 | 板楼,https://image1.ljcdn.com/310000-inspection/pc1_uskhvibu2_1.jpg.296x216.jpg
20200208,宝山,共富,宝山共富三村一楼带双天井双南户型采光好户型方正房主自荐,289万,2室1厅 | 70.62平米 | 南 | 简装 | 低楼层(共6层) | 1998年建 | 板楼,https://image1.ljcdn.com/310000-inspection/pc1_r16MtEWk1_1.jpg.296x216.jpg
20200208,宝山,共富,新二村，双南两房，only one 店长推荐房主自荐,293万,2室1厅 | 78.14平米 | 南 | 简装 | 高楼层(共6层) | 2006年建 | 板楼,https://image1.ljcdn.com/310000-inspection/pc1_E1CjBxwf2_1.jpg.296x216.jpg
20200208,宝山,共富,共富二村顶楼复式，南北通透，价格美丽，业主急售,388万,3室2厅 | 110.91平米 | 南 北 | 毛坯 | 高楼层(共6层) | 2004年建 | 板楼,https://image1.ljcdn.com/310000-inspection/prod-8d4229b5-cba6-434e-88a4-f14cd83110d7.jpg.296x216.jpg
20200208,宝山,共富,近地铁+采光通风好+中间楼层+业主诚心出售,350万,3室1厅 | 88.4平米 | 南 | 简装 | 中楼层(共6层) | 1995年建 | 板楼,https://image1.ljcdn.com/310000-inspection/prod-6da4a46f-7fe6-4ed6-839b-1c009a13f535.jpg.296x216.jpg
20200208,宝山,共富,地铁800米 金三银四的楼层 双南户型 理想居家房,275万,2室1厅 | 70.94平米 | 南 | 简装 | 中楼层(共6层) | 1995年建 | 板楼,https://image1.ljcdn.com/310000-inspection/prod-a48d1ef4-c0d5-4554-9a7d-d49522f02aa2.jpg.296x216.jpg
20200208,宝山,共富,共富二村+两房+采光充足+近地铁+位置好+全明户型房主自荐,214万,2室0厅 | 57.21平米 | 南 | 简装 | 高楼层(共6层) | 1996年建 | 板楼,https://image1.ljcdn.com/310000-inspection/prod-ddee4959-6f03-445c-a7c9-3a1568518917.jpg.296x216.jpg
20200208,宝山,共富,2006年次新房，业主诚意出售，中高层！,405万,2室2厅 | 104.8平米 | 南 北 | 精装 | 中楼层(共11层) | 2006年建 | 板楼,https://image1.ljcdn.com/310000-inspection/test-c2aea086-d4d9-4108-8556-fe4a1f4315bb.png.296x216.jpg
20200208,宝山,共富,次新迷你小两房惊喜来袭，拎包入住，诚意可签房主自荐,299万,2室2厅 | 78.09平米 | 南 | 精装 | 高楼层(共6层) | 2000年建 | 板楼,https://image1.ljcdn.com/310000-inspection/prod-83bf0d31-6b0d-4a75-8bc4-4cf07e2e5699.jpg.296x216.jpg
20200208,宝山,共富,共富一村 2室1厅 275万,275万,2室1厅 | 67.95平米 | 南 | 简装 | 低楼层(共6层) | 1997年建 | 板楼,https://image1.ljcdn.com/310000-inspection/pc1_bxmSWoBlL_1.jpg.296x216.jpg
20200208,宝山,共富,飞机户型（非顶楼）+小区位置佳，近地铁1号线+急售,325万,3室1厅 | 84.05平米 | 南 | 简装 | 高楼层(共6层) | 1997年建 | 板楼,https://image1.ljcdn.com/310000-inspection/pc1_E2sIoNsXn_1.jpg.296x216.jpg
20200208,宝山,共富,满5唯一，南北通全明户型，楼层采光充足，视野开阔,395万,2室2厅 | 98.84平米 | 南 | 简装 | 低楼层(共6层) | 2003年建 | 板楼,https://image1.ljcdn.com/310000-inspection/pc1_NRLVsUEZs_1.jpg.296x216.jpg
20200208,宝山,共富,共富一村 2室1厅 240万,240万,2室1厅 | 60.13平米 | 南 | 简装 | 高楼层(共6层) | 1996年建 | 板楼,https://image1.ljcdn.com/310000-inspection/pc1_oE5S2APwq_1.jpg.296x216.jpg
20200208,宝山,共富,大宁北玉兰公馆 3室2厅 660万,660万,3室2厅 | 120平米 | 南 | 其他 | 中楼层(共15层) | 1995年建 | 板楼,https://image1.ljcdn.com/310000-inspection/pc1_OaM7CXgU0_1.jpg.296x216.jpg
20200208,宝山,共富,3楼+2卫+  链家大两房！+近地铁+小区物业好+业主急卖房主自荐,410万,2室2厅 | 104.35平米 | 南 | 精装 | 中楼层(共6层) | 2001年建 | 板楼,https://image1.ljcdn.com/310000-inspection/pc1_EZ6CdIToV_1.jpg.296x216.jpg
20200208,宝山,共富,新上好房，近地铁600米+精装修3年，小区中间位置。房主自荐,265万,2室1厅 | 70.94平米 | 南 | 精装 | 高楼层(共6层) | 1997年建 | 板楼,https://image1.ljcdn.com/310000-inspection/pc1_1O9tNkCGB_1.jpg.296x216.jpg
20200208,宝山,共富,满五年~中间楼层~小区位置好~交通便利~看房随时！,170万,1室1厅 | 41.51平米 | 南 | 简装 | 中楼层(共6层) | 1997年建 | 板楼,https://image1.ljcdn.com/310000-inspection/pc1_6SW9U3RRj_1.jpg.296x216.jpg
20200208,宝山,共富,此房满两年税费少+业主急售+随时能看+品质生活的选择,710万,4室2厅 | 131.66平米 | 南 北 | 精装 | 低楼层(共15层) | 2015年建 | 板楼,https://image1.ljcdn.com/310000-inspection/prod-e020b8c1-558d-49c8-a4e3-ef5835b65e53.jpg.296x216.jpg
20200208,宝山,共富,电梯房，满五唯一，中间楼层，视野无遮挡，近地铁,410万,2室2厅 | 106.28平米 | 南 | 精装 | 高楼层(共13层) | 2001年建 | 板楼,https://image1.ljcdn.com/310000-inspection/prod-4894f255-7134-4848-b787-6464779fc25e.jpg.296x216.jpg
20200208,宝山,共富,共富二村+满五唯一+南北户型+采光好+近地铁+价格可谈,285万,2室1厅 | 80.61平米 | 南 | 简装 | 高楼层(共6层) | 1996年建 | 板楼,https://image1.ljcdn.com/310000-inspection/pc1_SA4JMNy7g_1.jpg.296x216.jpg
20200208,宝山,共富,顶楼带阁楼25平+采光好+业主诚心出售+采光好+停车方便,255万,1室1厅 | 59.01平米 | 南 | 简装 | 高楼层(共6层) | 2000年建 | 板楼,https://image1.ljcdn.com/310000-inspection/prod-d5882139-d286-4703-b65d-8690b52de9af.jpg.296x216.jpg
20200208,宝山,共富,一房楼层好，房东诚意出售，近地铁，看房随时方便,246万,1室1厅 | 63.45平米 | 南 | 简装 | 中楼层(共6层) | 1996年建 | 板楼,https://image1.ljcdn.com/310000-inspection/prod-88cc3897-ca62-42b6-93cb-b974c186d6a5.jpg.296x216.jpg
20200208,宝山,共富,1号线600米2房，全明户型，采光好，居家装修自住,295万,2室2厅 | 77.88平米 | 南 | 简装 | 高楼层(共6层) | 1996年建 | 板楼,https://image1.ljcdn.com/310000-inspection/prod-519aa0e9-3420-48de-bb95-8fb4b7570b38.jpg.296x216.jpg
20200208,宝山,共富,复式，楼上有40多平方不计产证面积，采光好，近地铁,330万,2室2厅 | 82.19平米 | 南 | 简装 | 高楼层(共6层) | 1999年建 | 板楼,https://image1.ljcdn.com/310000-inspection/prod-6866e4e1-51fb-427d-b63b-6fedb7fcc8d6.jpg.296x216.jpg
20200208,宝山,共富,新二村，南北大两房，采光好，南北通风,317万,2室2厅 | 80.46平米 | 南 | 简装 | 高楼层(共6层) | 2006年建 | 板楼,https://image1.ljcdn.com/310000-inspection/prod-528ca76c-e7b6-4417-bf60-b77cd21bd38f.jpg.296x216.jpg
20200208,宝山,共富,双南两房，满五唯一，交通地铁便利,272万,2室1厅 | 70.94平米 | 南 | 简装 | 高楼层(共6层) | 1995年建 | 板楼,https://image1.ljcdn.com/310000-inspection/pc1_e2uZvyVVh_1.jpg.296x216.jpg
20200208,宝山,共富,本房满五年，小区中间位置，高楼层采光充足。,255万,2室1厅 | 70.94平米 | 南 | 简装 | 高楼层(共6层) | 1997年建 | 板楼,https://image1.ljcdn.com/310000-inspection/pc1_cTqLLJr1i_1.jpg.296x216.jpg
20200208,宝山,共富,大宁北玉兰公馆 4室2厅 730万房主自荐,730万,4室2厅 | 131平米 | 南 | 精装 | 高楼层(共15层)  | 板楼,https://image1.ljcdn.com/310000-inspection/prod-fc684767-dc4f-4560-bb11-423a5e572777.jpg.296x216.jpg
20200208,宝山,共富,05年次新房，满五唯一，毛坯装修，楼层五楼，交通便利,184万,1室1厅 | 45.29平米 | 南 | 简装 | 高楼层(共6层) | 2005年建 | 板楼,https://image1.ljcdn.com/310000-inspection/prod-3b68fcdb-2691-4c5f-8910-5786b4a7e59c.jpg.296x216.jpg
20200208,宝山,共富,04年小区+大两房（错层）链家优选！+两房+两卫房主自荐,407万,2室2厅 | 96.91平米 | 南 | 简装 | 高楼层(共6层) | 2004年建 | 板楼,https://image1.ljcdn.com/310000-inspection/prod-bcc1ffaf-4138-46c0-812e-e9e4276ae6cf.jpg.296x216.jpg
20200208,宝山,共富,舒适大两房+好楼层好位置+业主诚心出售,310万,2室1厅 | 77.89平米 | 南 | 精装 | 低楼层(共6层) | 1997年建 | 板楼,https://image1.ljcdn.com/310000-inspection/prod-a53fa865-e1b7-4835-8399-0a18b3c46c7e.jpg.296x216.jpg
20200208,宝山,共富,店长推荐：南北户型，中等装修，中间位置，近地铁,285万,2室1厅 | 77.4平米 | 南 北 | 简装 | 高楼层(共6层) | 1999年建 | 板楼,https://image1.ljcdn.com/310000-inspection/prod-d6989960-2579-4a57-94ed-479ed181d091.jpg.296x216.jpg
20200208,宝山,共富,错开南北，带阁楼，only one 店长推荐,276万,2室1厅 | 75.43平米 | 南 | 精装 | 高楼层(共6层) | 1996年建 | 板楼,https://image1.ljcdn.com/310000-inspection/prod-3c4c70a3-f811-4605-ba3d-6e6239b3cc3a.jpg.296x216.jpg
20200208,宝山,共富,店长推荐好房源，中间楼层，业主诚心出售房主自荐,260万,2室1厅 | 63.31平米 | 南 | 简装 | 中楼层(共6层) | 1998年建 | 板楼,https://image1.ljcdn.com/310000-inspection/pc1_rqwRACG07_1.jpg.296x216.jpg
20200208,宝山,共富,富都园精装修顶楼带阁楼复式房商品房小区停车方便静,660万,4室2厅 | 190.86平米 | 南 | 精装 | 高楼层(共6层) | 2004年建 | 板楼,https://image1.ljcdn.com/310000-inspection/f24cd269-6f40-48db-b50b-fb86603c1d8b.jpg.296x216.jpg
20200208,宝山,共富,人车分流+管理完善+环境舒适，追求品质住宅的选择,660万,3室2厅 | 123平米 | 南 北 | 精装 | 中楼层(共16层)  | 板楼,https://image1.ljcdn.com/shfdfs-image/20170929/d8b6d214-43e6-4fae-acf0-d6909c0a67d9.jpg.296x216.jpg
20200208,宝山,共富,一号线旁大复式满五年唯一，只算楼下面积，不算楼上！,485万,4室2厅 | 123.24平米 | 南 | 精装 | 高楼层(共6层) | 1999年建 | 板楼,https://image1.ljcdn.com/310000-inspection/000e1bcb-92c0-4771-a013-30f2559e2254.jpg.296x216.jpg
20200208,宝山,共富,距离一号线共富新村地铁站500米，房子全明户型急售,285万,2室2厅 | 77.46平米 | 南 | 简装 | 高楼层(共6层) | 1995年建 | 板楼,https://image1.ljcdn.com/310000-inspection/b9bd627c-d7db-4723-b98b-cda9343b303a.jpg.296x216.jpg
20200208,宝山,共富,富都园精装+大平层+一梯一户+位置好采光足+业主诚售房主自荐,730万,4室3厅 | 232.85平米 | 南 | 精装 | 中楼层(共9层) | 2003年建 | 板楼,https://image1.ljcdn.com/shfdfs-image/20170324/65c36e10-b527-470b-afb7-6a72b29fff4f.jpg.296x216.jpg
20200208,宝山,共富,此房满五唯一，户型方正，视野宽阔，采光充足！,469万,3室2厅 | 153.91平米 | 南 北 | 精装 | 高楼层(共6层) | 2006年建 | 板楼,https://image1.ljcdn.com/310000-inspection/a6a1d305-fa46-4b3f-85e8-67d0deee582b.jpg.296x216.jpg
20200208,宝山,共富,富隆苑飞机3房+房型正气+采光无遮挡+小区环境好房龄新,498万,3室2厅 | 119.07平米 | 南 | 精装 | 高楼层(共6层) | 2004年建 | 板楼,https://image1.ljcdn.com/shfdfs-image/20170401/5e568e73-c013-495d-8720-bc28b340ed5a.jpg.296x216.jpg
20200208,宝山,共富,大宁北玉兰公馆 3室2厅 680万,680万,3室2厅 | 120平米 | 南 北 | 其他 | 中楼层(共15层)  | 板楼,https://image1.ljcdn.com/310000-inspection/8f1632c6-6480-4a05-9ccc-8bdca6fa652b.JPG.296x216.jpg
20200208,宝山,共富,正规顶楼复式，满五年，采光充足，户型方正,440万,3室2厅 | 116.74平米 | 南 北 | 简装 | 高楼层(共6层) | 2004年建 | 板楼,https://image1.ljcdn.com/310000-inspection/c624b2aa-74d5-40e2-9892-f40175e5b100.jpg.296x216.jpg
20200208,宝山,共富,宝山共富富隆苑商品房精装修户型方正南北通透采光好,550万,3室2厅 | 131.93平米 | 南 北 | 精装 | 高楼层(共14层) | 2004年建 | 板楼,https://image1.ljcdn.com/310000-inspection/0bd8e1d5-dd1b-4ac0-86f6-3bfe761b96f0.jpg.296x216.jpg
20200208,宝山,共富,店长推荐，户型方正，三开间朝南，南北通透户型。房主自荐,550万,3室2厅 | 133.66平米 | 南 北 | 简装 | 高楼层(共6层) | 2004年建 | 板楼,https://image1.ljcdn.com/310000-inspection/pc1_DFMYiY70Q_1.jpg.296x216.jpg
20200208,宝山,共富,大宁北玉兰公馆 4室2厅 725万,725万,4室2厅 | 131.89平米 | 南 | 简装 | 高楼层(共15层)  | 板楼,https://image1.ljcdn.com/310000-inspection/89713c13-a587-425a-b140-2b663b3da82c.jpg.296x216.jpg
20200208,宝山,共富,05年新房龄~南北户型，简单装修，满五年~户型正气！,333万,2室2厅 | 84.4平米 | 南 | 简装 | 低楼层(共8层) | 2005年建 | 板楼,https://image1.ljcdn.com/shfdfs-image/20170904/1a06d3bd-98f4-4516-bd82-0c395803fa22.jpg.296x216.jpg
20200208,宝山,共富,共富二村2006年顶楼大复式，看房方便！南北大露台,630万,6室3厅 | 205.92平米 | 南 北 | 精装 | 高楼层(共6层) | 2006年建 | 板楼,https://image1.ljcdn.com/310000-inspection/8b99fa5f-c4d7-4542-962d-4d1e63bb1e8a.jpg.296x216.jpg
20200208,宝山,共富,钻石楼层3楼，南北两房，满五唯一，小区中间位置,289万,2室1厅 | 75.29平米 | 南 | 简装 | 中楼层(共6层) | 1996年建 | 板楼,https://image1.ljcdn.com/310000-inspection/6f94370b-3092-4e24-919b-ceee1ac1c114.jpg.296x216.jpg
20200208,宝山,共富,Lianjia优选一楼带双天井+业主诚心出售+看房随时房主自荐,350万,2室2厅 | 83.49平米 | 南 | 精装 | 低楼层(共6层) | 1999年建 | 板楼,https://image1.ljcdn.com/310000-inspection/14c24d1a-420f-41bc-9279-209f3fae012f.jpg.296x216.jpg
20200208,宝山,共富,宝山融创玉兰公馆+户型正气+小区环境好房主自荐,650万,3室2厅 | 120平米 | 南 北 | 精装 | 低楼层(共15层)  | 板楼,https://image1.ljcdn.com/310000-inspection/0ec9c0b4-85bb-4f73-828f-5a98fd79c855.jpg.296x216.jpg
20200208,宝山,共富,宝山帝王之秀 倒复式带小花园 使用面积大 居住舒适,985万,5室2厅 | 208平米 | 南 | 精装 | 低楼层(共15层)  | 板楼,https://image1.ljcdn.com/shfdfs-image/20171025/c9399781-31cc-487d-a55d-268fc7ae8173.jpg.296x216.jpg
20200208,宝山,共富,好楼层 好采光 税费少 房龄新 顶楼复式 全明户型,395万,3室2厅 | 118平米 | 南 北 | 简装 | 高楼层(共6层) | 2004年建 | 板楼,https://image1.ljcdn.com/310000-inspection/41117788-0dd6-400b-a404-bbc77fd25b86.jpg.296x216.jpg
20200208,宝山,共富,高品质小区+位置好+错层大三房通透+满五唯一,520万,3室2厅 | 133.66平米 | 南 | 精装 | 高楼层(共6层) | 2004年建 | 板楼,https://image1.ljcdn.com/310000-inspection/b170299a-c3e7-41a8-a5e7-180080a2df01.jpg.296x216.jpg
20200208,宝山,共富,满五唯一，飞机户型小三房，全明户型，业主诚售。,327万,3室1厅 | 84.05平米 | 南 | 简装 | 高楼层(共6层) | 1995年建 | 板楼,https://image1.ljcdn.com/310000-inspection/47529e60-d541-4447-8951-79e984b493ba.jpg.296x216.jpg
20200208,宝山,共富,地铁飞机户型大三房+非顶楼，精装修样板房+税费各付,480万,3室2厅 | 144.62平米 | 南 | 精装 | 高楼层(共6层) | 1997年建 | 板楼,https://image1.ljcdn.com/310000-inspection/cfcb5210-13aa-4fc4-8ebc-fe7f7f30bbf8.jpg.296x216.jpg
20200208,宝山,共富,富华苑02年次新房+楼层好+飞机3房2卫+房型正气房主自荐,492万,3室2厅 | 120.12平米 | 南 | 精装 | 中楼层(共6层) | 2002年建 | 板楼,https://image1.ljcdn.com/310000-inspection/9382fc85-4b0b-4175-9123-6282cd8646b4.jpg.296x216.jpg
20200208,宝山,共富,大宁北玉兰公馆 5室3厅 800万,800万,5室3厅 | 203平米 | 南 | 其他 | 低楼层(共16层)  | 板楼,https://image1.ljcdn.com/310000-inspection/c380df70-f750-40fe-a5e5-36b0f8288a81.jpg.296x216.jpg
20200208,宝山,共富,飞机户型 房型正气 优选房源 全明户型,470万,3室2厅 | 121.69平米 | 南 | 简装 | 低楼层(共6层) | 2003年建 | 板楼,https://image1.ljcdn.com/310000-inspection/e16a39fb-fef7-42fd-82a5-fb76715e63e1.jpg.296x216.jpg
20200208,宝山,共富,房型正气+采光无遮挡+小区环境好+房龄新+便宜,430万,3室1厅 | 132.62平米 | 南 | 精装 | 低楼层(共11层) | 2004年建 | 板楼,https://image1.ljcdn.com/310000-inspection/41cd9eab-6e7c-494a-8b30-7c15ac763050.jpg.296x216.jpg
20200208,宝山,共富,电梯房，满五唯一，三房朝南，带北阳台，有固定车位房主自荐,525万,3室2厅 | 142.29平米 | 南 | 精装 | 中楼层(共13层) | 2000年建 | 板楼,https://image1.ljcdn.com/310000-inspection/pc1_9ks10ZLlb_1.jpg.296x216.jpg
20200208,宝山,共富,满五年，02年富华苑的次新房，钥匙房看房随时,365万,2室2厅 | 88.91平米 | 南 | 精装 | 低楼层(共6层) | 2002年建 | 板楼,https://image1.ljcdn.com/310000-inspection/f64631c4-aa37-4997-a634-6c0312666f75.jpg.296x216.jpg
20200208,宝山,共富,满五唯一，一楼带花园，楼上是南北房间,405万,2室1厅 | 97.81平米 | 南 | 精装 | 低楼层(共6层) | 2003年建 | 板楼,https://image1.ljcdn.com/310000-inspection/prod-bc472df2-1404-4f3a-88f9-b7f5eb8b8ecd.jpg.296x216.jpg
20200208,宝山,共富,飞机户型+中等装修+拎包入住+交通便利,425万,3室2厅 | 116.8平米 | 南 | 精装 | 低楼层(共6层) | 1997年建 | 板楼,https://image1.ljcdn.com/shfdfs-image/20170507/98ebbdaa-6ad9-4866-a161-225b2f457b0f.jpg.296x216.jpg
20200208,宝山,共富,帝王之秀玉兰公馆 高层小三房 一览众山小 别样风情,530万,3室2厅 | 89平米 | 南 | 精装 | 中楼层(共16层)  | 板楼,https://image1.ljcdn.com/310000-inspection/480010c5-3828-4ab6-bece-1d89fa0135a8.jpg.296x216.jpg
20200208,宝山,共富,链家优选，中楼层双南两房，精装诚心出售可拎包入住房主自荐,285万,2室1厅 | 69.42平米 | 南 北 | 精装 | 低楼层(共6层) | 1999年建 | 板楼,https://image1.ljcdn.com/310000-inspection/15ee0962-cb4c-445e-9cfa-b01c6ebc98da.jpg.296x216.jpg
20200208,宝山,共富,共富二村 3室2厅 395万,395万,3室2厅 | 107.59平米 | 南 北 | 其他 | 高楼层(共6层) | 2000年建 | 板楼,
20200208,宝山,共富,优选三房+带50平阁楼（能做房间）露台+3房2卫,405万,3室2厅 | 85.77平米 | 南 | 精装 | 高楼层(共6层) | 2002年建 | 板楼,https://image1.ljcdn.com/310000-inspection/pc1_gDGnEoRpM_1.jpg.296x216.jpg
20200208,宝山,共富,共富四村+南北2房+附带双天井+户型方正+诚心售房,326万,2室2厅 | 75.71平米 | 南 北 | 简装 | 低楼层(共6层) | 1998年建 | 板楼,
20200208,宝山,共富,新二村，直套一房，低楼层，快来呦！！！,185万,1室1厅 | 45.29平米 | 南 | 简装 | 低楼层(共6层) | 2005年建 | 板楼,https://image1.ljcdn.com/x-se/hdic-frame/abf3ed26-d593-4f62-9f96-cb8658b302da.png.296x216.jpg
20200208,宝山,共富,店长推荐房源，拎包入住，满五唯一。,530万,3室2厅 | 127.61平米 | 南 | 精装 | 中楼层(共6层) | 2003年建 | 板楼,
20200208,宝山,共富,环境宜人，中间楼层，看房可提前预约,279万,2室1厅 | 69.42平米 | 南 | 简装 | 中楼层(共6层) | 1999年建 | 板楼,https://image1.ljcdn.com/x-se/hdic-frame/4f08dc66-8bce-464d-b0fe-fae7899c1d30.png.296x216.jpg
20200208,宝山,共富,共富双南两房，一梯两户，诚心出售，四楼，金三银四,280万,2室1厅 | 72平米 | 南 | 简装 | 中楼层(共6层) | 1997年建 | 板楼,
20200208,宝山,共富,大宁北玉兰公馆 7室4厅 1500万,1500万,7室4厅 | 340平米 | 南 | 其他 | 低楼层(共15层)  | 板楼,
20200208,宝山,共富,飞机大三房，单价低+业主诚意出售+采光好，看房方便,370万,3室2厅 | 116.54平米 | 南 北 | 简装 | 高楼层(共6层) | 1997年建 | 板楼,https://image1.ljcdn.com/x-se/hdic-frame/5783bdd5-372b-41b2-b06b-dd426d42c3f3.png.296x216.jpg
20200208,宝山,共富,大宁北玉兰公馆 3室1厅 535万,535万,3室1厅 | 89.88平米 | 南 | 其他 | 高楼层(共16层)  | 板楼,https://image1.ljcdn.com/x-se/hdic-frame/333aef30-8b9d-4899-98ea-35cf4371c433.png.296x216.jpg
20200208,宝山,共富,大宁北玉兰公馆 10室3厅 1098万,1098万,10室3厅 | 207平米 | 南 | 其他 | 低楼层(共15层)  | 板楼,
20200208,宝山,共富,大宁北玉兰公馆 3室2厅 710万,710万,3室2厅 | 120平米 | 南 北 | 其他 | 高楼层(共16层)  | 板楼,
20200208,宝山,共富,电梯房 采光好  通风好 满五唯一房主自荐,438万,3室2厅 | 120.13平米 | 南 | 毛坯 | 中楼层(共11层) | 2006年建 | 板楼,
20200208,宝山,共富,飞机户型三房，位置佳，楼层好，业主诚售,380万,3室2厅 | 97.51平米 | 南 | 简装 | 低楼层(共6层) | 1997年建 | 板楼,https://image1.ljcdn.com/x-se/hdic-frame/dc9d8c9f-db8d-47e4-b669-475cf34ffc26.png.296x216.jpg
20200208,宝山,共富,大宁北玉兰公馆 3室2厅 660万,660万,3室2厅 | 120平米 | 南 北 | 其他 | 中楼层(共16层)  | 板楼,https://image1.ljcdn.com/x-se/310000-frame/a80f2586-1955-4705-853f-b3d0f24e0c78.png.600x.png.296x216.jpg
20200208,宝山,共富,满五唯一  电梯房  房型好  采光好,394万,2室2厅 | 99.94平米 | 南 | 简装 | 低楼层(共11层) | 2006年建 | 板楼,https://image1.ljcdn.com/310000-inspection/b064370e-0fd1-443a-9393-ca1fed24d174.JPG.296x216.jpg
20200208,宝山,共富,6复7加40平米露台，房间全朝南厅也朝南，业主诚意出售,500万,4室2厅 | 142.26平米 | 南 北 | 精装 | 高楼层(共6层) | 2001年建 | 板楼,https://image1.ljcdn.com/310000-inspection/2157c07e-ab8c-4c6e-b23d-95e2a90d8779.jpg.296x216.jpg
20200208,宝山,共富,富华苑6错7复8楼+附露台+小区环境好诚心出售房主自荐,460万,3室2厅 | 130.13平米 | 南 | 简装 | 高楼层(共6层) | 2002年建 | 板楼,https://image1.ljcdn.com/310000-inspection/50c3fb48-f0ec-4a54-a6e1-806652f92e40.jpg.296x216.jpg
