20200208,闵行,吴泾,有车位，房子价格便宜，保养好，看中价格可以谈！必看好房,618万,3室1厅 | 96.13平米 | 南 | 精装 | 高楼层(共15层) | 2013年建 | 板楼,https://image1.ljcdn.com/310000-inspection/pc1_ZUERWrK5j_1.jpg.296x216.jpg
20200208,闵行,吴泾,店长推荐 品质小区 一楼带花园 位置佳 随时可看必看好房,330万,3室1厅 | 88.42平米 | 南 | 精装 | 低楼层(共14层) | 2009年建 | 板楼,https://image1.ljcdn.com/310000-inspection/pc1_tfJryosv8_1.jpg.296x216.jpg
20200208,闵行,吴泾,满五年唯一，中间楼层，户型正气，生活很方便！必看好房,315万,2室2厅 | 92.15平米 | 北 南 | 精装 | 中楼层(共6层) | 2006年建 | 板楼,https://image1.ljcdn.com/310000-inspection/pc1_UiXpOiHAK_1.jpg.296x216.jpg
20200208,闵行,吴泾,此房一手动迁，交易免增值税，业主自住，采光充足.必看好房,500万,3室2厅 | 123.43平米 | 南 北 | 其他 | 低楼层(共14层) | 2015年建 | 板楼,https://image1.ljcdn.com/310000-inspection/pc1_Pre1E6xrW_1.jpg.296x216.jpg
20200208,闵行,吴泾,塘泾南苑 1室1厅 270万必看好房,270万,1室1厅 | 68平米 | 南 | 其他 | 低楼层(共14层) | 2015年建 | 板楼,https://image1.ljcdn.com/310000-inspection/pc1_pMscOrQi8_1.jpg.296x216.jpg
20200208,闵行,吴泾,通海2小区 正规三房 诚意出售价格可谈 一楼双院子必看好房,330万,3室2厅 | 110.51平米 | 南 | 简装 | 低楼层(共6层) | 1999年建 | 板楼,https://image1.ljcdn.com/310000-inspection/prod-d70ccc03-63fb-48f5-870e-512fe1744f13.jpg.296x216.jpg
20200208,闵行,吴泾,永德双南两房，房龄新，比较少的户型必看好房,182万,2室1厅 | 57.7平米 | 南 | 简装 | 高楼层(共6层) | 1994年建 | 板楼,https://image1.ljcdn.com/310000-inspection/pc1_a5KyoPOrl_1.jpg.296x216.jpg
20200208,闵行,吴泾,虹梅新苑电梯一房+高楼层+采光好必看好房,225万,1室1厅 | 55.55平米 | 南 | 精装 | 高楼层(共15层) | 2007年建 | 板楼,https://image1.ljcdn.com/310000-inspection/pc1_Qx9AJIEGu_1.jpg.296x216.jpg
20200208,闵行,吴泾,品质小区，精装大两房，南北朝向，中间楼层必看好房,315万,2室2厅 | 79.44平米 | 南 | 精装 | 中楼层(共6层) | 2009年建 | 板楼,https://image1.ljcdn.com/310000-inspection/prod-4b8de476-e039-4252-bdc5-0d7d3896c44f.jpg.296x216.jpg
20200208,闵行,吴泾,采光充裕两房，老装修，户型好。必看好房,155万,2室1厅 | 55.55平米 | 南 北 | 毛坯 | 高楼层(共6层) | 1994年建 | 板楼,https://image1.ljcdn.com/310000-inspection/prod-565f1c3d-2330-4c3b-95b0-cb37fca94ac3.jpg.296x216.jpg
20200208,闵行,吴泾,万科小三房 全明户型 视野好 精装修 房屋保养好必看好房,365万,3室2厅 | 89.86平米 | 南 | 精装 | 中楼层(共14层) | 2011年建 | 板楼,https://image1.ljcdn.com/310000-inspection/prod-4b43a7c1-922e-433b-9481-927f7b3fefb7.jpg.296x216.jpg
20200208,闵行,吴泾,双南小户型 楼层好 采光充足 配套齐全 交通便利必看好房,230万,1室1厅 | 63.98平米 | 南 | 简装 | 中楼层(共6层) | 2006年建 | 板楼,https://image1.ljcdn.com/310000-inspection/pc1_vnY6zEACR_1.jpg.296x216.jpg
20200208,闵行,吴泾,万科阳光苑 3室2厅 369万必看好房,369万,3室2厅 | 88.4平米 | 南 | 精装 | 高楼层(共11层) | 2009年建 | 板楼,https://image1.ljcdn.com/310000-inspection/pc1_PWgF2ERSw_1.jpg.296x216.jpg
20200208,闵行,吴泾,龙吴路5599弄 精装一房 诚意出售 看房方便必看好房,180万,1室1厅 | 60.63平米 | 南 | 精装 | 中楼层(共6层) | 1995年建 | 板楼,https://image1.ljcdn.com/310000-inspection/pc1_8iUcOyFSx_1.jpg.296x216.jpg
20200208,闵行,吴泾,双柏小区 3室1厅 230万必看好房,230万,3室1厅 | 72.57平米 | 南 | 其他 | 高楼层(共6层) | 1990年建 | 板楼,https://image1.ljcdn.com/310000-inspection/pc1_dzOAxZXFO_1.jpg.296x216.jpg
20200208,闵行,吴泾,塘泾北苑 1室1厅 258万必看好房,258万,1室1厅 | 66.38平米 | 南 | 毛坯 | 中楼层(共13层) | 2015年建 | 板楼,https://image1.ljcdn.com/310000-inspection/pc1_WrhUOnw1B_1.jpg.296x216.jpg
20200208,闵行,吴泾,一手动迁，精装修，采光充足，看房方便必看好房,525万,3室2厅 | 123.35平米 | 南 | 精装 | 中楼层(共13层) | 2015年建 | 板楼,https://image1.ljcdn.com/310000-inspection/pc1_ybYItjSSo_1.jpg.296x216.jpg
20200208,闵行,吴泾,楼层佳 中间四楼 双南户型 满五唯一 诚心出售！房主自荐,217万,2室1厅 | 64.94平米 | 南 | 简装 | 中楼层(共6层) | 1994年建 | 板楼,https://image1.ljcdn.com/310000-inspection/test-82313391-9872-492f-ab55-ca3f50535576.png.296x216.jpg
20200208,闵行,吴泾,氯碱小区  电梯房中高层 采光好无遮挡,200万,2室1厅 | 64.69平米 | 南 | 简装 | 中楼层(共18层) | 1992年建 | 塔楼,https://image1.ljcdn.com/310000-inspection/prod-d0d607e7-2f41-411d-839e-dfe8dc0a1215.jpg.296x216.jpg
20200208,闵行,吴泾,此房满五年唯一自住装修，采光好，诚心卖,350万,2室2厅 | 98.24平米 | 南 北 | 精装 | 中楼层(共6层) | 2006年建 | 板楼,https://image1.ljcdn.com/310000-inspection/prod-7228a556-d17a-45be-95c4-13487a913926.jpg.296x216.jpg
20200208,闵行,吴泾,万科阳光苑 南北双阳台 户型好 采光好 楼层好 位置佳,345万,2室2厅 | 92.02平米 | 南 | 其他 | 低楼层(共11层) | 2008年建 | 板楼,https://image1.ljcdn.com/310000-inspection/pc1_kagmfn9h7_1.jpg.296x216.jpg
20200208,闵行,吴泾,新华小区精装修两房，低楼层，新装修，拎包即住,260万,2室1厅 | 81.38平米 | 南 | 精装 | 低楼层(共6层) | 1995年建 | 板楼,https://image1.ljcdn.com/310000-inspection/prod-2fa60f84-0d35-4b09-961b-b8ba1fdccade.jpg.296x216.jpg
20200208,闵行,吴泾,枫桦景苑一期 3室2厅 413万,413万,3室2厅 | 107.22平米 | 南 | 精装 | 低楼层(共6层) | 2004年建 | 板楼,https://image1.ljcdn.com/310000-inspection/pc1_aheRYPNDo_1.jpg.296x216.jpg
20200208,闵行,吴泾,满五唯一免个税+南北通小三房+电梯好楼层,369万,3室2厅 | 93平米 | 南 | 精装 | 中楼层(共17层) | 2009年建 | 板楼,https://image1.ljcdn.com/310000-inspection/test-a2383d11-bc0f-4620-a43e-9a5ad5e54caa.png.296x216.jpg
20200208,闵行,吴泾,满五年  一楼双南两房带天井，诚意出售，看房方便,235万,2室1厅 | 74.92平米 | 南 北 | 毛坯 | 低楼层(共6层) | 1997年建 | 板楼,https://image1.ljcdn.com/310000-inspection/pc1_nVikEbisr_1.jpg.296x216.jpg
20200208,闵行,吴泾,双天井大两房 采光无遮挡 满五唯一 看房方便,310万,2室2厅 | 92.47平米 | 南 北 | 简装 | 低楼层(共6层) | 1999年建 | 板楼,https://image1.ljcdn.com/310000-inspection/pc1_QEeDCJ14u_1.jpg.296x216.jpg
20200208,闵行,吴泾,枫桦景苑二期 2室2厅 405万,405万,2室2厅 | 102.25平米 | 南 北 | 精装 | 中楼层(共14层) | 2006年建 | 板楼,https://image1.ljcdn.com/310000-inspection/pc1_KZnco8O7G_1.jpg.296x216.jpg
20200208,闵行,吴泾,虹梅景苑四街坊 2室2厅 356万,356万,2室2厅 | 91.7平米 | 南 北 | 其他 | 中楼层(共13层) | 2011年建 | 板楼,https://image1.ljcdn.com/310000-inspection/pc1_Bfe9BdcKa_1.jpg.296x216.jpg
20200208,闵行,吴泾,万科 南北阳台 满五唯一省税 楼层采光好 地暖 有车位,350万,2室2厅 | 84.42平米 | 南 | 精装 | 高楼层(共11层) | 2008年建 | 板楼,https://image1.ljcdn.com/310000-inspection/pc1_2RrtL6uYB_1.jpg.296x216.jpg
20200208,闵行,吴泾,虹梅新苑电梯两房 视野宽阔 看房随时,340万,2室2厅 | 92.78平米 | 南 北 | 毛坯 | 中楼层(共15层) | 2011年建 | 板楼,https://image1.ljcdn.com/310000-inspection/pc1_nzxMBoBu1_1.jpg.296x216.jpg
20200208,闵行,吴泾,诚售：龙吴路5599弄2003年的房子，全明户型，一梯一户,258万,2室1厅 | 78.11平米 | 南 | 简装 | 中楼层(共6层) | 2003年建 | 板楼,https://image1.ljcdn.com/310000-inspection/pc1_7nMh0vXNS_1.jpg.296x216.jpg
20200208,闵行,吴泾,一手动迁无增值税    大两房  户型南北  价格可谈房主自荐,320万,2室2厅 | 93.38平米 | 南 | 简装 | 低楼层(共14层) | 2011年建 | 板楼,https://image1.ljcdn.com/310000-inspection/prod-11bcc381-7297-4c1e-80c3-6bce15f38699.jpg.296x216.jpg
20200208,闵行,吴泾,户型正气  干净整洁  南北通透  位置安静 出行方便,309万,2室2厅 | 80.86平米 | 南 北 | 精装 | 中楼层(共6层) | 2005年建 | 板楼,https://image1.ljcdn.com/310000-inspection/pc1_uva0Z8HDM_1.jpg.296x216.jpg
20200208,闵行,吴泾,双南两房，毛坯，户型正气，采光通风好，诚心出售,180万,2室1厅 | 71.56平米 | 南 | 毛坯 | 高楼层(共6层) | 1996年建 | 板楼,https://image1.ljcdn.com/310000-inspection/pc1_3VE7AOnVm_1.jpg.296x216.jpg
20200208,闵行,吴泾,嘉怡水岸，107平毛坯大两房，南北通透，诚心出售,430万,2室1厅 | 107.09平米 | 南 北 | 毛坯 | 低楼层(共18层) | 2013年建 | 板楼,https://image1.ljcdn.com/310000-inspection/test-f08236b0-8556-4313-bbdf-884027cbd1ac.png.296x216.jpg
20200208,闵行,吴泾,紫竹半岛正三房 少有户型  诚心出售,680万,3室2厅 | 102.1平米 | 南 北 | 精装 | 高楼层(共18层) | 2013年建 | 板楼,https://image1.ljcdn.com/310000-inspection/pc1_qh0lwku3T_1.jpg.296x216.jpg
20200208,闵行,吴泾,通海一小区 2室2厅 225万,225万,2室2厅 | 70.53平米 | 南 | 简装 | 低楼层(共6层) | 1994年建 | 板楼,https://image1.ljcdn.com/310000-inspection/pc1_lKcLUrLC6_1.jpg.296x216.jpg
20200208,闵行,吴泾,虹梅新苑  大三房  一楼带花园  南北通,439万,3室2厅 | 126.05平米 | 南 | 简装 | 低楼层(共18层) | 2008年建 | 板楼,https://image1.ljcdn.com/310000-inspection/pc1_NmxQzJ7XX_1.jpg.296x216.jpg
20200208,闵行,吴泾,顶楼带阁楼   楼下三房   楼上也可做房间,345万,3室2厅 | 108.91平米 | 南 | 简装 | 高楼层(共6层) | 2003年建 | 板楼,https://image1.ljcdn.com/310000-inspection/pc1_p88CPBgsI_1.jpg.296x216.jpg
20200208,闵行,吴泾,温馨采光户型通透 点进来看看这个是您需要找的家！房主自荐,310万,2室2厅 | 98.24平米 | 南 | 简装 | 高楼层(共6层) | 2006年建 | 板楼,https://image1.ljcdn.com/310000-inspection/prod-b9631b2b-7806-444b-84e4-a3e3ba466fdd.jpg.296x216.jpg
20200208,闵行,吴泾,紫晶南园 3室2厅 436万,436万,3室2厅 | 117.88平米 | 南 | 简装 | 低楼层(共6层) | 2005年建 | 板楼,https://image1.ljcdn.com/310000-inspection/pc1_6LVRehWFR_1.jpg.296x216.jpg
20200208,闵行,吴泾,永德小区南北两房，沿永德路步行街，中间楼层，,148万,2室0厅 | 46.82平米 | 南 北 | 简装 | 中楼层(共6层) | 1985年建 | 板楼,https://image1.ljcdn.com/310000-inspection/test-6141f93a-c064-43a2-9333-99c0e80de5cb.png.296x216.jpg
20200208,闵行,吴泾,紫竹半岛A区两房两厅两卫，能把美景尽收眼底的位置！,565万,2室2厅 | 87.1平米 | 南 | 精装 | 低楼层(共18层) | 2013年建 | 板楼,https://image1.ljcdn.com/310000-inspection/pc1_CmKr749Vw_1.jpg.296x216.jpg
20200208,闵行,吴泾,永德小区 南北两房 税费少 采光足 看房方便房主自荐,164万,2室0厅 | 52.91平米 | 南 | 简装 | 高楼层(共5层) | 1983年建 | 板楼,https://image1.ljcdn.com/310000-inspection/pc1_oRcO2DD0p_1.jpg.296x216.jpg
20200208,闵行,吴泾,紫晶南园电梯大两房  视野佳 采光好 交通方便,390万,2室2厅 | 108.21平米 | 南 | 精装 | 高楼层(共13层) | 2005年建 | 板楼,https://image1.ljcdn.com/310000-inspection/prod-11bebf02-af16-4c9c-9e2d-7a20a201a0ef.jpg.296x216.jpg
20200208,闵行,吴泾,此房是个人产权房，非使用全房，中间楼层，位置好,180万,2室1厅 | 68.37平米 | 南 | 精装 | 高楼层(共5层) | 1958年建 | 板楼,https://image1.ljcdn.com/310000-inspection/pc1_EX85zNHX6_1.jpg.296x216.jpg
20200208,闵行,吴泾,满五年唯一 价格可大谈 全明户型 楼层好  看房方便,170万,2室1厅 | 56.95平米 | 南 | 简装 | 中楼层(共6层) | 1988年建 | 板楼,https://image1.ljcdn.com/310000-inspection/pc1_VZ89fE3up_1.jpg.296x216.jpg
20200208,闵行,吴泾,房龄新，户型正气，一楼带院子！房主自荐,256万,2室1厅 | 75.9平米 | 南 | 精装 | 低楼层(共6层) | 2003年建 | 板楼,https://image1.ljcdn.com/310000-inspection/pc1_XMBOHqXF6_1.jpg.296x216.jpg
20200208,闵行,吴泾,枫桦景苑115平飞机户型 业主诚心出售,460万,2室2厅 | 115.24平米 | 南 | 精装 | 低楼层(共12层) | 2006年建 | 板楼,https://image1.ljcdn.com/310000-inspection/pc1_HQN6jQaw4_1.jpg.296x216.jpg
20200208,闵行,吴泾,虹梅景苑二街坊 2室1厅 248万,248万,2室1厅 | 65.56平米 | 南 | 其他 | 低楼层(共14层) | 2011年建 | 板楼,https://image1.ljcdn.com/310000-inspection/pc1_CW2zHsxDi_1.jpg.296x216.jpg
20200208,闵行,吴泾,通海2小区 三房两卫 二楼采光好 出行方便,350万,3室2厅 | 113.76平米 | 南 北 | 简装 | 低楼层(共6层) | 1999年建 | 板楼,https://image1.ljcdn.com/310000-inspection/pc1_8vwsYZ9Bw_1.jpg.296x216.jpg
20200208,闵行,吴泾,精装大三房  位置佳   户型好  诚心出售,530万,3室2厅 | 129.56平米 | 北 南 | 精装 | 低楼层(共14层) | 2011年建 | 板楼,https://image1.ljcdn.com/310000-inspection/pc1_4wQXmaKi7_1.jpg.296x216.jpg
20200208,闵行,吴泾,永德小区 中间楼层 自住精装双南两房,205万,2室1厅 | 60.22平米 | 南 | 精装 | 中楼层(共6层) | 1987年建 | 板楼,https://image1.ljcdn.com/310000-inspection/pc1_ErvyfgVyd_1.jpg.296x216.jpg
20200208,闵行,吴泾,双南两房，总价低，小区位置好，出行便利,235万,2室1厅 | 76.48平米 | 南 | 简装 | 高楼层(共6层) | 1997年建 | 板楼,https://image1.ljcdn.com/310000-inspection/pc1_mkzl5nl46_1.jpg.296x216.jpg
20200208,闵行,吴泾,塘泾南苑 景观楼层 *2房 交通便利,308万,1室2厅 | 68.76平米 | 南 | 毛坯 | 中楼层(共14层) | 2015年建 | 板楼,https://image1.ljcdn.com/310000-inspection/test-b92f3a2b-bf74-40ae-bd7d-de94b950ae9b.png.296x216.jpg
20200208,闵行,吴泾,双柏小区，双南户型，中间楼层，精装修，满五唯一,184万,2室1厅 | 59.15平米 | 南 | 精装 | 中楼层(共6层) | 1994年建 | 板楼,https://image1.ljcdn.com/310000-inspection/prod-a3ea73cb-5794-4386-b0fa-1b26abd2a003.jpg.296x216.jpg
20200208,闵行,吴泾,虹梅景苑一街坊 免增值税 楼层好 采光充足,328万,2室2厅 | 86.37平米 | 南 北 | 精装 | 中楼层(共6层) | 2011年建 | 板楼,https://image1.ljcdn.com/310000-inspection/test-0b15e245-0c3c-4ede-abe9-48e98129425f.png.296x216.jpg
20200208,闵行,吴泾,精装两房，满五唯一，楼层好，采光好，诚心出售,320万,2室2厅 | 79.25平米 | 南 | 精装 | 中楼层(共6层) | 2011年建 | 板楼,https://image1.ljcdn.com/310000-inspection/test-a52f20f7-059d-40ae-8ae1-382736253dee.png.296x216.jpg
20200208,闵行,吴泾,龙吴路5599弄  诚意出售 随时可签 看房有钥匙 毛坯房,180万,2室1厅 | 60.81平米 | 南 | 毛坯 | 高楼层(共6层) | 1994年建 | 板楼,https://image1.ljcdn.com/310000-inspection/prod-0e1e030c-00f0-45c6-8b13-c093fc47ca4c.jpg.296x216.jpg
20200208,闵行,吴泾,满五年唯一，南北格局，楼层好，采光充足，交通便利房主自荐,157万,2室1厅 | 51.81平米 | 南 | 简装 | 高楼层(共6层) | 1988年建 | 板楼,https://image1.ljcdn.com/310000-inspection/prod-e710be8d-0258-457c-902d-6ec1fe03c937.jpg.296x216.jpg
20200208,闵行,吴泾,双柏小区 一梯两户 中间楼层 看房方便 诚心出售房主自荐,195万,2室1厅 | 59.83平米 | 南 | 简装 | 中楼层(共6层) | 1990年建 | 板楼,https://image1.ljcdn.com/310000-inspection/prod-7402a80a-7d74-4959-9e73-8bef36a00fbe.jpg.296x216.jpg
20200208,闵行,吴泾,氯碱小区 2室1厅 175万,175万,2室1厅 | 56.95平米 | 南 北 | 其他 | 高楼层(共6层) | 1988年建 | 板楼,https://image1.ljcdn.com/310000-inspection/pc1_oQD4qybv4_1.jpg.296x216.jpg
20200208,闵行,吴泾,诚售：  新华小区全明两房，满五唯一税费少，看房方便房主自荐,240万,2室1厅 | 80.36平米 | 南 | 精装 | 高楼层(共6层) | 1995年建 | 板楼,https://image1.ljcdn.com/310000-inspection/pc1_qouhL8gI5_1.jpg.296x216.jpg
20200208,闵行,吴泾,双柏小区 2室1厅 220万,220万,2室1厅 | 73.67平米 | 南 | 其他 | 中楼层(共6层) | 1990年建 | 板楼,https://image1.ljcdn.com/310000-inspection/pc1_rrZXQhPZh_1.jpg.296x216.jpg
20200208,闵行,吴泾,急卖房：吴泾新村三房满五年唯一，价格可谈,230万,3室1厅 | 91.2平米 | 南 | 简装 | 中楼层(共5层) | 1960年建 | 板楼,https://image1.ljcdn.com/310000-inspection/prod-cb24cb52-713e-43f3-b485-61b293daeac3.jpg.296x216.jpg
20200208,闵行,吴泾,永德小区 南北两房 全明户型 满五唯一 价格可谈房主自荐,150万,2室0厅 | 51.66平米 | 南 西南 | 毛坯 | 高楼层(共6层) | 1987年建 | 板楼,https://image1.ljcdn.com/310000-inspection/prod-572e0ce7-c881-42f4-9bb7-2514f6a2227a.jpg.296x216.jpg
20200208,闵行,吴泾,紫晶南园 3室2厅 398万,398万,3室2厅 | 105.45平米 | 南 | 精装 | 高楼层(共6层) | 2006年建 | 板楼,https://image1.ljcdn.com/310000-inspection/pc1_xkeXWPQXK_1.jpg.296x216.jpg
20200208,闵行,吴泾,新房交付  从未入住  精装全配  看房提前预约,650万,3室2厅 | 104.56平米 | 南 | 精装 | 高楼层(共15层)  | 板楼,https://image1.ljcdn.com/310000-inspection/pc1_LwFjpFg5J_1.jpg.296x216.jpg
20200208,闵行,吴泾,嘉怡水岸 精装两房 保养好 位置佳,415万,2室2厅 | 93.13平米 | 南 北 | 其他 | 低楼层(共12层) | 2013年建 | 板楼,https://image1.ljcdn.com/310000-inspection/pc1_0Es9rcSyi_1.jpg.296x216.jpg
20200208,闵行,吴泾,楼层好，适合一家人居住，有客户出价可收定，客厅宽阔,316万,2室2厅 | 95.69平米 | 南 | 简装 | 低楼层(共6层) | 1999年建 | 板楼,https://image1.ljcdn.com/310000-inspection/pc1_ypxRgMUKq_1.jpg.296x216.jpg
20200208,闵行,吴泾,紫晶南园 2室2厅 315万,315万,2室2厅 | 80.42平米 | 南 北 | 其他 | 中楼层(共6层) | 2005年建 | 板楼,https://image1.ljcdn.com/310000-inspection/pc1_vorFBbpsz_1.jpg.296x216.jpg
20200208,闵行,吴泾,满五唯一，诚心出售，看房方便。,260万,2室1厅 | 95.69平米 | 南 | 简装 | 高楼层(共6层) | 1999年建 | 板楼,https://image1.ljcdn.com/310000-inspection/pc1_zeVkkvI1e_1.jpg.296x216.jpg
20200208,闵行,吴泾,嘉怡水岸(公寓) 2室2厅 415万,415万,2室2厅 | 92.93平米 | 南 北 | 精装 | 高楼层(共15层) | 2013年建 | 板楼,https://image1.ljcdn.com/310000-inspection/pc1_zlkqBl0mf_1.jpg.296x216.jpg
20200208,闵行,吴泾,紫晶南园 3室2厅 425万,425万,3室2厅 | 117.88平米 | 南 | 精装 | 中楼层(共6层) | 2005年建 | 板楼,https://image1.ljcdn.com/310000-inspection/pc1_fUa88YiJ7_1.jpg.296x216.jpg
20200208,闵行,吴泾,顶楼带阁楼  楼下三房 户型好 楼上书房储藏室,376万,3室2厅 | 105.45平米 | 南 | 精装 | 高楼层(共6层) | 2006年建 | 板楼,https://image1.ljcdn.com/310000-inspection/pc1_M8hOhAkDI_1.jpg.296x216.jpg
20200208,闵行,吴泾,嘉怡水岸(公寓) 2室2厅 405万,405万,2室2厅 | 93.18平米 | 南 | 精装 | 低楼层(共18层) | 2013年建 | 板楼,https://image1.ljcdn.com/310000-inspection/pc1_NsbLhKAZI_1.jpg.296x216.jpg
20200208,闵行,吴泾,通海小区 简单装修 三居室 看房方便,270万,3室1厅 | 84.56平米 | 南 | 简装 | 高楼层(共6层) | 1994年建 | 板楼,https://image1.ljcdn.com/310000-inspection/pc1_uZR7ZtYQk_1.jpg.296x216.jpg
20200208,闵行,吴泾,好房推荐 龙吴路5599弄双南两房精装修，一楼带双天井,240万,2室1厅 | 76.43平米 | 南 | 简装 | 低楼层(共6层) | 1997年建 | 板楼,https://image1.ljcdn.com/310000-inspection/pc1_11k6TEvnC_1.jpg.296x216.jpg
20200208,闵行,吴泾,吴泾新村 3室0厅 215万,215万,3室0厅 | 82平米 | 南 | 精装 | 中楼层(共5层) | 1958年建 | 板楼,https://image1.ljcdn.com/310000-inspection/pc1_Os4sj99kL_1.jpg.296x216.jpg
20200208,闵行,吴泾,紫竹半岛花园 3室2厅 645万,645万,3室2厅 | 104.65平米 | 南 | 精装 | 低楼层(共17层)  | 板楼,https://image1.ljcdn.com/310000-inspection/pc1_bOkn9fWTj_1.jpg.296x216.jpg
20200208,闵行,吴泾,吴泾 虹梅新苑 电梯大三房 诚心出售 看房方便,478万,3室2厅 | 126.05平米 | 南 北 | 精装 | 低楼层(共18层) | 2008年建 | 板楼,https://image1.ljcdn.com/310000-inspection/pc1_RBZMLjd1n_1.jpg.296x216.jpg
20200208,闵行,吴泾,南北格局，采光好 视野开阔，业主诚心出售,635万,3室2厅 | 104.5平米 | 南 | 其他 | 低楼层(共15层)  | 板楼,https://image1.ljcdn.com/310000-inspection/pc1_oxb1S9Wt0_1.jpg.296x216.jpg
20200208,闵行,吴泾,大三房，户型正气，中间楼层，全明户型，采光好,290万,3室1厅 | 86.23平米 | 南 北 | 简装 | 中楼层(共6层) | 1995年建 | 板楼,https://image1.ljcdn.com/310000-inspection/pc1_BsgmH3a5y_1.jpg.296x216.jpg
20200208,闵行,吴泾,现代苑 2室2厅 296万,296万,2室2厅 | 87.69平米 | 南 | 简装 | 低楼层(共6层) | 2003年建 | 板楼,https://image1.ljcdn.com/310000-inspection/pc1_y54wtZtGX_1.jpg.296x216.jpg
20200208,闵行,吴泾,嘉怡水岸大两房，中间楼层，价格合适,395万,2室2厅 | 93.12平米 | 南 | 毛坯 | 中楼层(共11层) | 2013年建 | 板楼,https://image1.ljcdn.com/310000-inspection/prod-9a88685c-b47f-430c-84d3-ea51c24f4428.jpg.296x216.jpg
20200208,闵行,吴泾,嘉怡水岸，满五唯一，中间楼层，正宗南北通两房,375万,2室2厅 | 90.78平米 | 南 北 | 精装 | 中楼层(共17层) | 2013年建 | 板楼,https://image1.ljcdn.com/310000-inspection/pc1_HdjDwNUtx_1.jpg.296x216.jpg
20200208,闵行,吴泾,新华小区 采光好 拎包入住随时可谈,186万,1室1厅 | 60.63平米 | 南 | 精装 | 高楼层(共6层) | 1994年建 | 板楼,https://image1.ljcdn.com/310000-inspection/pc1_lkw9iMs1J_1.jpg.296x216.jpg
20200208,闵行,吴泾,满五唯一，电梯二房，设施齐全，自住精装保养好,375万,2室2厅 | 99.45平米 | 南 北 | 精装 | 低楼层(共8层) | 2006年建 | 板楼,https://image1.ljcdn.com/310000-inspection/pc1_2NjilgpJU_1.jpg.296x216.jpg
20200208,闵行,吴泾,虹梅景苑一街坊 动迁免增值税 南北通透 楼层位置好,375万,2室2厅 | 93.8平米 | 南 北 | 简装 | 中楼层(共12层) | 2011年建 | 板楼,https://image1.ljcdn.com/310000-inspection/pc1_Eahc002yo_1.jpg.296x216.jpg
20200208,闵行,吴泾,吴泾步行街 永德小区 中间楼层精装两房房主自荐,176万,2室0厅 | 50.12平米 | 南 北 | 精装 | 中楼层(共5层) | 1982年建 | 板楼,https://image1.ljcdn.com/310000-inspection/pc1_JqewxQ4cV_1.jpg.296x216.jpg
20200208,闵行,吴泾,枫桦景苑 电梯两房 景观位置 视野开阔,380万,2室2厅 | 98.94平米 | 南 | 精装 | 高楼层(共9层) | 2006年建 | 板楼,https://image1.ljcdn.com/310000-inspection/pc1_PNJu3L7Lr_1.jpg.296x216.jpg
20200208,闵行,吴泾,电梯南北大两房，中间楼层，位置好，看中价格可谈！,366万,2室2厅 | 99.12平米 | 南 北 | 简装 | 中楼层(共14层) | 2007年建 | 板楼,https://image1.ljcdn.com/310000-inspection/pc1_GqG4CMpAN_1.jpg.296x216.jpg
20200208,闵行,吴泾,双柏小区 好户型 精装修 采光好 诚心出售 看房方便,210万,2室1厅 | 73.67平米 | 南 | 精装 | 高楼层(共6层) | 1994年建 | 板楼,https://image1.ljcdn.com/310000-inspection/prod-2e87e4a4-ff70-4bef-896a-e169f844075e.jpg.296x216.jpg
20200208,闵行,吴泾,万科阳光苑 三期小三房 装修好 一楼带花园 采光好,375万,3室1厅 | 90.3平米 | 南 | 精装 | 低楼层(共14层) | 2011年建 | 板楼,https://image1.ljcdn.com/310000-inspection/prod-198d46ac-54e8-4986-8871-86eec52d061e.jpg.296x216.jpg
20200208,闵行,吴泾,嘉怡水岸 一房出售 看房方便 位置佳房主自荐,308万,1室2厅 | 76.59平米 | 南 | 毛坯 | 中楼层(共17层) | 2013年建 | 板楼,https://image1.ljcdn.com/310000-inspection/pc1_gmgiPnuCZ_1.jpg.296x216.jpg
20200208,闵行,吴泾,万科阳光苑 3房1厅 中高楼层 满五年 视野开阔,355万,3室1厅 | 89.28平米 | 南 | 其他 | 高楼层(共14层) | 2009年建 | 板楼,https://image1.ljcdn.com/310000-inspection/pc1_5VsXvoMJS_1.jpg.296x216.jpg
20200208,闵行,吴泾,满五年唯一 两房朝南全明户型  适合居家养老楼层,168万,2室1厅 | 52.9平米 | 南 | 简装 | 低楼层(共6层) | 1992年建 | 板楼,https://image1.ljcdn.com/310000-inspection/pc1_tH1U5GDC5_1.jpg.296x216.jpg
20200208,闵行,吴泾,满5唯一，看房随时，一梯三户，小区当中位置，,126万,1室1厅 | 39.14平米 | 南 | 简装 | 高楼层(共6层) | 1989年建 | 板楼,https://image1.ljcdn.com/310000-inspection/test-b3c485e5-d61c-4415-85bf-f10267ae4c3d.png.296x216.jpg
20200208,闵行,吴泾,嘉怡水岸 电梯南北通透   景观房！,475万,2室2厅 | 107.09平米 | 南 北 | 精装 | 低楼层(共18层) | 2013年建 | 板楼,https://image1.ljcdn.com/310000-inspection/prod-6cfb541f-2bf7-430e-8c23-e655e3344748.jpg.296x216.jpg
20200208,闵行,吴泾,虹梅景苑一街坊 免增值税 楼层佳,265万,1室2厅 | 68平米 | 南 | 毛坯 | 高楼层(共12层) | 2011年建 | 板楼,https://image1.ljcdn.com/310000-inspection/test-b0d0f806-23b1-4c0d-b3e1-d1ba9fbb44ad.png.296x216.jpg
20200208,闵行,吴泾,氯碱小区两房一厅，南北户型，自住装修房主自荐,185万,2室1厅 | 68.59平米 | 南 | 简装 | 低楼层(共18层) | 1992年建 | 塔楼,https://image1.ljcdn.com/310000-inspection/prod-3c7e2240-bc4e-4003-ad57-548884f380dd.jpg.296x216.jpg
20200208,闵行,吴泾,大一房，利用空间高，采光充足，户型明亮，随时看房。,145万,1室1厅 | 47.34平米 | 南 | 简装 | 高楼层(共6层) | 1992年建 | 板楼,https://image1.ljcdn.com/310000-inspection/test-6541e9af-c3fb-4b8a-99a3-2dec71a49f19.png.296x216.jpg
20200208,闵行,吴泾,小区中间位置   楼层好   采光好  业主诚心出售,128万,1室1厅 | 37.5平米 | 南 | 毛坯 | 高楼层(共6层) | 1987年建 | 板楼,https://image1.ljcdn.com/310000-inspection/prod-01a06020-cd6d-4f3d-9f88-212738b667b2.jpg.296x216.jpg
20200208,闵行,吴泾,双柏小区 满五年唯一 看房方便 业主诚心出售,175万,2室1厅 | 55.29平米 | 南 | 简装 | 高楼层(共6层) | 1990年建 | 板楼,https://image1.ljcdn.com/310000-inspection/pc1_3are8UwIB_1.jpg.296x216.jpg
20200208,闵行,吴泾,满五年唯一税费少 一楼带花园 高品质小区,320万,2室2厅 | 88.6平米 | 南 | 简装 | 低楼层(共6层) | 2008年建 | 板楼,https://image1.ljcdn.com/310000-inspection/prod-a33d5731-ff31-46f7-a40e-e955b69f715e.jpg.296x216.jpg
20200208,闵行,吴泾,通海 二 小区 双天井 房东已有看中的房子 急售,320万,3室1厅 | 92.08平米 | 南 | 简装 | 低楼层(共6层) | 1996年建 | 板楼,https://image1.ljcdn.com/310000-inspection/test-acf0abe6-363a-45f4-956d-79e2e265159c.png.296x216.jpg
20200208,闵行,吴泾,通海一 小 区两房，精装，诚心出售,225万,2室1厅 | 70.86平米 | 南 | 精装 | 高楼层(共6层) | 1994年建 | 板楼,https://image1.ljcdn.com/310000-inspection/prod-d0592b69-6830-4f47-b227-cef1069ef8fc.jpg.296x216.jpg
20200208,闵行,吴泾,江景电梯房，满五年唯一，楼层好，采光充足，交通便利,205万,2室1厅 | 73.1平米 | 南 | 毛坯 | 低楼层(共18层) | 1992年建 | 塔楼,https://image1.ljcdn.com/310000-inspection/prod-b7d1c621-ea40-4313-96eb-338e2e7b4648.jpg.296x216.jpg
20200208,闵行,吴泾,吴泾CBD 原始两房 户型正 南北向 南北飘窗房主自荐,385万,2室1厅 | 102.46平米 | 南 | 简装 | 低楼层(共11层) | 2006年建 | 板楼,https://image1.ljcdn.com/310000-inspection/prod-e352ef3c-52a7-4abb-a82c-37e2c3e32942.jpg.296x216.jpg
20200208,闵行,吴泾,氯碱小区 小户型 低楼层 交通便利 看房方便,132万,1室1厅 | 44.13平米 | 南 | 简装 | 低楼层(共6层) | 1990年建 | 板楼,https://image1.ljcdn.com/310000-inspection/test-7453f3e8-7b37-404e-9ee5-11b4063114a8.png.296x216.jpg
20200208,闵行,吴泾,永德小区+南北两房+满五唯一税少+自住装修+看房方便,160万,2室1厅 | 54.82平米 | 南 | 简装 | 高楼层(共6层) | 1994年建 | 板楼,https://image1.ljcdn.com/310000-inspection/prod-d3194e5b-98e1-453c-b113-e2d6b7f89d0c.jpg.296x216.jpg
20200208,闵行,吴泾,双柏小区三房一厅，全明自住装修诚心出售,280万,3室1厅 | 86.62平米 | 南 北 | 精装 | 中楼层(共6层) | 1993年建 | 板楼,https://image1.ljcdn.com/310000-inspection/prod-de17a5d7-2fac-4967-ace3-fad2e1caed91.jpg.296x216.jpg
20200208,闵行,吴泾,景观江景房，楼层好，采光充足，交通便利。,192万,2室1厅 | 68.59平米 | 南 北 | 简装 | 中楼层(共18层) | 1992年建 | 塔楼,https://image1.ljcdn.com/310000-inspection/prod-127971c6-d69e-472d-bd3b-d310a75452d4.jpg.296x216.jpg
20200208,闵行,吴泾,双柏小区 南北两房 中等装修 看房方便,191万,2室1厅 | 65.69平米 | 南 北 | 简装 | 高楼层(共6层) | 1994年建 | 板楼,https://image1.ljcdn.com/310000-inspection/pc1_glcIUuVpA_1.jpg.296x216.jpg
20200208,闵行,吴泾,吴泾新村三房全明户型 满五年，一楼带花园，房东诚心,238万,3室0厅 | 91.2平米 | 南 | 简装 | 低楼层(共5层) | 1960年建 | 板楼,https://image1.ljcdn.com/310000-inspection/prod-4b556082-7d91-4f34-bd36-7bdf235df12f.jpg.296x216.jpg
20200208,闵行,吴泾,来来看过来，大双南两房高楼层采光好，,235万,2室1厅 | 81.55平米 | 南 | 简装 | 高楼层(共6层) | 1995年建 | 板楼,https://image1.ljcdn.com/310000-inspection/prod-855acf0b-5a89-4d3d-8217-93f3b5744269.jpg.296x216.jpg
20200208,闵行,吴泾,精装修 顶楼带阁楼  近虹梅高架、拎包即可入住！,335万,2室2厅 | 91.65平米 | 南 北 | 精装 | 高楼层(共6层) | 2006年建 | 板楼,https://image1.ljcdn.com/310000-inspection/prod-e8f27c2d-d1ee-42c9-9182-c5562a6cafaf.jpg.296x216.jpg
20200208,闵行,吴泾,此房满五年唯一省税费，采光好，视野宽阔，配套齐全,152万,2室1厅 | 51.81平米 | 南 北 | 简装 | 高楼层(共6层) | 1988年建 | 板楼,https://image1.ljcdn.com/310000-inspection/prod-7c6c4135-5c67-4b62-aa63-f55eb27f56f8.jpg.296x216.jpg
20200208,闵行,吴泾,精致三房两厅小户型，采光充足 ，视野开阔，精致装修,400万,3室2厅 | 118.99平米 | 南 | 简装 | 高楼层(共6层) | 2006年建 | 板楼,https://image1.ljcdn.com/310000-inspection/prod-52be029d-dba2-45df-af23-0a580ec1d60e.jpg.296x216.jpg
20200208,闵行,吴泾,吴泾新村 精装大三房 房东近两年装修诚意出售,270万,3室1厅 | 90.49平米 | 南 | 精装 | 低楼层(共5层) | 1960年建 | 板楼,https://image1.ljcdn.com/310000-inspection/prod-53a2c103-6195-4681-82f2-784d1b215392.jpg.296x216.jpg
20200208,闵行,吴泾,吴泾新村三楼的两房一梯两户小区位置好，单价低.房主自荐,188万,2室1厅 | 70.77平米 | 南 | 简装 | 中楼层(共4层) | 1967年建 | 板楼,https://image1.ljcdn.com/310000-inspection/prod-f44df810-d206-4875-9509-6b50ce7916be.jpg.296x216.jpg
20200208,闵行,吴泾,氯碱小区两房 采光充足 楼层好 适宜居住,155万,2室1厅 | 51.81平米 | 南 | 简装 | 高楼层(共6层) | 1988年建 | 板楼,https://image1.ljcdn.com/310000-inspection/prod-6c411621-8639-4dbe-8a1d-50e80f84b41f.jpg.296x216.jpg
20200208,闵行,吴泾,此房满五年唯一，自住装修，采光好，诚心卖,375万,2室2厅 | 108.21平米 | 南 | 精装 | 低楼层(共13层) | 2005年建 | 板楼,https://image1.ljcdn.com/310000-inspection/prod-e754d5f2-d299-4834-ab22-e121e8f80b89.jpg.296x216.jpg
20200208,闵行,吴泾,正宗大三房 品质高 看房方便 带车位,360万,3室2厅 | 108.91平米 | 南 | 精装 | 高楼层(共6层) | 2003年建 | 板楼,https://image1.ljcdn.com/310000-inspection/prod-b7f2d052-ac3e-4677-bb76-d039cf86d9b4.jpg.296x216.jpg
20200208,闵行,吴泾,满五不唯一精装修，有产权车位，采光好，配套完善,388万,3室1厅 | 93平米 | 南 北 | 精装 | 低楼层(共12层) | 2013年建 | 板楼,https://image1.ljcdn.com/310000-inspection/prod-09248360-0332-487e-af6e-17208a7e4d62.jpg.296x216.jpg
20200208,闵行,吴泾,楼层好，采光充裕，户型好，配套完善,190万,2室1厅 | 59.15平米 | 南 | 简装 | 中楼层(共6层) | 1994年建 | 板楼,https://image1.ljcdn.com/310000-inspection/pc1_AbgglxDo4_1.jpg.296x216.jpg
20200208,闵行,吴泾,双柏小区 低楼层 有院子 可入住,180万,2室1厅 | 54.8平米 | 南 | 简装 | 低楼层(共6层) | 1989年建 | 板楼,https://image1.ljcdn.com/310000-inspection/prod-188e1939-cc9c-4afa-9045-e090b9897152.jpg.296x216.jpg
20200208,闵行,吴泾,业主变现诚意卖，中间楼层两室户，毛坯，配套齐全,193万,2室1厅 | 60.89平米 | 南 | 毛坯 | 中楼层(共6层) | 1995年建 | 板楼,https://image1.ljcdn.com/310000-inspection/prod-713f3358-62c6-49de-8a40-36c5527309ff.jpg.296x216.jpg
20200208,闵行,吴泾,采光好，价格合适，房东诚心出售。,155万,2室1厅 | 52平米 | 东 | 简装 | 高楼层(共6层) | 1985年建 | 板楼,https://image1.ljcdn.com/310000-inspection/pc1_hpwmArdFC_1.jpg.296x216.jpg
20200208,闵行,吴泾,龙吴路5599弄 新华小区 毛坯 随时可签,175万,1室1厅 | 60.71平米 | 南 | 毛坯 | 中楼层(共6层) | 1995年建 | 板楼,https://image1.ljcdn.com/310000-inspection/pc1_zLaOKxSki_1.jpg.296x216.jpg
20200208,闵行,吴泾,双柏小区 2室1厅 180万,180万,2室1厅 | 54.54平米 | 南 北 | 简装 | 低楼层(共6层) | 1990年建 | 板楼,https://image1.ljcdn.com/310000-inspection/pc1_L0TQGdAIp_1.jpg.296x216.jpg
20200208,闵行,吴泾,此房满五年 楼层好 采光好  南北户型 万科物业好,355万,2室2厅 | 88.93平米 | 南 | 简装 | 中楼层(共6层) | 2008年建 | 板楼,https://image1.ljcdn.com/310000-inspection/pc1_nHCfe6I3d_1.jpg.296x216.jpg
20200208,闵行,吴泾,永德小区 南北两房 简单装修 看房方便诚意出售,155万,2室0厅 | 50.12平米 | 南 | 简装 | 高楼层(共5层) | 1982年建 | 板楼,https://image1.ljcdn.com/310000-inspection/pc1_wRYKEQCmf_1.jpg.296x216.jpg
20200208,闵行,吴泾,全明小户型  楼层好  位置好  出入方便  居住舒适,145万,1室1厅 | 43.46平米 | 南 | 简装 | 中楼层(共6层) | 1990年建 | 板楼,https://image1.ljcdn.com/310000-inspection/pc1_RLPFrfKw0_1.jpg.296x216.jpg
20200208,闵行,吴泾,紫竹半岛花园 1室2厅 460万,460万,1室2厅 | 74平米 | 南 | 精装 | 高楼层(共15层)  | 板楼,https://image1.ljcdn.com/310000-inspection/pc1_ABdKxIsCd_1.jpg.296x216.jpg
20200208,闵行,吴泾,满五唯一，双南大两房，采光好，价格可谈！房主自荐,243万,2室1厅 | 81.28平米 | 南 | 精装 | 高楼层(共6层) | 1995年建 | 板楼,https://image1.ljcdn.com/310000-inspection/prod-45c63668-a67c-4d88-9d92-062a2e6a72d8.jpg.296x216.jpg
20200208,闵行,吴泾,双柏小区  视野宽阔 采光充足 配套设施齐全 急卖房主自荐,210万,2室1厅 | 70.53平米 | 南 | 简装 | 高楼层(共6层) | 1996年建 | 板楼,https://image1.ljcdn.com/310000-inspection/pc1_DE5yDEnfT_1.jpg.296x216.jpg
20200208,闵行,吴泾,满五年唯一 双南户型  吴泾公园小区后花园   空气清新,165万,2室1厅 | 53.09平米 | 南 | 简装 | 高楼层(共6层) | 1990年建 | 板楼,https://image1.ljcdn.com/310000-inspection/prod-9fa521ff-1d25-4386-8b6f-28dc20717603.jpg.296x216.jpg
20200208,闵行,吴泾,南北户型通透，看房方便，房东诚心出售。,308万,2室2厅 | 98.8平米 | 南 | 精装 | 高楼层(共6层) | 1997年建 | 板楼,https://image1.ljcdn.com/310000-inspection/prod-bb6b493f-7cbd-446f-8da5-f802a7374a9b.jpg.296x216.jpg
20200208,闵行,吴泾,大三房 采光好 两室朝南 一室朝北 房型正气！,212万,3室1厅 | 71.45平米 | 南 北 | 简装 | 高楼层(共6层) | 1990年建 | 板楼,https://image1.ljcdn.com/310000-inspection/prod-87a8e9dc-2bd7-4da0-893e-b4ab3fd2c210.jpg.296x216.jpg
20200208,闵行,吴泾,紫晶南园 3室2厅 420万,420万,3室2厅 | 112.57平米 | 南 北 | 其他 | 低楼层(共6层) | 2006年建 | 板楼,https://image1.ljcdn.com/310000-inspection/pc1_I6gH9Ae5A_1.jpg.296x216.jpg
20200208,闵行,吴泾,万科阳光苑 1室1厅 255万,255万,1室1厅 | 64.28平米 | 南 | 其他 | 高楼层(共6层) | 2008年建 | 板楼,https://image1.ljcdn.com/310000-inspection/pc1_Z9pkleOnV_1.jpg.296x216.jpg
20200208,闵行,吴泾,永德小区 简装三房 楼层好 小区位置居中诚意出售,250万,3室0厅 | 67.91平米 | 南 | 简装 | 中楼层(共5层) | 1983年建 | 板楼,https://image1.ljcdn.com/310000-inspection/pc1_SJk8cfNFx_1.jpg.296x216.jpg
20200208,闵行,吴泾,吴泾CBD 原始三房 户型正 南北向 南北飘窗 简单装修,511万,3室2厅 | 131.27平米 | 南 北 | 简装 | 低楼层(共11层) | 2006年建 | 板楼,https://image1.ljcdn.com/310000-inspection/pc1_ioyCc5aiV_1.jpg.296x216.jpg
20200208,闵行,吴泾,一手动迁大三房 税费少   户型佳,457万,3室2厅 | 120.11平米 | 南 北 | 精装 | 高楼层(共6层) | 2006年建 | 板楼,https://image1.ljcdn.com/310000-inspection/pc1_4fx2PavrW_1.jpg.296x216.jpg
20200208,闵行,吴泾,吴泾新村 2室0厅 133万,133万,2室0厅 | 44.23平米 | 南 | 其他 | 中楼层(共5层) | 1973年建 | 板楼,https://image1.ljcdn.com/310000-inspection/pc1_7UWmzuSrO_1.jpg.296x216.jpg
20200208,闵行,吴泾,虹梅大三房，电梯高层景观房，采光好，动迁免增值税,500万,3室2厅 | 131.71平米 | 南 北 | 精装 | 高楼层(共18层) | 2011年建 | 板楼,https://image1.ljcdn.com/310000-inspection/pc1_eVbMExpww_1.jpg.296x216.jpg
20200208,闵行,吴泾,永德大两房，双南户型，楼层好，随时看房,215万,2室1厅 | 67.98平米 | 南 | 简装 | 中楼层(共5层) | 1984年建 | 板楼,https://image1.ljcdn.com/310000-inspection/pc1_xIJhm5IFl_1.jpg.296x216.jpg
20200208,闵行,吴泾,一楼带院子，一年前的装修，双南两房大,255万,2室1厅 | 76.11平米 | 南 | 精装 | 低楼层(共6层) | 1994年建 | 板楼,https://image1.ljcdn.com/310000-inspection/pc1_m7ti0vVS3_1.jpg.296x216.jpg
20200208,闵行,吴泾,双柏小区 南北两居室 看房方便,170万,2室1厅 | 55.29平米 | 南 | 简装 | 高楼层(共6层) | 1990年建 | 板楼,https://image1.ljcdn.com/310000-inspection/pc1_U4QN9g923_1.jpg.296x216.jpg
20200208,闵行,吴泾,万科阳光苑 3室2厅 380万,380万,3室2厅 | 90.78平米 | 南 | 精装 | 高楼层(共14层) | 2009年建 | 板楼,https://image1.ljcdn.com/310000-inspection/pc1_aS0yCZ4JG_1.jpg.296x216.jpg
20200208,闵行,吴泾,双柏小区 2室1厅 170万,170万,2室1厅 | 59.15平米 | 南 | 其他 | 高楼层(共6层) | 1994年建 | 板楼,https://image1.ljcdn.com/310000-inspection/pc1_s0W6FgKqz_1.jpg.296x216.jpg
20200208,闵行,吴泾,大一房，楼层好，二楼，售后公房税少,200万,1室1厅 | 60.63平米 | 南 北 | 毛坯 | 低楼层(共6层) | 1995年建 | 板楼,https://image1.ljcdn.com/310000-inspection/pc1_NkGZ1oh2l_1.jpg.296x216.jpg
20200208,闵行,吴泾,紫晶南园 2室2厅 325万,325万,2室2厅 | 87.05平米 | 南 北 | 其他 | 高楼层(共6层) | 2005年建 | 板楼,https://image1.ljcdn.com/310000-inspection/pc1_qD2O0Q9Lx_1.jpg.296x216.jpg
20200208,闵行,吴泾,剑川路201弄 诚意出售 已看好房子 随时可签,200万,2室1厅 | 58.61平米 | 南 | 精装 | 高楼层(共6层) | 1997年建 | 板楼,https://image1.ljcdn.com/310000-inspection/pc1_aiXPLyfQD_1.jpg.296x216.jpg
20200208,闵行,吴泾,双柏小区 2室1厅 175万,175万,2室1厅 | 55.29平米 | 南 北 | 简装 | 高楼层(共6层) | 1990年建 | 板楼,https://image1.ljcdn.com/310000-inspection/pc1_jutfnDxT9_1.jpg.296x216.jpg
20200208,闵行,吴泾,永南小区，多层4楼，精装修，房东诚心出售，总价低,143万,1室1厅 | 39平米 | 南 | 精装 | 中楼层(共6层) | 1985年建 | 板楼,https://image1.ljcdn.com/310000-inspection/pc1_CdP1dYeRT_1.jpg.296x216.jpg
20200208,闵行,吴泾,永德一楼带天井，精装修，两房改一房，户型好,183万,2室0厅 | 51.73平米 | 南 | 精装 | 低楼层(共5层) | 1984年建 | 板楼,https://image1.ljcdn.com/310000-inspection/pc1_jCnruMxXJ_1.jpg.296x216.jpg
20200208,闵行,吴泾,5599弄2003年中间楼层双南精装两房全明户型，满5唯一,237万,2室1厅 | 69.77平米 | 南 北 | 精装 | 中楼层(共6层) | 2003年建 | 板楼,https://image1.ljcdn.com/310000-inspection/pc1_Iay3XjSBv_1.jpg.296x216.jpg
20200208,闵行,吴泾,双柏小区 两房一厅  适合刚需客户居住,180万,2室1厅 | 55.29平米 | 南 | 精装 | 高楼层(共6层) | 1990年建 | 板楼,https://image1.ljcdn.com/310000-inspection/pc1_0cdioRwCr_1.jpg.296x216.jpg
20200208,闵行,吴泾,万科阳光苑 3室2厅 360万,360万,3室2厅 | 91.26平米 | 南 | 精装 | 低楼层(共17层) | 2009年建 | 板楼,https://image1.ljcdn.com/310000-inspection/pc1_c54OzAruI_1.jpg.296x216.jpg
20200208,闵行,吴泾,双柏小区 2室1厅 190万,190万,2室1厅 | 56.02平米 | 南 | 其他 | 高楼层(共6层) | 1989年建 | 板楼,https://image1.ljcdn.com/310000-inspection/pc1_MEDQDmW5g_1.jpg.296x216.jpg
20200208,闵行,吴泾,通海二小区 1室1厅 197万,197万,1室1厅 | 58.61平米 | 南 | 简装 | 中楼层(共6层) | 1997年建 | 板楼,https://image1.ljcdn.com/310000-inspection/pc1_fHXfGv3bq_1.jpg.296x216.jpg
20200208,闵行,吴泾,大一房、户型可动、居家之选、满足您的刚需之所,226万,1室1厅 | 63.09平米 | 南 | 简装 | 高楼层(共6层) | 2006年建 | 板楼,https://image1.ljcdn.com/310000-inspection/prod-b8e3dc79-198a-49e8-8443-331c74f2396f.jpg.296x216.jpg
20200208,闵行,吴泾,精装修，满五唯一，诚意出售，房东看房方便，出行便捷,190万,1室2厅 | 58.1平米 | 南 | 精装 | 高楼层(共6层) | 1987年建 | 板楼,https://image1.ljcdn.com/310000-inspection/pc1_DCl3UfR8f_1.jpg.296x216.jpg
20200208,闵行,吴泾,婚房精装修南北通透，视野宽阔，有车位，配套设施齐全,410万,2室2厅 | 92.94平米 | 南 北 | 精装 | 低楼层(共11层) | 2013年建 | 板楼,https://image1.ljcdn.com/310000-inspection/prod-ea476523-91ab-4aac-bfec-bbd276e26992.jpg.296x216.jpg
20200208,闵行,吴泾,双柏大两房 采光通风好 业主诚心出售！,210万,2室1厅 | 67.77平米 | 南 | 简装 | 高楼层(共6层) | 1993年建 | 板楼,https://image1.ljcdn.com/310000-inspection/prod-fac777f2-da52-4d5e-a417-f087913f3d7a.jpg.296x216.jpg
20200208,闵行,吴泾,空气清新、环境整洁宜人，居住舒适,185万,2室1厅 | 61平米 | 南 北 | 精装 | 高楼层(共6层) | 1988年建 | 板楼,https://image1.ljcdn.com/310000-inspection/pc1_ONRoHQWDo_1.jpg.296x216.jpg
20200208,闵行,吴泾,永德小区南满五，房龄1994年，自住精装修，采光好,153万,2室0厅 | 46.61平米 | 南 | 简装 | 高楼层(共6层) | 1994年建 | 板楼,https://image1.ljcdn.com/310000-inspection/prod-bf44aca0-f281-4b48-8b56-f422560db114.jpg.296x216.jpg
20200208,闵行,吴泾,万科阳光苑 自住一房装修好 南北户型 诚心出售,280万,1室2厅 | 65.3平米 | 南 | 精装 | 低楼层(共6层) | 2008年建 | 板楼,https://image1.ljcdn.com/310000-inspection/prod-82d3dd56-1260-4b99-a960-c8c7bb2e3317.jpg.296x216.jpg
20200208,闵行,吴泾,氯碱小区 满五唯一 税少 电梯房 采光好,165万,1室1厅 | 55.64平米 | 南 | 简装 | 高楼层(共18层) | 1992年建 | 塔楼,https://image1.ljcdn.com/310000-inspection/prod-6e7c3548-aca0-495b-9a3a-4323bf68418e.jpg.296x216.jpg
20200208,闵行,吴泾,枫桦景苑电梯房中间楼层，南北两房，看房方便！,410万,2室2厅 | 103.39平米 | 南 北 | 精装 | 中楼层(共14层) | 2006年建 | 板楼,https://image1.ljcdn.com/310000-inspection/prod-52b8d030-1dc6-4b8a-ae36-6ed592548642.jpg.296x216.jpg
20200208,闵行,吴泾,满五唯一， 中间楼层，精装修，南北户型房主自荐,415万,2室2厅 | 103平米 | 南 北 | 精装 | 中楼层(共12层) | 2006年建 | 板楼,https://image1.ljcdn.com/310000-inspection/prod-70d527ef-a071-41d0-87aa-b2235b27b791.jpg.296x216.jpg
20200208,闵行,吴泾,双柏小区，一楼带院子，南北两房，看房方便,184万,2室1厅 | 60.29平米 | 南 北 | 简装 | 低楼层(共6层) | 1996年建 | 板楼,https://image1.ljcdn.com/310000-inspection/prod-95fcfcbc-8773-47e9-a132-f10e44e1aedd.jpg.296x216.jpg
20200208,闵行,吴泾,景观楼层采光好，户型双南，楼下公园，天然氧吧房主自荐,199万,2室1厅 | 67平米 | 南 | 简装 | 高楼层(共6层) | 1995年建 | 板楼,https://image1.ljcdn.com/310000-inspection/prod-eaf031a7-6f32-4086-8b91-74369fc10910.jpg.296x216.jpg
20200208,闵行,吴泾,精装南北两房，中间位置，带车位，满五唯一，少税房主自荐,399万,2室2厅 | 94平米 | 南 | 精装 | 中楼层(共11层) | 2013年建 | 板楼,https://image1.ljcdn.com/310000-inspection/prod-5c5ebbbe-bd7c-48ea-8c60-39cd60cfa60b.jpg.296x216.jpg
20200208,闵行,吴泾,嘉怡水岸 精装修  景观楼层 格局好！,318万,1室2厅 | 76.81平米 | 南 | 精装 | 中楼层(共18层) | 2013年建 | 板楼,https://image1.ljcdn.com/310000-inspection/prod-5b8c2eb9-1248-4934-bd2e-ad4d33d6813f.jpg.296x216.jpg
20200208,闵行,吴泾,此房低楼层，带院子，看房方便，业主置换诚心出售,180万,1室2厅 | 55.59平米 | 南 | 简装 | 低楼层(共6层) | 1995年建 | 板楼,https://image1.ljcdn.com/310000-inspection/prod-04a13f3a-8101-431e-8c5f-2d628af5b3c4.jpg.296x216.jpg
20200208,闵行,吴泾,塘泾北苑 2室2厅 377万,377万,2室2厅 | 89.9平米 | 南 | 毛坯 | 低楼层(共13层) | 2015年建 | 板楼,https://image1.ljcdn.com/310000-inspection/pc1_CdsfUuDDI_1.jpg.296x216.jpg
20200208,闵行,吴泾,万科精装2房，一楼带花园，户型正气，诚心出售,335万,2室1厅 | 88.6平米 | 南 | 精装 | 低楼层(共6层) | 2008年建 | 板楼,https://image1.ljcdn.com/310000-inspection/prod-9a7b2a26-8ba4-4acc-b5fd-fc36001c7fe0.jpg.296x216.jpg
20200208,闵行,吴泾,吴泾 商品房小区  枫桦景苑 精装两房 户型正气,410万,2室2厅 | 104.73平米 | 南 北 | 精装 | 低楼层(共12层) | 2006年建 | 板楼,https://image1.ljcdn.com/310000-inspection/prod-1788c97c-b2bc-4a4a-9efd-de878abf13fa.jpg.296x216.jpg
20200208,闵行,吴泾,双柏小区 两房精装修 拎包入住 看房方便,220万,3室1厅 | 70.06平米 | 南 | 精装 | 高楼层(共6层) | 1989年建 | 板楼,https://image1.ljcdn.com/310000-inspection/prod-516f36b9-fcb7-4d82-92b0-b30f7fee75ae.jpg.296x216.jpg
20200208,闵行,吴泾,高品质小区 户型好 婚房装修 税费少,380万,2室2厅 | 90.93平米 | 南 | 精装 | 低楼层(共11层) | 2008年建 | 板楼,https://image1.ljcdn.com/310000-inspection/prod-55fb4eb9-d5de-45b8-b55b-1a527441cee1.jpg.296x216.jpg
20200208,闵行,吴泾,氯碱小区，满五唯一，双南户型，视野开阔，采光充足,170万,2室1厅 | 57.05平米 | 南 | 简装 | 高楼层(共6层) | 1988年建 | 板楼,https://image1.ljcdn.com/310000-inspection/prod-d1591d8e-0867-4c3f-ade6-9b311c349d1b.jpg.296x216.jpg
20200208,闵行,吴泾,双柏小区房东诚心出售，看房方便,178万,2室1厅 | 55平米 | 南 北 | 精装 | 高楼层(共6层) | 1990年建 | 板楼,https://image1.ljcdn.com/310000-inspection/prod-fd1665a6-0a8d-4718-936a-00777ea889f3.jpg.296x216.jpg
20200208,闵行,吴泾,永德小区 一楼带天井 全明户型 南北两房 看房方便,178万,2室1厅 | 51.73平米 | 南 | 简装 | 低楼层(共5层) | 1984年建 | 板楼,https://image1.ljcdn.com/310000-inspection/prod-9e34d522-2cde-4306-a568-36d51fd0df9d.jpg.296x216.jpg
20200208,闵行,吴泾,嘉怡水岸(公寓) 2室2厅 395万,395万,2室2厅 | 91.04平米 | 南 | 精装 | 中楼层(共18层) | 2013年建 | 板楼,https://image1.ljcdn.com/310000-inspection/prod-eac87684-6587-47d4-a4cc-a5ec56ec31ed.jpg.296x216.jpg
20200208,闵行,吴泾,吴泾新村 3室1厅 260万,260万,3室1厅 | 102.8平米 | 南 北 | 简装 | 中楼层(共5层) | 1972年建 | 板楼,https://image1.ljcdn.com/310000-inspection/prod-7c173f03-7394-49fb-a1ec-26e83937d4c1.jpg.296x216.jpg
20200208,闵行,吴泾,永德小区 2室0厅 173万,173万,2室0厅 | 50.2平米 | 南 | 其他 | 中楼层(共6层) | 1987年建 | 板楼,https://image1.ljcdn.com/310000-inspection/prod-633376f7-4875-42fd-8754-893244eda75d.jpg.296x216.jpg
20200208,闵行,吴泾,氯碱小区两房一厅，南北户型，自住装修,189万,2室1厅 | 68.59平米 | 南 | 简装 | 低楼层(共18层) | 1992年建 | 塔楼,https://image1.ljcdn.com/310000-inspection/prod-bbd87b04-f829-4ff1-a976-f98f5fd75d3e.jpg.296x216.jpg
20200208,闵行,吴泾,吴泾CBD区域 永德小区大一房,143万,1室1厅 | 45.3平米 | 南 | 简装 | 高楼层(共5层) | 1983年建 | 板楼,https://image1.ljcdn.com/310000-inspection/prod-c3ebed38-afaa-4e2f-9f17-465f7fbe2b1f.jpg.296x216.jpg
20200208,闵行,吴泾,永德小区精装修一室一厅 位置好 业主诚心出售,129万,1室1厅 | 35.94平米 | 南 | 简装 | 高楼层(共6层) | 1985年建 | 板楼,https://image1.ljcdn.com/310000-inspection/prod-8d6367fa-5926-4473-8c5c-df230f9c2bfa.jpg.296x216.jpg
20200208,闵行,吴泾,通海小区 两房朝南 干净整洁 居住舒适,210万,2室1厅 | 74.56平米 | 南 | 简装 | 高楼层(共6层) | 1994年建 | 板楼,https://image1.ljcdn.com/310000-inspection/prod-6c3e162c-a5d2-4d37-b666-b1b416bedbcf.jpg.296x216.jpg
20200208,闵行,吴泾,紫晶南园 2室2厅 310万,310万,2室2厅 | 80.5平米 | 南 | 简装 | 中楼层(共6层) | 2005年建 | 板楼,https://image1.ljcdn.com/310000-inspection/pc1_GlmNso9pS_1.jpg.296x216.jpg
20200208,闵行,吴泾,虹梅景苑四街坊 1室2厅 248万,248万,1室2厅 | 69.43平米 | 南 | 简装 | 中楼层(共13层) | 2011年建 | 板楼,https://image1.ljcdn.com/310000-inspection/pc1_WpVkodrCc_1.jpg.296x216.jpg
20200208,闵行,吴泾,嘉怡水岸 精装南北两房 看房方便,400万,2室2厅 | 94平米 | 南 北 | 精装 | 中楼层(共11层) | 2013年建 | 板楼,https://image1.ljcdn.com/310000-inspection/pc1_15ovkcX52_1.jpg.296x216.jpg
20200208,闵行,吴泾,新装修一房，总价低，小区位置好，诚心出售,129万,1室1厅 | 37.01平米 | 南 | 简装 | 高楼层(共6层) | 1985年建 | 板楼,https://image1.ljcdn.com/310000-inspection/pc1_YLg4Sop6w_1.jpg.296x216.jpg
20200208,闵行,吴泾,永德小区南北两房，诚意出售，看房方便,160万,2室0厅 | 52.17平米 | 南 | 简装 | 高楼层(共6层) | 1987年建 | 板楼,https://image1.ljcdn.com/310000-inspection/pc1_ZbColpmwt_1.jpg.296x216.jpg
20200208,闵行,吴泾,正气一房，房龄新，楼层好，满五唯一,195万,1室1厅 | 61.38平米 | 南 | 简装 | 中楼层(共6层) | 2003年建 | 板楼,https://image1.ljcdn.com/310000-inspection/pc1_UvKyr89iB_1.jpg.296x216.jpg
20200208,闵行,吴泾,万科阳光苑 1室2厅 270万,270万,1室2厅 | 63.14平米 | 南 | 其他 | 中楼层(共6层) | 2008年建 | 板楼,https://image1.ljcdn.com/310000-inspection/pc1_AB2V8POKC_1.jpg.296x216.jpg
20200208,闵行,吴泾,嘉怡水岸 精装两房 看房方便 南北通透 带产权车位,399万,2室2厅 | 90.78平米 | 南 北 | 精装 | 中楼层(共17层) | 2013年建 | 板楼,https://image1.ljcdn.com/310000-inspection/pc1_Dgm7eUxb4_1.jpg.296x216.jpg
20200208,闵行,吴泾,永德南北两房，楼层采光好，随时看房,157万,2室1厅 | 52.91平米 | 南 | 毛坯 | 高楼层(共5层) | 1984年建 | 板楼,https://image1.ljcdn.com/310000-inspection/pc1_MELYb15nb_1.jpg.296x216.jpg
20200208,闵行,吴泾,此房电梯高楼层，小面积，总价低,220万,1室1厅 | 55.55平米 | 南 | 简装 | 中楼层(共15层) | 2007年建 | 板楼,https://image1.ljcdn.com/310000-inspection/pc1_dssAQRQam_1.jpg.296x216.jpg
20200208,闵行,吴泾,龙吴路5599弄2003年的两房，小区位置好，看房方便,245万,2室1厅 | 82.11平米 | 南 | 简装 | 高楼层(共6层) | 2003年建 | 板楼,https://image1.ljcdn.com/310000-inspection/pc1_3o6onFXmK_1.jpg.296x216.jpg
20200208,闵行,吴泾,龙吴路5599弄，非顶楼，采光好，房型正,178万,1室1厅 | 60.63平米 | 南 | 简装 | 高楼层(共6层) | 1994年建 | 板楼,https://image1.ljcdn.com/310000-inspection/prod-666c290c-7503-4a0b-bcd4-83cc24514c16.jpg.296x216.jpg
20200208,闵行,吴泾,精致两房两厅小户型，采光充足 ，视野开阔，精致装修,340万,2室2厅 | 91.65平米 | 南 北 | 简装 | 高楼层(共6层) | 2006年建 | 板楼,https://image1.ljcdn.com/310000-inspection/test-55149091-0bc8-4a34-b3dd-f61098c6564c.png.296x216.jpg
20200208,闵行,吴泾,虹梅新苑电梯南北大两房，总价低,330万,3室1厅 | 96.23平米 | 南 | 其他 | 低楼层(共14层) | 2011年建 | 板楼,https://image1.ljcdn.com/310000-inspection/pc1_vW3HKidn2_1.jpg.296x216.jpg
20200208,闵行,吴泾,嘉怡水岸(公寓) 3室1厅 378万,378万,3室1厅 | 92.75平米 | 南 | 其他 | 低楼层(共17层) | 2013年建 | 板楼,https://image1.ljcdn.com/310000-inspection/pc1_DefiGaAn6_1.jpg.296x216.jpg
20200208,闵行,吴泾,塘泾北苑 2室1厅 270万,270万,2室1厅 | 66.06平米 | 南 | 精装 | 低楼层(共13层) | 2015年建 | 板楼,https://image1.ljcdn.com/310000-inspection/pc1_7GtrTLw7p_1.jpg.296x216.jpg
20200208,闵行,吴泾,吴泾新村 1室1厅 129万,129万,1室1厅 | 37.6平米 | 南 北 | 其他 | 中楼层(共5层) | 1978年建 | 板楼,https://image1.ljcdn.com/310000-inspection/pc1_8eNpjq3xH_1.jpg.296x216.jpg
20200208,闵行,吴泾,通海二双南全明两房 采光通风俱佳 诚意出售价格可谈!,300万,2室2厅 | 92.08平米 | 南 | 精装 | 高楼层(共6层) | 1998年建 | 板楼,https://image1.ljcdn.com/310000-inspection/prod-393053a8-cd07-4bd2-8fe2-4479438fe6b5.jpg.296x216.jpg
20200208,闵行,吴泾,紫竹半岛一期B区，中间楼层，沿河景观位置。诚心出售房主自荐,650万,3室2厅 | 104平米 | 南 | 精装 | 中楼层(共15层) | 2015年建 | 板楼,https://image1.ljcdn.com/310000-inspection/prod-e949fc1e-b640-4e17-991e-0c6f1a5a5609.jpg.296x216.jpg
20200208,闵行,吴泾,永德小区满五唯一，步行街旁的小两房，看房方便！,160万,2室1厅 | 53.47平米 | 南 北 | 简装 | 高楼层(共5层) | 1990年建 | 板楼,https://image1.ljcdn.com/310000-inspection/prod-3f9bccdd-6022-4944-a51f-729e3fcf1a59.jpg.296x216.jpg
20200208,闵行,吴泾,吴泾新村三房，一楼带院子，居住体验之家,260万,3室1厅 | 90.41平米 | 南 | 简装 | 低楼层(共5层) | 1960年建 | 板楼,https://image1.ljcdn.com/310000-inspection/prod-9e1f3b04-b35f-46d3-b477-2f6983dd3be2.jpg.296x216.jpg
20200208,闵行,吴泾,永德小区正气双南两房 全明户型采光俱佳 诚售看房方便,185万,2室1厅 | 52.49平米 | 南 | 精装 | 高楼层(共5层) | 1982年建 | 板楼,https://image1.ljcdn.com/310000-inspection/prod-917f738e-5ab0-4fd1-9411-a6ce797ed861.jpg.296x216.jpg
20200208,闵行,吴泾,新华小区 双南两房 精装修 满五唯一 采光好看房方便,245万,2室1厅 | 81.65平米 | 南 | 精装 | 高楼层(共6层) | 1995年建 | 板楼,https://image1.ljcdn.com/310000-inspection/pc1_deww0fGW2_1.jpg.296x216.jpg
20200208,闵行,吴泾,万科两房 装修好 满五年省税 楼层好 业主急售房主自荐,370万,2室1厅 | 89平米 | 南 | 精装 | 中楼层(共6层) | 2008年建 | 板楼,https://image1.ljcdn.com/310000-inspection/pc1_j1OTou3Tx_1.jpg.296x216.jpg
20200208,闵行,吴泾,虹梅景苑二街坊 1室1厅 246万,246万,1室1厅 | 65.56平米 | 南 | 其他 | 低楼层(共14层) | 2011年建 | 板楼,https://image1.ljcdn.com/310000-inspection/prod-6a56edc7-139d-42dc-b754-a45e30bfb12f.jpg.296x216.jpg
20200208,闵行,吴泾,永德小区居家装修双南户型，生活便利，出行方便！！！,207万,2室1厅 | 57.7平米 | 南 | 简装 | 中楼层(共6层) | 1994年建 | 板楼,https://image1.ljcdn.com/310000-inspection/pc1_Y0WfRYGle_1.jpg.296x216.jpg
20200208,闵行,吴泾,温馨小两房阳光充足，通风视野俱佳,160万,2室1厅 | 52.99平米 | 南 北 | 简装 | 高楼层(共6层) | 1987年建 | 板楼,https://image1.ljcdn.com/310000-inspection/pc1_gMi3w4zUw_1.jpg.296x216.jpg
20200208,闵行,吴泾,精装修，永德小区经典南北户型，采光充足视野好房主自荐,165万,2室0厅 | 50.8平米 | 南 | 精装 | 高楼层(共6层) | 1987年建 | 板楼,https://image1.ljcdn.com/310000-inspection/pc1_y195X5t84_1.jpg.296x216.jpg
20200208,闵行,吴泾,万科品质小区  满五年  二期小三房 装修好 采光好,380万,3室2厅 | 93.32平米 | 南 | 精装 | 高楼层(共17层) | 2009年建 | 板楼,https://image1.ljcdn.com/310000-inspection/pc1_KITYDSLpE_1.jpg.296x216.jpg
20200208,闵行,吴泾,嘉怡水岸 纯毛坯  交通便利 诚心出售,498万,2室2厅 | 141.09平米 | 南 | 毛坯 | 低楼层(共11层) | 2013年建 | 板楼,https://image1.ljcdn.com/shfdfs-image/20170701/34bd51a4-7224-4ff2-bb87-5957aea9ab61.jpg.296x216.jpg
20200208,闵行,吴泾,嘉怡水岸带装修高层电梯两房，采光好，位置佳,390万,2室2厅 | 94.15平米 | 南 北 | 精装 | 高楼层(共9层) | 2013年建 | 板楼,https://image1.ljcdn.com/shfdfs-image/20170319/257bece7-c3b5-47c5-a0cf-336436a5152c.jpg.296x216.jpg
20200208,闵行,吴泾,精装南北两房  顶楼带阁楼   采光好,320万,2室2厅 | 82.06平米 | 南 | 精装 | 高楼层(共6层) | 2008年建 | 板楼,https://image1.ljcdn.com/310000-inspection/0803cd47-f61a-404c-b222-f1fdf14ce4b1.JPG.296x216.jpg
20200208,闵行,吴泾,紫竹大平层，一楼带地下室，带南北双花园，带车位,1500万,6室5厅 | 266平米 | 南 | 精装 | 低楼层(共5层) | 2015年建 | 板楼,https://image1.ljcdn.com/310000-inspection/3a90a034-a671-464e-ad27-58fd130ffe6e.JPG.296x216.jpg
20200208,闵行,吴泾,虹梅景苑一街坊，多层大两房，房东诚心出售,315万,2室2厅 | 86.38平米 | 南 | 毛坯 | 中楼层(共6层) | 2011年建 | 板楼,https://image1.ljcdn.com/310000-inspection/rsp_pic_upload32a761ed-fc30-43a5-968c-580a0cce0572.JPG.296x216.jpg
20200208,闵行,吴泾,虹梅景苑一街坊，多层大两房，一梯两户，好楼层,315万,2室2厅 | 86.48平米 | 南 | 毛坯 | 高楼层(共6层) | 2011年建 | 板楼,https://image1.ljcdn.com/310000-inspection/rsp_pic_upload807d9214-a0ad-4f47-9750-dee4e7951ab0.JPG.296x216.jpg
20200208,闵行,吴泾,吴泾新村   精装一室户   满五唯一  税费少,104万,1室1厅 | 27.54平米 | 南 | 简装 | 中楼层(共5层) | 1980年建 | 板楼,https://image1.ljcdn.com/310000-inspection/rsp_pic_uploadb6d2d23f-abc8-40a6-9bc1-f5debac00e78.JPG.296x216.jpg
20200208,闵行,吴泾,万科阳光苑 装修好自住 满五年唯一 诚心出售 南北户型,508万,3室2厅 | 135.42平米 | 南 | 精装 | 高楼层(共6层) | 2008年建 | 板楼,https://image1.ljcdn.com/shfdfs-image/20161218/27bcccb4-3e2a-4164-82ef-dfa6f7ff444d.jpg.296x216.jpg
20200208,闵行,吴泾,氯碱小区 电梯三室一厅 业主诚心出售！,270万,3室1厅 | 90.97平米 | 南 北 | 简装 | 低楼层(共18层) | 1992年建 | 塔楼,https://image1.ljcdn.com/shfdfs-image/20151003/ac3859a3-deb5-4f44-b52a-c35ba5b52aca.jpg.296x216.jpg
20200208,闵行,吴泾,枫桦景苑二期复式，有露台，采光好，满五唯一,515万,4室2厅 | 147.3平米 | 南 | 精装 | 高楼层(共6层) | 2004年建 | 板楼,https://image1.ljcdn.com/shfdfs-image/20170409/45093f70-ee0b-4687-bbd6-3920b23c6314.jpg.296x216.jpg
20200208,闵行,吴泾,双柏小区 满五年唯一 精装修带家具家电 急卖！,165万,2室1厅 | 54.59平米 | 南 | 精装 | 高楼层(共6层) | 1989年建 | 板楼,https://image1.ljcdn.com/310000-inspection/e546b1d6-bafd-471d-bdf7-2a6d8c307dc1.JPG.296x216.jpg
20200208,闵行,吴泾,品质小区  精装三房   物业佳,358万,3室1厅 | 89.8平米 | 南 北 | 精装 | 低楼层(共14层) | 2009年建 | 板楼,https://image1.ljcdn.com/shfdfs-image/20170407/d7d9b46e-d51c-43ba-9092-a4965ac48c07.jpg.296x216.jpg
20200208,闵行,吴泾,氯碱小区  采光好，通风佳  无遮挡！,160万,2室1厅 | 56.95平米 | 南 | 简装 | 高楼层(共6层) | 1988年建 | 板楼,https://image1.ljcdn.com/shfdfs-image/20160316/7c46022f-7b74-44ec-bbf1-12361e4c0af7.jpg.296x216.jpg
20200208,闵行,吴泾,高层带阁楼，诚意出售，随时看房,439万,3室2厅 | 103.39平米 | 南 | 简装 | 高楼层(共14层) | 2006年建 | 板楼,https://image1.ljcdn.com/310000-inspection/6b5a7b49-ea51-48e2-ba3a-2a86cc3f4a44.JPG.296x216.jpg
20200208,闵行,吴泾,此房满五年唯一，两房朝南采光好，视野宽阔，配套齐全,185万,2室1厅 | 60.72平米 | 南 | 简装 | 高楼层(共6层) | 1988年建 | 板楼,https://image1.ljcdn.com/310000-inspection/abe1524a-a9b1-4800-9364-58f0fb4b5ff4.JPG.296x216.jpg
20200208,闵行,吴泾,虹梅景苑一街坊 2室1厅 320万,320万,2室1厅 | 86平米 | 南 北 | 其他 | 高楼层(共6层) | 2011年建 | 板楼,https://image1.ljcdn.com/310000-inspection/pc1_1wetu0gIl_1.jpg.296x216.jpg
20200208,闵行,吴泾,永德小区婚房装修南北两房，房东置换诚意卖房,165万,2室1厅 | 52.45平米 | 南 | 简装 | 高楼层(共6层) | 1987年建 | 板楼,https://image1.ljcdn.com/310000-inspection/26b41fb0-249d-45d7-bf88-c38a38014010.JPG.296x216.jpg
20200208,闵行,吴泾,永德小区 双南户型 采光好 房型通透 可看房可收定,210万,2室1厅 | 57.73平米 | 南 | 简装 | 高楼层(共6层) | 1994年建 | 板楼,https://image1.ljcdn.com/310000-inspection/48cad095-888b-485b-8101-274eca20d971.JPG.296x216.jpg
20200208,闵行,吴泾,嘉怡水岸   一室两厅    精装修!房主自荐,305万,1室2厅 | 76.59平米 | 南 | 精装 | 低楼层(共17层) | 2013年建 | 板楼,https://image1.ljcdn.com/310000-inspection/bd6b0323-70a6-425c-9faa-2a5198da4005.JPG.296x216.jpg
20200208,闵行,吴泾,新华小区 满 五 唯 一 急售 拎包 入住 欢迎咨询,235万,2室1厅 | 81.28平米 | 南 | 简装 | 高楼层(共6层) | 1994年建 | 板楼,https://image1.ljcdn.com/310000-inspection/736f6286-ef93-4e20-b8a6-465336167ba5.JPG.296x216.jpg
20200208,闵行,吴泾,采光充足，户型方正，两室户楼层好,210万,2室1厅 | 70.73平米 | 南 | 精装 | 中楼层(共4层) | 1967年建 | 板楼,https://image1.ljcdn.com/310000-inspection/rsp_pic_upload5b5c09fa-12ee-4e0f-814c-2284fd7ee374.JPG.296x216.jpg
20200208,闵行,吴泾,万科阳光苑 精装修两房 楼层好 采光好 位置佳,332万,2室1厅 | 79平米 | 南 | 精装 | 中楼层(共6层) | 2009年建 | 板楼,https://image1.ljcdn.com/310000-inspection/58b87b87-9e47-4c8d-928d-ff3f1a14a944.JPG.296x216.jpg
20200208,闵行,吴泾,虹梅新苑 精装两房 南北通透！！！,358万,2室1厅 | 94.38平米 | 南 北 | 精装 | 中楼层(共6层) | 2008年建 | 板楼,https://image1.ljcdn.com/310000-inspection/pc1_phyzYU36S_1.jpg.296x216.jpg
20200208,闵行,吴泾,紫晶新出阁楼、满五税少、精装修、拎包入住房主自荐,430万,7室3厅 | 118平米 | 南 | 精装 | 高楼层(共6层) | 2005年建 | 板楼,https://image1.ljcdn.com/310000-inspection/20748432-e2e5-45f2-b923-81aa65580d3a.JPG.296x216.jpg
20200208,闵行,吴泾,虹梅新苑顶楼复式 楼下两房 南北通透 精美装修,395万,3室2厅 | 134.66平米 | 南 北 | 简装 | 高楼层(共6层) | 2006年建 | 板楼,https://image1.ljcdn.com/310000-inspection/6ead59df-1905-4152-8b2f-c486cd174737.JPG.296x216.jpg
20200208,闵行,吴泾,现代苑满五唯一税费少，环境安静，出行方便，空间大,365万,3室1厅 | 118.19平米 | 南 | 精装 | 高楼层(共6层) | 2003年建 | 板楼,https://image1.ljcdn.com/310000-inspection/89897197-7406-4aed-9beb-f0a3b181c1e4.JPG.296x216.jpg
20200208,闵行,吴泾,电梯大三房  高楼层  户型正  精装修  价格给力,560万,3室2厅 | 133.46平米 | 南 北 | 精装 | 高楼层(共14层) | 2006年建 | 板楼,https://image1.ljcdn.com/310000-inspection/pc1_uYmvUWGiK_1.jpg.296x216.jpg
20200208,闵行,吴泾,龙吴路5599弄 诚意出售 看房有钥匙 简单装修,179万,2室1厅 | 60.88平米 | 南 | 其他 | 中楼层(共6层) | 1999年建 | 板楼,https://image1.ljcdn.com/310000-inspection/pc1_C1hawmSI6_1.jpg.296x216.jpg
20200208,闵行,吴泾,紫晶南园 1室2厅 235万,235万,1室2厅 | 63.09平米 | 南 | 简装 | 高楼层(共6层) | 2006年建 | 板楼,https://image1.ljcdn.com/310000-inspection/37f8fa78-85eb-4bfe-b33f-8f4f0b1a253f.JPG.296x216.jpg
20200208,闵行,吴泾,锦川公寓  精装 六复七复八 诚意出售 带产权车库,590万,5室3厅 | 182平米 | 南 | 简装 | 高楼层(共6层) | 2000年建 | 板楼,https://image1.ljcdn.com/shfdfs-image/20170218/d7322935-03aa-4805-8573-10b3314604f1.jpg.296x216.jpg
20200208,闵行,吴泾,嘉怡水岸 毛坯电梯大两房 看房方便,420万,2室2厅 | 94.15平米 | 南 北 | 简装 | 高楼层(共9层) | 2013年建 | 板楼,https://image1.ljcdn.com/310000-inspection/pc1_iVNeL3Os6_1.jpg.296x216.jpg
20200208,闵行,吴泾,单价便宜，一楼带地下室，满五年唯一，朝南阳光充足,320万,2室2厅 | 111.57平米 | 南 | 精装 | 低楼层(共14层) | 2007年建 | 板楼,https://image1.ljcdn.com/310000-inspection/f1ad31ac-d176-45b7-840d-0763402b2d8b.JPG.296x216.jpg
20200208,闵行,吴泾,景浦公寓 8室2厅 460万,460万,8室2厅 | 178.51平米 | 南 | 简装 | 高楼层(共6层) | 2001年建 | 板楼,https://image1.ljcdn.com/310000-inspection/7f68cab3-b60d-4f95-a88a-59d058c98ba0.jpg.296x216.jpg
20200208,闵行,吴泾,满五年唯一，免增值税，免个税，位置安静，采光视野好,510万,4室2厅 | 166.66平米 | 南 北 | 简装 | 高楼层(共6层) | 2006年建 | 板楼,https://image1.ljcdn.com/310000-inspection/f6c95590-1d71-411a-90c5-957af56c8acd.JPG.296x216.jpg
20200208,闵行,吴泾,吴泾 单价低的两房来了 看房方便,196万,2室1厅 | 73.5平米 | 南 | 毛坯 | 高楼层(共6层) | 1994年建 | 板楼,https://image1.ljcdn.com/310000-inspection/6d0c839c-7238-4fe4-b48f-b7e7b6a6d994.JPG.296x216.jpg
20200208,闵行,吴泾,虹梅新苑精装修大二房，拎包入住，诚心出售。,330万,2室2厅 | 94.63平米 | 南 | 精装 | 高楼层(共6层) | 2010年建 | 板楼,https://image1.ljcdn.com/310000-inspection/test-5b5e327b-217a-47fc-8438-b04325f19145.png.296x216.jpg
20200208,闵行,吴泾,嘉怡水岸(公寓) 2室2厅 395万,395万,2室2厅 | 93.12平米 | 南 北 | 精装 | 低楼层(共11层) | 2013年建 | 板楼,https://image1.ljcdn.com/310000-inspection/pc1_eBbuQHOmq_1.jpg.296x216.jpg
20200208,闵行,吴泾,精装三房  总价低，单价低，房东急售，看房提前联系,270万,3室1厅 | 96.06平米 | 南 北 | 简装 | 高楼层(共6层) | 1997年建 | 板楼,https://image1.ljcdn.com/310000-inspection/rsp_pic_upload555fbefb-9b17-4638-8671-40cf5f2c8406.JPG.296x216.jpg
20200208,闵行,吴泾,双柏小区 两房朝南看房方便 房东诚心出售,160万,2室1厅 | 48.66平米 | 南 | 简装 | 中楼层(共6层) | 1989年建 | 板楼,https://image1.ljcdn.com/shfdfs-image/20170827/7e5c8f37-dc89-48df-93ab-6c23c8bd5995.jpg.296x216.jpg
20200208,闵行,吴泾,剑川路201弄通海二一改二，视野广阔，采光充足,195万,1室1厅 | 58.61平米 | 南 | 简装 | 高楼层(共6层) | 1997年建 | 板楼,https://image1.ljcdn.com/shfdfs-image/20180127/df1aa04a-c735-4d74-8462-953a5e1f85a5.jpg.296x216.jpg
20200208,闵行,吴泾,紫晶南园 1室2厅 240万,240万,1室2厅 | 63.09平米 | 南 | 其他 | 高楼层(共6层) | 2006年建 | 板楼,https://image1.ljcdn.com/shfdfs-image/20171025/29f03e76-5545-450e-9d7f-82af2217fdfc.jpg.296x216.jpg
20200208,闵行,吴泾,虹梅景苑二街坊 2室2厅 320万房主自荐,320万,2室2厅 | 91.11平米 | 南 北 | 精装 | 低楼层(共6层) | 2011年建 | 板楼,https://image1.ljcdn.com/shfdfs-image/20170716/94a9f935-9b26-4546-abaa-9a92a97c2909.jpg.296x216.jpg
20200208,闵行,吴泾,锦川公寓 2室2厅 288万,288万,2室2厅 | 94.04平米 | 南 | 其他 | 中楼层(共6层) | 2000年建 | 板楼,https://image1.ljcdn.com/shfdfs-image/20171202/0252ebf2-822e-48c4-a16c-9e543f0ff65b.jpg.296x216.jpg
20200208,闵行,吴泾,紫晶南园 2室2厅 323万,323万,2室2厅 | 95.28平米 | 南 | 简装 | 低楼层(共6层) | 2006年建 | 板楼,https://image1.ljcdn.com/310000-inspection/3b1fa368-dc94-4f34-b4cb-399efc790730.JPG.296x216.jpg
20200208,闵行,吴泾,嘉怡水岸 南北通双南两室 电梯景观楼层！,420万,2室2厅 | 93.47平米 | 南 北 | 简装 | 高楼层(共17层) | 2013年建 | 板楼,https://image1.ljcdn.com/310000-inspection/0808e98c-cae7-4592-b256-dc276820aac1.JPG.296x216.jpg
20200208,闵行,吴泾,嘉怡水岸(公寓) 2室2厅 420万,420万,2室2厅 | 93.7平米 | 南 | 精装 | 低楼层(共17层) | 2013年建 | 板楼,https://image1.ljcdn.com/310000-inspection/77c9a31d-8230-45ac-b9f3-9d70a356ba5e.JPG.296x216.jpg
20200208,闵行,吴泾,电梯南北大两房，中间楼层，位置好，看中价格可谈,355万,2室2厅 | 97.38平米 | 南 北 | 毛坯 | 中楼层(共15层) | 2007年建 | 板楼,https://image1.ljcdn.com/310000-inspection/02fd1aa2-8171-41d7-b34a-df1547d09f84.jpg.296x216.jpg
20200208,闵行,吴泾,房型正气，采光无遮挡，装修好，满五减税,145万,2室1厅 | 47.49平米 | 南 北 | 精装 | 高楼层(共5层) | 1960年建 | 板楼,https://image1.ljcdn.com/shfdfs-image/20161019/54a549d8-1cd5-4850-89cb-25d7c3943489.jpg.296x216.jpg
20200208,闵行,吴泾,永德小区 精装自住 满五唯一 看房方便 诚意出售,195万,2室1厅 | 59.43平米 | 南 | 精装 | 高楼层(共6层) | 1985年建 | 板楼,https://image1.ljcdn.com/310000-inspection/prod-7edb157e-5d16-4727-b2af-7e96751d7495.jpg.296x216.jpg
20200208,闵行,吴泾,满五年 有阁楼 采光好 装修好 南北户型 万科物业好,310万,2室2厅 | 80平米 | 南 | 精装 | 高楼层(共6层) | 2008年建 | 板楼,https://image1.ljcdn.com/310000-inspection/448a456a-bcb5-456f-a313-19a2466f3e10.JPG.296x216.jpg
20200208,闵行,吴泾,嘉怡水岸 一楼带院子 带地下室,535万,2室2厅 | 141.64平米 | 南 | 简装 | 低楼层(共9层) | 2013年建 | 板楼,https://image1.ljcdn.com/310000-inspection/a7d855af-086e-4888-a339-214c06d71e72.JPG.296x216.jpg
20200208,闵行,吴泾,满五唯一，税费少，看房方便，诚心卖。,175万,2室1厅 | 50.59平米 | 南 | 精装 | 中楼层(共5层) | 1981年建 | 板楼,https://image1.ljcdn.com/310000-inspection/f9929dc3-996e-47c1-85a3-19b3f65f5616.JPG.296x216.jpg
20200208,闵行,吴泾,万乐城 总价低 配套齐全 交通便利,61万,1室0厅 | 22平米 | 北 | 精装 | 低楼层(共18层)  | 塔楼,https://image1.ljcdn.com/x-se/hdic-frame/2cc95dce-02fc-4b79-b009-3c7b5c1936be.png.296x216.jpg
20200208,闵行,吴泾,此房一手动迁，满五年唯一，户型好，带装修好的阁楼,355万,2室2厅 | 98.24平米 | 南 | 简装 | 高楼层(共6层) | 2006年建 | 板楼,https://image1.ljcdn.com/310000-inspection/6f5ee275-b3e5-4153-8b66-3fb631833588.JPG.296x216.jpg
20200208,闵行,吴泾,紫晶南园 3室2厅 385万,385万,3室2厅 | 106.63平米 | 南 北 | 其他 | 高楼层(共6层) | 2006年建 | 板楼,https://image1.ljcdn.com/310000-inspection/72909068-d19a-4f76-baf4-24091c9d5da0.JPG.296x216.jpg
20200208,闵行,吴泾,万乐城 精装单身公寓 总价低 配套齐全 交通便利,175万,2室1厅 | 44平米 | 南 | 精装 | 中楼层(共10层)  | 塔楼,https://image1.ljcdn.com/x-se/hdic-frame/8442022b-fc00-48ab-af1f-8665e7f6bb2d.png.296x216.jpg
20200208,闵行,吴泾,吴泾新村 2室1厅 158万,158万,2室1厅 | 50.84平米 | 南 北 | 其他 | 高楼层(共5层) | 1980年建 | 板楼,https://image1.ljcdn.com/310000-inspection/pc1_RIA0JDsDR_1.jpg.296x216.jpg
20200208,闵行,吴泾,吴泾新村 2室1厅 172万,172万,2室1厅 | 70.41平米 | 南 | 其他 | 高楼层(共5层) | 1993年建 | 板楼,https://image1.ljcdn.com/310000-inspection/pc1_6YXHJ1Z7T_1.jpg.296x216.jpg
20200208,闵行,吴泾,万乐城 精装公寓 交通便利配套齐全,60万,1室0厅 | 21.78平米 | 北 | 精装 | 中楼层(共19层)  | 塔楼,
20200208,闵行,吴泾,万乐城  精装酒店式公寓 交通便利 近交大华师大紫竹,81万,1室0厅 | 27.23平米 | 南 | 精装 | 中楼层(共19层)  | 塔楼,
20200208,闵行,吴泾,万乐城 可办公注册公司 交通便利 配套齐全,230万,4室1厅 | 57.92平米 | 南 | 精装 | 高楼层(共10层)  | 塔楼,
20200208,闵行,吴泾,枫桦景苑一期空中别墅 使用面积大 诚心出售看房方便,560万,4室3厅 | 157.84平米 | 南 北 | 精装 | 高楼层(共6层) | 2004年建 | 板楼,https://image1.ljcdn.com/310000-inspection/d4e068c1-6f7d-419c-b418-f9e4df27612a.JPG.296x216.jpg
20200208,闵行,吴泾,吴泾新村小一房 产权房诚意出售价格可谈 欢迎看房,120万,1室0厅 | 37.03平米 | 南 | 毛坯 | 中楼层(共5层) | 1978年建 | 板楼,https://image1.ljcdn.com/310000-inspection/prod-29c536a8-6729-4184-9101-c512286a81c5.jpg.296x216.jpg
20200208,闵行,吴泾,永德小区 南北两房 采光好 户型正气 配套成熟,170万,2室1厅 | 52.73平米 | 南 | 毛坯 | 中楼层(共5层) | 1983年建 | 板楼,https://image1.ljcdn.com/310000-inspection/prod-e0af9bb6-831b-4ed4-8736-48c4da0f3a09.jpg.296x216.jpg
20200208,闵行,吴泾,链家热房、南北通透、飞机户型、随时可看房主自荐,345万,3室2厅 | 120.84平米 | 南 北 | 简装 | 高楼层(共6层) | 2003年建 | 板楼,https://image1.ljcdn.com/x-se/hdic-frame/d964d44e-5758-42ab-ac0b-6f4982f7c6d5.png.296x216.jpg
20200208,闵行,吴泾,空中别墅  虹梅新苑四期电梯顶楼大复式 诚心出售！,625万,5室2厅 | 170.95平米 | 南 北 | 简装 | 高楼层(共15层) | 2011年建 | 板楼,https://image1.ljcdn.com/310000-inspection/12cd7028-e6c6-487e-b48a-682b42af4cbf.JPG.296x216.jpg
20200208,闵行,吴泾,嘉怡水岸 一楼拐角花园 精装修！,430万,3室2厅 | 118平米 | 南 | 精装 | 低楼层(共10层) | 2013年建 | 板楼,https://image1.ljcdn.com/310000-inspection/ed832c36-9fe2-4adc-a932-cf035980da75.JPG.296x216.jpg
20200208,闵行,吴泾,塘泾北苑动迁安置房双南户型简装房,251万,1室2厅 | 65.82平米 | 南 | 简装 | 中楼层(共13层) | 2015年建 | 板楼,https://image1.ljcdn.com/310000-inspection/ee27226b-1b71-4a70-a640-407af62dcbe3.JPG.296x216.jpg
20200208,闵行,吴泾,紫竹半岛A区高楼层三房两卫，看房方便，有车位！,615万,3室2厅 | 96平米 | 南 北 | 精装 | 中楼层(共18层) | 2013年建 | 板楼,
20200208,闵行,吴泾,使用面积大，采光通风佳，一家三代都能居住。,509万,5室2厅 | 183.17平米 | 南 北 | 简装 | 高楼层(共6层) | 2006年建 | 板楼,
20200208,闵行,吴泾,虹梅新苑，一手动迁房，顶楼复式,485万,3室2厅 | 137.11平米 | 南 北 | 简装 | 高楼层(共18层) | 2011年建 | 板楼,
20200208,闵行,吴泾,塘泾北苑，2015年次新房，一手动迁，免增值税,236万,1室1厅 | 63平米 | 南 | 毛坯 | 低楼层(共13层) | 2015年建 | 板楼,https://image1.ljcdn.com/x-se/310000-frame/ac98dbc5-b28f-425a-88ef-7ab1c5101ab1.jpg.296x216.jpg
20200208,闵行,吴泾,吴泾 虹梅新苑 大三房 采光通风好 房东诚意出售,420万,3室2厅 | 128.25平米 | 南 北 | 精装 | 中楼层(共6层) | 2006年建 | 板楼,https://image1.ljcdn.com/x-se/hdic-frame/a319c148-91f5-4f15-b02b-c042d3d6be3f.png.296x216.jpg
20200208,闵行,吴泾,虹梅新苑 2室2厅 350万,350万,2室2厅 | 92.43平米 | 南 北 | 毛坯 | 高楼层(共6层) | 2010年建 | 板楼,
20200208,闵行,吴泾,万科阳光苑  南北户型 诚心出售 一楼有院子有地下室,410万,3室3厅 | 150.93平米 | 南 | 毛坯 | 低楼层(共11层) | 2008年建 | 板楼,https://image1.ljcdn.com/310000-inspection/2095ca46-98b8-43d1-bcba-06106149d805.JPG.296x216.jpg
20200208,闵行,吴泾,通海一小区 2室1厅 230万,230万,2室1厅 | 67.92平米 | 南 北 | 精装 | 中楼层(共6层) | 1994年建 | 板楼,https://image1.ljcdn.com/x-se/hdic-frame/8f9534bf-d6b3-436b-a991-5f632490c260.png.296x216.jpg
20200208,闵行,吴泾,永德小区 2室0厅 155万,155万,2室0厅 | 52.17平米 | 南 北 | 其他 | 高楼层(共6层) | 1989年建 | 板楼,https://image1.ljcdn.com/x-se/hdic-frame/d0c1ba91-3851-4ede-b389-888fa043cd34.png.296x216.jpg
20200208,闵行,吴泾,万乐城精装修产权50年可办公注册公司,90万,1室0厅 | 27.23平米 | 暂无数据 | 其他 | 高楼层(共19层)  | 塔楼,
20200208,闵行,吴泾,总价低 税费少 楼层好 业主诚心出售 采光充足,60万,1室0厅 | 21.77平米 | 北 | 精装 | 高楼层(共19层)  | 塔楼,
20200208,闵行,吴泾,开发商精装修交付，采光很好 出租很好,76.5万,1室1厅 | 28平米 | 南 | 精装 | 低楼层(共19层)  | 塔楼,
20200208,闵行,吴泾,此房税费少，楼层好 精装修 近交大，税少房主自荐,61万,1室0厅 | 21.79平米 | 北 | 精装 | 高楼层(共19层)  | 塔楼,
20200208,闵行,吴泾,嘉怡水岸，办公性质，复式户型，精装修,290万,1室1厅 | 102平米 | 西 | 精装 | 中楼层(共8层)  | 板楼,
20200208,闵行,吴泾,万乐城(商业类) 1房间1卫 76.5万,76.5万,1室0厅 | 27.86平米 | 南 | 精装 | 低楼层(共19层)  | 塔楼,
20200208,闵行,吴泾,氯碱小区 2室1厅 160万,160万,2室1厅 | 53.09平米 | 南 | 其他 | 高楼层(共6层) | 1990年建 | 板楼,https://image1.ljcdn.com/shfdfs-image/20170307/5be36f9d-99bb-43c6-982d-f58fc1cd172c.jpg.296x216.jpg
20200208,闵行,吴泾,万乐城(商业类) 1房间1卫 77万,77万,1室0厅 | 27.21平米 | 南 | 精装 | 低楼层(共19层)  | 塔楼,
20200208,闵行,吴泾,精装一房  户型方正   采光好楼层佳,90万,1室1厅 | 28.75平米 | 南 | 精装 | 中楼层(共18层)  | 塔楼,
20200208,闵行,吴泾,万乐城(商业类) 1房间1卫 82万,82万,1室0厅 | 27.31平米 | 南 | 精装 | 高楼层(共19层)  | 塔楼,
20200208,闵行,吴泾,龙吴路5599弄，双南正气两房，交通方便。,240万,2室1厅 | 81.55平米 | 南 | 简装 | 中楼层(共6层) | 1995年建 | 板楼,https://image1.ljcdn.com/x-se/hdic-frame/57bd3c4c-cb0f-48ac-91ca-274d1d5b2182.png.296x216.jpg
20200208,闵行,吴泾,紫晶南园 2室2厅 410万,410万,2室2厅 | 108.21平米 | 南 | 精装 | 低楼层(共13层) | 2005年建 | 板楼,
20200208,闵行,吴泾,此房满五唯一，餐厅客厅南北直通，楼层好采光充足！,450万,3室2厅 | 119平米 | 南 | 精装 | 中楼层(共6层) | 2005年建 | 板楼,https://image1.ljcdn.com/x-se/hdic-frame/b1046a05-d499-4440-8d65-636d8f139a51.png.296x216.jpg
20200208,闵行,吴泾,双柏小区，中装两房，一楼带天井，业主急售,165万,2室1厅 | 49.57平米 | 南 | 简装 | 低楼层(共6层) | 1994年建 | 板楼,
20200208,闵行,吴泾,塘泾北苑 1室2厅 240万,240万,1室2厅 | 62平米 | 南 | 毛坯 | 中楼层(共13层) | 2015年建 | 板楼,
20200208,闵行,吴泾,满五唯一，精装修，中间楼层，采光好，税费低。,175万,2室1厅 | 48.25平米 | 南 | 精装 | 中楼层(共5层) | 1981年建 | 板楼,
20200208,闵行,吴泾,永德小区 南北两房 诚意出售 价格可谈 楼层好,168万,2室0厅 | 50.32平米 | 南 北 | 简装 | 中楼层(共6层) | 1987年建 | 板楼,
20200208,闵行,吴泾,万科阳光苑 一楼带花园 装修好 房东自住 满五年,360万,2室2厅 | 88.73平米 | 南 | 精装 | 低楼层(共5层) | 2008年建 | 板楼,
20200208,闵行,吴泾,万乐城 精装1房电梯房3楼 交通便利 置房安,78万,1室0厅 | 28.75平米 | 南 | 其他 | 低楼层(共18层)  | 塔楼,
20200208,闵行,吴泾,万乐城房源朝北诚心出售.....,77万,1室0厅 | 27.5平米 | 南 | 精装 | 低楼层(共19层)  | 塔楼,
20200208,闵行,吴泾,氯碱小区 1室1厅 118万,118万,1室1厅 | 37.73平米 | 南 | 简装 | 高楼层(共18层) | 1992年建 | 塔楼,https://image1.ljcdn.com/x-se/hdic-frame/13f880bf-3961-4c1e-b426-c949bf661276.png.296x216.jpg
20200208,闵行,吴泾,新华小区（龙吴路5599弄） 2室1厅 240万,240万,2室1厅 | 80.36平米 | 南 | 简装 | 高楼层(共6层) | 1995年建 | 板楼,
20200208,闵行,吴泾,氯碱小区，成熟配套，近吴泾公园黄浦江，诚意出售,190万,2室1厅 | 60.47平米 | 北 南 | 简装 | 低楼层(共6层) | 1988年建 | 板楼,https://image1.ljcdn.com/x-se/310000-frame/rsp_pic_uploade9265e25-d8b2-48c4-a7f4-73a6b0c95657.jpg.296x216.jpg
20200208,闵行,吴泾,虹梅新苑 电梯房非底楼 一手动迁 业主诚心出售,330万,2室2厅 | 92.78平米 | 南 北 | 简装 | 低楼层(共15层) | 2011年建 | 板楼,https://image1.ljcdn.com/x-se/hdic-frame/6cdd00fb-bee8-4f04-a2c5-89fd1923c9f4.png.296x216.jpg
20200208,闵行,吴泾,虹梅景苑四街坊 2室2厅 320万,320万,2室2厅 | 92.64平米 | 南 | 简装 | 低楼层(共13层) | 2011年建 | 板楼,https://image1.ljcdn.com/x-se/hdic-frame/dffa6e9a-bcb7-42e0-9d7c-e1677cc9c6e5.png.296x216.jpg
20200208,闵行,吴泾,满五唯一  精装修 南北双阳台 前后无遮挡 户型方正,330万,2室2厅 | 96.21平米 | 南 | 精装 | 低楼层(共8层) | 2006年建 | 板楼,https://image1.ljcdn.com/x-se/hdic-frame/4714f782-2405-4885-acd4-80f6664315aa.png.296x216.jpg
20200208,闵行,吴泾,此房满五，精装修，原始两房两厅，户型正气。,350万,2室2厅 | 95.64平米 | 南 | 简装 | 低楼层(共12层) | 2006年建 | 板楼,https://image1.ljcdn.com/x-se/hdic-frame/1a308ac2-9835-4de4-add2-f3b228ca1277.png.296x216.jpg
20200208,闵行,吴泾,吴泾新村 3室2厅 290万,290万,3室2厅 | 102.49平米 | 南 | 其他 | 高楼层(共5层) | 1958年建 | 板楼,https://image1.ljcdn.com/x-se/hdic-frame/5a168655-ade6-4ba8-834f-40bf6a7d2ada.png.296x216.jpg
20200208,闵行,吴泾,万乐城(商业类) 1房间1卫 76万,76万,1室0厅 | 27.3平米 | 南 | 精装 | 低楼层(共19层)  | 塔楼,
20200208,闵行,吴泾,永德双南两房，采光好，比较少的户型,190万,2室1厅 | 58.1平米 | 南 | 简装 | 高楼层(共6层) | 1987年建 | 板楼,https://image1.ljcdn.com/x-se/hdic-frame/1704109a-1b26-406d-97da-590ec902382c.png.296x216.jpg
20200208,闵行,吴泾,氯碱小区 2室1厅 175万,175万,2室1厅 | 58.5平米 | 南 北 | 简装 | 低楼层(共6层) | 1988年建 | 板楼,
