20200208,闵行,七宝,店长推荐，地铁口南北两房，精装修，税少，看房方便必看好房,420万,2室2厅 | 83.19平米 | 南 | 精装 | 高楼层(共6层) | 2007年建 | 板楼,https://image1.ljcdn.com/310000-inspection/pc1_iPerGPlGp_1.jpg.296x216.jpg
20200208,闵行,七宝,明强+12号线地铁，满五唯一，喧哗都市中的一片绿叶必看好房,458万,2室2厅 | 81.83平米 | 南 | 简装 | 高楼层(共6层) | 1995年建 | 板楼,https://image1.ljcdn.com/310000-inspection/test-4ae02852-f384-4137-b879-3b62be7d01cf.png.296x216.jpg
20200208,闵行,七宝,万科全明3房，凤凰楼层，采光通风视野好！必看好房,490万,3室2厅 | 90.25平米 | 南 | 精装 | 中楼层(共7层) | 1995年建 | 板楼,https://image1.ljcdn.com/310000-inspection/pc1_HaPmKlaq8_1.jpg.296x216.jpg
20200208,闵行,七宝,华宝花园正气小三房，诚意出售，看房方便必看好房,515万,3室2厅 | 99.54平米 | 南 北 | 简装 | 高楼层(共6层) | 1995年建 | 板楼,https://image1.ljcdn.com/310000-inspection/pc1_n7Qqr8qYs_1.jpg.296x216.jpg
20200208,闵行,七宝,小区中间楼层 全明三房 诚意出售 南北通透必看好房,570万,3室2厅 | 108.72平米 | 南 北 | 精装 | 中楼层(共6层) | 1999年建 | 板楼,https://image1.ljcdn.com/310000-inspection/a64f8cbb-ed4a-4dc5-9bd3-ec1fbdb79bcf_1000.jpg.296x216.jpg
20200208,闵行,七宝,佳宝品质三房，中间楼层3楼，无增值税，近9号地铁必看好房,399万,3室1厅 | 81平米 | 南 | 精装 | 中楼层(共6层) | 1994年建 | 板楼,https://image1.ljcdn.com/310000-inspection/pc1_SZhRxkAdb_1.jpg.296x216.jpg
20200208,闵行,七宝,七宝双地铁 精装修带中&央空调 中间楼层 带家具家电必看好房,565万,3室2厅 | 110.68平米 | 南 | 精装 | 中楼层(共6层) | 1997年建 | 板楼,https://image1.ljcdn.com/310000-inspection/pc1_ObWhndf1J_1.jpg.296x216.jpg
20200208,闵行,七宝,广海花园中间位置，楼层中层，满五年税少，户型正气必看好房,600万,4室2厅 | 120.76平米 | 南 北 | 简装 | 中楼层(共6层) | 1996年建 | 板楼,https://image1.ljcdn.com/310000-inspection/prod-aa8c6435-eca8-4df8-b527-a1e3a4a32816.jpg.296x216.jpg
20200208,闵行,七宝,户型正气，一楼带大天井，业主诚意出售！必看好房,536万,3室1厅 | 77.64平米 | 南 | 简装 | 低楼层(共6层) | 1997年建 | 板楼,https://image1.ljcdn.com/310000-inspection/pc1_Y6KtTZB99_1.jpg.296x216.jpg
20200208,闵行,七宝,店长推荐 高品质小区 开元物业，近体育公园必看好房,735万,3室2厅 | 101.12平米 | 南 北 | 精装 | 中楼层(共14层) | 2005年建 | 板楼,https://image1.ljcdn.com/310000-inspection/pc1_yHihzTTFB_1.jpg.296x216.jpg
20200208,闵行,七宝,只有契税，精装修三房，少见户型，配套太好。必看好房,425万,3室1厅 | 77.45平米 | 南 北 | 精装 | 高楼层(共6层) | 1994年建 | 板楼,https://image1.ljcdn.com/310000-inspection/prod-e2e994c5-cef7-438a-baa7-607a4a6f3d90.jpg.296x216.jpg
20200208,闵行,七宝,满五年+景观位置+双轨交通+业主急售必看好房,240万,2室1厅 | 67.55平米 | 南 | 简装 | 高楼层(共6层) | 1994年建 | 板楼,https://image1.ljcdn.com/310000-inspection/prod-93620a3e-e8c4-4ed3-aa31-9070e1862486.jpg.296x216.jpg
20200208,闵行,七宝,此房满五唯一产权清晰，楼层好户型端正，南北双飘窗。必看好房,520万,2室2厅 | 81.5平米 | 南 | 简装 | 中楼层(共4层) | 2004年建 | 板楼,https://image1.ljcdn.com/310000-inspection/2617ecd5-5cc0-4308-ab0e-fbdf57bc33f9_1000.jpg.296x216.jpg
20200208,闵行,七宝,广海花园经典两房，主卧朝南，次卧朝北，楼层佳采光好必看好房,448万,2室2厅 | 82.57平米 | 南 | 简装 | 低楼层(共6层) | 1997年建 | 板楼,https://image1.ljcdn.com/310000-inspection/6fdce784-1821-4335-8222-bbc45f03dd40_1000.jpg.296x216.jpg
20200208,闵行,七宝,中间楼层，视野好，买进价高，税费少必看好房,408万,1室1厅 | 60.73平米 | 南 | 精装 | 中楼层(共5层) | 1998年建 | 板楼,https://image1.ljcdn.com/310000-inspection/pc1_ZkT5ltO2B_1.jpg.296x216.jpg
20200208,闵行,七宝,品鉴佳宝两房，楼层佳，双阳台，出行便捷必看好房,298万,2室1厅 | 68.81平米 | 南 | 简装 | 高楼层(共6层) | 1994年建 | 板楼,https://image1.ljcdn.com/310000-inspection/prod-5ed5372c-88f6-429c-bb24-6103c1762832.jpg.296x216.jpg
20200208,闵行,七宝,中间三楼，小区中间位置，南北小两房，买入价高必看好房,390万,2室1厅 | 52.79平米 | 南 | 简装 | 中楼层(共6层) | 1995年建 | 板楼,https://image1.ljcdn.com/310000-inspection/prod-0b239cfe-3084-490a-95e5-3d572ce1f0f6.jpg.296x216.jpg
20200208,闵行,七宝,一楼带花园，户型正气，布局紧凑，看房随时！必看好房,708万,3室2厅 | 123.48平米 | 南 | 简装 | 低楼层(共5层) | 2004年建 | 板楼,https://image1.ljcdn.com/310000-inspection/pc1_KhtiQpsRo_1.jpg.296x216.jpg
20200208,闵行,七宝,满五年    税费少      视野好必看好房,1360万,4室2厅 | 197.45平米 | 南 | 精装 | 高楼层(共16层) | 2008年建 | 塔楼,https://image1.ljcdn.com/310000-inspection/pc1_zcjkErQUW_1.jpg.296x216.jpg
20200208,闵行,七宝,三佳花苑 正规一室户 业主置换 价格可谈 小区万科物业必看好房,350万,1室1厅 | 47.58平米 | 南 | 简装 | 高楼层(共5层) | 1995年建 | 板楼,https://image1.ljcdn.com/310000-inspection/pc1_RKyZq2Tdu_1.jpg.296x216.jpg
20200208,闵行,七宝,不可忽视的小区，稀有的户型，双南大两房，边套全明必看好房,345万,2室1厅 | 79.98平米 | 南 | 简装 | 高楼层(共6层) | 1999年建 | 板楼,https://image1.ljcdn.com/310000-inspection/pc1_4wsnUSTsm_1.jpg.296x216.jpg
20200208,闵行,七宝,中间楼层双南两房，小区中间位置，自住4年精装装修必看好房,349万,2室1厅 | 77.4平米 | 南 | 精装 | 中楼层(共6层) | 1994年建 | 板楼,https://image1.ljcdn.com/310000-inspection/pc1_AmVQBPr1N_1.jpg.296x216.jpg
20200208,闵行,七宝,近九号线七宝站地铁口，楼层合适，精装修保养良好必看好房,305万,2室1厅 | 61.39平米 | 南 | 精装 | 中楼层(共6层) | 1994年建 | 板楼,https://image1.ljcdn.com/310000-inspection/pc1_1dQazVQzP_1.jpg.296x216.jpg
20200208,闵行,七宝,近地铁，采光好，万科物业，拎包入住必看好房,249万,2室1厅 | 41.52平米 | 南 | 简装 | 高楼层(共6层) | 1994年建 | 板楼,https://image1.ljcdn.com/310000-inspection/3b7cabf4-fbd3-4352-b4c5-3c6b73be9eef_1000.jpg.296x216.jpg
20200208,闵行,七宝,万科新上南北两房 业主自住精装修 随时看房 满五唯一必看好房,370万,2室2厅 | 73.73平米 | 南 | 精装 | 高楼层(共7层) | 1994年建 | 板楼,https://image1.ljcdn.com/310000-inspection/pc1_EL2eDs5Cp_1.jpg.296x216.jpg
20200208,闵行,七宝,9号线地铁770米，电梯精装3房，南北通有车位，配套好必看好房,740万,3室2厅 | 115.58平米 | 南 | 精装 | 中楼层(共11层) | 2012年建 | 板楼,https://image1.ljcdn.com/310000-inspection/pc1_5UQ4vqHnj_1.jpg.296x216.jpg
20200208,闵行,七宝,店长推荐，满五年，业主诚意出售，景观位置必看好房,425万,2室1厅 | 65.37平米 | 南 | 精装 | 高楼层(共6层) | 1994年建 | 板楼,https://image1.ljcdn.com/310000-inspection/0ee13176-c269-4ea9-b1fc-fe33e23f7f7f_1000.jpg.296x216.jpg
20200208,闵行,七宝,万科品质 精装修 电梯景观楼层 满五税少 接受置换必看好房,530万,3室2厅 | 108.43平米 | 南 西 北 | 精装 | 中楼层(共12层) | 1994年建 | 板楼,https://image1.ljcdn.com/310000-inspection/ac4cb6cc-8560-411b-94d6-d92b10e5a693_1000.jpg.296x216.jpg
20200208,闵行,七宝,七宝黎明花园精装修2房，家具家电留下，中间楼层必看好房,345万,2室1厅 | 74.19平米 | 南 | 精装 | 中楼层(共6层) | 1997年建 | 板楼,https://image1.ljcdn.com/310000-inspection/prod-dc9e19a1-30ce-4530-9999-2708d0c83150.jpg.296x216.jpg
20200208,闵行,七宝,佳宝大二房，精装修，诚意出售，看房随时必看好房,380万,2室2厅 | 81平米 | 南 北 | 精装 | 高楼层(共7层) | 1994年建 | 板楼,https://image1.ljcdn.com/310000-inspection/a3a588f9-6c3e-4a49-9ecc-b8fe4579e221_1000.jpg.296x216.jpg
20200208,闵行,七宝,白雪精装电梯两房，户型正气，房东诚意出售满五唯一必看好房,565万,2室1厅 | 95.72平米 | 南 | 精装 | 低楼层(共11层) | 2004年建 | 板楼,https://image1.ljcdn.com/310000-inspection/test-36a5ad1c-b4f7-4100-9988-8817e05987ca.png.296x216.jpg
20200208,闵行,七宝,9号线地铁七宝站300米，一楼带天井，佳宝一房看房方便必看好房,250万,1室1厅 | 37.93平米 | 西南 | 简装 | 低楼层(共6层) | 1994年建 | 板楼,https://image1.ljcdn.com/310000-inspection/pc1_kRMmNiaOY_1.jpg.296x216.jpg
20200208,闵行,七宝,精装修 全明户型 罕见电梯一房 拎包入住 沿河风景必看好房,425万,1室1厅 | 56.78平米 | 南 | 精装 | 高楼层(共9层) | 2008年建 | 板楼,https://image1.ljcdn.com/x-se/hdic-frame/test-48f0abc9-ca9b-4ea6-b6e2-7a2e2439e279.png.296x216.jpg
20200208,闵行,七宝,南北通的两房！总价低  采光好必看好房,510万,2室2厅 | 81.31平米 | 南 | 精装 | 高楼层(共5层) | 2004年建 | 板楼,https://image1.ljcdn.com/310000-inspection/pc1_lUZRAxyef_1.jpg.296x216.jpg
20200208,闵行,七宝,满五唯一,业主诚意出售，中间楼层采光好，拎包入住必看好房,730万,4室2厅 | 140.34平米 | 南 | 简装 | 中楼层(共5层) | 2000年建 | 板楼,https://image1.ljcdn.com/310000-inspection/pc1_s6OK1g9hm_1.jpg.296x216.jpg
20200208,闵行,七宝,装修好，楼层佳，看房方便，交通方便必看好房,315万,2室1厅 | 71.95平米 | 南 | 精装 | 低楼层(共6层) | 1996年建 | 板楼,https://image1.ljcdn.com/310000-inspection/prod-852e2adf-1f71-4987-b443-3e9dc2207384.jpg.296x216.jpg
20200208,闵行,七宝,佳宝精装一房，近地铁， 业主诚意出售，税少。必看好房,276万,1室1厅 | 48.91平米 | 南 北 | 简装 | 中楼层(共6层) | 1994年建 | 板楼,https://image1.ljcdn.com/310000-inspection/pc1_dt6NCB0JO_1.jpg.296x216.jpg
20200208,闵行,七宝,店长推荐：精装5房带花园，三代同堂，居家的选择！！必看好房,920万,5室4厅 | 210.63平米 | 南 | 精装 | 低楼层(共14层) | 2005年建 | 板楼,https://image1.ljcdn.com/310000-inspection/8288bdd7-6dc7-4bbc-92ee-976551d98f3a_1000.jpg.296x216.jpg
20200208,闵行,七宝,茂盛花苑新上一房，适合刚需置业客户必看好房,195万,2室1厅 | 47.36平米 | 南 北 | 简装 | 高楼层(共6层) | 1994年建 | 板楼,https://image1.ljcdn.com/310000-inspection/2497e099-359a-497a-a030-56bc51b070fd_1000.jpg.296x216.jpg
20200208,闵行,七宝,满五唯一，诚意出售价格可谈，上下层，视野开阔必看好房,276万,1室2厅 | 50.23平米 | 南 | 精装 | 高楼层(共6层) | 1994年建 | 板楼,https://image1.ljcdn.com/310000-inspection/7b363270-48f8-43c6-a4ea-17c266a6617e.jpg.296x216.jpg
20200208,闵行,七宝,电梯精装三房，诚意出售，满五唯一，偏离航道，近地铁房主自荐,550万,3室2厅 | 112.37平米 | 南 | 精装 | 低楼层(共12层) | 1996年建 | 板楼,https://image1.ljcdn.com/310000-inspection/test-4dd14a88-6a66-4f42-b5f8-82316c13767f.png.296x216.jpg
20200208,闵行,七宝,满五年唯一+电梯房+精装带新风系统+双轨交通,570万,3室2厅 | 116.33平米 | 东北 | 精装 | 中楼层(共12层) | 1995年建 | 板楼,https://image1.ljcdn.com/310000-inspection/prod-0bdbe251-2a5b-461c-8581-6257abfbe5b3.jpg.296x216.jpg
20200208,闵行,七宝,户型正气 闵行小两房 总价便宜 诚意出售 随时看房,218万,2室1厅 | 54.48平米 | 南 | 毛坯 | 高楼层(共6层) | 1994年建 | 板楼,https://image1.ljcdn.com/310000-inspection/test-1fbab551-c062-43bf-8e58-ade873ecedac.png.296x216.jpg
20200208,闵行,七宝,房屋楼层好，小区安静，少有的景观电梯房，居住舒适。房主自荐,750万,3室2厅 | 116.31平米 | 南 | 精装 | 高楼层(共11层) | 2002年建 | 板楼,https://image1.ljcdn.com/310000-inspection/prod-01643654-4113-4d06-bd8d-b997e342fb3b.jpg.296x216.jpg
20200208,闵行,七宝,今来一登望，如上九天游！！！！房主自荐,980万,2室2厅 | 150.67平米 | 南 北 | 精装 | 高楼层(共16层) | 2008年建 | 塔楼,https://image1.ljcdn.com/310000-inspection/prod-89e5bb91-00ed-4d5e-b6a2-75132dc7ca1a.jpg.296x216.jpg
20200208,闵行,七宝,店长推荐 地铁口 电梯高层 南北通透 偏离航道 环境好,710万,4室2厅 | 155.01平米 | 南 北 | 简装 | 高楼层(共12层) | 1995年建 | 板楼,https://image1.ljcdn.com/310000-inspection/pc1_puE2tXdU2_1.jpg.296x216.jpg
20200208,闵行,七宝,经典跃层，一层是客厅、厨房、卫生间，二层是两个房间,309万,2室2厅 | 50.23平米 | 南 | 简装 | 中楼层(共6层) | 1994年建 | 板楼,https://image1.ljcdn.com/310000-inspection/6eea828d-89e1-4a26-859b-77c214069eac.jpg.296x216.jpg
20200208,闵行,七宝,万科次新房，楼层好，园中园结构，看房随时。房主自荐,635万,3室2厅 | 124.04平米 | 南 | 精装 | 中楼层(共4层) | 2000年建 | 板楼,https://image1.ljcdn.com/310000-inspection/prod-866619cb-c2c8-4ab2-9ad7-f40d8cf24bff.jpg.296x216.jpg
20200208,闵行,七宝,使用面积高达200平 买一层住两层 大露台赏体育公园房主自荐,1055万,4室2厅 | 99.82平米 | 南 | 精装 | 高楼层(共8层) | 2008年建 | 板楼,https://image1.ljcdn.com/310000-inspection/prod-b1b5741a-39c3-4807-b451-058aa241782c.jpg.296x216.jpg
20200208,闵行,七宝,总价低 户型正气 出行方便，适合一家三口房主自荐,439万,3室1厅 | 81.67平米 | 南 | 简装 | 高楼层(共6层) | 1991年建 | 板楼,https://image1.ljcdn.com/310000-inspection/b616c1ff-712f-403f-afdc-eaa3f09b0e10_1000.jpg.296x216.jpg
20200208,闵行,七宝,三房朝南 采光好 售后公房 低楼层 好停车房主自荐,765万,3室1厅 | 103.22平米 | 南 | 简装 | 低楼层(共6层) | 1994年建 | 板楼,https://image1.ljcdn.com/310000-inspection/prod-dce2f28b-0372-4a04-b50b-83a7900fe1f7.jpg.296x216.jpg
20200208,闵行,七宝,店长推荐  精装修 正气三房 位置好  诚意出售,720万,3室2厅 | 115.15平米 | 南 | 精装 | 高楼层(共6层) | 1999年建 | 板楼,https://image1.ljcdn.com/310000-inspection/pc1_M8WUdkjZs_1.jpg.296x216.jpg
20200208,闵行,七宝,满五唯一  接受置换  诚意出售  带圆阳台房主自荐,528万,3室2厅 | 99.81平米 | 南 | 简装 | 高楼层(共6层) | 1995年建 | 板楼,https://image1.ljcdn.com/310000-inspection/pc1_ooaCGnSx8_1.jpg.296x216.jpg
20200208,闵行,七宝,东方花园三期 3室1厅 1080万,1080万,3室1厅 | 134.48平米 | 东 | 精装 | 高楼层(共19层) | 2008年建 | 板楼,https://image1.ljcdn.com/310000-inspection/pc1_T17LbUKhF_1.jpg.296x216.jpg
20200208,闵行,七宝,景观楼层视野开阔 买进价高  产权清晰 可比茂盛房主自荐,385万,1室1厅 | 54.52平米 | 南 | 简装 | 高楼层(共6层) | 1996年建 | 板楼,https://image1.ljcdn.com/310000-inspection/prod-593ca4a8-d1b7-4ddf-9c14-d93f0599b8cf.jpg.296x216.jpg
20200208,闵行,七宝,花园洋房 好位置 好楼层 好价格 绿化历历在目,786万,2室2厅 | 99.28平米 | 南 | 简装 | 高楼层(共8层) | 2008年建 | 板楼,https://image1.ljcdn.com/310000-inspection/prod-53acc365-b586-47f5-8d8a-9b5e26c6e22c.jpg.296x216.jpg
20200208,闵行,七宝,景观楼层   两房朝南  随时看房,325万,2室1厅 | 77.4平米 | 南 | 简装 | 高楼层(共6层) | 1994年建 | 板楼,https://image1.ljcdn.com/310000-inspection/prod-e1d03418-e027-4fae-b833-30699f9a6c4b.jpg.296x216.jpg
20200208,闵行,七宝,万科品质小区 正气两房 精装可拎包入住,570万,2室2厅 | 91.86平米 | 南 | 精装 | 高楼层(共6层) | 2006年建 | 板楼,https://image1.ljcdn.com/310000-inspection/prod-ccb85bf9-971e-4ba3-890c-a3e2206f61bd.jpg.296x216.jpg
20200208,闵行,七宝,9号线七宝站次新小区 万兆三期顶楼复式带大露台,535万,3室2厅 | 100平米 | 南 | 简装 | 高楼层(共6层) | 2002年建 | 板楼,https://image1.ljcdn.com/310000-inspection/test-cac58357-3cd4-445f-a0fa-674c3db2cc19.png.296x216.jpg
20200208,闵行,七宝,店长推荐、出门公交、近老街、生活便利、唯一税低,515万,2室1厅 | 71.25平米 | 南 | 精装 | 高楼层(共6层) | 1995年建 | 板楼,https://image1.ljcdn.com/310000-inspection/prod-8bab95dd-0515-4c08-ac06-2de3c8a04b55.jpg.296x216.jpg
20200208,闵行,七宝,全明户型 正规三房 看房方便 次新小区 诚意出售,899万,3室2厅 | 126.13平米 | 南 | 精装 | 中楼层(共12层) | 2008年建 | 板楼,https://image1.ljcdn.com/310000-inspection/prod-824fb747-82db-447b-946e-a8b689bf866c.jpg.296x216.jpg
20200208,闵行,七宝,满五年 精装三房 地铁公交便利 生活配套齐全房主自荐,746万,3室2厅 | 149.18平米 | 南 | 精装 | 低楼层(共14层) | 1996年建 | 塔楼,https://image1.ljcdn.com/310000-inspection/prod-184637fe-5212-4fbe-bab8-19d35612d19b.jpg.296x216.jpg
20200208,闵行,七宝,万科城市花园 2室2厅 380万房主自荐,380万,2室2厅 | 73.48平米 | 南 | 简装 | 高楼层(共7层) | 1994年建 | 板楼,https://image1.ljcdn.com/310000-inspection/prod-108cdfae-dc8a-4c10-81e7-cf7a70a26de8.jpg.296x216.jpg
20200208,闵行,七宝,店长推荐  高品质小区，金地物业，两房朝南,1050万,3室2厅 | 143.24平米 | 南 | 精装 | 低楼层(共11层) | 2005年建 | 板楼,https://image1.ljcdn.com/310000-inspection/prod-83b790d4-72e4-4c19-a1c1-ff7670443ab4.jpg.296x216.jpg
20200208,闵行,七宝,店长大拇指推荐 电梯大两房   满五唯一 自住随时看房房主自荐,400万,2室2厅 | 89.33平米 | 北 | 简装 | 中楼层(共12层) | 1995年建 | 板楼,https://image1.ljcdn.com/310000-inspection/prod-495fe2ef-d3b2-4051-afe2-c45cacf7414c.jpg.296x216.jpg
20200208,闵行,七宝,12号线，大四房，楼层好，位置佳，诚意出售。,645万,4室2厅 | 122.62平米 | 南 | 简装 | 中楼层(共6层) | 1994年建 | 板楼,https://image1.ljcdn.com/310000-inspection/4cb79421-21a7-41a9-8360-2ded5a971bec_1000.jpg.296x216.jpg
20200208,闵行,七宝,万科三期，园中园设计，一楼带的花园，小区中间位置,700万,3室2厅 | 120.49平米 | 南 北 | 精装 | 低楼层(共5层) | 1999年建 | 板楼,https://image1.ljcdn.com/310000-inspection/4a7f989a-6e65-47d6-877d-6231bd17392a_1000.jpg.296x216.jpg
20200208,闵行,七宝,万泰公寓 4室2厅 630万房主自荐,630万,4室2厅 | 134.94平米 | 南 | 简装 | 低楼层(共12层) | 1995年建 | 板楼,https://image1.ljcdn.com/310000-inspection/pc1_ZcPBDM7S5_1.jpg.296x216.jpg
20200208,闵行,七宝,品质房源 低调中尽显奢华 东方花园一期 请您来品鉴,578万,3室2厅 | 109.7平米 | 南 北 | 精装 | 低楼层(共6层) | 1999年建 | 板楼,https://image1.ljcdn.com/310000-inspection/pc1_LvgoSpc8C_1.jpg.296x216.jpg
20200208,闵行,七宝,此房满五带产权车位，全明户型，格局方正房主自荐,798万,2室2厅 | 104平米 | 南 北 | 精装 | 中楼层(共8层) | 2008年建 | 板楼,https://image1.ljcdn.com/310000-inspection/pc1_MqWM61Xei_1.jpg.296x216.jpg
20200208,闵行,七宝,秀枫翠谷，品质小区，正规大一房，近地铁星中路站,360万,1室1厅 | 59.46平米 | 南 | 简装 | 高楼层(共6层) | 1994年建 | 板楼,https://image1.ljcdn.com/310000-inspection/prod-1de5b463-4e90-4c72-a76f-cddd5d166327.jpg.296x216.jpg
20200208,闵行,七宝,标准三居室，好楼层，精装修，业主自住，诚意出售,335万,3室1厅 | 82.67平米 | 南 | 精装 | 中楼层(共6层) | 1994年建 | 板楼,https://image1.ljcdn.com/310000-inspection/pc1_YKMKmthOj_1.jpg.296x216.jpg
20200208,闵行,七宝,金泰公寓，精装大四房，户型正气，背靠文化公园,685万,4室2厅 | 120.91平米 | 南 | 精装 | 高楼层(共6层) | 2000年建 | 板楼,https://image1.ljcdn.com/310000-inspection/pc1_K7vRKXG2M_1.jpg.296x216.jpg
20200208,闵行,七宝,此房通透，采光无遮挡，精装保养好，小区里的位置好,876万,3室2厅 | 133.59平米 | 南 | 精装 | 中楼层(共5层) | 2006年建 | 板楼,https://image1.ljcdn.com/310000-inspection/58bb9d5e-73cf-4f53-b81a-d3d901ded729_1000.jpg.296x216.jpg
20200208,闵行,七宝,店长推荐 高品质小区，金地物业，南北通透,855万,2室2厅 | 117.33平米 | 南 北 | 精装 | 中楼层(共11层) | 2005年建 | 板楼,https://image1.ljcdn.com/310000-inspection/pc1_cFKYPK7wZ_1.jpg.296x216.jpg
20200208,闵行,七宝,店长推荐低总价 环境优 双地铁三房 偏离航道 中间楼层,460万,3室1厅 | 94.48平米 | 南 | 简装 | 中楼层(共7层) | 1995年建 | 板楼,https://image1.ljcdn.com/310000-inspection/pc1_PBWMiMagS_1.jpg.296x216.jpg
20200208,闵行,七宝,品质小区，皇都花园上下两层，少有户型，动静分离。,1350万,3室3厅 | 182.97平米 | 南 | 精装 | 中楼层(共6层) | 2003年建 | 板楼,https://image1.ljcdn.com/310000-inspection/pc1_XvqCPhFq0_1.jpg.296x216.jpg
20200208,闵行,七宝,皇都花园品质小区 人车分流  罕见大平层两房房主自荐,936万,2室2厅 | 121.26平米 | 南 | 精装 | 低楼层(共15层) | 2003年建 | 板楼,https://image1.ljcdn.com/310000-inspection/pc1_AN2BCYS2n_1.jpg.296x216.jpg
20200208,闵行,七宝,七宝标杆小区，明强旁边，户型正气，带车位，看房方便房主自荐,838万,3室2厅 | 129.95平米 | 南 | 精装 | 低楼层(共14层) | 2006年建 | 板楼,https://image1.ljcdn.com/310000-inspection/41e163c3-b8d1-4938-8aeb-f332354d9a36_1000.jpg.296x216.jpg
20200208,闵行,七宝,万兆家园(一期) 3室2厅 570万,570万,3室2厅 | 93.52平米 | 南 北 | 简装 | 中楼层(共6层) | 2002年建 | 板楼,https://image1.ljcdn.com/310000-inspection/pc1_lntfu2gVR_1.jpg.296x216.jpg
20200208,闵行,七宝,三佳双南正规两房，近九号线星中路站，配套设施齐全房主自荐,460万,2室1厅 | 63.37平米 | 南 | 毛坯 | 低楼层(共6层) | 1994年建 | 板楼,https://image1.ljcdn.com/310000-inspection/prod-892fa76f-f996-47db-909c-1d5128d71d91.jpg.296x216.jpg
20200208,闵行,七宝,南北房 全明  户型 带大花园闵行体育公园房主自荐,850万,3室2厅 | 117.01平米 | 南 北 | 毛坯 | 低楼层(共6层) | 2003年建 | 板楼,https://image1.ljcdn.com/310000-inspection/test-f9740480-a0ca-45f2-ab51-1222dc3bb3b5.png.296x216.jpg
20200208,闵行,七宝,九号线地铁口 精装好楼层 邻万科购物广场,340万,2室1厅 | 68.64平米 | 南 | 精装 | 低楼层(共6层) | 1994年建 | 板楼,https://image1.ljcdn.com/310000-inspection/prod-9411b3b2-50af-4a0c-937b-8608f8a536e4.jpg.296x216.jpg
20200208,闵行,七宝,万科四期 全明采光 不临街 视野好 看房方便,685万,3室2厅 | 126.37平米 | 南 | 简装 | 低楼层(共6层) | 2004年建 | 板楼,https://image1.ljcdn.com/310000-inspection/prod-a6bc036b-6ca3-4113-95e3-773de324617b.jpg.296x216.jpg
20200208,闵行,七宝,板楼户型，优质楼层，通风采光无遮挡 ，带车位房主自荐,746万,3室2厅 | 108平米 | 南 | 精装 | 中楼层(共6层) | 2013年建 | 板楼,https://image1.ljcdn.com/310000-inspection/prod-f50870d8-443e-48f4-a406-1715b700c7e0.jpg.296x216.jpg
20200208,闵行,七宝,佳宝稀有户型，中间楼层，厅带阳台，随时可看,278万,1室1厅 | 48.48平米 | 南 | 简装 | 高楼层(共6层) | 1994年建 | 板楼,https://image1.ljcdn.com/310000-inspection/0eca02f8-0704-4138-acb8-0561795acb56_1000.jpg.296x216.jpg
20200208,闵行,七宝,万科尊贵两房，美景一览无遗，等待未来不如享此繁华,365万,2室2厅 | 73.19平米 | 南 | 简装 | 中楼层(共7层) | 1994年建 | 板楼,https://image1.ljcdn.com/310000-inspection/pc1_fKVvAbDS0_1.jpg.296x216.jpg
20200208,闵行,七宝,地铁口大2房 婚房装修，小区近地铁，全明户型，,559万,2室2厅 | 105平米 | 东南 | 精装 | 低楼层(共15层) | 1996年建 | 塔楼,https://image1.ljcdn.com/310000-inspection/prod-9c146c5e-67cd-4bcc-b501-f937cde11741.jpg.296x216.jpg
20200208,闵行,七宝,有露台，9号10号双轨交通，电梯大四房,598万,4室2厅 | 145.84平米 | 南 | 简装 | 低楼层(共12层) | 1995年建 | 板楼,https://image1.ljcdn.com/310000-inspection/prod-7111bf7c-b53d-49e5-b51d-ad2f43e0e71e.jpg.296x216.jpg
20200208,闵行,七宝,小区位置好。带车库。纯别墅小区，停车方便,1088万,4室2厅 | 195.34平米 | 南 | 精装 | 低楼层(共2层) | 2004年建 | 板楼,https://image1.ljcdn.com/310000-inspection/pc1_FWLrPYJPE_1.jpg.296x216.jpg
20200208,闵行,七宝,满五年+楼层好+位置好+双轨交通+诚意出售,240万,2室1厅 | 55.72平米 | 南 | 简装 | 中楼层(共6层) | 1994年建 | 板楼,https://image1.ljcdn.com/310000-inspection/pc1_nvijRxidG_1.jpg.296x216.jpg
20200208,闵行,七宝,中间楼层  满五税费少  房型正气,585万,3室2厅 | 120.84平米 | 南 | 毛坯 | 中楼层(共5层) | 1997年建 | 板楼,https://image1.ljcdn.com/310000-inspection/prod-374a717c-9d24-4663-9aec-ba52e6496cea.jpg.296x216.jpg
20200208,闵行,七宝,双南全明无遮挡，采光视野好，前后楼栋宽阔 唯一,535万,2室1厅 | 74.68平米 | 南 | 简装 | 低楼层(共6层) | 1996年建 | 板楼,https://image1.ljcdn.com/310000-inspection/pc1_gUP7KFB1t_1.jpg.296x216.jpg
20200208,闵行,七宝,公园旁，紧靠910地铁双轨 比邻宝龙万科商城,650万,3室2厅 | 104.9平米 | 南 北 | 精装 | 高楼层(共5层) | 2000年建 | 板楼,https://image1.ljcdn.com/310000-inspection/prod-557024ec-3761-497a-b44f-c9229089b19d.jpg.296x216.jpg
20200208,闵行,七宝,此房满五唯一无个税，距离地铁300米 边套全明户型,530万,3室1厅 | 87.83平米 | 南 | 简装 | 低楼层(共6层) | 1995年建 | 板楼,https://image1.ljcdn.com/310000-inspection/prod-1553c7c8-3722-43c6-b74a-9d0cc493675c.jpg.296x216.jpg
20200208,闵行,七宝,二期，烫金地段，生活上学两不误,750万,3室2厅 | 97平米 | 南 | 精装 | 低楼层(共14层) | 2005年建 | 板楼,https://image1.ljcdn.com/310000-inspection/pc1_9FMQENfT5_1.jpg.296x216.jpg
20200208,闵行,七宝,万科精装修复式房+中yang空调+拎包入住+满五年唯一房主自荐,728万,4室2厅 | 165.67平米 | 南 北 | 精装 | 高楼层(共5层) | 1998年建 | 板楼,https://image1.ljcdn.com/310000-inspection/pc1_UxCqfljAC_1.jpg.296x216.jpg
20200208,闵行,七宝,满五唯一税费少，高区非顶层，保养佳拎包入住房主自荐,655万,3室2厅 | 94.33平米 | 南 | 精装 | 高楼层(共6层) | 2011年建 | 板楼,https://image1.ljcdn.com/310000-inspection/pc1_puX0Zgx5P_1.jpg.296x216.jpg
20200208,闵行,七宝,满五唯一，户型正气，交通便利，小区环境优美!,685万,3室2厅 | 126.47平米 | 南 | 简装 | 中楼层(共5层) | 2004年建 | 板楼,https://image1.ljcdn.com/310000-inspection/5fac79db-f526-4ccd-8cac-d9c782b23ec9_1000.jpg.296x216.jpg
20200208,闵行,七宝,南北三房 地暖车位空调新风 精装临河 满五唯一,780万,3室2厅 | 115平米 | 南 北 | 精装 | 中楼层(共11层) | 2013年建 | 板楼,https://image1.ljcdn.com/310000-inspection/769959d2-3802-472b-bee7-c697fd0aecce_1000.jpg.296x216.jpg
20200208,闵行,七宝,近虹桥，巴黎春天，舒适生活 诚意出售 看房方便,330万,3室2厅 | 87.37平米 | 南 | 简装 | 高楼层(共6层) | 1998年建 | 板楼,https://image1.ljcdn.com/310000-inspection/a47c7910-90bc-430b-ac08-b82ac483fb45_1000.jpg.296x216.jpg
20200208,闵行,七宝,接受置换，地铁便利， 拎包入住，业主诚售,420万,2室2厅 | 81.45平米 | 南 | 精装 | 中楼层(共6层) | 1998年建 | 板楼,https://image1.ljcdn.com/310000-inspection/pc1_Fdyk8bx7S_1.jpg.296x216.jpg
20200208,闵行,七宝,富丽公寓精装三房，一楼带花园，配套齐全，交通方便,578万,3室2厅 | 108平米 | 南 | 精装 | 低楼层(共6层) | 1994年建 | 板楼,https://image1.ljcdn.com/310000-inspection/pc1_P8bLltV2t_1.jpg.296x216.jpg
20200208,闵行,七宝,满五年，中间楼层，采光充足，税费少，房东诚意出售。房主自荐,525万,3室2厅 | 95.41平米 | 南 | 精装 | 中楼层(共7层) | 1994年建 | 板楼,https://image1.ljcdn.com/310000-inspection/pc1_yC6ljaYI5_1.jpg.296x216.jpg
20200208,闵行,七宝,店长推荐：9/10号线，精装修，南北通透三房，业主诚售,538万,3室2厅 | 105.95平米 | 南 北 | 精装 | 低楼层(共6层) | 1995年建 | 板楼,https://image1.ljcdn.com/310000-inspection/pc1_N2xGGzNRu_1.jpg.296x216.jpg
20200208,闵行,七宝,地铁口低总价大三房，南北直通，次新品质小区,566万,3室2厅 | 100.54平米 | 南 | 毛坯 | 中楼层(共6层) | 2004年建 | 板楼,https://image1.ljcdn.com/310000-inspection/prod-6ed67bf7-9dd6-4c6d-8384-2299baa7ed6c.jpg.296x216.jpg
20200208,闵行,七宝,房子景观楼层，水景房，业主婚房装修，急售,905万,3室2厅 | 143.53平米 | 南 | 精装 | 低楼层(共16层) | 2008年建 | 塔楼,https://image1.ljcdn.com/310000-inspection/pc1_yzyUdq2yn_1.jpg.296x216.jpg
20200208,闵行,七宝,2008年新校区  满五年   精装带地,912万,3室2厅 | 130.5平米 | 南 | 精装 | 低楼层(共13层) | 2008年建 | 板楼,https://image1.ljcdn.com/310000-inspection/test-a0f914af-df13-4bd2-985d-6c1737c97944.png.296x216.jpg
20200208,闵行,七宝,店长主推 三佳花苑 全明户型2房 满五唯一 中间楼层,450万,2室1厅 | 61.07平米 | 南 | 简装 | 中楼层(共6层) | 1994年建 | 板楼,https://image1.ljcdn.com/310000-inspection/prod-9f47290e-b5d6-473f-8aae-32f9ba1a3e2f.jpg.296x216.jpg
20200208,闵行,七宝,万科二期珍藏四房，南北流通，花园社区，二胎置业房主自荐,649万,4室2厅 | 144.8平米 | 南 北 | 简装 | 中楼层(共5层) | 1997年建 | 板楼,https://image1.ljcdn.com/310000-inspection/prod-53444f8d-b108-48ac-b7ee-13d3874b3117.jpg.296x216.jpg
20200208,闵行,七宝,地铁口电梯房 一梯一户 三房南 税费少 明强 高品质,865万,3室2厅 | 134.5平米 | 南 | 精装 | 低楼层(共12层) | 2005年建 | 板楼,https://image1.ljcdn.com/310000-inspection/509b1cd7-c872-47a7-b314-70b4f5446af3_1000.jpg.296x216.jpg
20200208,闵行,七宝,近地铁，采光好，楼层适中，loft户型，环境好房主自荐,290万,2室2厅 | 50.23平米 | 南 | 精装 | 中楼层(共6层) | 1994年建 | 板楼,https://image1.ljcdn.com/310000-inspection/pc1_aCMRPI6oS_1.jpg.296x216.jpg
20200208,闵行,七宝,佳宝新上两房，金质2楼，无增值税，带50平大露台房主自荐,340万,2室1厅 | 62.73平米 | 南 | 精装 | 低楼层(共7层) | 1994年建 | 板楼,https://image1.ljcdn.com/310000-inspection/1363fec2-0757-404a-909d-f2fcf3001661_1000.jpg.296x216.jpg
20200208,闵行,七宝,户型南北通，房型正气。中间楼层，采光充分。,830万,2室2厅 | 116.93平米 | 南 | 精装 | 高楼层(共11层) | 2005年建 | 板楼,https://image1.ljcdn.com/310000-inspection/pc1_5dR9c13qn_1.jpg.296x216.jpg
20200208,闵行,七宝,店长推荐，水清少有4房，采光无遮挡，诚意出售房主自荐,499万,4室1厅 | 93.29平米 | 南 | 精装 | 中楼层(共10层) | 2011年建 | 板楼,https://image1.ljcdn.com/310000-inspection/pc1_yt9dVBbe4_1.jpg.296x216.jpg
20200208,闵行,七宝,惠明苑毛坯复式四房，视野辽阔，居住体验感好,715万,4室2厅 | 152.64平米 | 南 | 毛坯 | 高楼层(共13层) | 2008年建 | 板楼,https://image1.ljcdn.com/310000-inspection/pc1_ol7VRqtPd_1.jpg.296x216.jpg
20200208,闵行,七宝,华宝花园 2室2厅 530万,530万,2室2厅 | 99.93平米 | 南 北 | 简装 | 高楼层(共6层) | 1995年建 | 板楼,https://image1.ljcdn.com/310000-inspection/72340bc2-bf73-4bd4-8172-1bdeb82da956_1000.jpg.296x216.jpg
20200208,闵行,七宝,近地铁总价低，全明户型方正，远离飞机航道,430万,2室2厅 | 87.5平米 | 南 | 毛坯 | 低楼层(共6层) | 1995年建 | 板楼,https://image1.ljcdn.com/310000-inspection/pc1_gvgCLOTDP_1.jpg.296x216.jpg
20200208,闵行,七宝,距离明强总校区，一梯两户，南北通户型，近地铁总价低,409万,2室1厅 | 67平米 | 南 | 简装 | 高楼层(共6层) | 1996年建 | 板楼,https://image1.ljcdn.com/310000-inspection/prod-9b86283d-231e-4c2e-ae2f-467e5056e5ec.jpg.296x216.jpg
20200208,闵行,七宝,两南一北+满五唯一+体育文化两公园+9/10/12号线房主自荐,820万,3室1厅 | 107.6平米 | 南 | 简装 | 高楼层(共6层) | 1999年建 | 板楼,https://image1.ljcdn.com/310000-inspection/prod-d3d1a978-5d4d-4c80-9825-0228c06fc813.jpg.296x216.jpg
20200208,闵行,七宝,广海花园两房，位置佳采光好满五年少税，诚售接受置换,355万,2室1厅 | 60.95平米 | 南 | 简装 | 低楼层(共6层) | 1994年建 | 板楼,https://image1.ljcdn.com/310000-inspection/pc1_B6HeLN63G_1.jpg.296x216.jpg
20200208,闵行,七宝,黎明花园，满五唯一，交通便利，配套成熟，房改售房房主自荐,298万,2室1厅 | 64.36平米 | 南 | 精装 | 中楼层(共6层) | 1996年建 | 板楼,https://image1.ljcdn.com/310000-inspection/prod-7082ff3a-2e23-4770-b7b1-04f1c4bbf514.jpg.296x216.jpg
20200208,闵行,七宝,9号线地铁口，附带露台复式房，七宝商圈地段，原始3房房主自荐,528万,3室2厅 | 100.47平米 | 南 | 简装 | 高楼层(共6层) | 2004年建 | 板楼,https://image1.ljcdn.com/310000-inspection/prod-24684f40-f22e-4adc-98c5-08e63aaf5c05.png.296x216.jpg
20200208,闵行,七宝,地铁口。双南两房，景观楼层，采光无遮挡，拎包入住,355万,2室1厅 | 65.29平米 | 南 北 | 简装 | 高楼层(共6层) | 1994年建 | 板楼,https://image1.ljcdn.com/310000-inspection/578dc27f-31f4-4041-bc93-70562431678d_1000.jpg.296x216.jpg
20200208,闵行,七宝,店长推荐双南两房低楼层全明/小区花园位置纯天然氧吧,450万,2室2厅 | 86.48平米 | 南 北 | 简装 | 低楼层(共7层) | 1995年建 | 板楼,https://image1.ljcdn.com/310000-inspection/cac2f6c2-214b-4415-b565-d86cfd4196a9_1000.jpg.296x216.jpg
20200208,闵行,七宝,全明户型，带天井，买进价高,税费低,395万,1室1厅 | 54.21平米 | 南 北 | 简装 | 低楼层(共6层) | 1997年建 | 板楼,https://image1.ljcdn.com/310000-inspection/pc1_XtkPH5xbd_1.jpg.296x216.jpg
20200208,闵行,七宝,地铁双南两房，满五唯一，中间楼层，采光足,360万,2室1厅 | 65.29平米 | 南 | 简装 | 中楼层(共6层) | 1994年建 | 板楼,https://image1.ljcdn.com/310000-inspection/pc1_9vvrkFhxe_1.jpg.296x216.jpg
20200208,闵行,七宝,店长推荐 闹中取静 双地铁 偏离航道 户型方正 双卫,460万,2室2厅 | 87.5平米 | 南 北 | 精装 | 低楼层(共6层) | 1995年建 | 板楼,https://image1.ljcdn.com/310000-inspection/pc1_6RGafkV1F_1.jpg.296x216.jpg
20200208,闵行,七宝,黎明花园，新出两房，业主自住，楼层好,330万,2室1厅 | 68.46平米 | 南 | 精装 | 中楼层(共6层) | 1996年建 | 板楼,https://image1.ljcdn.com/310000-inspection/pc1_e6x31yteh_1.jpg.296x216.jpg
20200208,闵行,七宝,满5年唯一，南北通透两房。房子楼间距大，采光充足,558万,2室2厅 | 89.06平米 | 南 北 | 简装 | 低楼层(共6层) | 2004年建 | 板楼,https://image1.ljcdn.com/310000-inspection/pc1_iD52DHFFf_1.jpg.296x216.jpg
20200208,闵行,七宝,万科物业，房型正视野好，精装修，一楼带大天井,380万,1室1厅 | 39.06平米 | 南 | 精装 | 低楼层(共5层) | 1995年建 | 板楼,https://image1.ljcdn.com/310000-inspection/ccab1a04-2ab4-431a-8086-5e9cd6dc0280_1000.jpg.296x216.jpg
20200208,闵行,七宝,3楼 **未用 看房随时 诚意出售 价格可谈房主自荐,405万,1室1厅 | 45.1平米 | 南 | 精装 | 中楼层(共6层) | 1994年建 | 板楼,https://image1.ljcdn.com/310000-inspection/7e583301-da7b-4b1c-b97d-ebbd32f901f4_1000.jpg.296x216.jpg
20200208,闵行,七宝,万科电梯3房 满五唯一 看房方便 精装修 拎包入住房主自荐,491万,3室2厅 | 89.33平米 | 东 | 精装 | 高楼层(共12层) | 1995年建 | 板楼,https://image1.ljcdn.com/310000-inspection/a3c017aa-c90f-4c3e-83a9-ea272a94dece_1000.jpg.296x216.jpg
20200208,闵行,七宝,近地铁 对口明强，户型正气 南北透 诚意出售,379万,1室1厅 | 48.57平米 | 南 | 简装 | 高楼层(共6层) | 1994年建 | 板楼,https://image1.ljcdn.com/310000-inspection/133d25be-e426-4bd1-96e7-aa9b1f2c97db_1000.jpg.296x216.jpg
20200208,闵行,七宝,惠明苑满五唯一简装大两房，位置居中，楼层适中,500万,2室2厅 | 111.04平米 | 南 | 简装 | 中楼层(共11层) | 2008年建 | 板楼,https://image1.ljcdn.com/310000-inspection/50115e86-eb9c-4121-b884-0739ebe1a5b5_1000.jpg.296x216.jpg
20200208,闵行,七宝,中间楼层两房朝南，居家舒适，小区中间位置,425万,2室1厅 | 54.07平米 | 南 | 简装 | 中楼层(共6层) | 1994年建 | 板楼,https://image1.ljcdn.com/310000-inspection/pc1_2TP8kHCnd_1.jpg.296x216.jpg
20200208,闵行,七宝,业主诚售，黎明花园精装南北两房，中间楼层房主自荐,330万,2室1厅 | 74.19平米 | 南 北 | 精装 | 高楼层(共6层) | 1997年建 | 板楼,https://image1.ljcdn.com/310000-inspection/aa47cf2d-a330-4b7e-bc62-729786adfbba_1000.jpg.296x216.jpg
20200208,闵行,七宝,机会只有一次，房子只有一套，不看此房，后悔莫及。房主自荐,365万,2室1厅 | 73.52平米 | 南 | 精装 | 高楼层(共6层) | 1996年建 | 板楼,https://image1.ljcdn.com/310000-inspection/pc1_vZqQabn9g_1.jpg.296x216.jpg
20200208,闵行,七宝,茂盛花园双南两房，满五唯一，中间楼层，诚意出售,595万,2室1厅 | 77.26平米 | 南 | 精装 | 中楼层(共6层) | 1999年建 | 板楼,https://image1.ljcdn.com/310000-inspection/pc1_LZKW5Hzmh_1.jpg.296x216.jpg
20200208,闵行,七宝,近地铁，全明户型，满五唯一，远离飞机航道,467万,2室2厅 | 87.25平米 | 南 | 精装 | 低楼层(共6层) | 1995年建 | 板楼,https://image1.ljcdn.com/310000-inspection/pc1_ff3JJ67YE_1.jpg.296x216.jpg
20200208,闵行,七宝,明强必看好房，正规双南户型，中间楼层，满五唯一,525万,2室1厅 | 77.36平米 | 南 | 简装 | 中楼层(共6层) | 1996年建 | 板楼,https://image1.ljcdn.com/310000-inspection/3af45303-f064-4e11-83c0-46064b089dcf_1000.jpg.296x216.jpg
20200208,闵行,七宝,电梯3房，景观楼层，视野好，闵行体育公园,998万,3室2厅 | 133.07平米 | 南 | 精装 | 中楼层(共14层) | 2005年建 | 板楼,https://image1.ljcdn.com/310000-inspection/4238bab3-d6d3-43bc-9f97-486f0ab45792_1000.jpg.296x216.jpg
20200208,闵行,七宝,店长推荐，精装两房 户型正气 满五唯一 看房随时房主自荐,347万,2室1厅 | 58.29平米 | 南 | 精装 | 高楼层(共6层) | 1994年建 | 板楼,https://image1.ljcdn.com/310000-inspection/prod-70dfbf13-7623-4fc6-b65b-7ee286393611.png.296x216.jpg
20200208,闵行,七宝,中间楼层，满五唯一 税费少，采光好，适合一家人居住房主自荐,655万,3室2厅 | 95平米 | 南 北 | 精装 | 中楼层(共5层) | 2011年建 | 板楼,https://image1.ljcdn.com/310000-inspection/pc1_sE99FauNk_1.jpg.296x216.jpg
20200208,闵行,七宝,三轨交通+小区出口+业主诚意出售,260万,2室1厅 | 54.48平米 | 南 北 | 精装 | 低楼层(共6层) | 1994年建 | 板楼,https://image1.ljcdn.com/310000-inspection/prod-667bca7c-f437-4d8b-b2dc-65db69bf6bc5.jpg.296x216.jpg
20200208,闵行,七宝,惠明苑，二年精装修，保养好，拎包入住，看房随时房主自荐,610万,3室2厅 | 143.71平米 | 南 | 精装 | 低楼层(共12层) | 2008年建 | 板楼,https://image1.ljcdn.com/310000-inspection/prod-1bcd85b4-8e6b-4431-85c3-5b3747acbdb2.jpg.296x216.jpg
20200208,闵行,七宝,一梯两户 得房率高 一房朝南一房朝北 南北通透房主自荐,465万,2室2厅 | 88.46平米 | 南 北 | 精装 | 高楼层(共6层) | 1996年建 | 板楼,https://image1.ljcdn.com/310000-inspection/prod-412f6590-f22d-48cb-b0ac-a276dc5bb150.jpg.296x216.jpg
20200208,闵行,七宝,房子南北通，户型全明，位置好，中间楼层，自住装修房主自荐,705万,2室2厅 | 93.16平米 | 南 | 精装 | 中楼层(共6层) | 2003年建 | 板楼,https://image1.ljcdn.com/310000-inspection/pc1_qBHAECjYa_1.jpg.296x216.jpg
20200208,闵行,七宝,万科新挂牌两房    精装修景观楼层，,385万,2室2厅 | 73.73平米 | 东 西 | 精装 | 高楼层(共7层) | 1994年建 | 板楼,https://image1.ljcdn.com/310000-inspection/pc1_1OpmDaoiR_1.jpg.296x216.jpg
20200208,闵行,七宝,皇都花园平层  精装修    满五,1320万,3室2厅 | 180.6平米 | 东南 | 精装 | 中楼层(共15层) | 2003年建 | 板楼,https://image1.ljcdn.com/310000-inspection/test-58d1221e-e825-4b25-85e1-2572575f977d.png.296x216.jpg
20200208,闵行,七宝,双轨交通，满五唯一税少，精装全明户型。房主自荐,546万,3室2厅 | 108.35平米 | 南 | 精装 | 低楼层(共7层) | 1995年建 | 板楼,https://image1.ljcdn.com/310000-inspection/prod-5af2954a-b868-4727-bc34-5f7e4c289c2e.jpg.296x216.jpg
20200208,闵行,七宝,新出房源、采光通风好。看房方便、满五税低、房主自荐,435万,2室1厅 | 67.17平米 | 南 | 简装 | 高楼层(共6层) | 1994年建 | 板楼,https://image1.ljcdn.com/310000-inspection/prod-f4fbab0c-9acb-42fc-931d-1389852ffe8b.jpg.296x216.jpg
20200208,闵行,七宝,满五唯一 业主诚售 带露台 精装修 采光好 近地铁,570万,2室2厅 | 98.67平米 | 南 | 精装 | 高楼层(共6层) | 2004年建 | 板楼,https://image1.ljcdn.com/310000-inspection/prod-28f24bd9-74b6-4993-bc8f-44f13b407f15.jpg.296x216.jpg
20200208,闵行,七宝,新出房源，店长推荐，房子满五年唯一，价格实惠。,1278万,4室2厅 | 181.28平米 | 南 北 | 精装 | 高楼层(共14层) | 2010年建 | 板楼,https://image1.ljcdn.com/310000-inspection/pc1_3mpOWHgbM_1.jpg.296x216.jpg
20200208,闵行,七宝,秀枫翠谷在卖低楼层大四房，第二排不吵闹边套采光好,648万,4室2厅 | 131.11平米 | 南 | 毛坯 | 中楼层(共6层) | 1994年建 | 板楼,https://image1.ljcdn.com/310000-inspection/1eae056f-12e7-442d-95bf-91f9df31c993_1000.jpg.296x216.jpg
20200208,闵行,七宝,电梯高层 户型正气动静分离 精装带地暖,880万,3室2厅 | 129.73平米 | 南 北 | 精装 | 高楼层(共11层) | 2010年建 | 板楼,https://image1.ljcdn.com/310000-inspection/100d401f-7b1c-4b5f-98c2-6cd9abac36e8_1000.jpg.296x216.jpg
20200208,闵行,七宝,万科新上大复式 正气大四房 业主诚售 房子税费低,550万,4室2厅 | 118.02平米 | 南 | 简装 | 高楼层(共7层) | 1994年建 | 板楼,https://image1.ljcdn.com/310000-inspection/10e07046-a83b-45d4-8c47-081747252db5_1000.jpg.296x216.jpg
20200208,闵行,七宝,万科三期，带80平花园，园中园设计，看房随时,760万,4室2厅 | 139.43平米 | 南 | 简装 | 低楼层(共4层) | 1999年建 | 板楼,https://image1.ljcdn.com/310000-inspection/pc1_rg7IRZmrP_1.jpg.296x216.jpg
20200208,闵行,七宝,店长强烈推荐，小区中间楼层中间位置，近明强房主自荐,745万,2室2厅 | 93.32平米 | 南 | 精装 | 中楼层(共6层) | 2003年建 | 板楼,https://image1.ljcdn.com/310000-inspection/prod-2fc94690-72fa-4bc0-9f1b-089a14d8c0eb.jpg.296x216.jpg
20200208,闵行,七宝,海星公寓 2室1厅 395万房主自荐,395万,2室1厅 | 86.11平米 | 南 | 精装 | 高楼层(共6层) | 1995年建 | 板楼,https://image1.ljcdn.com/310000-inspection/prod-0ab802e7-b66a-4f6a-804f-f92eb2e0b018.jpg.296x216.jpg
20200208,闵行,七宝,惠明苑，满五唯一，一楼带地下室，采光没影响房主自荐,485万,2室1厅 | 116.02平米 | 南 | 精装 | 低楼层(共10层) | 2008年建 | 板楼,https://image1.ljcdn.com/310000-inspection/test-34647a64-6bdf-4d0c-a385-bb5e91dd9076.png.296x216.jpg
20200208,闵行,七宝,近9号线七宝站  低总价一房 住宅非商铺 税少诚意出售房主自荐,197万,1室1厅 | 34.16平米 | 南 | 毛坯 | 高楼层(共6层) | 1996年建 | 板楼,https://image1.ljcdn.com/310000-inspection/d8602593-e2ac-45d1-a1fb-3d57ea50b8ac_1000.jpg.296x216.jpg
20200208,闵行,七宝,店长推荐：急售 地铁口边 南北通透 远离飞机航道,439万,2室2厅 | 91.59平米 | 南 北 | 简装 | 高楼层(共6层) | 2000年建 | 板楼,https://image1.ljcdn.com/310000-inspection/prod-815a6304-6094-4378-84e7-1bcef28fdd23.jpg.296x216.jpg
20200208,闵行,七宝,顶楼大复式  景观七宝老街  一年出一套 采光通风佳,1329万,5室4厅 | 265.96平米 | 南 | 简装 | 高楼层(共14层) | 1996年建 | 塔楼,https://image1.ljcdn.com/310000-inspection/test-d46932bd-47b8-4bb3-9add-f3761ad403b7.png.296x216.jpg
20200208,闵行,七宝,皇都花园01室 豪崋装修 大肆房 南北房型 看房子方便,1250万,3室2厅 | 186.93平米 | 南 | 精装 | 低楼层(共16层) | 2008年建 | 塔楼,https://image1.ljcdn.com/310000-inspection/prod-13917227-182f-4f0b-a54c-d42d50b48906.jpg.296x216.jpg
20200208,闵行,七宝,万科物业+1层带花园+精装3+1房，满五年唯一,1150万,4室2厅 | 152.72平米 | 南 | 精装 | 低楼层(共5层) | 2006年建 | 板楼,https://image1.ljcdn.com/310000-inspection/prod-3eed9f6e-55ad-4ac0-91d3-b15a0cbbd0a0.jpg.296x216.jpg
20200208,闵行,七宝,皇都花园01室 豪崋装修 四个房间 南北房型 看房子方便,1350万,4室2厅 | 162.31平米 | 南 | 精装 | 高楼层(共20层) | 2010年建 | 塔楼,https://image1.ljcdn.com/310000-inspection/prod-bc7e54f7-ffef-40e7-b063-cd479e7d4bf1.jpg.296x216.jpg
20200208,闵行,七宝,12号线七莘路站精品小区，四开间朝南精品三房南北通透房主自荐,915万,3室2厅 | 134.46平米 | 南 北 | 精装 | 低楼层(共13层) | 2005年建 | 板楼,https://image1.ljcdn.com/310000-inspection/pc1_EDXGkI4bl_1.jpg.296x216.jpg
20200208,闵行,七宝,七宝标杆社区 人车分流 12号线700米环境优美 近七外,1290万,3室2厅 | 173.73平米 | 南 | 简装 | 低楼层(共6层) | 2003年建 | 板楼,https://image1.ljcdn.com/310000-inspection/pc1_hT3X9tLBV_1.jpg.296x216.jpg
20200208,闵行,七宝,精装电梯3房，拎包入住，满五唯一，近闵行体育公园,970万,3室2厅 | 133.24平米 | 南 | 精装 | 低楼层(共14层) | 2005年建 | 板楼,https://image1.ljcdn.com/310000-inspection/pc1_7gvKpjZYt_1.jpg.296x216.jpg
20200208,闵行,七宝,小区唯一二改三户型，小区中间位置，出门即河景,698万,3室1厅 | 93.64平米 | 南 北 | 精装 | 低楼层(共9层) | 2008年建 | 板楼,https://image1.ljcdn.com/310000-inspection/pc1_rHEhVW1I4_1.jpg.296x216.jpg
20200208,闵行,七宝,接受置换，全明税少，地铁便利， 拎包入住，业主诚售房主自荐,365万,2室1厅 | 74.74平米 | 南 | 精装 | 高楼层(共6层) | 1994年建 | 板楼,https://image1.ljcdn.com/310000-inspection/prod-b7e7979c-9222-4cac-9cea-7c6924cab3c3.jpg.296x216.jpg
20200208,闵行,七宝,南北小两房+中等楼层+业主诚意出售,265万,2室1厅 | 54.38平米 | 南 北 | 简装 | 中楼层(共6层) | 1995年建 | 板楼,https://image1.ljcdn.com/310000-inspection/prod-dcfedcfd-5b9a-4d94-a427-199485bb1b9a.jpg.296x216.jpg
20200208,闵行,七宝,只委托链家，位置好，偏离主航道，采光好，业主诚售。,550万,2室2厅 | 91.72平米 | 南 | 精装 | 高楼层(共6层) | 2006年建 | 板楼,https://image1.ljcdn.com/310000-inspection/pc1_YUa2nPwV1_1.jpg.296x216.jpg
20200208,闵行,七宝,9号线七宝/品质佳宝大两房/南北通采光通风足房主自荐,399万,2室2厅 | 81.03平米 | 南 | 精装 | 高楼层(共7层) | 1994年建 | 板楼,https://image1.ljcdn.com/310000-inspection/pc1_bLpBRPQoi_1.jpg.296x216.jpg
20200208,闵行,七宝,售后公房 满五唯一  少税 户型正气 景观体育公园房主自荐,385万,1室1厅 | 53.21平米 | 南 | 简装 | 高楼层(共6层) | 1996年建 | 板楼,https://image1.ljcdn.com/310000-inspection/pc1_x2kKy8pVT_1.jpg.296x216.jpg
20200208,闵行,七宝,七宝炙热地段 9号10号地铁 满五年唯一,325万,2室1厅 | 64.81平米 | 南 | 简装 | 高楼层(共6层) | 1994年建 | 板楼,https://image1.ljcdn.com/310000-inspection/pc1_8kLn20XsD_1.jpg.296x216.jpg
20200208,闵行,七宝,售后公房税少，明强，总价低两房，看房有钥匙,420万,2室1厅 | 61.24平米 | 南 | 简装 | 高楼层(共6层) | 1995年建 | 板楼,https://image1.ljcdn.com/310000-inspection/pc1_sB2Xu3bEG_1.jpg.296x216.jpg
20200208,闵行,七宝,此房南北，采光视野无遮挡，精装保养好,590万,2室2厅 | 91.86平米 | 南 | 精装 | 高楼层(共6层) | 2006年建 | 板楼,https://image1.ljcdn.com/310000-inspection/pc1_Ls5MWImRF_1.jpg.296x216.jpg
20200208,闵行,七宝,满五年，动迁房没有增值税，看房随时方便,330万,2室2厅 | 77.4平米 | 南 | 简装 | 高楼层(共6层) | 1994年建 | 板楼,https://image1.ljcdn.com/310000-inspection/pc1_Dh5ETfEb6_1.jpg.296x216.jpg
20200208,闵行,七宝,满五唯一+铂金楼层+精装修+业主诚售+看房随时。,435万,2室2厅 | 82.28平米 | 东南 | 精装 | 中楼层(共7层) | 1994年建 | 板楼,https://image1.ljcdn.com/310000-inspection/pc1_vPbDlJGHF_1.jpg.296x216.jpg
20200208,闵行,七宝,莲蒲这套户型您见过吗？精装不到两年 近闵行体育公园,568万,2室2厅 | 77.99平米 | 南 | 精装 | 低楼层(共11层) | 2005年建 | 板楼,https://image1.ljcdn.com/310000-inspection/pc1_yGF26ZuGo_1.jpg.296x216.jpg
20200208,闵行,七宝,户型正气，楼层佳，客厅敞亮，视野好,560万,2室2厅 | 80.83平米 | 南 | 简装 | 中楼层(共6层) | 1997年建 | 板楼,https://image1.ljcdn.com/310000-inspection/pc1_i8O5q4HIH_1.jpg.296x216.jpg
20200208,闵行,七宝,七宝炙热地段，满五年唯一 近9号10号地铁,400万,2室1厅 | 79.76平米 | 南 | 简装 | 高楼层(共6层) | 1995年建 | 板楼,https://image1.ljcdn.com/310000-inspection/pc1_3BMrqIpcO_1.jpg.296x216.jpg
20200208,闵行,七宝,此房通透，采光视野无遮挡，精装修，在小区位置佳,555万,2室2厅 | 91.86平米 | 南 北 | 精装 | 高楼层(共6层) | 2006年建 | 板楼,https://image1.ljcdn.com/310000-inspection/pc1_7XncYsFff_1.jpg.296x216.jpg
20200208,闵行,七宝,茂盛三期，景观楼层，两房朝南，精装修，随时签约,720万,2室2厅 | 93.72平米 | 南 北 | 精装 | 高楼层(共6层) | 2003年建 | 板楼,https://image1.ljcdn.com/310000-inspection/15bbaa10-627d-4e4b-ab69-a7bfd92a7f1f_1000.jpg.296x216.jpg
20200208,闵行,七宝,此房是售后公房，税费低，房型方正，次顶楼采光好房主自荐,325万,2室1厅 | 77.4平米 | 南 | 简装 | 高楼层(共6层) | 1994年建 | 板楼,https://image1.ljcdn.com/310000-inspection/144106b0-0bb3-4ea3-a97d-fa833d19e5d6_1000.jpg.296x216.jpg
20200208,闵行,七宝,满五，中间楼层，xq未用，户型方正，诚意出售,380万,1室1厅 | 52.85平米 | 南 | 简装 | 中楼层(共6层) | 1996年建 | 板楼,https://image1.ljcdn.com/310000-inspection/74910fda-12b5-47f6-840a-a5d8e7e6860a_1000.jpg.296x216.jpg
20200208,闵行,七宝,七宝烫金地段二期 仅一套大四房在售，房型正气，景观,1700万,4室2厅 | 218平米 | 南 | 精装 | 中楼层(共20层) | 2010年建 | 塔楼,https://image1.ljcdn.com/310000-inspection/prod-b663812d-37b7-4c80-95a6-bb7f17c89d30.jpg.296x216.jpg
20200208,闵行,七宝,皇都花园01室 豪崋装修  南北房型 看房子有钥匙,1310万,3室2厅 | 186平米 | 东南 | 简装 | 中楼层(共14层) | 2010年建 | 板楼,https://image1.ljcdn.com/310000-inspection/db8348bd-8c93-4279-bde7-ea0384e0aa0f_1000.jpg.296x216.jpg
20200208,闵行,七宝,卧室两南一北，户型正气。高楼层，采光视野,890万,3室2厅 | 131.81平米 | 南 | 精装 | 中楼层(共12层) | 2003年建 | 板楼,https://image1.ljcdn.com/310000-inspection/pc1_JWBlayQUs_1.jpg.296x216.jpg
20200208,闵行,七宝,万兆家园二期稀有两房在售，楼层好，户型正气,542万,2室2厅 | 85.83平米 | 南 | 精装 | 中楼层(共5层) | 2002年建 | 板楼,https://image1.ljcdn.com/310000-inspection/3ebf734b-6862-45d4-bd29-5dc9a7fc23b0_1000.jpg.296x216.jpg
20200208,闵行,七宝,东方花园一期，正气3房，南北直通，产权清晰，诚售,565万,3室2厅 | 109平米 | 南 | 精装 | 高楼层(共6层) | 1999年建 | 板楼,https://image1.ljcdn.com/310000-inspection/pc1_Z9PlW9aEM_1.jpg.296x216.jpg
20200208,闵行,七宝,金泰公寓大四房，三阳台，采光好，靠地铁临公园,718万,4室2厅 | 120.91平米 | 南 | 精装 | 高楼层(共6层) | 2000年建 | 板楼,https://image1.ljcdn.com/310000-inspection/pc1_VskgNKFBp_1.jpg.296x216.jpg
20200208,闵行,七宝,小区经典三房朝南户型，精装修全明户型，诚意出售！,620万,3室2厅 | 128.08平米 | 南 | 简装 | 高楼层(共6层) | 1998年建 | 板楼,https://image1.ljcdn.com/310000-inspection/pc1_kLl9doBOI_1.jpg.296x216.jpg
20200208,闵行,七宝,楼层高位置好，户型正气中 央空调带地暖，你值得拥有,980万,2室2厅 | 144.7平米 | 南 | 精装 | 中楼层(共14层) | 2010年建 | 板楼,https://image1.ljcdn.com/310000-inspection/11d59d3e-4e64-429b-8307-84e094dfb0e5_1000.jpg.296x216.jpg
20200208,闵行,七宝,东方花园一期  小区整齐三房 诚意出售 看房方便,530万,3室2厅 | 92.06平米 | 南 | 精装 | 高楼层(共6层) | 1999年建 | 板楼,https://image1.ljcdn.com/310000-inspection/pc1_QursWCoaH_1.jpg.296x216.jpg
20200208,闵行,七宝,此房满五唯一，景观楼层，采光好，带同面积大阁楼。房主自荐,600万,6室2厅 | 107.65平米 | 南 | 精装 | 高楼层(共6层) | 1994年建 | 板楼,https://image1.ljcdn.com/310000-inspection/2974591c-1813-4212-bc54-2757ed71aba4_1000.jpg.296x216.jpg
20200208,闵行,七宝,此房楼层好，采光充足，陪套设施齐全，交通便利，,650万,3室2厅 | 125.39平米 | 南 北 | 简装 | 低楼层(共11层) | 2007年建 | 板楼,https://image1.ljcdn.com/310000-inspection/pc1_amrvzEY3I_1.jpg.296x216.jpg
20200208,闵行,七宝,碧林湾南苑（260弄）精装两房，光线明亮，视野开阔,600万,2室2厅 | 96.38平米 | 南 | 精装 | 中楼层(共14层) | 2004年建 | 塔楼,https://image1.ljcdn.com/310000-inspection/pc1_XrBqYnzI3_1.jpg.296x216.jpg
20200208,闵行,七宝,新小区  满五年唯一，一梯一户三房朝南，近地铁12号线房主自荐,895万,3室2厅 | 134.5平米 | 南 | 精装 | 低楼层(共13层) | 2005年建 | 板楼,https://image1.ljcdn.com/310000-inspection/f0d63cc1-7a1d-4e51-8242-b87b75c4ccfd_1000.jpg.296x216.jpg
20200208,闵行,七宝,小区3房价格最合理的一套三房，还带一个车位。,780万,3室2厅 | 132.32平米 | 南 | 精装 | 中楼层(共8层) | 2006年建 | 板楼,https://image1.ljcdn.com/310000-inspection/7caa8745-4f4f-4f02-a62c-b9e1ba374d17_1000.jpg.296x216.jpg
20200208,闵行,七宝,店长推荐：9/10号线 地铁口 南北通三房，税费少,548万,3室2厅 | 107.02平米 | 南 北 | 简装 | 中楼层(共5层) | 1995年建 | 板楼,https://image1.ljcdn.com/310000-inspection/pc1_gTOaRqqJ8_1.jpg.296x216.jpg
20200208,闵行,七宝,居优越之上，让爱归巢，品鉴皇都大三房，给您温暖的家房主自荐,1360万,3室2厅 | 186平米 | 南 北 | 精装 | 中楼层(共20层) | 2010年建 | 塔楼,https://image1.ljcdn.com/310000-inspection/pc1_uGGhpGYGI_1.jpg.296x216.jpg
20200208,闵行,七宝,南北格局，中间位置，居住适宜，小区自带泳池，会所,946万,2室2厅 | 121.26平米 | 南 | 精装 | 高楼层(共15层) | 2003年建 | 板楼,https://image1.ljcdn.com/310000-inspection/pc1_gCDTdIvXG_1.jpg.296x216.jpg
20200208,闵行,七宝,低层大两房，户型正气 ，业主诚意,看房随时,475万,2室1厅 | 64.92平米 | 南 | 简装 | 低楼层(共6层) | 1994年建 | 板楼,https://image1.ljcdn.com/310000-inspection/pc1_OR3lcuEo6_1.jpg.296x216.jpg
20200208,闵行,七宝,皇都花园 4室2厅 1080万,1080万,4室2厅 | 149.53平米 | 东南 | 精装 | 中楼层(共20层) | 2010年建 | 塔楼,https://image1.ljcdn.com/310000-inspection/pc1_upkalADhA_1.jpg.296x216.jpg
20200208,闵行,七宝,万科物业+挑高小复式利用率高+配套齐全+价格可谈,285万,2室2厅 | 50.23平米 | 南 北 | 精装 | 中楼层(共6层) | 1994年建 | 板楼,https://image1.ljcdn.com/310000-inspection/prod-d221fd97-f048-4f67-a73a-0dc9aea114a3.jpg.296x216.jpg
20200208,闵行,七宝,万科四期 全明采光 临河景观 产权清晰 看房方便,700万,3室2厅 | 124.96平米 | 南 | 简装 | 低楼层(共6层) | 2004年建 | 板楼,https://image1.ljcdn.com/310000-inspection/test-23884872-67e2-4be5-b1a4-f3d3c241ddb6.png.296x216.jpg
20200208,闵行,七宝,次新小区，户型全明  水清年华花园，西边套，房东自主,570万,3室1厅 | 92.65平米 | 南 北 | 精装 | 高楼层(共10层) | 2011年建 | 板楼,https://image1.ljcdn.com/310000-inspection/prod-4a140035-5d94-48cc-b1ad-8c6d893a471a.jpg.296x216.jpg
20200208,闵行,七宝,水榭花堤，明强300米，电梯复式户型，装修两年自住。,520万,2室1厅 | 55.18平米 | 南 | 精装 | 高楼层(共14层) | 2005年建 | 板楼,https://image1.ljcdn.com/310000-inspection/prod-86eb21fa-ee43-452c-a881-1cda9558d733.jpg.296x216.jpg
20200208,闵行,七宝,碧林湾顶楼复式带一个大露台。二楼面积不算产证面积,635万,3室2厅 | 88.08平米 | 南 | 精装 | 高楼层(共6层) | 2004年建 | 板楼,https://image1.ljcdn.com/310000-inspection/prod-b1d50e7e-a1ca-4cbe-857a-7d4394f95b04.jpg.296x216.jpg
20200208,闵行,七宝,让回家的路充满温馨与浪漫，入住万科明智的选择房主自荐,270万,1室1厅 | 41.52平米 | 南 | 精装 | 低楼层(共6层) | 1994年建 | 板楼,https://image1.ljcdn.com/310000-inspection/30203b6d-e1a5-4712-b6fb-2967a2289faf_1000.jpg.296x216.jpg
20200208,闵行,七宝,满五唯一，好楼层，价格可谈，配套成熟,328万,2室2厅 | 77.4平米 | 南 | 简装 | 高楼层(共6层) | 1994年建 | 板楼,https://image1.ljcdn.com/310000-inspection/test-92fa754f-3c36-43ab-8ecd-817816f05e90.png.296x216.jpg
20200208,闵行,七宝,此房只应天上有，人间难得几回闻，满五唯一很诚心出售房主自荐,920万,2室1厅 | 129.01平米 | 南 北 | 精装 | 高楼层(共12层) | 2010年建 | 板楼,https://image1.ljcdn.com/310000-inspection/prod-de79d7f4-f1dd-46e8-9297-6340c8597d48.jpg.296x216.jpg
20200208,闵行,七宝,地铁口新出一房，全明户型，看房随时，诚意出售。,272万,1室1厅 | 46.46平米 | 南 | 简装 | 中楼层(共6层) | 1994年建 | 板楼,https://image1.ljcdn.com/310000-inspection/pc1_3SUd21DVu_1.jpg.296x216.jpg
20200208,闵行,七宝,小区中间位置，绿色植被覆盖高，业主诚意出售,555万,2室2厅 | 147.97平米 | 南 | 毛坯 | 低楼层(共10层) | 2008年建 | 板楼,https://image1.ljcdn.com/310000-inspection/prod-137f7a8e-3b07-434a-8aea-6f21c330218a.jpg.296x216.jpg
20200208,闵行,七宝,花园洋房，人车分流，满五年税少，万科物业。,840万,4室2厅 | 143.39平米 | 南 | 精装 | 中楼层(共4层) | 1999年建 | 板楼,https://image1.ljcdn.com/310000-inspection/prod-409ed322-e1f1-4344-b9d9-aede20de1a4f.jpg.296x216.jpg
20200208,闵行,七宝,新小区 满五唯一，顶楼面积不算产证，业主诚心出售房主自荐,659万,4室2厅 | 87.9平米 | 南 | 精装 | 高楼层(共6层) | 2004年建 | 板楼,https://image1.ljcdn.com/310000-inspection/prod-bec2e544-dfd7-45f4-ae87-018681e6d65d.jpg.296x216.jpg
20200208,闵行,七宝,精装修，拎包入住，满五年唯一售后公房少税费,335万,2室1厅 | 61平米 | 南 | 简装 | 低楼层(共6层) | 1994年建 | 板楼,https://image1.ljcdn.com/310000-inspection/pc1_bvplBUFpA_1.jpg.296x216.jpg
20200208,闵行,七宝,明强近9/10号交通 远离飞机航道 交通便利  看房随时,530万,3室2厅 | 106平米 | 南 北 | 简装 | 高楼层(共6层) | 1995年建 | 板楼,https://image1.ljcdn.com/310000-inspection/prod-b2a305e7-8082-4c3c-870b-21e90d327d78.jpg.296x216.jpg
20200208,闵行,七宝,全明三房，正南正北，户型通透，近明强西校，诚意出售,590万,3室2厅 | 104.42平米 | 南 | 简装 | 高楼层(共6层) | 1997年建 | 板楼,https://image1.ljcdn.com/310000-inspection/pc1_Ky05Yhxtr_1.jpg.296x216.jpg
20200208,闵行,七宝,地铁口品质小区邻万科广场七宝老街，楼层好户型正气,548万,3室2厅 | 85.83平米 | 南 | 精装 | 中楼层(共5层) | 2002年建 | 板楼,https://image1.ljcdn.com/310000-inspection/pc1_lSQCmkYsJ_1.jpg.296x216.jpg
20200208,闵行,七宝,14年花园小区 环境优美 品质高 户型正气,760万,3室2厅 | 115.24平米 | 南 | 精装 | 低楼层(共11层) | 2013年建 | 板楼,https://image1.ljcdn.com/310000-inspection/pc1_TcpQfc5tz_1.jpg.296x216.jpg
20200208,闵行,七宝,七宝板块 ，配套齐全，交通方便，一楼带大花园,739万,3室2厅 | 127平米 | 南 | 简装 | 低楼层(共5层) | 2000年建 | 板楼,https://image1.ljcdn.com/310000-inspection/pc1_yoxxH5S74_1.jpg.296x216.jpg
20200208,闵行,七宝,此房满五唯一，看房方便。万科经典电梯三房,530万,3室2厅 | 116.33平米 | 西北 | 精装 | 高楼层(共12层) | 1995年建 | 板楼,https://image1.ljcdn.com/310000-inspection/pc1_L1r16J2B1_1.jpg.296x216.jpg
20200208,闵行,七宝,满五年+小区央座+精装修+双轨交通+9号线,730万,3室2厅 | 129.12平米 | 南 | 精装 | 中楼层(共4层) | 2003年建 | 板楼,https://image1.ljcdn.com/310000-inspection/pc1_jLoen338L_1.jpg.296x216.jpg
20200208,闵行,七宝,地铁口小三房，双阳台，售后公房税少，诚意出售,520万,3室1厅 | 77.77平米 | 南 | 简装 | 低楼层(共7层) | 1994年建 | 板楼,https://image1.ljcdn.com/310000-inspection/pc1_JqYzlVfMY_1.jpg.296x216.jpg
20200208,闵行,七宝,144㎡大平层+4楼+临河位置+三开间朝南,678万,4室2厅 | 144.11平米 | 南 北 | 简装 | 中楼层(共5层) | 1997年建 | 板楼,https://image1.ljcdn.com/310000-inspection/pc1_BfsMT4wdE_1.jpg.296x216.jpg
20200208,闵行,七宝,此房满五唯一税费少，东边套，房屋保养好，位置好,650万,3室2厅 | 94.56平米 | 南 | 精装 | 中楼层(共5层) | 2011年建 | 板楼,https://image1.ljcdn.com/310000-inspection/pc1_AyTPxKFte_1.jpg.296x216.jpg
20200208,闵行,七宝,金泰公寓精装大三房，自住装修，看房方便，边套全明,730万,3室2厅 | 109.78平米 | 南 | 精装 | 高楼层(共6层) | 2000年建 | 板楼,https://image1.ljcdn.com/310000-inspection/pc1_0tQ07xE4G_1.jpg.296x216.jpg
20200208,闵行,七宝,东方花园二期 3室2厅 1150万,1150万,3室2厅 | 136.59平米 | 南 | 精装 | 高楼层(共14层) | 2005年建 | 板楼,https://image1.ljcdn.com/310000-inspection/b15a6a82-3427-429d-80ca-122856a625a0_1000.jpg.296x216.jpg
20200208,闵行,七宝,精装修 满5年唯一 全明户型三房  诚意出售房主自荐,450万,3室2厅 | 74.64平米 | 南 | 精装 | 低楼层(共6层) | 1995年建 | 板楼,https://image1.ljcdn.com/310000-inspection/pc1_iDqOadnwQ_1.jpg.296x216.jpg
20200208,闵行,七宝,万科城市花园 5室2厅 680万,680万,5室2厅 | 142平米 | 南 北 | 精装 | 高楼层(共7层) | 1994年建 | 板楼,https://image1.ljcdn.com/310000-inspection/pc1_2BLOUqNP9_1.jpg.296x216.jpg
20200208,闵行,七宝,此房满五年，一梯两户，全明户型，楼层好房主自荐,398万,2室1厅 | 65.8平米 | 南 | 简装 | 中楼层(共6层) | 1994年建 | 板楼,https://image1.ljcdn.com/310000-inspection/prod-f1fdbdcf-15dd-439f-826d-36b80950b660.jpg.296x216.jpg
20200208,闵行,七宝,店长推荐：景观电梯双南2房，产权车位，闵行体育公园,820万,2室2厅 | 96.99平米 | 南 | 精装 | 中楼层(共14层) | 2005年建 | 板楼,https://image1.ljcdn.com/310000-inspection/prod-f8307748-7975-4bfc-90ee-d0cf620ecd88.jpg.296x216.jpg
20200208,闵行,七宝,东方花园三期 2室2厅 750万,750万,2室2厅 | 90.78平米 | 南 | 精装 | 高楼层(共18层) | 2008年建 | 板楼,https://image1.ljcdn.com/310000-inspection/prod-8f51554a-7111-4b4b-b22c-b5ce29252ce7.jpg.296x216.jpg
20200208,闵行,七宝,9号10号双轨交通，荣获白玉兰建筑奖，双南大2房,478万,2室2厅 | 97.96平米 | 西南 | 精装 | 高楼层(共6层) | 1997年建 | 板楼,https://image1.ljcdn.com/310000-inspection/prod-e1810a80-2589-4790-ac22-ad7a1ca65b65.jpg.296x216.jpg
20200208,闵行,七宝,万科一楼带大花园，前后落地窗设计，看房随时方便。房主自荐,980万,4室2厅 | 158.41平米 | 南 | 精装 | 低楼层(共5层) | 2003年建 | 板楼,https://image1.ljcdn.com/310000-inspection/prod-f6ad3e86-d0e8-409e-8839-aeca9927d0e1.jpg.296x216.jpg
20200208,闵行,七宝,此房房间朝南带飘窗，客厅朝南带阳台,335万,1室1厅 | 61.35平米 | 南 北 | 简装 | 高楼层(共10层) | 2011年建 | 板楼,https://image1.ljcdn.com/310000-inspection/pc1_1888ndsc1_1.jpg.296x216.jpg
20200208,闵行,七宝,广海经典三房，两房朝南，一房朝北，户型方正。,495万,3室1厅 | 87.09平米 | 南 | 简装 | 中楼层(共6层) | 1995年建 | 板楼,https://image1.ljcdn.com/310000-inspection/pc1_vykUJ72U1_1.jpg.296x216.jpg
20200208,闵行,七宝,近地铁，精装修，配套齐全，万科独有小复式,268万,2室1厅 | 50.23平米 | 南 | 简装 | 高楼层(共6层) | 1994年建 | 板楼,https://image1.ljcdn.com/310000-inspection/615dfa15-e3f4-477d-af48-33d9847246a9_1000.jpg.296x216.jpg
20200208,闵行,七宝,店长推荐，双南两房，9号线10号线地铁，10年新小区,410万,2室1厅 | 71.04平米 | 南 | 简装 | 低楼层(共11层) | 2010年建 | 板楼,https://image1.ljcdn.com/310000-inspection/6263a039-6d44-4657-8d14-62f0410f629a_1000.jpg.296x216.jpg
20200208,闵行,七宝,此房售后公房，满五年不唯一，税费少，全明户型,370万,1室1厅 | 59.48平米 | 南 | 简装 | 高楼层(共6层) | 1994年建 | 板楼,https://image1.ljcdn.com/310000-inspection/pc1_wPNHQvtuY_1.jpg.296x216.jpg
20200208,闵行,七宝,明墙300米，小户型，低楼层，全明户型，南北通,303万,1室1厅 | 47.41平米 | 南 | 毛坯 | 低楼层(共6层) | 1997年建 | 板楼,https://image1.ljcdn.com/310000-inspection/pc1_cDNCQ3BXG_1.jpg.296x216.jpg
20200208,闵行,七宝,万科尊贵复式，美景一览无遗，等待未来不如享此繁华,276万,1室1厅 | 50.23平米 | 南 | 精装 | 高楼层(共6层) | 1994年建 | 板楼,https://image1.ljcdn.com/310000-inspection/8f89ad74-7a3b-444b-97fa-fbb502c93a8a_1000.jpg.296x216.jpg
20200208,闵行,七宝,茂盛花苑新上房源，满五唯一，看房随时，业主诚意出售,269万,2室2厅 | 67.24平米 | 南 北 | 简装 | 高楼层(共6层) | 1998年建 | 板楼,https://image1.ljcdn.com/310000-inspection/pc1_wzj785G5G_1.jpg.296x216.jpg
20200208,闵行,七宝,金泰公寓小两房，临河景观好，诚意出售,410万,2室1厅 | 59.99平米 | 南 | 简装 | 高楼层(共6层) | 1995年建 | 板楼,https://image1.ljcdn.com/310000-inspection/pc1_5DQDABzrL_1.jpg.296x216.jpg
20200208,闵行,七宝,诚意出售，随时看房， 满五唯一，户型正气,358万,2室1厅 | 65.88平米 | 南 | 简装 | 低楼层(共6层) | 1994年建 | 板楼,https://image1.ljcdn.com/310000-inspection/pc1_XsDZVKsnZ_1.jpg.296x216.jpg
20200208,闵行,七宝,店长推荐！电梯一房，精装修看房有钥匙 明强,308万,1室1厅 | 58.77平米 | 南 | 精装 | 中楼层(共11层)  | 板楼,https://image1.ljcdn.com/310000-inspection/2e70520b-a57d-4123-9b37-7b59f9c149aa_1000.jpg.296x216.jpg
20200208,闵行,七宝,南北全明户型，厨卫分离，少见户型，自住精装修景观房主自荐,918万,3室2厅 | 126.23平米 | 南 | 精装 | 低楼层(共10层) | 2008年建 | 板楼,https://image1.ljcdn.com/310000-inspection/prod-5ad4e18c-8bbf-4c95-a5b4-5c235a1a5f9e.jpg.296x216.jpg
20200208,闵行,七宝,万科南北2房，拎包入住，全新装修，配套完善。,435万,2室2厅 | 72.02平米 | 南 | 精装 | 高楼层(共7层) | 1994年建 | 板楼,https://image1.ljcdn.com/310000-inspection/prod-7732ff2c-5e42-406c-bf08-ac526f80e9eb.jpg.296x216.jpg
20200208,闵行,七宝,正气2+1户型，满五唯一税费少房主自荐,795万,2室1厅 | 103.75平米 | 南 | 精装 | 中楼层(共6层) | 2003年建 | 板楼,https://image1.ljcdn.com/310000-inspection/prod-92a69179-9e90-4483-a875-3936151f87c3.png.296x216.jpg
20200208,闵行,七宝,一次性付款价格~~置换价格另谈房主自荐,1150万,4室2厅 | 194.94平米 | 南 | 精装 | 低楼层(共2层) | 2004年建 | 板楼,https://image1.ljcdn.com/310000-inspection/test-f599e138-5de5-4a3b-817d-5dd42975b5b9.png.296x216.jpg
20200208,闵行,七宝,稀有户型，不容错过，边套一房户型，看房方便,275万,1室1厅 | 48.43平米 | 南 | 简装 | 高楼层(共6层) | 1994年建 | 板楼,https://image1.ljcdn.com/310000-inspection/prod-8415b8a4-8fef-471d-bcaf-6542f126dc09.jpg.296x216.jpg
20200208,闵行,七宝,三佳花苑2期双南，房厅朝北带窗全明，一梯两户房主自荐,495万,2室1厅 | 69.03平米 | 南 | 精装 | 高楼层(共6层) | 1995年建 | 板楼,https://image1.ljcdn.com/310000-inspection/prod-e2302630-48b5-48b6-b1a2-5ea23ea0237a.jpg.296x216.jpg
20200208,闵行,七宝,满五年唯一，楼层好，采光充足，客厅带阳台,460万,2室1厅 | 61.95平米 | 东南 | 简装 | 中楼层(共6层) | 1994年建 | 板楼,https://image1.ljcdn.com/310000-inspection/prod-fa850461-b14f-4092-8915-23fdcc5c78ae.jpg.296x216.jpg
20200208,闵行,七宝,总价低，精装修，可拎包入住，小朋友未读书房主自荐,355万,1室1厅 | 42.6平米 | 东 | 精装 | 中楼层(共6层) | 1994年建 | 板楼,https://image1.ljcdn.com/310000-inspection/pc1_62Ae0dncR_1.jpg.296x216.jpg
20200208,闵行,七宝,大虹桥枢纽，交通发达，无轨电车出行便利，诚意出售,225万,2室1厅 | 55.72平米 | 南 | 简装 | 高楼层(共6层) | 1994年建 | 板楼,https://image1.ljcdn.com/310000-inspection/pc1_GCCbFtb8a_1.jpg.296x216.jpg
20200208,闵行,七宝,万科物业品质小区 精装修 中yang空调+地暖 诚意出售,385万,2室2厅 | 73.73平米 | 东 西 | 精装 | 中楼层(共7层)  | 板楼,https://image1.ljcdn.com/310000-inspection/pc1_hOKmMFVDK_1.jpg.296x216.jpg
20200208,闵行,七宝,东方花园二期 总高四楼电梯房 一梯两户 景观房房主自荐,738万,2室2厅 | 91平米 | 南 | 精装 | 中楼层(共4层) | 2005年建 | 板楼,https://image1.ljcdn.com/310000-inspection/test-fae78b30-f1bb-411b-bc5f-64f8aedcbafc.png.296x216.jpg
20200208,闵行,七宝,建筑无限生活 居万科安逸两房  邻里和睦，老少皆宜房主自荐,356万,2室1厅 | 73.73平米 | 南 | 简装 | 高楼层(共6层) | 1994年建 | 板楼,https://image1.ljcdn.com/310000-inspection/test-5821e24e-1ba8-41a1-96cd-3d46850cffc9.png.296x216.jpg
20200208,闵行,七宝,小区出门闵行体育公园 南北两室 得房率高 业主诚售,436万,2室1厅 | 64.05平米 | 南 | 精装 | 中楼层(共6层) | 1997年建 | 板楼,https://image1.ljcdn.com/310000-inspection/prod-c6a5c92b-0109-477a-b690-71065a8beaca.jpg.296x216.jpg
20200208,闵行,七宝,格局好双南 简装 景观楼层 距离地铁近,391万,2室1厅 | 57.44平米 | 南 | 简装 | 中楼层(共6层) | 1987年建 | 板楼,https://image1.ljcdn.com/310000-inspection/pc1_J8ScG8N1L_1.jpg.296x216.jpg
20200208,闵行,七宝,总高8楼带电梯，精装2房通风好，户型正气，采光好,750万,2室2厅 | 89.84平米 | 南 | 简装 | 高楼层(共8层) | 2005年建 | 板楼,https://image1.ljcdn.com/310000-inspection/1d274e40-fd34-43fa-8053-5233aab1b87b_1000.jpg.296x216.jpg
20200208,闵行,七宝,精装修，税少，拎包入住，交通便利，诚意出售。,299万,1室1厅 | 61.21平米 | 南 | 精装 | 低楼层(共11层) | 2011年建 | 板楼,https://image1.ljcdn.com/310000-inspection/pc1_FK5QNcppd_1.jpg.296x216.jpg
20200208,闵行,七宝,万科物业 售后公房满五年，楼层好采光佳,435万,2室1厅 | 54.55平米 | 南 北 | 简装 | 中楼层(共6层) | 1994年建 | 板楼,https://image1.ljcdn.com/310000-inspection/pc1_jSOJmhvS9_1.jpg.296x216.jpg
20200208,闵行,七宝,双南两房，楼层好，采光好，视野开阔,480万,2室1厅 | 70.84平米 | 南 | 精装 | 高楼层(共6层) | 1993年建 | 板楼,https://image1.ljcdn.com/310000-inspection/8d656633-7ddf-4d36-8fe2-dd67f82c4a6e_1000.jpg.296x216.jpg
20200208,闵行,七宝,标杆小区 品质住宅，俯瞰七宝 满五年 近地铁,910万,2室2厅 | 126.32平米 | 西南 | 精装 | 高楼层(共20层) | 2010年建 | 塔楼,https://image1.ljcdn.com/310000-inspection/pc1_g8MazIN5l_1.jpg.296x216.jpg
20200208,闵行,七宝,店长推荐+诚意出售+满五年+买进高税费少+看房方便,530万,2室2厅 | 95.72平米 | 南 | 精装 | 低楼层(共11层) | 2004年建 | 板楼,https://image1.ljcdn.com/310000-inspection/c8e0606f-b8c2-491a-ad60-e9ef7176a751_1000.jpg.296x216.jpg
20200208,闵行,七宝,产权清晰，无贷款，无抵押，看房方便,380万,1室2厅 | 63.32平米 | 南 | 精装 | 高楼层(共18层) | 2010年建 | 板楼,https://image1.ljcdn.com/310000-inspection/pc1_r9vreTQLb_1.jpg.296x216.jpg
20200208,闵行,七宝,店长推荐 景观楼房 位置好 单价低  诚意出售,740万,2室2厅 | 96.99平米 | 南 | 精装 | 中楼层(共14层) | 2005年建 | 板楼,https://image1.ljcdn.com/310000-inspection/8184c075-f8d4-4d00-ace6-1ab4d9dea2e5_1000.jpg.296x216.jpg
20200208,闵行,七宝,地铁口房源+万科物业+品质二房+业主诚售+看房随时,515万,2室2厅 | 94.3平米 | 南 | 简装 | 低楼层(共7层) | 1998年建 | 板楼,https://image1.ljcdn.com/310000-inspection/pc1_PLgfY2P17_1.jpg.296x216.jpg
20200208,闵行,七宝,小区中间位置，楼层好，噪音小，交通好,332万,2室1厅 | 55.89平米 | 南 | 简装 | 低楼层(共6层) | 1993年建 | 板楼,https://image1.ljcdn.com/310000-inspection/667075af-e73a-4997-8403-5333da3cbac2_1000.jpg.296x216.jpg
20200208,闵行,七宝,此房满五唯一税费少.2016年全新装修.,585万,2室2厅 | 96.16平米 | 南 | 精装 | 低楼层(共11层) | 2004年建 | 板楼,https://image1.ljcdn.com/310000-inspection/85b4cb96-8fbf-4236-9656-b760790beca2_1000.jpg.296x216.jpg
20200208,闵行,七宝,满五唯一免个税 地铁少有电梯三房 南北直通三房两卫,745万,3室2厅 | 131.23平米 | 南 | 简装 | 中楼层(共11层) | 2005年建 | 板楼,https://image1.ljcdn.com/310000-inspection/test-022a35a6-7cd7-468c-a3ac-c5b9db9eafe8.png.296x216.jpg
20200208,闵行,七宝,满五唯一 +买进价高+景观楼层+前方花园后靠河,750万,2室1厅 | 114.55平米 | 南 | 精装 | 中楼层(共16层) | 2010年建 | 板楼,https://image1.ljcdn.com/310000-inspection/e238a54d-2b22-42e5-929c-4bf24d8572e6_1000.jpg.296x216.jpg
20200208,闵行,七宝,好房     精装修两房    位置佳,855万,2室2厅 | 112平米 | 南 北 | 精装 | 高楼层(共14层) | 2008年建 | 板楼,https://image1.ljcdn.com/310000-inspection/pc1_5YPY8E2u7_1.jpg.296x216.jpg
20200208,闵行,七宝,哇，栋距真宽， 满五唯一 全新装修 视野开阔 景观房,868万,2室2厅 | 114.35平米 | 南 | 精装 | 中楼层(共14层) | 2008年建 | 板楼,https://image1.ljcdn.com/310000-inspection/pc1_2AM3BTvxM_1.jpg.296x216.jpg
20200208,闵行,七宝,保利叠加别墅，栋距大舒适，厅南北通户型正气，急售,1100万,4室2厅 | 194.91平米 | 南 | 精装 | 中楼层(共6层) | 2004年建 | 板楼,https://image1.ljcdn.com/310000-inspection/test-4a0d30c7-e6cd-4278-989c-b978800e5923.png.296x216.jpg
20200208,闵行,七宝,楼层高，位置好，税费少，精装修，中 央空调带地暖房主自荐,905万,2室2厅 | 142.15平米 | 南 | 精装 | 中楼层(共20层) | 2010年建 | 塔楼,https://image1.ljcdn.com/310000-inspection/pc1_1LTS5l7CO_1.jpg.296x216.jpg
20200208,闵行,七宝,此房南通透，精装位置好，得房率88%,580万,2室2厅 | 91.72平米 | 南 | 精装 | 中楼层(共6层) | 2006年建 | 板楼,https://image1.ljcdn.com/310000-inspection/prod-baa24548-fda5-4114-9762-5d1171708e72.jpg.296x216.jpg
20200208,闵行,七宝,万科城市花园稀有大四房，精装修,698万,4室1厅 | 145.48平米 | 南 | 精装 | 中楼层(共5层) | 1998年建 | 板楼,https://image1.ljcdn.com/310000-inspection/prod-e5bd2bbd-3fe4-40d2-a468-55ebb84323d2.jpg.296x216.jpg
20200208,闵行,七宝,万兆品质三房 稀有飞机户型 花园位置视线好 看房方便,515万,3室2厅 | 86.5平米 | 南 | 精装 | 高楼层(共6层) | 2000年建 | 板楼,https://image1.ljcdn.com/310000-inspection/pc1_14ekHOZX7_1.jpg.296x216.jpg
20200208,闵行,七宝,近地铁七宝站，两房朝南采光好，满五唯一税费低房主自荐,325万,2室1厅 | 61.22平米 | 南 | 简装 | 高楼层(共6层) | 1994年建 | 板楼,https://image1.ljcdn.com/310000-inspection/pc1_h6cbxBNOs_1.jpg.296x216.jpg
20200208,闵行,七宝,七宝官邸，满五唯一，少有精装大复式,1025万,4室2厅 | 152.61平米 | 南 | 精装 | 高楼层(共6层) | 2001年建 | 板楼,https://image1.ljcdn.com/310000-inspection/test-5b79965b-56b7-4353-80a0-b5836992b278.png.296x216.jpg
20200208,闵行,七宝,精装修两年 2+1三房 可拎包入住 业主诚意出售,708万,2室2厅 | 90.78平米 | 南 | 精装 | 低楼层(共19层) | 2008年建 | 板楼,https://image1.ljcdn.com/310000-inspection/prod-8e29a1b3-71d7-4ebc-aac9-4a940392c282.jpg.296x216.jpg
20200208,闵行,七宝,婚房装修+全南户型+中间楼层+双地铁+闵行体育公园,490万,2室2厅 | 89.5平米 | 南 | 精装 | 中楼层(共6层) | 1997年建 | 板楼,https://image1.ljcdn.com/310000-inspection/pc1_9lg7RtDsN_1.jpg.296x216.jpg
20200208,闵行,七宝,此房满五年唯一免个税！四房大户型，户型通透！,645万,4室2厅 | 118.7平米 | 南 | 精装 | 低楼层(共6层) | 1996年建 | 板楼,https://image1.ljcdn.com/310000-inspection/prod-738283e0-b7df-4901-8ccb-4dd838f84fff.jpg.296x216.jpg
20200208,闵行,七宝,9号线地铁口，一楼天井精装两房，随时可看,380万,2室1厅 | 62.86平米 | 南 | 精装 | 低楼层(共6层) | 1993年建 | 板楼,https://image1.ljcdn.com/310000-inspection/prod-e7c88810-3e55-469b-9c63-36ec299089c6.jpg.296x216.jpg
20200208,闵行,七宝,园艺三房，楼层好，房东诚意出售，交通方便房主自荐,390万,3室1厅 | 70.47平米 | 南 | 简装 | 中楼层(共6层) | 1995年建 | 板楼,https://image1.ljcdn.com/310000-inspection/prod-229a2164-b405-44de-94b0-1f02ad07c9a6.jpg.296x216.jpg
20200208,闵行,七宝,皇都二期，满五唯一景观楼层精装修拎包入住，诚意出售房主自荐,929万,2室2厅 | 137.24平米 | 南 | 精装 | 中楼层(共12层) | 2010年建 | 板楼,https://image1.ljcdn.com/310000-inspection/test-aae6baf1-d1e4-4e2e-a04b-25f51a2586e0.png.296x216.jpg
20200208,闵行,七宝,金泰公寓，全明户型，近9号线，南北通透，业主诚售房主自荐,420万,2室1厅 | 59.99平米 | 南 北 | 精装 | 中楼层(共6层) | 1995年建 | 板楼,https://image1.ljcdn.com/310000-inspection/test-0c0e6a1b-419b-4c0a-b93d-497b08f55fa9.png.296x216.jpg
20200208,闵行,七宝,房子是业主自己住的 得房率高 房子保养好 小区位置好,360万,2室1厅 | 74平米 | 南 | 简装 | 中楼层(共6层) | 1997年建 | 板楼,https://image1.ljcdn.com/310000-inspection/prod-3a11d989-590d-4d2c-bf2a-33df6d5de0a1.jpg.296x216.jpg
20200208,闵行,七宝,泰景苑 3室2厅 505万,505万,3室2厅 | 101.66平米 | 南 | 精装 | 高楼层(共6层) | 1999年建 | 板楼,https://image1.ljcdn.com/310000-inspection/prod-edbe1720-e76e-4b4d-b620-7535acbdd1de.jpg.296x216.jpg
20200208,闵行,七宝,户型好，使用面积多，税少，电梯房，交通便利,488万,2室2厅 | 92.47平米 | 南 | 精装 | 低楼层(共11层) | 2009年建 | 板楼,https://image1.ljcdn.com/310000-inspection/prod-308e98cf-0841-4599-b6af-439417310cd7.jpg.296x216.jpg
20200208,闵行,七宝,满五唯一免个人所得税，双阳台，大一房客拎包入住,470万,1室2厅 | 66.69平米 | 南 | 精装 | 低楼层(共18层) | 2010年建 | 板楼,https://image1.ljcdn.com/310000-inspection/prod-fa77778a-2ce9-4da6-9371-bfb10c3c4115.jpg.296x216.jpg
20200208,闵行,七宝,次新电梯房，景观楼层，全明户型。,400万,2室2厅 | 90.99平米 | 南 | 精装 | 中楼层(共10层) | 2008年建 | 板楼,https://image1.ljcdn.com/310000-inspection/prod-caa20670-7bb2-4d84-a74b-01493fc62796.jpg.296x216.jpg
20200208,闵行,七宝,满五唯一，双卧朝南，边套全明，诚意出售，看房随时,280万,2室1厅 | 66.88平米 | 南 北 | 简装 | 高楼层(共6层) | 1998年建 | 板楼,https://image1.ljcdn.com/310000-inspection/prod-292a73d1-b2dd-428c-b9d0-ee48a9d1944f.jpg.296x216.jpg
20200208,闵行,七宝,满五年税费少，看房随时，装修好拎包入住,337万,2室1厅 | 65平米 | 南 | 简装 | 中楼层(共6层) | 1994年建 | 板楼,https://image1.ljcdn.com/310000-inspection/pc1_vP23r8Fdb_1.jpg.296x216.jpg
20200208,闵行,七宝,万科物业、满五唯一、中间楼层、全明户型，出门明强,440万,2室1厅 | 61.95平米 | 南 北 | 简装 | 中楼层(共6层) | 1994年建 | 板楼,https://image1.ljcdn.com/310000-inspection/pc1_VyGPMYCSG_1.jpg.296x216.jpg
20200208,闵行,七宝,三佳花苑 1室1厅 375万,375万,1室1厅 | 42.42平米 | 南 | 简装 | 低楼层(共6层) | 1994年建 | 板楼,https://image1.ljcdn.com/310000-inspection/pc1_ERw6QyJRo_1.jpg.296x216.jpg
20200208,闵行,七宝,近地铁，看房方便，低楼层，随时入住房主自荐,405万,2室1厅 | 65.8平米 | 南 | 简装 | 低楼层(共6层) | 1994年建 | 板楼,https://image1.ljcdn.com/310000-inspection/prod-ba5be376-3a9e-420d-bd9a-35d1a86c3a8c.jpg.296x216.jpg
20200208,闵行,七宝,房子满五     业主诚意出售 看房方便,500万,1室1厅 | 57.08平米 | 南 | 精装 | 中楼层(共18层) | 2008年建 | 板楼,https://image1.ljcdn.com/310000-inspection/prod-bc262961-465a-4204-9281-a8c11aeca1a3.jpg.296x216.jpg
20200208,闵行,七宝,一楼带花园，装修很好，户型很好，采光位置也好，诚卖,800万,3室2厅 | 109.98平米 | 南 北 | 精装 | 低楼层(共4层) | 1994年建 | 板楼,https://image1.ljcdn.com/310000-inspection/prod-6fe1c730-4376-4484-a4fe-f432feb7ff1a.jpg.296x216.jpg
20200208,闵行,七宝,万科三期花园洋房，园中园设计，人车分流，满五年,670万,3室2厅 | 123.89平米 | 南 | 精装 | 中楼层(共5层) | 2000年建 | 板楼,https://image1.ljcdn.com/310000-inspection/prod-d9e2abec-2582-4ced-9ce8-dc5c662ce4ce.jpg.296x216.jpg
20200208,闵行,七宝,满五年唯一，精装修2年，景观楼层，拎包入住，诚售。,420万,2室2厅 | 72.71平米 | 南 北 | 精装 | 高楼层(共7层) | 1995年建 | 板楼,https://image1.ljcdn.com/310000-inspection/pc1_J9QIaLJWF_1.jpg.296x216.jpg
20200208,闵行,七宝,惠明苑，毛坯房可以随意装修，动迁少税。看房随时,481万,2室2厅 | 94.53平米 | 南 | 毛坯 | 高楼层(共13层) | 2008年建 | 板楼,https://image1.ljcdn.com/310000-inspection/pc1_kvhb9Ebbh_1.jpg.296x216.jpg
20200208,闵行,七宝,秀枫小户型，靠地铁临公园，视野采光好，业主诚意出售,375万,1室1厅 | 59.48平米 | 南 | 简装 | 高楼层(共6层) | 1994年建 | 板楼,https://image1.ljcdn.com/310000-inspection/pc1_CfNlii9vQ_1.jpg.296x216.jpg
20200208,闵行,七宝,秀枫精装大两房，通透全明，满五唯一，诚意出售,435万,2室1厅 | 76.78平米 | 南 | 精装 | 高楼层(共6层) | 1994年建 | 板楼,https://image1.ljcdn.com/310000-inspection/c6a71ee1-f31e-4a53-b5cf-8a701436cb88_1000.jpg.296x216.jpg
20200208,闵行,七宝,近地铁，交通便利，楼层好，适宜居住人群广,380万,1室1厅 | 59.48平米 | 南 | 简装 | 中楼层(共6层) | 1994年建 | 板楼,https://image1.ljcdn.com/310000-inspection/pc1_679oEdj4b_1.jpg.296x216.jpg
20200208,闵行,七宝,双南户型，大厨房，看房方便，诚意出售,325万,2室1厅 | 77.4平米 | 南 | 简装 | 高楼层(共6层) | 1994年建 | 板楼,https://image1.ljcdn.com/310000-inspection/pc1_e1wt0NMNS_1.jpg.296x216.jpg
20200208,闵行,七宝,满五年+小区央座+老装修+双轨交通+业主急售,198万,1室1厅 | 45.12平米 | 南 | 简装 | 低楼层(共6层) | 1994年建 | 板楼,https://image1.ljcdn.com/310000-inspection/pc1_sLLiHvTzZ_1.jpg.296x216.jpg
20200208,闵行,七宝,电梯房， 楼层好，全明户型，总价低,320万,1室1厅 | 54.2平米 | 南 | 精装 | 高楼层(共11层) | 2010年建 | 板楼,https://image1.ljcdn.com/310000-inspection/5268f2b4-236f-42d3-b8b0-a8e79a286574_1000.jpg.296x216.jpg
20200208,闵行,七宝,9+10号线双地铁，满五唯一，偏离航道，业主诚意出售,460万,2室2厅 | 85.67平米 | 南 北 | 简装 | 中楼层(共6层) | 1995年建 | 板楼,https://image1.ljcdn.com/310000-inspection/4d5f4d8a-a832-41b6-beef-27e9852ea0c9_1000.jpg.296x216.jpg
20200208,闵行,七宝,两年精装修，通透户型，业主诚意出售，看房随时方便。,389万,2室2厅 | 73.73平米 | 东 西 | 精装 | 高楼层(共7层) | 1998年建 | 板楼,https://image1.ljcdn.com/310000-inspection/02df7039-981c-4421-b3cc-ff54d161d901_1000.jpg.296x216.jpg
20200208,闵行,七宝,南北户型，精装修，看房方便，诚意出售,428万,2室2厅 | 65.8平米 | 南 | 精装 | 高楼层(共6层) | 1994年建 | 板楼,https://image1.ljcdn.com/310000-inspection/9533b2c7-41a2-43ce-88ed-634c8e5ced02_1000.jpg.296x216.jpg
20200208,闵行,七宝,新上房源，中间楼层，看房基本方便，小两房房主自荐,268万,2室1厅 | 52.26平米 | 南 | 精装 | 中楼层(共6层) | 1997年建 | 板楼,https://image1.ljcdn.com/310000-inspection/pc1_gd9HLLIEQ_1.jpg.296x216.jpg
20200208,闵行,七宝,小区中间位置，看房方便，近地铁，采光好,430万,2室2厅 | 76.82平米 | 南 | 简装 | 高楼层(共6层) | 1994年建 | 板楼,https://image1.ljcdn.com/310000-inspection/4f0941d3-cda9-4099-a462-54d8f6fc7598_1000.jpg.296x216.jpg
20200208,闵行,七宝,七宝老街青年路小区两房出售小朋友未读书,410万,2室1厅 | 57.44平米 | 南 | 简装 | 中楼层(共6层) | 1984年建 | 板楼,https://image1.ljcdn.com/310000-inspection/pc1_wZbAe7Rnb_1.jpg.296x216.jpg
20200208,闵行,七宝,茂盛刚挂牌 san房，装修好 -接受5个月置换 车位可谈,570万,2室2厅 | 75.25平米 | 南 | 精装 | 低楼层(共6层) | 1994年建 | 板楼,https://image1.ljcdn.com/310000-inspection/pc1_HTV8CnuGR_1.jpg.296x216.jpg
20200208,闵行,七宝,七宝茂盛小户型，总价低，车位不紧张 随时看房主自荐,460万,2室1厅 | 47.43平米 | 南 | 简装 | 低楼层(共6层) | 1994年建 | 板楼,https://image1.ljcdn.com/310000-inspection/pc1_0AJBu6ad8_1.jpg.296x216.jpg
20200208,闵行,七宝,白雪公主无遮挡电梯两房，采光刺眼，业主诚心出售,558万,2室2厅 | 91.94平米 | 南 | 精装 | 高楼层(共11层) | 2004年建 | 板楼,https://image1.ljcdn.com/310000-inspection/pc1_PjTjzdq2X_1.jpg.296x216.jpg
20200208,闵行,七宝,白浪新村 边套全明户型 中间楼层 近九号线七宝站,460万,2室1厅 | 67平米 | 南 北 | 毛坯 | 中楼层(共6层) | 1996年建 | 板楼,https://image1.ljcdn.com/310000-inspection/pc1_TkVXtlssj_1.jpg.296x216.jpg
20200208,闵行,七宝,免征个税+万科物业+双轨交通+业主诚售+大拇指推荐,380万,2室2厅 | 73.73平米 | 南 | 精装 | 高楼层(共7层) | 1994年建 | 板楼,https://image1.ljcdn.com/310000-inspection/pc1_Hn1VTNVca_1.jpg.296x216.jpg
20200208,闵行,七宝,店长推荐：9/10号线双规，精装复式，满五唯一税少,350万,2室1厅 | 57.12平米 | 南 北 | 精装 | 高楼层(共6层) | 1995年建 | 板楼,https://image1.ljcdn.com/310000-inspection/pc1_0P2coVIV2_1.jpg.296x216.jpg
20200208,闵行,七宝,万兆家园(一期) 2室1厅 350万,350万,2室1厅 | 60.73平米 | 东南 南 | 简装 | 低楼层(共6层) | 2000年建 | 板楼,https://image1.ljcdn.com/310000-inspection/pc1_QsnZr0VRq_1.jpg.296x216.jpg
20200208,闵行,七宝,9号线地铁口 客厅南北通透 视线好 业主诚意出售房主自荐,420万,2室1厅 | 74.97平米 | 南 北 | 精装 | 高楼层(共6层) | 2000年建 | 板楼,https://image1.ljcdn.com/310000-inspection/pc1_3NERa8smS_1.jpg.296x216.jpg
20200208,闵行,七宝,9/10号线双轨道交通，七宝最热地段，一楼带花园,610万,3室2厅 | 96.9平米 | 南 | 简装 | 低楼层(共4层) | 1995年建 | 板楼,https://image1.ljcdn.com/310000-inspection/test-bef1dd18-752a-4156-9e67-d6ce2a011d4f.png.296x216.jpg
20200208,闵行,七宝,双卧朝南，厨卫全明，一梯两户，一楼附带天井。,310万,2室1厅 | 64.36平米 | 南 | 简装 | 低楼层(共6层) | 1998年建 | 板楼,https://image1.ljcdn.com/310000-inspection/prod-a0964175-5224-4556-ba5a-8d64682b8bdc.jpg.296x216.jpg
20200208,闵行,七宝,万兆家园(一期) 4室1厅 850万,850万,4室1厅 | 150.31平米 | 南 | 精装 | 高楼层(共6层) | 2001年建 | 板楼,https://image1.ljcdn.com/310000-inspection/prod-cf9d10a5-6d39-44dc-a213-ff7f436251e9.jpg.296x216.jpg
20200208,闵行,七宝,七宝，美丽家园装修好，楼层佳，看房方便，交通方便,308万,2室1厅 | 71.95平米 | 南 北 | 简装 | 高楼层(共6层) | 1996年建 | 板楼,https://image1.ljcdn.com/310000-inspection/prod-705c84f7-1cd5-4456-8caf-58bd5fe50c46.jpg.296x216.jpg
20200208,闵行,七宝,双南两房，楼层好，采光好，视野开阔,480万,2室1厅 | 75.14平米 | 南 | 简装 | 高楼层(共6层) | 1996年建 | 板楼,https://image1.ljcdn.com/310000-inspection/pc1_eeiQR0oZr_1.jpg.296x216.jpg
20200208,闵行,七宝,两房朝南，业主很诚意，看房方便、中间楼层房主自荐,424万,2室1厅 | 54.07平米 | 南 | 毛坯 | 中楼层(共6层) | 1994年建 | 板楼,https://image1.ljcdn.com/310000-inspection/pc1_OZ8y7LnfH_1.jpg.296x216.jpg
20200208,闵行,七宝,两房朝南，视野采光好，近文化公园，近9号线星中路站,450万,2室2厅 | 76.82平米 | 南 | 简装 | 高楼层(共6层) | 1994年建 | 板楼,https://image1.ljcdn.com/310000-inspection/test-b9e36f63-16af-4ecc-b2df-12c6c8adc626.png.296x216.jpg
20200208,闵行,七宝,白雪公主低总价次新房+诚心出售,528万,2室2厅 | 81.43平米 | 南 北 | 简装 | 低楼层(共6层) | 2004年建 | 板楼,https://image1.ljcdn.com/310000-inspection/prod-709386dc-8dc9-43a4-b9d4-b0dad061fb8e.jpg.296x216.jpg
20200208,闵行,七宝,区总推荐，明强 电梯西边套，带阳台看房方便诚意卖,335万,1室1厅 | 65.24平米 | 南 西 | 精装 | 低楼层(共11层) | 2010年建 | 板楼,https://image1.ljcdn.com/310000-inspection/prod-965bf986-bf9d-43b7-b0e0-a1a877686b32.jpg.296x216.jpg
20200208,闵行,七宝,地铁口小区，万科物业，满五年唯一，高楼层，视野好,368万,2室2厅 | 73.73平米 | 东南 | 精装 | 高楼层(共7层) | 1994年建 | 板楼,https://image1.ljcdn.com/310000-inspection/prod-79fdc7cf-980b-487b-9397-a112ba632be4.jpg.296x216.jpg
20200208,闵行,七宝,此房格局很好，南北直通，采光号，大客厅大阳台,445万,2室1厅 | 81.36平米 | 南 | 精装 | 低楼层(共6层) | 1999年建 | 板楼,https://image1.ljcdn.com/310000-inspection/prod-1da37b47-e603-4e6a-9987-6c50d5c9b917.jpg.296x216.jpg
20200208,闵行,七宝,满五唯一+中式精装两房+典雅温馨+ 三开间朝南房主自荐,710万,2室2厅 | 90.96平米 | 南 | 精装 | 低楼层(共18层) | 2008年建 | 板楼,https://image1.ljcdn.com/310000-inspection/prod-914fe99d-bb4a-41e3-b342-2fac4260dbce.jpg.296x216.jpg
20200208,闵行,七宝,南北二房 客厅大，一房南，一房北，全明户型,465万,2室2厅 | 81.03平米 | 南 北 | 精装 | 中楼层(共6层) | 2005年建 | 板楼,https://image1.ljcdn.com/310000-inspection/pc1_hZwsS5x4i_1.jpg.296x216.jpg
20200208,闵行,七宝,金泰公园中间楼层2房，看房随时，接受置换价格可谈,415万,2室1厅 | 61.35平米 | 南 | 简装 | 高楼层(共6层) | 1995年建 | 板楼,https://image1.ljcdn.com/310000-inspection/pc1_JEN9YXOPi_1.jpg.296x216.jpg
20200208,闵行,七宝,牡丹新村地铁口一房，景观楼层，拎包入住。,258万,1室1厅 | 44.94平米 | 南 | 简装 | 高楼层(共6层) | 1994年建 | 板楼,https://image1.ljcdn.com/310000-inspection/pc1_y0hbCknnw_1.jpg.296x216.jpg
20200208,闵行,七宝,小区经典三房 精装修 自带私立启英幼稚园 诚意出售,669万,3室1厅 | 86.23平米 | 南 | 精装 | 中楼层(共6层) | 1999年建 | 板楼,https://image1.ljcdn.com/310000-inspection/pc1_YL5dwbMm0_1.jpg.296x216.jpg
20200208,闵行,七宝,满五唯一，小区中间位置，景观楼层，含地下产权车位。,810万,3室1厅 | 135.31平米 | 南 | 精装 | 高楼层(共11层) | 2006年建 | 板楼,https://image1.ljcdn.com/310000-inspection/prod-516a1533-74c5-41b8-a721-6ecbf8a7aded.jpg.296x216.jpg
20200208,闵行,七宝,万泰花园，配套成熟，交通便利，全明户型，明强,390万,2室1厅 | 65.76平米 | 南 | 精装 | 中楼层(共6层) | 1997年建 | 板楼,https://image1.ljcdn.com/310000-inspection/test-f9bb05eb-585d-4c57-96ae-d04947da9e24.png.296x216.jpg
20200208,闵行,七宝,经典两房，主卧朝南带阳台，次卧朝北，居住舒适。,338万,2室1厅 | 60.95平米 | 南 | 简装 | 低楼层(共6层) | 1994年建 | 板楼,https://image1.ljcdn.com/310000-inspection/prod-08a4b655-3aaa-4ad8-a944-3fdcf38b7667.jpg.296x216.jpg
20200208,闵行,七宝,店长推荐：楼层好，地铁口七宝站200米，税费少。,335万,2室1厅 | 64.66平米 | 南 | 简装 | 低楼层(共6层) | 1994年建 | 板楼,https://image1.ljcdn.com/310000-inspection/prod-e02552ea-a4e1-4fce-a562-ba6409eeb477.jpg.296x216.jpg
20200208,闵行,七宝,满五唯一看房子方便 精装修 诚意出售,945万,2室2厅 | 132平米 | 南 北 | 精装 | 高楼层(共12层) | 2010年建 | 板楼,https://image1.ljcdn.com/310000-inspection/prod-04cdcf11-0345-460a-ad4d-64894cdf3420.jpg.296x216.jpg
20200208,闵行,七宝,两房朝南东边户 满五年唯一 售后公房房主自荐,469万,2室1厅 | 67平米 | 南 | 简装 | 高楼层(共6层) | 1996年建 | 板楼,https://image1.ljcdn.com/310000-inspection/prod-85eeacf3-ecf4-45c8-9e3e-37e63f6b7a2f.jpg.296x216.jpg
20200208,闵行,七宝,稀售高品质大平层4房 客厅双阳台 精装修美好享受体验,1250万,4室1厅 | 190.55平米 | 南 北 | 精装 | 低楼层(共17层) | 2008年建 | 板楼,https://image1.ljcdn.com/310000-inspection/prod-d38cf6cf-432c-42fe-a79a-0ecbcf1aed81.jpg.296x216.jpg
20200208,闵行,七宝,不来看下吗？ 一梯两户 小区难得的好位置 看房方便,788万,2室1厅 | 99.28平米 | 南 | 精装 | 中楼层(共8层) | 2008年建 | 板楼,https://image1.ljcdn.com/310000-inspection/pc1_jmZAdrq1k_1.jpg.296x216.jpg
20200208,闵行,七宝,南北全明户型，厨卫分离，少见户型，自住精装修，房主自荐,638万,2室1厅 | 87.36平米 | 南 北 | 简装 | 低楼层(共9层) | 2008年建 | 板楼,https://image1.ljcdn.com/310000-inspection/prod-c6817cf6-0d9c-418e-8740-5da7fd2216b1.jpg.296x216.jpg
20200208,闵行,七宝,七宝万兆品质三房，三开间朝南，业主新装修，全屋地暖,518万,3室2厅 | 86.26平米 | 南 北 | 精装 | 高楼层(共6层) | 2000年建 | 板楼,https://image1.ljcdn.com/310000-inspection/prod-c677092a-e80f-432a-80cf-b37990a12326.jpg.296x216.jpg
20200208,闵行,七宝,笋盘满五， 精装全配，前后无遮挡，业主诚售。房主自荐,930万,3室2厅 | 130.58平米 | 南 | 精装 | 低楼层(共13层) | 2008年建 | 板楼,https://image1.ljcdn.com/310000-inspection/prod-57027d8f-ff90-459b-8a8b-0e98ca85ecf4.jpg.296x216.jpg
20200208,闵行,七宝,万科三期大平层，电梯房，精装修，白玉兰奖获得小区,1050万,4室1厅 | 192.68平米 | 南 | 精装 | 高楼层(共11层) | 2000年建 | 板楼,https://image1.ljcdn.com/310000-inspection/prod-28783c7c-254f-4d45-a324-75a66c28dae3.jpg.296x216.jpg
20200208,闵行,七宝,自然中 繁华里 大平层 万科城市花园 多数人安家之选,820万,4室1厅 | 162.24平米 | 南 | 毛坯 | 中楼层(共11层) | 1998年建 | 板楼,https://image1.ljcdn.com/310000-inspection/prod-525fab80-03dc-4c58-86ec-191133d35f56.jpg.296x216.jpg
20200208,闵行,七宝,七宝站地铁口 满2年税少 中间楼层 看房随时,480万,2室1厅 | 80.29平米 | 南 | 精装 | 低楼层(共6层) | 2007年建 | 板楼,https://image1.ljcdn.com/310000-inspection/test-643ebc25-3850-495f-a22e-11228f835e03.png.296x216.jpg
20200208,闵行,七宝,店长推荐，税少税低    一楼婚装拎包入住，南北通透,513万,3室2厅 | 102.87平米 | 东 南 北 | 精装 | 低楼层(共6层) | 1995年建 | 板楼,https://image1.ljcdn.com/310000-inspection/prod-07cdb5bd-f48c-41a3-b3e4-3c50df2c90ad.jpg.296x216.jpg
20200208,闵行,七宝,地铁口好位置 ，三房户型正气，配套齐全，带40平天井,443万,3室1厅 | 84平米 | 南 | 简装 | 低楼层(共6层) | 1996年建 | 板楼,https://image1.ljcdn.com/310000-inspection/pc1_XyKRJ6D0S_1.jpg.296x216.jpg
