20200208,闵行,颛桥,5号线龙湖天街旁，正气3房，满五唯一，景观位置，急售必看好房,299万,3室1厅 | 81.89平米 | 南 | 精装 | 高楼层(共6层) | 2005年建 | 板楼,https://image1.ljcdn.com/310000-inspection/prod-bb07236f-91fd-4332-9b5b-cfcb27688091.jpg.296x216.jpg
20200208,闵行,颛桥,近地铁800米 中间楼层 诚心出售必看好房,310万,2室2厅 | 80.22平米 | 南 | 精装 | 中楼层(共6层) | 1997年建 | 板楼,https://image1.ljcdn.com/310000-inspection/prod-ed98a3ab-4a4e-4de4-8d68-49e0d9ef8790.jpg.296x216.jpg
20200208,闵行,颛桥,君莲小区 中间位置三房 房型正气 飞机户型 看房方便必看好房,365万,3室2厅 | 107平米 | 南 | 简装 | 低楼层(共14层) | 2008年建 | 板楼,https://image1.ljcdn.com/310000-inspection/pc1_VNOw4YS5k_1.jpg.296x216.jpg
20200208,闵行,颛桥,君莲小区 优质三房 房型正气 飞机户型 看房方便必看好房,378万,3室2厅 | 108.59平米 | 南 | 简装 | 中楼层(共14层) | 2008年建 | 板楼,https://image1.ljcdn.com/310000-inspection/pc1_DFgmjMKuf_1.jpg.296x216.jpg
20200208,闵行,颛桥,电梯商品房，房龄新楼层好，精装修必看好房,335万,2室2厅 | 94.83平米 | 南 北 | 精装 | 中楼层(共11层) | 2011年建 | 板楼,https://image1.ljcdn.com/310000-inspection/pc1_MYiRBNMkL_1.jpg.296x216.jpg
20200208,闵行,颛桥,都市富苑 温馨之家 阳台风景美丽 神仙位置 出入方便必看好房,480万,3室2厅 | 131.29平米 | 南 | 精装 | 中楼层(共11层) | 2011年建 | 板楼,https://image1.ljcdn.com/310000-inspection/pc1_JHPKu03LQ_1.jpg.296x216.jpg
20200208,闵行,颛桥,复地北桥城(都市路399弄)(公寓) 2室1厅 255万必看好房,255万,2室1厅 | 67.86平米 | 南 | 毛坯 | 高楼层(共6层) | 2006年建 | 板楼,https://image1.ljcdn.com/310000-inspection/pc1_4cgz43s9V_1.jpg.296x216.jpg
20200208,闵行,颛桥,万达边，新挂牌大两房附带chao大花园，看房方便！必看好房,479万,2室1厅 | 97.75平米 | 南 | 精装 | 低楼层(共8层) | 2006年建 | 板楼,https://image1.ljcdn.com/310000-inspection/pc1_74JCuE23G_1.jpg.296x216.jpg
20200208,闵行,颛桥,满五唯一，有阁楼有楼台，税费低，近地铁必看好房,335万,3室2厅 | 114.64平米 | 南 | 精装 | 高楼层(共6层) | 2006年建 | 板楼,https://image1.ljcdn.com/310000-inspection/pc1_mgNzdI3KB_1.jpg.296x216.jpg
20200208,闵行,颛桥,一手动迁，楼层位置好，南北户型，得房率高，产权清晰必看好房,369万,2室2厅 | 84.8平米 | 南 | 毛坯 | 低楼层(共11层) | 2011年建 | 板楼,https://image1.ljcdn.com/310000-inspection/pc1_hhUcyrpiZ_1.jpg.296x216.jpg
20200208,闵行,颛桥,静享魔都之繁华，闹市中取静谧，生活就是享受的过程必看好房,258万,3室1厅 | 81.35平米 | 南 | 精装 | 中楼层(共6层) | 1994年建 | 板楼,https://image1.ljcdn.com/310000-inspection/pc1_5jMIGHUP9_1.jpg.296x216.jpg
20200208,闵行,颛桥,精装修，南北通，房子就等一个你必看好房,380万,2室2厅 | 90.56平米 | 南 | 精装 | 中楼层(共12层) | 2007年建 | 板楼,https://image1.ljcdn.com/310000-inspection/pc1_J495bAeTg_1.jpg.296x216.jpg
20200208,闵行,颛桥,精装修  业主诚意出售  楼层好  配套齐全 采光好必看好房,349万,2室1厅 | 76.65平米 | 南 北 | 精装 | 低楼层(共6层) | 1997年建 | 板楼,https://image1.ljcdn.com/310000-inspection/pc1_OfCuRragH_1.jpg.296x216.jpg
20200208,闵行,颛桥,电梯房 房龄新 房型正气 新毛坯 诚心卖看房方便必看好房,243万,2室1厅 | 73.26平米 | 南 北 | 毛坯 | 中楼层(共11层) | 2014年建 | 板楼,https://image1.ljcdn.com/310000-inspection/pc1_L1WroDxfU_1.jpg.296x216.jpg
20200208,闵行,颛桥,此房满五年  南北户型格局 楼层好 采光充足 近地铁必看好房,349万,2室2厅 | 83.46平米 | 南 | 毛坯 | 中楼层(共11层) | 2008年建 | 板楼,https://image1.ljcdn.com/310000-inspection/pc1_7ZL3Y0D6Y_1.jpg.296x216.jpg
20200208,闵行,颛桥,低总价，将来地铁口，出行方便 动迁房 近地铁 急售必看好房,270万,1室2厅 | 73.31平米 | 南 | 毛坯 | 低楼层(共11层) | 2008年建 | 板楼,https://image1.ljcdn.com/310000-inspection/pc1_nMLW02Nbq_1.jpg.296x216.jpg
20200208,闵行,颛桥,房子户型两南一北 总价低 原值高 税费少必看好房,320万,3室1厅 | 77.24平米 | 南 | 精装 | 高楼层(共6层) | 1995年建 | 板楼,https://image1.ljcdn.com/310000-inspection/pc1_GdCoEU4K7_1.jpg.296x216.jpg
20200208,闵行,颛桥,金都三居室 非顶层5楼 业主自住 接受面谈必看好房,375万,3室2厅 | 87.61平米 | 南 | 简装 | 高楼层(共6层) | 1994年建 | 板楼,https://image1.ljcdn.com/310000-inspection/pc1_EyYmP1bQU_1.jpg.296x216.jpg
20200208,闵行,颛桥,电梯大两房 满五年唯一 中间位置必看好房,435万,2室2厅 | 97.82平米 | 南 | 精装 | 中楼层(共8层) | 2001年建 | 板楼,https://image1.ljcdn.com/310000-inspection/pc1_so367USAd_1.jpg.296x216.jpg
20200208,闵行,颛桥,户型正气，视野好，采光充足，交通便利必看好房,258万,2室2厅 | 83.03平米 | 南 北 | 简装 | 高楼层(共6层) | 1994年建 | 板楼,https://image1.ljcdn.com/310000-inspection/pc1_4wkN1vzgU_1.jpg.296x216.jpg
20200208,闵行,颛桥,满五唯一，少税，精装修，次新房必看好房,250万,2室2厅 | 69.32平米 | 南 | 精装 | 低楼层(共6层) | 2004年建 | 板楼,https://image1.ljcdn.com/310000-inspection/pc1_dmQMPIGaf_1.jpg.296x216.jpg
20200208,闵行,颛桥,楼层好，采光好，动迁房，业主诚意出售必看好房,259万,1室1厅 | 59.18平米 | 南 | 简装 | 中楼层(共17层) | 2011年建 | 板楼,https://image1.ljcdn.com/310000-inspection/pc1_7UxUvlqFV_1.jpg.296x216.jpg
20200208,闵行,颛桥,店长推荐精装两房。南北通全明户型满五唯一随时可看必看好房,255万,2室1厅 | 63.12平米 | 南 | 精装 | 高楼层(共6层) | 1997年建 | 板楼,https://image1.ljcdn.com/310000-inspection/pc1_CUaKcoMLg_1.jpg.296x216.jpg
20200208,闵行,颛桥,爱庐两房 价格低 位置好 地铁口 居家装修必看好房,306万,2室2厅 | 82.69平米 | 北 | 简装 | 低楼层(共17层) | 2007年建 | 板楼,https://image1.ljcdn.com/310000-inspection/prod-27b83c70-c03b-4985-ad82-29025e60d6d5.jpg.296x216.jpg
20200208,闵行,颛桥,银都新村(1至7区) 2室1厅 265万必看好房,265万,2室1厅 | 70.1平米 | 东南 | 毛坯 | 低楼层(共6层) | 1995年建 | 板楼,https://image1.ljcdn.com/310000-inspection/pc1_WT5tyGa9A_1.jpg.296x216.jpg
20200208,闵行,颛桥,精装修+万达广场+五号线颛桥地铁站+小区环境优美必看好房,242万,2室1厅 | 62.24平米 | 南 | 精装 | 低楼层(共12层) | 2008年建 | 板楼,https://image1.ljcdn.com/310000-inspection/pc1_A2OPPmazZ_1.jpg.296x216.jpg
20200208,闵行,颛桥,君莲幸福苑高楼层一房 动迁税费少必看好房,236万,1室1厅 | 61.86平米 | 南 | 毛坯 | 高楼层(共17层) | 2012年建 | 板楼,https://image1.ljcdn.com/310000-inspection/pc1_GAFqmuIsW_1.jpg.296x216.jpg
20200208,闵行,颛桥,满五唯一精装修，视野开阔采光好，豆书机会未使用必看好房,255万,2室1厅 | 56.9平米 | 南 北 | 精装 | 高楼层(共6层) | 1995年建 | 板楼,https://image1.ljcdn.com/310000-inspection/pc1_C2lodsWdP_1.jpg.296x216.jpg
20200208,闵行,颛桥,日月华城+满五唯一+电梯高楼层+精装修+业主急售！必看好房,242万,1室1厅 | 59.38平米 | 南 | 精装 | 高楼层(共11层) | 2007年建 | 板楼,https://image1.ljcdn.com/310000-inspection/pc1_dVNvA7nnD_1.jpg.296x216.jpg
20200208,闵行,颛桥,刚挂3房，有钥匙，价格低，保养如新，前后景观必看好房,1388万,3室3厅 | 240.6平米 | 南 | 精装 | 高楼层(共30层) | 2015年建 | 板楼,https://image1.ljcdn.com/310000-inspection/pc1_MugD3Y4gT_1.jpg.296x216.jpg
20200208,闵行,颛桥,双地铁，近颛桥万达，临龙湖天街 出入高架隧道必看好房,358万,2室2厅 | 98.96平米 | 南 北 | 精装 | 中楼层(共6层) | 2006年建 | 板楼,https://image1.ljcdn.com/310000-inspection/pc1_UvAzAqmba_1.jpg.296x216.jpg
20200208,闵行,颛桥,动迁房满五年唯一 精装修婚房 保养好位置佳采光棒！必看好房,439万,3室2厅 | 98.35平米 | 南 北 | 精装 | 中楼层(共11层) | 2008年建 | 板楼,https://image1.ljcdn.com/310000-inspection/pc1_kbWFoBJZs_1.jpg.296x216.jpg
20200208,闵行,颛桥,贵峰苑 三期02年 满五唯一 采光充足 边套双南户型必看好房,335万,2室1厅 | 76.39平米 | 南 北 | 简装 | 高楼层(共6层) | 2002年建 | 板楼,https://image1.ljcdn.com/310000-inspection/prod-e8f8eebb-4959-4181-a303-63ae17c267c2.jpg.296x216.jpg
20200208,闵行,颛桥,外地人，新上海人婚房，首套扎根的一步，从这里开始。必看好房,173万,1室1厅 | 46.61平米 | 南 北 | 毛坯 | 中楼层(共6层) | 1994年建 | 板楼,https://image1.ljcdn.com/310000-inspection/pc1_y84DKcyq5_1.jpg.296x216.jpg
20200208,闵行,颛桥,南北通两房，一手动迁免增值税 高楼层必看好房,319万,2室1厅 | 84.85平米 | 南 北 | 简装 | 高楼层(共17层)  | 板楼,https://image1.ljcdn.com/310000-inspection/prod-15ba5980-8f15-4806-a794-2131389f5174.jpg.296x216.jpg
20200208,闵行,颛桥,颛溪八村两房 简单装修 视野开阔，采光通风效果好。必看好房,225万,2室1厅 | 58.18平米 | 南 | 简装 | 低楼层(共6层) | 1997年建 | 板楼,https://image1.ljcdn.com/310000-inspection/pc1_QaTncjeiQ_1.jpg.296x216.jpg
20200208,闵行,颛桥,近地铁，商品房小区 安静 住户素质好，急卖必看好房,228万,2室1厅 | 64.93平米 | 南 | 精装 | 低楼层(共8层) | 2007年建 | 板楼,https://image1.ljcdn.com/310000-inspection/test-914f1406-8bb1-4d66-b12b-dac25ef1a91b.png.296x216.jpg
20200208,闵行,颛桥,银都新村(1至7区) 2室1厅 273万必看好房,273万,2室1厅 | 56.22平米 | 南 | 其他 | 低楼层(共6层) | 1994年建 | 板楼,https://image1.ljcdn.com/310000-inspection/pc1_4NI3GH5Zm_1.jpg.296x216.jpg
20200208,闵行,颛桥,满五年不唯一，简装修，朝南户型，业主诚意出售必看好房,213万,1室1厅 | 42.78平米 | 南 | 简装 | 低楼层(共6层) | 1995年建 | 板楼,https://image1.ljcdn.com/310000-inspection/prod-c95d17db-1052-419b-b1a4-e40c9fe2f399.jpg.296x216.jpg
20200208,闵行,颛桥,位置安静带露台，有豆书机会，精装修拎包入住必看好房,227万,1室1厅 | 47.36平米 | 南 | 精装 | 高楼层(共6层) | 1995年建 | 板楼,https://image1.ljcdn.com/310000-inspection/prod-34ce22a1-6a71-455f-bf02-9cb02f255b01.jpg.296x216.jpg
20200208,闵行,颛桥,满五唯一！中间位置，600万装修可拎包入住，价格可谈必看好房,2130万,5室2厅 | 456.92平米 | 南 | 精装 | 2层 | 2009年建 | 板楼 | 独栋别墅,https://image1.ljcdn.com/310000-inspection/db0f4b1c-f629-486b-bfa1-e81922d7d0ae.jpg.296x216.jpg
20200208,闵行,颛桥,一手动迁 电梯三楼好楼层 靠草坪花园 不临街不靠路必看好房,298万,2室2厅 | 78.16平米 | 南 | 毛坯 | 低楼层(共9层) | 2010年建 | 板楼,https://image1.ljcdn.com/310000-inspection/bab97229-b7d4-44db-9496-288776dd8a22.jpg.296x216.jpg
20200208,闵行,颛桥,二期新房，保养好可直接入住，可看泳池，价格可谈税少,1600万,3室2厅 | 240平米 | 南 | 精装 | 高楼层(共29层) | 2015年建 | 板楼,https://image1.ljcdn.com/310000-inspection/0098289d-ceda-4c41-a652-bcba5b00e7eb.jpg.296x216.jpg
20200208,闵行,颛桥,好世三期 不靠河 不靠路 楼层好 南北通 户型方正,535万,2室2厅 | 95.04平米 | 南 北 | 毛坯 | 中楼层(共5层) | 2004年建 | 板楼,https://image1.ljcdn.com/310000-inspection/prod-a85e22da-255f-4516-8d07-8f4c260115df.jpg.296x216.jpg
20200208,闵行,颛桥,复地北桥城 经典一室户 中间楼层 采光无遮挡房主自荐,243万,1室1厅 | 61.97平米 | 南 | 精装 | 高楼层(共6层) | 2006年建 | 板楼,https://image1.ljcdn.com/310000-inspection/prod-aebf0050-cf03-4a90-9d16-46d950ea6670.jpg.296x216.jpg
20200208,闵行,颛桥,兴银花园 精装修大三房，两卫 视野开阔 拎包入住房主自荐,418万,3室2厅 | 118.68平米 | 南 | 精装 | 高楼层(共6层) | 1996年建 | 板楼,https://image1.ljcdn.com/310000-inspection/test-4e9b502b-66ef-478d-b7fc-044d65c9a2b3.png.296x216.jpg
20200208,闵行,颛桥,满二年，税费少，南北户型，配套完善，交通便利房主自荐,478万,3室2厅 | 107.69平米 | 南 | 精装 | 中楼层(共11层) | 2004年建 | 板楼,https://image1.ljcdn.com/310000-inspection/prod-4811bdbc-d62e-43bf-9e9b-1a678e1f7d12.jpg.296x216.jpg
20200208,闵行,颛桥,精装修，大飘窗，双阳台，楼层好，视野开阔房主自荐,368万,2室2厅 | 97.72平米 | 南 | 精装 | 高楼层(共11层) | 2011年建 | 板楼,https://image1.ljcdn.com/310000-inspection/pc1_hBZF38h79_1.jpg.296x216.jpg
20200208,闵行,颛桥,复地北桥城(都市路399弄)(公寓) 3室2厅 438万房主自荐,438万,3室2厅 | 127平米 | 南 | 精装 | 中楼层(共6层) | 2006年建 | 板楼,https://image1.ljcdn.com/310000-inspection/test-e449b2ec-d967-40fc-9285-681a7078c4be.png.296x216.jpg
20200208,闵行,颛桥,全南户型，采光好，高楼层，视野明亮，适合居住,350万,2室2厅 | 83.68平米 | 南 | 毛坯 | 中楼层(共11层) | 2013年建 | 板楼,https://image1.ljcdn.com/310000-inspection/pc1_FRfxMcP2B_1.jpg.296x216.jpg
20200208,闵行,颛桥,爱庐正气大两房，采光好，户型正气，业主诚意出售,368万,2室2厅 | 84.78平米 | 南 | 精装 | 低楼层(共17层) | 2007年建 | 板楼,https://image1.ljcdn.com/310000-inspection/prod-17ae62c3-c60d-4aed-a5e9-73fd4a9b20ed.jpg.296x216.jpg
20200208,闵行,颛桥,卫春三街坊 4室2厅 500万,500万,4室2厅 | 151.75平米 | 南 | 其他 | 高楼层(共6层) | 2004年建 | 板楼,https://image1.ljcdn.com/310000-inspection/pc1_P3PkTc7dK_1.jpg.296x216.jpg
20200208,闵行,颛桥,带产权车位，满五唯一，精装修三房，业主诚心出售房主自荐,508万,3室2厅 | 110平米 | 南 | 精装 | 中楼层(共6层) | 2004年建 | 板楼,https://image1.ljcdn.com/310000-inspection/prod-6c2ca0d8-eed7-40e7-8767-d5883a47cd25.jpg.296x216.jpg
20200208,闵行,颛桥,房子是满五年唯一，免个人所得税，户型好，采光充足，房主自荐,315万,3室2厅 | 110.12平米 | 南 | 简装 | 高楼层(共6层) | 1995年建 | 板楼,https://image1.ljcdn.com/310000-inspection/prod-ba9d5be7-a61b-4f13-bdaf-9597275eb68d.jpg.296x216.jpg
20200208,闵行,颛桥,地铁次新房  业主诚意出售 24小时看房 业主随时签约房主自荐,510万,2室2厅 | 111.38平米 | 南 | 精装 | 低楼层(共14层) | 2012年建 | 板楼,https://image1.ljcdn.com/310000-inspection/prod-d41808b7-bbc2-46ca-afd2-63496f48d60f.jpg.296x216.jpg
20200208,闵行,颛桥,满五，南北格局好，视野宽阔，采光充足，附有大花园,860万,6室3厅 | 180.88平米 | 南 | 精装 | 低楼层(共8层) | 2006年建 | 板楼,https://image1.ljcdn.com/310000-inspection/pc1_YsKFYBzqz_1.jpg.296x216.jpg
20200208,闵行,颛桥,户型正气｜厨卫全明｜南北格局｜冬暖夏凉｜看房随时房主自荐,390万,3室1厅 | 100.02平米 | 南 | 简装 | 中楼层(共6层) | 2007年建 | 板楼,https://image1.ljcdn.com/310000-inspection/pc1_9kSA4RTha_1.jpg.296x216.jpg
20200208,闵行,颛桥,屋况保养好，高区采光无忧，出国诚意出售,1710万,4室3厅 | 274.69平米 | 南 | 精装 | 高楼层(共28层) | 2015年建 | 板楼,https://image1.ljcdn.com/310000-inspection/pc1_HzgnWiUkw_1.jpg.296x216.jpg
20200208,闵行,颛桥,链家主推二期四房，价格可谈，满二税少，看房有钥匙,1645万,4室2厅 | 274.09平米 | 南 | 精装 | 中楼层(共28层) | 2015年建 | 板楼,https://image1.ljcdn.com/310000-inspection/pc1_RVaxcg2xQ_1.jpg.296x216.jpg
20200208,闵行,颛桥,万达旁 纯商品房 2+1正气户型 税费少  一楼 适合老人房主自荐,335万,2室2厅 | 87.26平米 | 南 | 毛坯 | 低楼层(共5层) | 2010年建 | 板楼,https://image1.ljcdn.com/310000-inspection/pc1_QQunEhTOm_1.jpg.296x216.jpg
20200208,闵行,颛桥,银春小区2房 中间4楼，看房方便有钥匙，诚意出售,235万,2室1厅 | 66.9平米 | 南 | 简装 | 中楼层(共6层) | 2004年建 | 板楼,https://image1.ljcdn.com/310000-inspection/test-5e1a0277-abee-41ec-8cd9-6efdd2307661.png.296x216.jpg
20200208,闵行,颛桥,此房位于小区中间位置，无遮挡，采光好，金三楼。,350万,2室2厅 | 95.77平米 | 南 | 简装 | 中楼层(共6层) | 1994年建 | 板楼,https://image1.ljcdn.com/310000-inspection/test-70ddb7a6-394b-4f02-9031-388c35161477.png.296x216.jpg
20200208,闵行,颛桥,楼层高位 前后无遮挡 采光好 诚意够房子 价格可谈房主自荐,310万,3室2厅 | 99.79平米 | 南 | 精装 | 高楼层(共6层) | 1995年建 | 板楼,https://image1.ljcdn.com/310000-inspection/prod-79f63a3e-298e-44a4-9201-a518272fcb22.jpg.296x216.jpg
20200208,闵行,颛桥,银桥花园  配套成熟 小区安静 业主诚意房主自荐,293万,3室2厅 | 98.51平米 | 南 北 | 精装 | 中楼层(共6层) | 1995年建 | 板楼,https://image1.ljcdn.com/310000-inspection/prod-b3ea4aa3-982e-405b-af86-520d0b2454d0.jpg.296x216.jpg
20200208,闵行,颛桥,满五年唯一，小区中间位置，带大露台 热门户型。房主自荐,448万,4室2厅 | 108.16平米 | 南 | 简装 | 高楼层(共6层) | 2002年建 | 板楼,https://image1.ljcdn.com/310000-inspection/prod-c0432964-39e8-458d-b001-e104fbb7fe0b.jpg.296x216.jpg
20200208,闵行,颛桥,贵峰苑三房改两房 中间楼层 小区中间位置 不靠路,345万,2室2厅 | 86.96平米 | 南 | 简装 | 中楼层(共6层) | 1994年建 | 板楼,https://image1.ljcdn.com/310000-inspection/test-be5e67d3-a03c-4456-b5cf-330dd3b38e96.png.296x216.jpg
20200208,闵行,颛桥,北桥  精装修 两房 南北通透  满五唯一  出行方便房主自荐,225万,2室1厅 | 62.68平米 | 南 北 | 精装 | 中楼层(共6层) | 1994年建 | 板楼,https://image1.ljcdn.com/310000-inspection/prod-5aea99de-a532-425e-a226-c65fc73a37fa.jpg.296x216.jpg
20200208,闵行,颛桥,金铭西边套77平温馨小两房 近5号线 户型好,395万,2室1厅 | 77.27平米 | 南 | 简装 | 低楼层(共15层) | 2014年建 | 板楼,https://image1.ljcdn.com/310000-inspection/test-e88d2af1-3d4a-4827-a6db-6501e64f06a1.png.296x216.jpg
20200208,闵行,颛桥,诚金榜大两居 环境好 别墅林立 近万达 户型采光好,345万,2室2厅 | 97.85平米 | 南 | 简装 | 中楼层(共6层) | 2006年建 | 板楼,https://image1.ljcdn.com/310000-inspection/pc1_IP6NFAwfV_1.jpg.296x216.jpg
20200208,闵行,颛桥,底价出售 电梯三楼东边套两居室 南北双阳台  环境好,335万,2室2厅 | 89.9平米 | 南 | 毛坯 | 低楼层(共11层) | 2010年建 | 板楼,https://image1.ljcdn.com/310000-inspection/pc1_v8Mc5bTDU_1.jpg.296x216.jpg
20200208,闵行,颛桥,正气南北通，婚房精装，采光足，拎包入住，产权清晰,335万,2室1厅 | 85平米 | 南 | 精装 | 低楼层(共17层) | 2011年建 | 板楼,https://image1.ljcdn.com/310000-inspection/pc1_WIksFnLA8_1.jpg.296x216.jpg
20200208,闵行,颛桥,仅1%个税！南北通透正气房型 低于市价诚售 看房随时！,349万,2室2厅 | 85.11平米 | 南 北 | 毛坯 | 低楼层(共11层) | 2013年建 | 板楼,https://image1.ljcdn.com/310000-inspection/pc1_4iYCTsIty_1.jpg.296x216.jpg
20200208,闵行,颛桥,07年次新房，顶楼带阁楼，使用面积大，近颛桥地铁站,450万,4室2厅 | 152.6平米 | 南 北 | 毛坯 | 高楼层(共6层) | 2004年建 | 板楼,https://image1.ljcdn.com/310000-inspection/prod-51b5a001-507d-4136-91ff-f2c3f1676b3e.jpg.296x216.jpg
20200208,闵行,颛桥,金塔新村  三室一厅 近北桥地铁站房主自荐,248万,3室1厅 | 81.35平米 | 南 北 | 简装 | 中楼层(共6层) | 1994年建 | 板楼,https://image1.ljcdn.com/310000-inspection/test-9519a1ea-c153-4b10-96fb-ce32a604c7da.png.296x216.jpg
20200208,闵行,颛桥,银桥花园  满五唯一 中间楼层 位置安静房主自荐,285万,2室2厅 | 85.44平米 | 南 | 精装 | 中楼层(共6层) | 1995年建 | 板楼,https://image1.ljcdn.com/310000-inspection/test-ccfeac25-8914-4f31-93c3-689eec03c1d1.png.296x216.jpg
20200208,闵行,颛桥,贵峰苑 3期复式 2002年楼龄新 精装修房主自荐,488万,4室3厅 | 111.93平米 | 南 北 | 精装 | 高楼层(共6层) | 2002年建 | 板楼,https://image1.ljcdn.com/310000-inspection/prod-5ac4eced-76ff-4996-a26d-c43a49e3383f.jpg.296x216.jpg
20200208,闵行,颛桥,链家热点：维一不靠S4三房户型、价格好谈、景观楼栋,1450万,3室3厅 | 241平米 | 南 北 | 精装 | 高楼层(共28层) | 2015年建 | 板楼,https://image1.ljcdn.com/310000-inspection/pc1_nfigvqFsG_1.jpg.296x216.jpg
20200208,闵行,颛桥,万顺水原墅（公寓） 阳光美丽 温馨之家 适合居住房主自荐,168万,1室1厅 | 46.29平米 | 南 北 | 精装 | 低楼层(共12层) | 2012年建 | 塔楼,https://image1.ljcdn.com/310000-inspection/pc1_tz4WIHMd0_1.jpg.296x216.jpg
20200208,闵行,颛桥,中间楼层，南北户型，居家装修，诚意出售，采光棒！,380万,2室2厅 | 82.8平米 | 南 | 精装 | 低楼层(共11层) | 2008年建 | 板楼,https://image1.ljcdn.com/310000-inspection/pc1_k23AKy1kY_1.jpg.296x216.jpg
20200208,闵行,颛桥,视野开阔、户型方正、坐北朝南、得房率高、厨卫全明房主自荐,360万,3室2厅 | 95.76平米 | 南 | 简装 | 低楼层(共6层) | 2002年建 | 板楼,https://image1.ljcdn.com/310000-inspection/prod-45f12f34-8684-4be0-821e-d25b2812163d.jpg.296x216.jpg
20200208,闵行,颛桥,复地北桥城 经典FUSHI房 满五唯一 无个税房主自荐,368万,3室2厅 | 106.43平米 | 南 | 简装 | 低楼层(共6层) | 2006年建 | 板楼,https://image1.ljcdn.com/310000-inspection/prod-929aa3eb-89d5-4347-a627-dcad675c51a9.jpg.296x216.jpg
20200208,闵行,颛桥,今天花园 带一个大阁楼，二胎无忧 露台 很大,555万,4室2厅 | 118.83平米 | 南 | 精装 | 高楼层(共6层) | 2003年建 | 板楼,https://image1.ljcdn.com/310000-inspection/test-9b39a829-9154-47f6-bc84-040e364fe6e2.png.296x216.jpg
20200208,闵行,颛桥,小区位置好，楼层好，户型好，家里唯一一套房子。,350万,3室2厅 | 110.16平米 | 南 | 简装 | 中楼层(共6层) | 1998年建 | 板楼,https://image1.ljcdn.com/310000-inspection/prod-6480e63b-260a-4203-b219-dc824f562af7.jpg.296x216.jpg
20200208,闵行,颛桥,出行方便， 南北两房，通透性好，安静舒适，房主自荐,448万,2室2厅 | 86.4平米 | 南 | 精装 | 高楼层(共4层) | 2006年建 | 板楼,https://image1.ljcdn.com/310000-inspection/prod-f546a11b-a774-4bd2-89b5-ed3d2146cbce.jpg.296x216.jpg
20200208,闵行,颛桥,银桥花园大三房，满五唯一，免个税，业主自住诚意卖,299万,3室2厅 | 99.79平米 | 南 | 简装 | 低楼层(共6层) | 1995年建 | 板楼,https://image1.ljcdn.com/310000-inspection/prod-a887a6e0-243d-476c-a5b1-9a035e2c0932.jpg.296x216.jpg
20200208,闵行,颛桥,房子位置好，中间楼层，户型好，南北通透，采光充足房主自荐,278万,2室1厅 | 80.86平米 | 南 北 | 简装 | 中楼层(共6层) | 1995年建 | 板楼,https://image1.ljcdn.com/310000-inspection/prod-d6e3eae6-9c73-4ac1-9fe3-58df866f2781.jpg.296x216.jpg
20200208,闵行,颛桥,星河湾二期，房东很爱干净，保养如新，另有6平的露台,1530万,3室2厅 | 238.91平米 | 南 | 精装 | 低楼层(共30层) | 2015年建 | 板楼,https://image1.ljcdn.com/310000-inspection/pc1_GXM06cmaz_1.jpg.296x216.jpg
20200208,闵行,颛桥,万顺水原墅(公寓) 5室2厅 1230万,1230万,5室2厅 | 298.26平米 | 南 | 其他 | 低楼层(共3层) | 2012年建 | 板楼,https://image1.ljcdn.com/310000-inspection/pc1_MzIBmzbek_1.jpg.296x216.jpg
20200208,闵行,颛桥,此房满五唯一两房业主自住保养干净产权清晰,275万,2室1厅 | 72.44平米 | 南 | 精装 | 中楼层(共6层) | 1994年建 | 板楼,https://image1.ljcdn.com/310000-inspection/pc1_uqHUu2DAa_1.jpg.296x216.jpg
20200208,闵行,颛桥,鑫峰苑动迁免增值税，大三房户型好，钥匙房诚售,472万,3室2厅 | 127.36平米 | 南 北 | 毛坯 | 高楼层(共6层) | 2007年建 | 板楼,https://image1.ljcdn.com/310000-inspection/pc1_A2dY6imwl_1.jpg.296x216.jpg
20200208,闵行,颛桥,南北直通大两房+2+1户型+满五+看房方便房主自荐,478万,2室2厅 | 98.98平米 | 南 北 | 精装 | 中楼层(共8层) | 2006年建 | 板楼,https://image1.ljcdn.com/310000-inspection/prod-f5013389-2410-4645-9f0d-465f8196d1b6.jpg.296x216.jpg
20200208,闵行,颛桥,1楼带花园 1复2 位置安静  房型正气 装修新,826万,5室2厅 | 166.82平米 | 南 | 精装 | 低楼层(共6层) | 2007年建 | 板楼,https://image1.ljcdn.com/310000-inspection/pc1_QL4xRTMtD_1.jpg.296x216.jpg
20200208,闵行,颛桥,枫泽苑精装修大三房 户型正气 满五唯一 交通便利,479万,3室2厅 | 124.3平米 | 南 | 精装 | 低楼层(共8层) | 2008年建 | 板楼,https://image1.ljcdn.com/310000-inspection/test-d0d8df2d-0695-404b-af4e-be5606d72d91.png.296x216.jpg
20200208,闵行,颛桥,静享魔都之繁华，取闹市中静谧，南北格局，户型方正,203万,2室1厅 | 62.68平米 | 南 | 简装 | 高楼层(共6层) | 1994年建 | 板楼,https://image1.ljcdn.com/310000-inspection/pc1_kz8LEKhlZ_1.jpg.296x216.jpg
20200208,闵行,颛桥,南北户型三房，沿河景观，动迁房，税费比较低！,429万,3室2厅 | 102.89平米 | 南 | 毛坯 | 低楼层(共11层) | 2010年建 | 板楼,https://image1.ljcdn.com/310000-inspection/pc1_66B6JpIFx_1.jpg.296x216.jpg
20200208,闵行,颛桥,三房带阁楼，有露台，满五税少，诚意出售,600万,3室2厅 | 117平米 | 南 | 简装 | 高楼层(共4层) | 2005年建 | 板楼,https://image1.ljcdn.com/310000-inspection/prod-4fe23b4a-8136-47ee-afa5-8ed5f45d92a6.jpg.296x216.jpg
20200208,闵行,颛桥,金铭文博水景，有钥匙两房，全明户型，近地铁，急售,470万,2室2厅 | 88.8平米 | 南 北 | 简装 | 低楼层(共8层) | 2014年建 | 板楼,https://image1.ljcdn.com/310000-inspection/pc1_PDxzuUwcO_1.jpg.296x216.jpg
20200208,闵行,颛桥,万顺水原墅 业主诚心卖 链家有钥匙 看房方便房主自荐,178万,1室1厅 | 45.84平米 | 南 | 简装 | 中楼层(共12层) | 2012年建 | 塔楼,https://image1.ljcdn.com/310000-inspection/pc1_svH1UWmM6_1.jpg.296x216.jpg
20200208,闵行,颛桥,双南毛坯2房，近5号线龙湖天街，有钥匙随时看，急售房主自荐,268万,2室1厅 | 72.3平米 | 南 | 毛坯 | 高楼层(共6层) | 2005年建 | 板楼,https://image1.ljcdn.com/310000-inspection/pc1_Pp1myXRWZ_1.jpg.296x216.jpg
20200208,闵行,颛桥,畅想真正的浪漫花园洋房生活，回家就是一种度假房主自荐,480万,2室1厅 | 88.56平米 | 南 北 | 精装 | 8层 | 2011年建 | 板楼,https://image1.ljcdn.com/310000-inspection/pc1_ydgYmw2UU_1.jpg.296x216.jpg
20200208,闵行,颛桥,高区景观房，通风好 采光足 看房方便房主自荐,365万,2室2厅 | 84.71平米 | 南 | 毛坯 | 高楼层(共18层) | 2013年建 | 板楼,https://image1.ljcdn.com/310000-inspection/pc1_ORSZumd0c_1.jpg.296x216.jpg
20200208,闵行,颛桥,满五唯一+中间楼层+银桥2期房源，户型正气房主自荐,186万,1室1厅 | 48.14平米 | 南 | 简装 | 低楼层(共6层) | 1998年建 | 板楼,https://image1.ljcdn.com/310000-inspection/prod-f5ec01b2-9f6a-4641-85a3-db6d42ae73d2.jpg.296x216.jpg
20200208,闵行,颛桥,双南全明户型，业主诚售，看房随时,223万,2室1厅 | 62.18平米 | 南 | 简装 | 高楼层(共6层) | 1995年建 | 板楼,https://image1.ljcdn.com/310000-inspection/prod-f2a944f7-62be-423b-b39a-70d2a11f96b7.jpg.296x216.jpg
20200208,闵行,颛桥,飞机户型 小区居中位置 采光好 通风好房主自荐,295万,3室2厅 | 118.96平米 | 南 | 简装 | 高楼层(共6层) | 1994年建 | 板楼,https://image1.ljcdn.com/310000-inspection/prod-de97ac07-7313-410e-b8b0-c456b82e70cf.jpg.296x216.jpg
20200208,闵行,颛桥,莘闵花园 五号线颛桥地铁站产权清晰可正常交易房主自荐,340万,2室1厅 | 99.52平米 | 南 | 简装 | 高楼层(共6层) | 1997年建 | 板楼,https://image1.ljcdn.com/310000-inspection/prod-9e239e79-cb85-47a8-aaeb-deae7e65643a.jpg.296x216.jpg
20200208,闵行,颛桥,日月华城精装修三房 户型正气 楼层好采光好,500万,3室2厅 | 133.48平米 | 南 | 精装 | 中楼层(共12层) | 2008年建 | 板楼,https://image1.ljcdn.com/310000-inspection/prod-d05f5599-de03-48bb-b83f-e63c15ab0e78.jpg.296x216.jpg
20200208,闵行,颛桥,动迁房，税费少，小区位置楼层好，看房方便,359万,2室2厅 | 86.82平米 | 南 | 毛坯 | 中楼层(共18层) | 2013年建 | 板楼,https://image1.ljcdn.com/310000-inspection/pc1_Jr7BrLiu8_1.jpg.296x216.jpg
20200208,闵行,颛桥,广润苑南北通两房，户型好，动迁房税费少，诚意出售,390万,2室2厅 | 84.86平米 | 南 北 | 毛坯 | 中楼层(共11层) | 2011年建 | 板楼,https://image1.ljcdn.com/310000-inspection/prod-8e4ba9d1-65c8-4f13-a5c0-18f62ba2c703.jpg.296x216.jpg
20200208,闵行,颛桥,房子是满两年税费少，精装修，可以拎包入住。房主自荐,275万,2室2厅 | 72.44平米 | 南 | 精装 | 高楼层(共6层) | 1994年建 | 板楼,https://image1.ljcdn.com/310000-inspection/prod-94a6770e-2c6d-45f6-8e93-330408ee6e9d.jpg.296x216.jpg
20200208,闵行,颛桥,大三房，有电梯，地铁直行，颛桥站就在旁边，诚意出售,630万,3室2厅 | 122.69平米 | 南 | 精装 | 高楼层(共7层) | 2006年建 | 板楼,https://image1.ljcdn.com/310000-inspection/prod-03764a8c-caba-4ee1-8630-fbdaca9bd4a3.jpg.296x216.jpg
20200208,闵行,颛桥,低楼层满五年唯一，三房两厅一卫，业主诚意出售,340万,3室2厅 | 105.83平米 | 南 | 简装 | 低楼层(共6层) | 1994年建 | 板楼,https://image1.ljcdn.com/310000-inspection/prod-7a656c0b-d487-4c09-b577-43aa85bd5543.jpg.296x216.jpg
20200208,闵行,颛桥,广润苑毛坯大三房，楼层好，位置佳，采光好诚意出售房主自荐,458万,3室2厅 | 102.89平米 | 南 北 | 毛坯 | 中楼层(共11层) | 2011年建 | 板楼,https://image1.ljcdn.com/310000-inspection/pc1_WMTIpsT0f_1.jpg.296x216.jpg
20200208,闵行,颛桥,诚意售，南北两房，精装修自住，满五，房东的首套房房主自荐,295万,2室1厅 | 77.2平米 | 南 | 精装 | 低楼层(共11层) | 2010年建 | 板楼,https://image1.ljcdn.com/310000-inspection/prod-de4b0418-ae42-41a6-b62c-0cc96e0128af.jpg.296x216.jpg
20200208,闵行,颛桥,本房为动迁房，税费少，楼层好，采光通风佳,269万,1室1厅 | 59.55平米 | 南 | 简装 | 中楼层(共17层) | 2011年建 | 板楼,https://image1.ljcdn.com/310000-inspection/prod-8b645322-9868-4fd3-ae96-c4c67a5b5748.jpg.296x216.jpg
20200208,闵行,颛桥,双南户型  房型正气 诚心出售 看房随时方便,264万,2室1厅 | 74平米 | 南 | 精装 | 低楼层(共6层) | 2004年建 | 板楼,https://image1.ljcdn.com/310000-inspection/prod-10b40dd3-5795-4796-a3f6-380811f32746.jpg.296x216.jpg
20200208,闵行,颛桥,满五唯一税少+中间楼层+业主诚意出售+看房方便房主自荐,363万,2室2厅 | 88.52平米 | 南 | 简装 | 中楼层(共6层) | 2003年建 | 板楼,https://image1.ljcdn.com/310000-inspection/pc1_WEAc1hLem_1.jpg.296x216.jpg
20200208,闵行,颛桥,品质小区，南北通户型采光充足，带阁楼有大露台，诚售房主自荐,368万,2室1厅 | 72.93平米 | 南 | 简装 | 高楼层(共5层) | 2005年建 | 板楼,https://image1.ljcdn.com/310000-inspection/prod-b57e4fef-f095-4a73-9924-000fb5342636.jpg.296x216.jpg
20200208,闵行,颛桥,精装两房，价格可谈，诚意出售，田园双语房主自荐,465万,2室2厅 | 97.87平米 | 南 | 精装 | 低楼层(共7层) | 2008年建 | 板楼,https://image1.ljcdn.com/310000-inspection/test-d8181738-0a00-452e-9635-3fdf148b2e4d.png.296x216.jpg
20200208,闵行,颛桥,业主诚心出售 中间楼层   看中随时可签,349万,2室1厅 | 92.11平米 | 南 北 | 精装 | 中楼层(共6层) | 2008年建 | 板楼,https://image1.ljcdn.com/310000-inspection/prod-a51ea9e1-bbaa-4b56-96b8-d6a815f451d4.jpg.296x216.jpg
20200208,闵行,颛桥,华庭三期+电梯房+精装修+次新房+看房方便+配套齐全,371万,2室2厅 | 92.95平米 | 南 北 | 精装 | 低楼层(共11层) | 2008年建 | 板楼,https://image1.ljcdn.com/310000-inspection/prod-25fe451c-b43a-4374-8da1-960fc368b1a2.jpg.296x216.jpg
20200208,闵行,颛桥,房龄新，带阁楼，业主诚心出售，近地铁，小区环境优美房主自荐,450万,3室2厅 | 116.6平米 | 南 | 简装 | 高楼层(共6层) | 2007年建 | 板楼,https://image1.ljcdn.com/310000-inspection/prod-66cadfad-de6f-4b0a-adfa-d077469a88bc.jpg.296x216.jpg
20200208,闵行,颛桥,南北格局好，电梯中层，前后无遮挡，业主诚售房主自荐,460万,2室2厅 | 104.83平米 | 南 | 简装 | 中楼层(共8层) | 2001年建 | 板楼,https://image1.ljcdn.com/310000-inspection/prod-c907173d-c263-47e1-9c87-f7274abfdcd1.jpg.296x216.jpg
20200208,闵行,颛桥,笋盘，精装修满五年唯一，户型好，全明。,280万,2室1厅 | 82.45平米 | 南 | 精装 | 高楼层(共6层) | 1995年建 | 板楼,https://image1.ljcdn.com/310000-inspection/pc1_hNsmb7ndW_1.jpg.296x216.jpg
20200208,闵行,颛桥,爱庐正统大三房，三开间朝南小区优质位置,455万,3室2厅 | 104.97平米 | 南 北 | 精装 | 低楼层(共14层) | 2007年建 | 板楼,https://image1.ljcdn.com/310000-inspection/pc1_ufdoFWvpv_1.jpg.296x216.jpg
20200208,闵行,颛桥,采光充足 户型正气 满五唯一无个税房主自荐,360万,3室1厅 | 87.35平米 | 南 | 简装 | 高楼层(共6层) | 1994年建 | 板楼,https://image1.ljcdn.com/310000-inspection/pc1_yhu230WCv_1.jpg.296x216.jpg
20200208,闵行,颛桥,双南户型，南北通的，带产权车库，客厅卧室双阳台。房主自荐,490万,3室2厅 | 118.99平米 | 南 北 | 简装 | 中楼层(共6层) | 1996年建 | 板楼,https://image1.ljcdn.com/310000-inspection/pc1_8ImPnFMZ4_1.jpg.296x216.jpg
20200208,闵行,颛桥,满五唯一，精装修拎包即住，三房南通通顶楼带25平阁楼,420万,3室2厅 | 124.19平米 | 南 | 精装 | 高楼层(共6层) | 1997年建 | 板楼,https://image1.ljcdn.com/310000-inspection/pc1_i1qfinzIR_1.jpg.296x216.jpg
20200208,闵行,颛桥,小区位置好，视野开阔，装修好，满五年唯一，税费少,328万,3室2厅 | 110.12平米 | 南 北 | 精装 | 高楼层(共6层) | 1995年建 | 板楼,https://image1.ljcdn.com/310000-inspection/pc1_kaBUVgA8t_1.jpg.296x216.jpg
20200208,闵行,颛桥,电梯两房南北通，满五唯一，位置好楼层好，业主急售,460万,2室2厅 | 108.78平米 | 南 北 | 精装 | 中楼层(共11层) | 2004年建 | 板楼,https://image1.ljcdn.com/310000-inspection/pc1_G0Fdx3RMR_1.jpg.296x216.jpg
20200208,闵行,颛桥,南北通户型，居家装修，好楼层，采光视野,358万,2室2厅 | 84.43平米 | 南 | 简装 | 低楼层(共17层) | 2011年建 | 板楼,https://image1.ljcdn.com/310000-inspection/pc1_umEWVcphT_1.jpg.296x216.jpg
20200208,闵行,颛桥,户型正气，视野好，采光充足，交通便利，生活配套齐全,280万,3室1厅 | 80.5平米 | 南 | 简装 | 高楼层(共6层) | 1995年建 | 板楼,https://image1.ljcdn.com/310000-inspection/pc1_ODgDKJRGJ_1.jpg.296x216.jpg
20200208,闵行,颛桥,装修布局合理    装修两年 要求不高拎包入住,620万,3室2厅 | 119.98平米 | 南 北 | 精装 | 低楼层(共15层) | 2016年建 | 板楼,https://image1.ljcdn.com/310000-inspection/pc1_9cALymFw6_1.jpg.296x216.jpg
20200208,闵行,颛桥,业主诚心出售，满五唯一，中间楼层，位置好。房主自荐,345万,3室2厅 | 109.32平米 | 南 | 精装 | 中楼层(共6层) | 1995年建 | 板楼,https://image1.ljcdn.com/310000-inspection/pc1_QYon8GOs9_1.jpg.296x216.jpg
20200208,闵行,颛桥,满五年唯一，税费少。精装修，南北户型，视野好采光好,290万,2室2厅 | 85.44平米 | 南 北 | 精装 | 高楼层(共6层) | 1995年建 | 板楼,https://image1.ljcdn.com/310000-inspection/pc1_97DRUT4pB_1.jpg.296x216.jpg
20200208,闵行,颛桥,双南户型，居家装修，楼间距大采光好，诚心出售,330万,2室2厅 | 84.81平米 | 南 | 简装 | 低楼层(共11层) | 2010年建 | 板楼,https://image1.ljcdn.com/310000-inspection/pc1_CKHB3zJMi_1.jpg.296x216.jpg
20200208,闵行,颛桥,满五唯一，税费低，位置好，楼层好，采光好。,495万,3室2厅 | 107.48平米 | 南 | 简装 | 中楼层(共11层) | 2007年建 | 板楼,https://image1.ljcdn.com/310000-inspection/pc1_4tLE74Q36_1.jpg.296x216.jpg
20200208,闵行,颛桥,金塔新村飞机户型，南北户型，无遮挡，视野佳,260万,3室1厅 | 81.35平米 | 南 | 简装 | 高楼层(共6层) | 1995年建 | 板楼,https://image1.ljcdn.com/310000-inspection/pc1_KlFgcVqIn_1.jpg.296x216.jpg
20200208,闵行,颛桥,诚售 五号线颛桥 六楼全明三室一厅户型 出租中~,285万,3室1厅 | 78平米 | 南 北 | 简装 | 高楼层(共6层) | 1995年建 | 板楼,https://image1.ljcdn.com/310000-inspection/pc1_oa5SXoykm_1.jpg.296x216.jpg
20200208,闵行,颛桥,颛溪七村 2室2厅 295万房主自荐,295万,2室2厅 | 78.9平米 | 南 | 精装 | 低楼层(共6层) | 1994年建 | 板楼,https://image1.ljcdn.com/310000-inspection/pc1_nf4HmWWql_1.jpg.296x216.jpg
20200208,闵行,颛桥,精装修   总价低   满五唯一税费少   看房提前预约,550万,4室2厅 | 154.07平米 | 南 北 | 简装 | 高楼层(共6层) | 2002年建 | 板楼,https://image1.ljcdn.com/310000-inspection/prod-9f86e595-a616-483d-9f87-4fbb1e4908c1.jpg.296x216.jpg
20200208,闵行,颛桥,复地北桥城 精装修 地暖空调，拎包入住，附北大露台,580万,3室1厅 | 126.26平米 | 南 | 精装 | 高楼层(共5层) | 2010年建 | 板楼,https://image1.ljcdn.com/310000-inspection/prod-b794b0cd-a1d1-460a-9dfc-8598b3059fb6.jpg.296x216.jpg
20200208,闵行,颛桥,景观位置，，业主置换诚意售，看房方便,450万,3室1厅 | 123.04平米 | 南 | 精装 | 低楼层(共14层)  | 板楼,https://image1.ljcdn.com/310000-inspection/test-c4a9ba06-0d69-4c7a-a0ba-7dda4838ac2b.png.296x216.jpg
20200208,闵行,颛桥,申良三开间朝南大三房+中间楼层+位置佳+业主诚意出售房主自荐,430万,3室2厅 | 118.42平米 | 南 | 精装 | 中楼层(共6层) | 1994年建 | 板楼,https://image1.ljcdn.com/310000-inspection/prod-b2a72ecc-1c0a-40be-8625-8a182ac5b1ad.jpg.296x216.jpg
20200208,闵行,颛桥,招商雍华府，品质小区。2+1户型，带11平大露台房主自荐,479万,2室2厅 | 78.91平米 | 南 | 精装 | 8层 | 2010年建 | 板楼,https://image1.ljcdn.com/310000-inspection/prod-4699dee3-9e32-4751-a20d-16ea6c79123c.jpg.296x216.jpg
20200208,闵行,颛桥,银都新村(8至10区) 2室1厅 288万,288万,2室1厅 | 70.1平米 | 西 西南 | 简装 | 高楼层(共6层) | 1995年建 | 板楼,https://image1.ljcdn.com/310000-inspection/pc1_ll9FR7t75_1.jpg.296x216.jpg
20200208,闵行,颛桥,银都新村(8至10区) 2室1厅 259万,259万,2室1厅 | 54.13平米 | 南 | 简装 | 低楼层(共6层) | 1995年建 | 板楼,https://image1.ljcdn.com/310000-inspection/pc1_XR4OxrdrS_1.jpg.296x216.jpg
20200208,闵行,颛桥,近地铁+满五唯一+好楼层好位置+价格可谈房主自荐,318万,2室2厅 | 84.67平米 | 南 | 简装 | 中楼层(共6层) | 1997年建 | 板楼,https://image1.ljcdn.com/310000-inspection/prod-e6eea54c-4fa3-4f71-8e50-18ba44896029.jpg.296x216.jpg
20200208,闵行,颛桥,三房朝南户型好 一手动迁税费少 满五唯一 诚意出售房主自荐,382万,3室1厅 | 92.33平米 | 南 | 简装 | 高楼层(共6层) | 1999年建 | 板楼,https://image1.ljcdn.com/310000-inspection/prod-2c161979-02ff-443e-8aba-638f654a29f5.jpg.296x216.jpg
20200208,闵行,颛桥,诚  心  出  售 满  五  唯   一房主自荐,330万,2室2厅 | 80.81平米 | 南 | 精装 | 高楼层(共6层) | 2005年建 | 板楼,https://image1.ljcdn.com/310000-inspection/prod-1bd6f2ac-d9f5-495c-9e5f-f9890d053353.jpg.296x216.jpg
20200208,闵行,颛桥,满五唯一，双南采光棒 ，业主诚售，近5号线颛桥站房主自荐,263万,2室1厅 | 70.82平米 | 南 | 简装 | 中楼层(共6层) | 1997年建 | 板楼,https://image1.ljcdn.com/310000-inspection/prod-64e9f3f2-f737-4fd3-8291-733edbfcf7de.jpg.296x216.jpg
20200208,闵行,颛桥,荣顺苑颛桥地铁站，南北通全明户型，居家精装房主自荐,435万,3室2厅 | 110.2平米 | 南 | 简装 | 低楼层(共6层) | 2004年建 | 板楼,https://image1.ljcdn.com/310000-inspection/prod-115804fd-4295-4838-af73-1f8db49f21a2.jpg.296x216.jpg
20200208,闵行,颛桥,五村少有双南户型采光棒 ，业主诚售，近5号线颛桥站,251万,2室1厅 | 67.43平米 | 南 | 简装 | 高楼层(共6层) | 1994年建 | 板楼,https://image1.ljcdn.com/310000-inspection/pc1_SmQ6la9Hc_1.jpg.296x216.jpg
20200208,闵行,颛桥,新出大平层，业主诚售，可以自由装修,970万,4室3厅 | 243.96平米 | 南 | 毛坯 | 低楼层(共11层) | 2008年建 | 板楼,https://image1.ljcdn.com/310000-inspection/pc1_jZyqyemQ5_1.jpg.296x216.jpg
20200208,闵行,颛桥,颛桥万达广场旁，招商雍华府景观位置带露台带车位房主自荐,505万,2室2厅 | 79.86平米 | 南 | 精装 | 8层 | 2011年建 | 板楼,https://image1.ljcdn.com/310000-inspection/prod-77bab866-988b-4274-bd88-8c10eecb7b6e.jpg.296x216.jpg
20200208,闵行,颛桥,商品房 近地铁5号线 满五唯一 满北通透 户型正气房主自荐,349万,2室2厅 | 92.29平米 | 南 | 精装 | 高楼层(共6层) | 2008年建 | 板楼,https://image1.ljcdn.com/310000-inspection/prod-6a1552eb-ab89-40b3-a7ee-b55760485347.jpg.296x216.jpg
20200208,闵行,颛桥,一梯两户，房龄新环境优美，6复7带阁楼随时可看带露台,500万,4室2厅 | 139.35平米 | 南 | 精装 | 高楼层(共6层) | 2004年建 | 板楼,https://image1.ljcdn.com/310000-inspection/pc1_xdDD2jewW_1.jpg.296x216.jpg
20200208,闵行,颛桥,邻万达，众众德尚，南北两房，诚意出售，满五唯一房主自荐,425万,2室2厅 | 93.27平米 | 南 | 精装 | 低楼层(共6层) | 2006年建 | 板楼,https://image1.ljcdn.com/310000-inspection/prod-c4698672-a4d4-43c1-9e8a-23700bc3469d.png.296x216.jpg
20200208,闵行,颛桥,中间楼层沿河景观，全明户型，动迁税少，无遮挡采光好,348万,2室2厅 | 83.9平米 | 南 | 毛坯 | 低楼层(共11层) | 2013年建 | 板楼,https://image1.ljcdn.com/310000-inspection/prod-04a1ccf8-0b40-484f-b58b-67ce567e1c7c.jpg.296x216.jpg
20200208,闵行,颛桥,房型佳 满五年唯一 税费少 拎包入住 诚意出售房主自荐,259万,2室1厅 | 64.52平米 | 南 | 精装 | 高楼层(共17层) | 2008年建 | 板楼,https://image1.ljcdn.com/310000-inspection/prod-9d7b4385-ccf5-40ed-b8d1-7d08ef8a33bd.jpg.296x216.jpg
20200208,闵行,颛桥,万达旁，品质小区满五年税低，双南户型！房主自荐,450万,2室2厅 | 101.34平米 | 南 | 精装 | 低楼层(共4层) | 2006年建 | 板楼,https://image1.ljcdn.com/310000-inspection/prod-cea55e06-f97e-40fa-acef-e985e44fe319.jpg.296x216.jpg
20200208,闵行,颛桥,申良花园 精装修大两房 满五年唯一无个税 诚意卖房主自荐,339万,2室2厅 | 98平米 | 南 北 | 精装 | 高楼层(共6层) | 1994年建 | 板楼,https://image1.ljcdn.com/310000-inspection/prod-a3144676-713e-4e47-a376-4c1c0f08a971.jpg.296x216.jpg
20200208,闵行,颛桥,南北通户型明，采光棒 ，业主诚售，近5号线颛桥站房主自荐,313万,3室2厅 | 98.92平米 | 南 | 简装 | 高楼层(共6层) | 1996年建 | 板楼,https://image1.ljcdn.com/310000-inspection/prod-49a2ae19-a8bc-412c-b30c-345851161b85.jpg.296x216.jpg
20200208,闵行,颛桥,万 顺 水 原 墅  精 装 修 一 居 室房主自荐,195万,1室1厅 | 58.55平米 | 南 北 | 精装 | 高楼层(共11层) | 2012年建 | 塔楼,https://image1.ljcdn.com/310000-inspection/prod-65a0d838-8d42-49b8-871b-c0694546f16f.jpg.296x216.jpg
20200208,闵行,颛桥,小区很好位置，双南两房，一手动迁，税少，看房方便,365万,2室2厅 | 84.69平米 | 南 | 简装 | 低楼层(共11层) | 2011年建 | 板楼,https://image1.ljcdn.com/310000-inspection/prod-1a711e0f-da52-41be-8897-7782327c4e99.jpg.296x216.jpg
20200208,闵行,颛桥,闵行， 5号线 ，龙湖旁 ，双 南 两 室。房主自荐,269万,2室1厅 | 74.23平米 | 南 | 精装 | 中楼层(共6层) | 2004年建 | 板楼,https://image1.ljcdn.com/310000-inspection/prod-5274369d-7e15-4eed-9303-f26f267532ee.jpg.296x216.jpg
20200208,闵行,颛桥,南北户型，钻石楼层，视野一览无余，业主置换诚售！房主自荐,379万,2室2厅 | 85.49平米 | 南 | 简装 | 高楼层(共11层) | 2010年建 | 板楼,https://image1.ljcdn.com/310000-inspection/prod-145d82df-0b68-4d6c-a7f0-9544094885d2.jpg.296x216.jpg
20200208,闵行,颛桥,都市富苑 楼间距离大 舒服的装修 阳光充足 绿化小桥河房主自荐,375万,3室2厅 | 97.4平米 | 南 | 精装 | 低楼层(共11层) | 2011年建 | 板楼,https://image1.ljcdn.com/310000-inspection/prod-49902919-527c-4b1b-bd5d-67d1dca6e182.jpg.296x216.jpg
20200208,闵行,颛桥,近地铁，小两房 户型正气 精装修 诚心出售房主自荐,260万,2室1厅 | 59.95平米 | 西 | 精装 | 高楼层(共6层) | 2005年建 | 板楼,https://image1.ljcdn.com/310000-inspection/prod-68b78eeb-523b-4845-a3d2-11bb3ecf3193.jpg.296x216.jpg
20200208,闵行,颛桥,户型正气的三房  两房朝南 边套 全明户型,285万,3室1厅 | 84.3平米 | 南 | 毛坯 | 高楼层(共6层) | 1996年建 | 板楼,https://image1.ljcdn.com/310000-inspection/prod-c409c2f0-b688-49b1-aca3-7c83c505a15d.jpg.296x216.jpg
20200208,闵行,颛桥,房子满五唯一，出行便利，诚意出售，有电梯,438万,2室2厅 | 91.16平米 | 南 | 精装 | 低楼层(共6层) | 2006年建 | 板楼,https://image1.ljcdn.com/310000-inspection/pc1_mBgjORZpk_1.jpg.296x216.jpg
20200208,闵行,颛桥,精装两居室 双南户型 诚意出售,325万,2室1厅 | 85.48平米 | 南 | 精装 | 低楼层(共17层) | 2007年建 | 板楼,https://image1.ljcdn.com/310000-inspection/pc1_y6AMdGa0x_1.jpg.296x216.jpg
20200208,闵行,颛桥,诚售丨双开间朝南 税少 南北通 纯毛坯 小区花园位置,245万,1室1厅 | 62.65平米 | 南 | 简装 | 低楼层(共14层) | 2010年建 | 板楼,https://image1.ljcdn.com/310000-inspection/pc1_0p9VhXiQe_1.jpg.296x216.jpg
20200208,闵行,颛桥,毛坯两房两厅，双南户型，位置安静，诚意出售,365万,2室2厅 | 85.28平米 | 南 | 毛坯 | 中楼层(共17层) | 2007年建 | 板楼,https://image1.ljcdn.com/310000-inspection/pc1_vlBVfrKbr_1.jpg.296x216.jpg
20200208,闵行,颛桥,爱庐大三房， 此房满五唯一，简单装修房主自荐,450万,3室2厅 | 107.61平米 | 南 | 精装 | 中楼层(共11层) | 2007年建 | 板楼,https://image1.ljcdn.com/310000-inspection/pc1_cJSZ1tuUq_1.jpg.296x216.jpg
20200208,闵行,颛桥,14年小区+万达广场+颛桥五号线地铁站+业主诚意出售房主自荐,465万,2室2厅 | 111.6平米 | 南 | 毛坯 | 低楼层(共14层) | 2014年建 | 板楼,https://image1.ljcdn.com/310000-inspection/prod-784c1a85-8a59-46ba-a6e1-12e36bff06fa.jpg.296x216.jpg
20200208,闵行,颛桥,税费少，毛坯，买来自己装修，看房方便房主自荐,265万,3室1厅 | 78.53平米 | 南 | 毛坯 | 高楼层(共6层) | 2004年建 | 板楼,https://image1.ljcdn.com/310000-inspection/prod-ac8d7aae-8ce2-4c82-9df1-ab72e4d020f3.jpg.296x216.jpg
20200208,闵行,颛桥,上良小区 1室1厅 175万,175万,1室1厅 | 48.06平米 | 南 | 简装 | 高楼层(共6层) | 1991年建 | 板楼,https://image1.ljcdn.com/310000-inspection/prod-e8c2829a-10d0-4d3f-a0fc-e2d112ebf8be.jpg.296x216.jpg
20200208,闵行,颛桥,业主急售+户型好+业主十分诚意+看房提前约,299万,2室2厅 | 83.95平米 | 南 北 | 简装 | 高楼层(共6层) | 2007年建 | 板楼,https://image1.ljcdn.com/310000-inspection/pc1_rt7qiJCcs_1.jpg.296x216.jpg
20200208,闵行,颛桥,贵峰苑一房 精装可拎包入住 楼层好居住适宜,266万,1室1厅 | 60.68平米 | 南 | 精装 | 中楼层(共6层) | 2009年建 | 板楼,https://image1.ljcdn.com/310000-inspection/prod-354e0832-66ae-4968-bbf4-9179752dbd82.jpg.296x216.jpg
20200208,闵行,颛桥,爱庐世纪新苑 业主急售 沿河景观 税费少 看房方便房主自荐,251万,1室1厅 | 58.81平米 | 南 | 简装 | 低楼层(共11层) | 2007年建 | 板楼,https://image1.ljcdn.com/310000-inspection/prod-5556874f-91b5-4e26-98d7-e6c3455fa1a6.jpg.296x216.jpg
20200208,闵行,颛桥,骏苑(二期) 4室1厅 418万,418万,4室1厅 | 133平米 | 南 | 其他 | 低楼层(共11层) | 2009年建 | 板楼,https://image1.ljcdn.com/310000-inspection/test-c0c2759b-814e-4d88-92f2-8c24fa6f5981.png.296x216.jpg
20200208,闵行,颛桥,正规大三房 看房随时 房型方正 品质装修,570万,3室2厅 | 131.51平米 | 南 | 简装 | 高楼层(共6层) | 2002年建 | 板楼,https://image1.ljcdn.com/310000-inspection/test-e3eb4773-3bd1-4337-903d-5b21873c413b.png.296x216.jpg
20200208,闵行,颛桥,双南户型，税费少，诚意出售，户型正气，楼层采光好,349万,2室2厅 | 84.69平米 | 南 | 毛坯 | 低楼层(共11层) | 2010年建 | 板楼,https://image1.ljcdn.com/310000-inspection/prod-d2593cc2-1d93-4d56-a568-3736deaf5080.jpg.296x216.jpg
20200208,闵行,颛桥,颛桥购物方便200米万达 中间楼层带电梯房主自荐,500万,2室2厅 | 98平米 | 南 | 精装 | 中楼层(共8层) | 2006年建 | 板楼,https://image1.ljcdn.com/310000-inspection/prod-e42cc491-ca7b-49e3-b625-fa30fcb1ab42.jpg.296x216.jpg
20200208,闵行,颛桥,动迁房，免增值税，电梯大三房，2014年房龄，诚心卖,390万,3室2厅 | 121.87平米 | 南 | 毛坯 | 中楼层(共11层) | 2014年建 | 板楼,https://image1.ljcdn.com/310000-inspection/pc1_Otu7k1OhZ_1.jpg.296x216.jpg
20200208,闵行,颛桥,贵峰苑 精装3房 采光好 车位充足房主自荐,420万,3室1厅 | 89.37平米 | 南 | 精装 | 高楼层(共6层) | 1999年建 | 板楼,https://image1.ljcdn.com/310000-inspection/prod-5d49f1d6-90d8-4f8c-bef0-f48bce032825.jpg.296x216.jpg
20200208,闵行,颛桥,此房满五唯一   户型正气的三房   欢迎您来品荐,450万,3室2厅 | 118.54平米 | 北 南 | 简装 | 高楼层(共6层) | 2003年建 | 板楼,https://image1.ljcdn.com/310000-inspection/prod-5d428f0e-5333-4cdd-9cb9-6616c5387183.jpg.296x216.jpg
20200208,闵行,颛桥,新上兴银花园双南两房，业主诚意出售，欢迎看房房主自荐,276万,2室1厅 | 71.2平米 | 南 | 简装 | 高楼层(共6层) | 1997年建 | 板楼,https://image1.ljcdn.com/310000-inspection/prod-9cab893d-a649-404b-943e-1c7efd962bd8.jpg.296x216.jpg
20200208,闵行,颛桥,精装修  顶楼带阁楼  房龄新 距离地铁站500米房主自荐,347万,3室2厅 | 114.56平米 | 南 北 | 精装 | 高楼层(共6层) | 2006年建 | 板楼,https://image1.ljcdn.com/310000-inspection/pc1_nL8kCg8Jy_1.jpg.296x216.jpg
20200208,闵行,颛桥,爱庐世纪新苑 南北两房 位置安静 诚意出售,368万,2室2厅 | 84.2平米 | 南 | 简装 | 中楼层(共5层) | 2007年建 | 板楼,https://image1.ljcdn.com/310000-inspection/pc1_pAd4fTu88_1.jpg.296x216.jpg
20200208,闵行,颛桥,房子双南 采光跟通透好 户型正气 小区位置好房主自荐,295万,2室2厅 | 82.24平米 | 南 | 简装 | 中楼层(共6层) | 1995年建 | 板楼,https://image1.ljcdn.com/310000-inspection/pc1_MFT6jHFYm_1.jpg.296x216.jpg
20200208,闵行,颛桥,婚房装修带地暖+小区中间位置+中间楼层+配套成熟,330万,2室2厅 | 77平米 | 南 | 精装 | 中楼层(共6层) | 2010年建 | 板楼,https://image1.ljcdn.com/310000-inspection/pc1_ywEpTTFGn_1.jpg.296x216.jpg
20200208,闵行,颛桥,兴银花园 带天井使用面积大 满五年唯一 看房随时,197万,1室1厅 | 45.11平米 | 南 | 简装 | 低楼层(共6层) | 1997年建 | 板楼,https://image1.ljcdn.com/310000-inspection/pc1_jDa0kHE6Y_1.jpg.296x216.jpg
20200208,闵行,颛桥,5号线龙湖天街旁，精装双南2房，满五唯一，附家电家具房主自荐,280万,2室1厅 | 72.08平米 | 南 北 | 精装 | 高楼层(共6层) | 2005年建 | 板楼,https://image1.ljcdn.com/310000-inspection/pc1_qj6rn5CyL_1.jpg.296x216.jpg
20200208,闵行,颛桥,精装修  视野宽阔  采光好  楼龄新  户型好,540万,3室2厅 | 120.25平米 | 南 | 精装 | 高楼层(共6层) | 2004年建 | 板楼,https://image1.ljcdn.com/310000-inspection/pc1_2osJSsYW1_1.jpg.296x216.jpg
20200208,闵行,颛桥,三室两厅 飞机户型 南北 位置安静 诚意出售,485万,3室2厅 | 106.27平米 | 南 | 精装 | 中楼层(共14层) | 2007年建 | 板楼,https://image1.ljcdn.com/310000-inspection/pc1_sh4fsrihf_1.jpg.296x216.jpg
20200208,闵行,颛桥,今天花园电梯三房， 业主急售随时看房房主自荐,548万,3室2厅 | 121.82平米 | 南 | 精装 | 中楼层(共8层) | 2003年建 | 板楼,https://image1.ljcdn.com/310000-inspection/pc1_4SpmdA1Mf_1.jpg.296x216.jpg
20200208,闵行,颛桥,一期精装，中间层，采光好，精装带车位房主自荐,510万,2室2厅 | 88.31平米 | 南 | 精装 | 8层 | 2010年建 | 板楼,https://image1.ljcdn.com/310000-inspection/pc1_0JHF0iD4Y_1.jpg.296x216.jpg
20200208,闵行,颛桥,日月华城+已改好两房+精装修+电梯高楼层+满五唯一！,250万,2室1厅 | 62.49平米 | 南 北 | 精装 | 高楼层(共11层) | 2007年建 | 板楼,https://image1.ljcdn.com/310000-inspection/pc1_T8xuQ9IN0_1.jpg.296x216.jpg
20200208,闵行,颛桥,两室一厅 毛坯 看房方便 满五唯一税费少 诚意卖房主自荐,300万,2室1厅 | 81.62平米 | 东南 | 毛坯 | 低楼层(共17层) | 2007年建 | 板楼,https://image1.ljcdn.com/310000-inspection/pc1_9JHaewROu_1.jpg.296x216.jpg
20200208,闵行,颛桥,银桥花园二期笋盘，满五年唯一，税费少，户型正气,278万,2室2厅 | 84.5平米 | 南 北 | 简装 | 高楼层(共6层) | 1998年建 | 板楼,https://image1.ljcdn.com/310000-inspection/pc1_luhEGxH91_1.jpg.296x216.jpg
20200208,闵行,颛桥,精装大两房，保养完善，高区景观楼层,405万,2室2厅 | 93.34平米 | 南 | 精装 | 中楼层(共14层) | 2008年建 | 板楼,https://image1.ljcdn.com/310000-inspection/pc1_gpnECb4hS_1.jpg.296x216.jpg
20200208,闵行,颛桥,正规三房 精装修自住，房东诚意出售，楼层好采光佳,445万,3室1厅 | 99.82平米 | 南 | 精装 | 高楼层(共6层) | 2009年建 | 板楼,https://image1.ljcdn.com/310000-inspection/pc1_Q5AWhPScR_1.jpg.296x216.jpg
20200208,闵行,颛桥,宏润丽苑精装修大三房 户型正 诚意出售,462万,3室2厅 | 104.31平米 | 南 北 | 精装 | 低楼层(共11层) | 2013年建 | 板楼,https://image1.ljcdn.com/310000-inspection/pc1_oQ0lHmjOs_1.jpg.296x216.jpg
20200208,闵行,颛桥,电梯房+精装自住+看房方便+诚意出售,378万,2室2厅 | 88.01平米 | 南 北 | 精装 | 低楼层(共14层) | 2007年建 | 板楼,https://image1.ljcdn.com/310000-inspection/pc1_IxCqpEMPa_1.jpg.296x216.jpg
20200208,闵行,颛桥,天恒名城新出大四房，业主诚心出售，产权清晰,825万,4室2厅 | 179.43平米 | 南 | 精装 | 低楼层(共13层) | 2008年建 | 板楼,https://image1.ljcdn.com/310000-inspection/pc1_nDJm34Gmz_1.jpg.296x216.jpg
20200208,闵行,颛桥,满五年唯一税费低，居家精装修、顶楼带阁楼带产权车位房主自荐,406万,3室2厅 | 89.56平米 | 南 | 精装 | 高楼层(共6层) | 2004年建 | 板楼,https://image1.ljcdn.com/310000-inspection/pc1_2blQae5YC_1.jpg.296x216.jpg
20200208,闵行,颛桥,都市雅筑2010年商品住房，满五在沪唯一，非顶楼南北通,356万,2室2厅 | 89.53平米 | 南 北 | 精装 | 高楼层(共9层) | 2010年建 | 板楼,https://image1.ljcdn.com/310000-inspection/pc1_4u7vIsciG_1.jpg.296x216.jpg
20200208,闵行,颛桥,贵峰苑 精装修边套三房 采光好 满五年唯一 小区位置好,385万,3室1厅 | 90.26平米 | 南 | 精装 | 高楼层(共6层) | 1999年建 | 板楼,https://image1.ljcdn.com/310000-inspection/pc1_VAI7Jnutp_1.jpg.296x216.jpg
20200208,闵行,颛桥,大三房，前后无遮挡，阳台封好，偶尔自住，保养如新,1450万,3室2厅 | 240.81平米 | 南 | 精装 | 中楼层(共28层) | 2015年建 | 板楼,https://image1.ljcdn.com/310000-inspection/pc1_IYtRxGz5u_1.jpg.296x216.jpg
20200208,闵行,颛桥,中间楼层沿河景观，全明户型，动迁税少，无遮挡采光好,348万,2室2厅 | 83.9平米 | 南 | 毛坯 | 低楼层(共11层) | 2013年建 | 板楼,https://image1.ljcdn.com/310000-inspection/prod-04a1ccf8-0b40-484f-b58b-67ce567e1c7c.jpg.296x216.jpg
20200208,闵行,颛桥,复地独栋别墅，欧式精装，北进南花园，满五唯一有钥匙,1300万,5室2厅 | 256平米 | 南 | 精装 | 3层 | 2006年建 | 板楼 | 独栋别墅,https://image1.ljcdn.com/310000-inspection/f5aaa35f-ade1-4f85-95c5-5c74381c600a.jpg.296x216.jpg
20200208,闵行,颛桥,近地铁，2012年别墅小区，70年产权住宅，高区采光好,195万,1室1厅 | 46平米 | 南 | 精装 | 高楼层(共12层) | 2012年建 | 塔楼,https://image1.ljcdn.com/310000-inspection/prod-75d130cf-8c0d-4d3c-bd34-ba0b7c70fb46.jpg.296x216.jpg
20200208,闵行,颛桥,申良三开间朝南大三房+中间楼层+位置佳+业主诚意出售房主自荐,430万,3室2厅 | 118.42平米 | 南 | 精装 | 中楼层(共6层) | 1994年建 | 板楼,https://image1.ljcdn.com/310000-inspection/prod-b2a72ecc-1c0a-40be-8625-8a182ac5b1ad.jpg.296x216.jpg
20200208,闵行,颛桥,满五税少、婚房装修、户型方正、视野开阔、全明户型,436万,3室2厅 | 125.13平米 | 南 | 精装 | 低楼层(共6层) | 2007年建 | 板楼,https://image1.ljcdn.com/310000-inspection/prod-e5ce15e5-69dd-47bb-a6d3-d78b2a6e4614.jpg.296x216.jpg
20200208,闵行,颛桥,君临颐和花园  高档别墅社区  地铁口  景观房,1480万,4室3厅 | 337.63平米 | 南 北 | 精装 | 高楼层(共7层) | 2002年建 | 板楼,https://image1.ljcdn.com/310000-inspection/67df1462-1978-48c1-b3ea-d70e557686ce.jpg.296x216.jpg
20200208,闵行,颛桥,小区中间位置，正对泳池，景观楼层，保养如新,1900万,4室2厅 | 286.36平米 | 南 | 精装 | 中楼层(共25层) | 2011年建 | 板楼,https://image1.ljcdn.com/310000-inspection/0e4e5c9e-344f-4c7a-a3fc-795791384f2e.jpg.296x216.jpg
20200208,闵行,颛桥,二期低区景观三房可看南北小区绿化人车分流得房率80%房主自荐,1600万,3室2厅 | 239平米 | 南 | 精装 | 低楼层(共30层) | 2015年建 | 板楼,https://image1.ljcdn.com/310000-inspection/8fc6c48c-e61e-4753-a275-7a48732b08ae.jpg.296x216.jpg
20200208,闵行,颛桥,业主诚心出售，满五年唯一，5号线，房主自荐,246万,3室1厅 | 81.35平米 | 南 北 | 精装 | 高楼层(共6层) | 1994年建 | 板楼,https://image1.ljcdn.com/310000-inspection/prod-b1c644a6-6d1d-4aa9-8e02-e1184d30cf00.jpg.296x216.jpg
20200208,闵行,颛桥,满五唯一没个税，装修好大花园，配套实施齐,485万,2室2厅 | 90.54平米 | 南 | 精装 | 8层 | 2011年建 | 板楼,https://image1.ljcdn.com/310000-inspection/pc1_LiuAFj0kV_1.jpg.296x216.jpg
20200208,闵行,颛桥,今天花园上叠小别墅 装修宝养良好，可拎包入住,779万,5室2厅 | 165.8平米 | 南 | 精装 | 低楼层(共3层) | 2001年建 | 板楼,https://image1.ljcdn.com/310000-inspection/pc1_164cedoUQ_1.jpg.296x216.jpg
20200208,闵行,颛桥,诚心出售              楼层好,290万,2室2厅 | 76.74平米 | 南 | 简装 | 低楼层(共6层) | 2005年建 | 板楼,
20200208,闵行,颛桥,景观位置，，业主置换诚意售，看房方便,450万,3室1厅 | 123.04平米 | 南 | 精装 | 低楼层(共14层)  | 板楼,https://image1.ljcdn.com/310000-inspection/test-c4a9ba06-0d69-4c7a-a0ba-7dda4838ac2b.png.296x216.jpg
20200208,闵行,颛桥,银桥花园  配套成熟 小区安静 业主诚意房主自荐,293万,3室2厅 | 98.51平米 | 南 北 | 精装 | 中楼层(共6层) | 1995年建 | 板楼,https://image1.ljcdn.com/310000-inspection/prod-b3ea4aa3-982e-405b-af86-520d0b2454d0.jpg.296x216.jpg
20200208,闵行,颛桥,莘申三村南北通3房位置好，装修风格好。,354万,3室2厅 | 97.31平米 | 南 | 精装 | 高楼层(共6层) | 1998年建 | 板楼,https://image1.ljcdn.com/310000-inspection/prod-2517d4c9-e782-4bed-b2fa-3ee02c17c254.jpg.296x216.jpg
20200208,闵行,颛桥,双南两房采光充足，位置好出入方便，随时可看,440万,2室2厅 | 97.34平米 | 南 北 | 简装 | 高楼层(共6层) | 2002年建 | 板楼,https://image1.ljcdn.com/310000-inspection/72e9ad8b-68a6-438d-ad22-1b676a81bc80.jpg.296x216.jpg
20200208,闵行,颛桥,精装大三房 满五唯一 近五号线  户型方正房主自荐,290万,3室2厅 | 118.96平米 | 南 | 精装 | 高楼层(共6层) | 1994年建 | 板楼,https://image1.ljcdn.com/shfdfs-image/20170920/9e37e48e-67e3-441a-bd3c-525f98609b50.jpg.296x216.jpg
20200208,闵行,颛桥,精装修大三房 户型正气 满五唯一 交通便利,520万,3室2厅 | 131.28平米 | 南 | 精装 | 低楼层(共11层) | 2011年建 | 板楼,https://image1.ljcdn.com/310000-inspection/02218cfa-9896-4196-81a7-39b732b56fb0.JPG.296x216.jpg
20200208,闵行,颛桥,爱庐大三房， 此房满五唯一，简单装修房主自荐,450万,3室2厅 | 107.61平米 | 南 | 精装 | 中楼层(共11层) | 2007年建 | 板楼,https://image1.ljcdn.com/310000-inspection/pc1_cJSZ1tuUq_1.jpg.296x216.jpg
20200208,闵行,颛桥,万达边，新挂牌大两房原始户型，看房方便！,495万,2室2厅 | 98平米 | 南 | 精装 | 中楼层(共8层) | 2006年建 | 板楼,https://image1.ljcdn.com/310000-inspection/prod-af9637a4-01a7-4e61-b4fb-6c4c5575c56f.jpg.296x216.jpg
20200208,闵行,颛桥,房型佳 满五年唯一 税费少 拎包入住 诚意出售房主自荐,259万,2室1厅 | 64.52平米 | 南 | 精装 | 高楼层(共17层) | 2008年建 | 板楼,https://image1.ljcdn.com/310000-inspection/prod-9d7b4385-ccf5-40ed-b8d1-7d08ef8a33bd.jpg.296x216.jpg
20200208,闵行,颛桥,户型正气｜厨卫全明｜南北格局｜冬暖夏凉｜看房随时房主自荐,390万,3室1厅 | 100.02平米 | 南 | 简装 | 中楼层(共6层) | 2007年建 | 板楼,https://image1.ljcdn.com/310000-inspection/pc1_9kSA4RTha_1.jpg.296x216.jpg
20200208,闵行,颛桥,诚    心   出    售,295万,2室2厅 | 81.3平米 | 南 | 精装 | 中楼层(共8层) | 2007年建 | 板楼,https://image1.ljcdn.com/310000-inspection/prod-b80a7471-05ee-4e32-8971-d6f68ccf656d.jpg.296x216.jpg
20200208,闵行,颛桥,三期次新房，开发商统一装修，附带大花园！房主自荐,479万,2室2厅 | 87.63平米 | 南 | 精装 | 8层 | 2011年建 | 板楼,https://image1.ljcdn.com/310000-inspection/prod-9d731807-4a2d-49f2-bfaa-cdfe8c5ea423.jpg.296x216.jpg
20200208,闵行,颛桥,兴银花园二期位置 户型方正 一房朝南 一房朝北 安静房主自荐,400万,2室2厅 | 101.71平米 | 南 北 | 简装 | 中楼层(共5层) | 1999年建 | 板楼,https://image1.ljcdn.com/shfdfs-image/20160407/d5d841a2-a09a-45cb-8750-0caf9cd0581d.jpg.296x216.jpg
20200208,闵行,颛桥,采光很好的大一房，小区位置好，业主诚意出售，,220万,1室1厅 | 54.55平米 | 南 | 精装 | 高楼层(共6层) | 1997年建 | 板楼,https://image1.ljcdn.com/310000-inspection/prod-546a10d4-81ac-4446-9b55-3f25eae6f36d.jpg.296x216.jpg
20200208,闵行,颛桥,双南全明户型，业主诚售，看房随时,223万,2室1厅 | 62.18平米 | 南 | 简装 | 高楼层(共6层) | 1995年建 | 板楼,https://image1.ljcdn.com/310000-inspection/prod-f2a944f7-62be-423b-b39a-70d2a11f96b7.jpg.296x216.jpg
20200208,闵行,颛桥,华庭三期+电梯房+精装修+次新房+看房方便+配套齐全,371万,2室2厅 | 92.95平米 | 南 北 | 精装 | 低楼层(共11层) | 2008年建 | 板楼,https://image1.ljcdn.com/310000-inspection/prod-25fe451c-b43a-4374-8da1-960fc368b1a2.jpg.296x216.jpg
20200208,闵行,颛桥,中间位置+采光好+万达广场+五号线地铁站+满两年房主自荐,418万,2室2厅 | 88.8平米 | 南 北 | 简装 | 低楼层(共8层) | 2014年建 | 板楼,https://image1.ljcdn.com/310000-inspection/pc1_ywRXhKrV5_1.jpg.296x216.jpg
20200208,闵行,颛桥,星河湾二期，南看游泳池、景观好，保养好，出国诚售房主自荐,2130万,4室2厅 | 303.93平米 | 南 | 精装 | 低楼层(共30层) | 2015年建 | 板楼,https://image1.ljcdn.com/310000-inspection/cd75ce7e-b10d-4454-9dc1-40e4b9c78672.jpg.296x216.jpg
20200208,闵行,颛桥,电梯三房，交通方便，单价低，精装修，诚心出售房主自荐,390万,3室2厅 | 113.61平米 | 南 | 精装 | 中楼层(共8层) | 2007年建 | 板楼,https://image1.ljcdn.com/310000-inspection/test-d41ff911-f5dd-4544-9520-ecc5b91e0b88.png.296x216.jpg
20200208,闵行,颛桥,南郊别墅 三年婚装 位置好，楼层好，房型好诚意出售房主自荐,420万,2室2厅 | 94.13平米 | 南 | 精装 | 中楼层(共4层) | 2005年建 | 板楼,https://image1.ljcdn.com/310000-inspection/prod-74ca98a6-72e2-426b-961d-40a499e8bb1d.jpg.296x216.jpg
20200208,闵行,颛桥,一手买进 无户口 无贷款产权干净清晰业主诚售看房随时房主自荐,428万,2室2厅 | 87.37平米 | 南 | 毛坯 | 中楼层(共6层) | 2004年建 | 板楼,https://image1.ljcdn.com/310000-inspection/pc1_GFhmBav0w_1.jpg.296x216.jpg
20200208,闵行,颛桥,四期商品房 顶层复式 户型好 配套完善房主自荐,720万,4室2厅 | 227.3平米 | 南 北 | 简装 | 高楼层(共6层) | 2005年建 | 板楼,https://image1.ljcdn.com/310000-inspection/prod-0f2e971e-0c2f-41e4-a6ec-fe41ad817531.jpg.296x216.jpg
20200208,闵行,颛桥,4房里价格醉低 楼层好 景观房 保养如新 随时看房房主自荐,1420万,4室2厅 | 220.77平米 | 南 | 精装 | 低楼层(共29层) | 2011年建 | 板楼,https://image1.ljcdn.com/310000-inspection/pc1_Lm6Hl7mK1_1.jpg.296x216.jpg
20200208,闵行,颛桥,一梯二户出行便利诚意出售 电梯中间楼层,675万,3室2厅 | 131.76平米 | 南 | 简装 | 中楼层(共6层) | 2008年建 | 板楼,https://image1.ljcdn.com/310000-inspection/prod-8e3df392-5630-4284-a31f-79607cae1e3c.jpg.296x216.jpg
20200208,闵行,颛桥,君莲小区 居家装修 大三房 动迁税少 诚意出售,500万,3室2厅 | 123.04平米 | 南 北 | 精装 | 高楼层(共14层)  | 板楼,https://image1.ljcdn.com/310000-inspection/pc1_2zlE6pB7k_1.jpg.296x216.jpg
20200208,闵行,颛桥,金竹园 错层两房 南北通 户型佳 价格美丽,430万,2室2厅 | 94.15平米 | 南 | 简装 | 中楼层(共6层) | 2001年建 | 板楼,https://image1.ljcdn.com/310000-inspection/pc1_5G1Sb7YLT.jpg.296x216.jpg
20200208,闵行,颛桥,银春小区 一楼带院子 业主诚意出售,245万,2室1厅 | 63平米 | 南 | 精装 | 低楼层(共6层) | 2004年建 | 板楼,https://image1.ljcdn.com/310000-inspection/prod-28837b54-3552-4a3a-94a1-8e9fdf303582.jpg.296x216.jpg
20200208,闵行,颛桥,招商雍华府，2011年小区，精装两房，满五唯一房主自荐,475万,2室2厅 | 85.69平米 | 南 北 | 精装 | 8层 | 2011年建 | 板楼,https://image1.ljcdn.com/310000-inspection/prod-f614a154-7ad0-42db-87f1-fb6d9c7936a0.jpg.296x216.jpg
20200208,闵行,颛桥,出则繁，入则静，花园两房，谧寻处，近乐购，顾万达,760万,4室3厅 | 163.05平米 | 南 | 简装 | 低楼层(共4层) | 2002年建 | 板楼,https://image1.ljcdn.com/310000-inspection/prod-21e2f42f-0b72-4bbc-bfa8-249f5a6daabc.jpg.296x216.jpg
20200208,闵行,颛桥,精装修带大露台二房朝南.南北通透房主自荐,570万,3室2厅 | 117.6平米 | 南 北 | 其他 | 高楼层(共6层) | 2003年建 | 板楼,https://image1.ljcdn.com/310000-inspection/pc1_DdNZcsqMM_1.jpg.296x216.jpg
20200208,闵行,颛桥,新出四房保养八成新，满二税少，看房方便，景观好,1768万,4室2厅 | 273.65平米 | 东 | 精装 | 高楼层(共30层) | 2015年建 | 板楼,https://image1.ljcdn.com/310000-inspection/pc1_r9L7yBrgM_1.jpg.296x216.jpg
20200208,闵行,颛桥,美式装修风格 保养保养可以 1复2 客厅挑空,1050万,5室2厅 | 177.53平米 | 南 | 精装 | 低楼层(共8层) | 2006年建 | 板楼,https://image1.ljcdn.com/310000-inspection/pc1_sRrb9AaJi_1.jpg.296x216.jpg
20200208,闵行,颛桥,绿地新干线 3室1厅 330万,330万,3室1厅 | 81.89平米 | 南 | 简装 | 低楼层(共6层) | 2005年建 | 板楼,https://image1.ljcdn.com/310000-inspection/pc1_E17jjbgxW_1.jpg.296x216.jpg
20200208,闵行,颛桥,一楼带地下室，房龄新装修好，诚心出售,460万,3室2厅 | 188平米 | 南 北 | 精装 | 低楼层(共11层) | 2011年建 | 板楼,https://image1.ljcdn.com/310000-inspection/pc1_Gh9tLtNSY_1.jpg.296x216.jpg
20200208,闵行,颛桥,满五税费少，精装修，小区景观位置视野好，,305万,3室1厅 | 77.83平米 | 南 | 精装 | 中楼层(共6层) | 2005年建 | 板楼,https://image1.ljcdn.com/310000-inspection/pc1_6rfGL7kTH_1.jpg.296x216.jpg
20200208,闵行,颛桥,电梯一房｜小户型｜70年住宅｜满五税少｜景观房诚售,245万,1室2厅 | 62.81平米 | 南 | 简装 | 低楼层(共11层) | 2007年建 | 板楼,https://image1.ljcdn.com/310000-inspection/pc1_N1BTvx5Re_1.jpg.296x216.jpg
20200208,闵行,颛桥,复地北桥城公寓，电梯房，看房方便，房主自荐,258万,1室2厅 | 65.11平米 | 南 | 毛坯 | 高楼层(共5层) | 2006年建 | 板楼,https://image1.ljcdn.com/310000-inspection/prod-4ae14b43-3071-407e-b64d-b55d21a8ffe0.jpg.296x216.jpg
20200208,闵行,颛桥,品质小区 自带后花园  采光好   视野开阔,590万,3室2厅 | 132.83平米 | 南 | 简装 | 低楼层(共14层) | 2005年建 | 板楼,https://image1.ljcdn.com/310000-inspection/pc1_FYeLvXl4A_1.jpg.296x216.jpg
20200208,闵行,颛桥,满五年唯一，税费少，楼层位置佳，诚意出售，随时可看房主自荐,289万,2室1厅 | 65.44平米 | 南 西 | 毛坯 | 中楼层(共6层) | 1995年建 | 板楼,https://image1.ljcdn.com/310000-inspection/prod-31ff9110-30b8-4629-aaf6-89fd3694f6c9.jpg.296x216.jpg
20200208,闵行,颛桥,标准飞机户型，南北通，错层，满五，税费少房主自荐,580万,3室2厅 | 122.26平米 | 南 | 精装 | 中楼层(共7层) | 2006年建 | 板楼,https://image1.ljcdn.com/310000-inspection/pc1_TRcanspD1_1.jpg.296x216.jpg
20200208,闵行,颛桥,都市富苑小户型，精装修近地铁，位置好房主自荐,270万,1室1厅 | 60.73平米 | 南 | 精装 | 中楼层(共11层) | 2011年建 | 板楼,https://image1.ljcdn.com/310000-inspection/prod-6c907a27-d133-4a23-97fb-085a69471c91.jpg.296x216.jpg
20200208,闵行,颛桥,万  顺  水  原  墅   一  室  一  厅,178万,1室1厅 | 46.78平米 | 南 | 精装 | 中楼层(共12层) | 2012年建 | 塔楼,https://image1.ljcdn.com/310000-inspection/prod-5c7f74d4-3715-4cbb-9a6f-642b4f889360.jpg.296x216.jpg
20200208,闵行,颛桥,中装两房两厅，南北户型，位置安静，诚意出售房主自荐,360万,2室2厅 | 85.79平米 | 南 | 简装 | 中楼层(共11层) | 2007年建 | 板楼,https://image1.ljcdn.com/310000-inspection/pc1_iGFDPdP2P_1.jpg.296x216.jpg
20200208,闵行,颛桥,婚房精装修，双南两房，交通方便房主自荐,328.5万,2室2厅 | 73.1平米 | 南 北 | 精装 | 高楼层(共6层) | 1997年建 | 板楼,https://image1.ljcdn.com/310000-inspection/pc1_KU0sQn68V_1.jpg.296x216.jpg
20200208,闵行,颛桥,满五唯一免个税，附带5平方露台，看房方便！,370万,2室1厅 | 74.11平米 | 南 | 精装 | 8层 | 2011年建 | 板楼,https://image1.ljcdn.com/310000-inspection/pc1_ZQDSjmqmT_1.jpg.296x216.jpg
20200208,闵行,颛桥,闵行  颛桥  70年产权 普通住宅  精装修  一居室房主自荐,170万,1室1厅 | 46.66平米 | 南 | 精装 | 中楼层(共12层) | 2012年建 | 塔楼,https://image1.ljcdn.com/310000-inspection/pc1_HVN5DIfq7_1.jpg.296x216.jpg
20200208,闵行,颛桥,双南房型！南北格局 安静位置 本月降价近期必售！,309万,2室2厅 | 85.17平米 | 南 | 简装 | 低楼层(共11层) | 2008年建 | 板楼,https://image1.ljcdn.com/310000-inspection/pc1_3n6WLOL8t_1.jpg.296x216.jpg
20200208,闵行,颛桥,低楼层适合老人居住，业主装修保养很好，诚意售房,208万,1室1厅 | 46.28平米 | 南 北 | 精装 | 低楼层(共6层) | 1995年建 | 板楼,https://image1.ljcdn.com/310000-inspection/pc1_7gzJZnXEv_1.jpg.296x216.jpg
20200208,闵行,颛桥,满五唯一婚房装修，高楼层景观房，看房随时方便！,310万,1室1厅 | 59.23平米 | 南 | 精装 | 8层 | 2011年建 | 板楼,https://image1.ljcdn.com/310000-inspection/pc1_BjejPcjSN_1.jpg.296x216.jpg
20200208,闵行,颛桥,兴银花园 1室1厅 235万,235万,1室1厅 | 54.52平米 | 南 | 简装 | 高楼层(共6层) | 1997年建 | 板楼,https://image1.ljcdn.com/310000-inspection/pc1_qiqFRhKl7_1.jpg.296x216.jpg
20200208,闵行,颛桥,南北通透户型，配套设施齐全，交通便利,373万,2室2厅 | 83.49平米 | 南 北 | 简装 | 低楼层(共11层) | 2008年建 | 板楼,https://image1.ljcdn.com/310000-inspection/pc1_TpjUpc0rH_1.jpg.296x216.jpg
20200208,闵行,颛桥,此房为一手动迁房，税费少。适合一家人,278万,1室1厅 | 63.3平米 | 南 | 精装 | 高楼层(共18层) | 2013年建 | 板楼,https://image1.ljcdn.com/310000-inspection/pc1_oPQZEJNeF_1.jpg.296x216.jpg
20200208,闵行,颛桥,中城苑大两房，户型正气，配套设施齐全，交通便利房主自荐,348万,2室2厅 | 83.35平米 | 南 | 毛坯 | 高楼层(共11层) | 2008年建 | 板楼,https://image1.ljcdn.com/310000-inspection/pc1_mdICXmn9w_1.jpg.296x216.jpg
20200208,闵行,颛桥,门口有田园学QU 公交站 万达广场 交通便利出行方便,308万,1室1厅 | 58.32平米 | 南 | 简装 | 7层 | 2010年建 | 板楼,https://image1.ljcdn.com/310000-inspection/pc1_SRq3eT6E9_1.jpg.296x216.jpg
20200208,闵行,颛桥,招商雍华府，精装两房，带露台，诚意出售，出行便利,373万,2室1厅 | 74.31平米 | 南 | 简装 | 8层 | 2010年建 | 板楼,https://image1.ljcdn.com/310000-inspection/pc1_qULDLaK3T_1.jpg.296x216.jpg
20200208,闵行,颛桥,楼层好，精装修，双开间朝南，采光超好房主自荐,390万,2室1厅 | 74.47平米 | 南 | 精装 | 8层 | 2010年建 | 板楼,https://image1.ljcdn.com/310000-inspection/pc1_oJUSt67gz_1.jpg.296x216.jpg
20200208,闵行,颛桥,满五唯一精装修，靠别墅带花园，看房随时方便！,310万,1室1厅 | 58.32平米 | 南 | 精装 | 8层 | 2011年建 | 板楼,https://image1.ljcdn.com/310000-inspection/pc1_03LC06hFY_1.jpg.296x216.jpg
20200208,闵行,颛桥,田园     诚意出售  一室一厅近地铁,300万,1室1厅 | 59.75平米 | 南 | 简装 | 低楼层(共7层) | 2006年建 | 板楼,https://image1.ljcdn.com/310000-inspection/pc1_Ut6WdGMhQ_1.jpg.296x216.jpg
20200208,闵行,颛桥,爱庐世纪新苑 视野开阔 全明户型 业主诚意售 位置好,280万,1室1厅 | 64.22平米 | 南 北 | 精装 | 中楼层(共5层) | 2007年建 | 板楼,https://image1.ljcdn.com/310000-inspection/pc1_2o0gvMnzI_1.jpg.296x216.jpg
20200208,闵行,颛桥,闵行 颛桥 70年产权 普通住宅 精装 一居室,178万,1室1厅 | 46.31平米 | 南 | 精装 | 中楼层(共12层) | 2012年建 | 塔楼,https://image1.ljcdn.com/310000-inspection/pc1_pzgq8iiVP_1.jpg.296x216.jpg
20200208,闵行,颛桥,闵行 颛桥 70年产权 普通住宅 精装 一居室,208万,1室1厅 | 59.76平米 | 南 | 精装 | 高楼层(共11层) | 2013年建 | 塔楼,https://image1.ljcdn.com/310000-inspection/pc1_jO3Ap2K11_1.jpg.296x216.jpg
20200208,闵行,颛桥,精装，满五唯一，近地铁，诚心出售房主自荐,185万,2室1厅 | 55.39平米 | 南 | 精装 | 高楼层(共6层) | 1993年建 | 板楼,https://image1.ljcdn.com/310000-inspection/pc1_Q1LIATNP3_1.jpg.296x216.jpg
20200208,闵行,颛桥,君莲小区 顶楼带露台 视野开阔 动迁税费少,305万,1室2厅 | 72.49平米 | 南 | 毛坯 | 高楼层(共11层) | 2008年建 | 板楼,https://image1.ljcdn.com/310000-inspection/pc1_TyXLtCLIu_1.jpg.296x216.jpg
20200208,闵行,颛桥,满五唯一精装修的大2房 位置好 采光充足,340万,2室2厅 | 88.1平米 | 南 | 精装 | 高楼层(共6层) | 1997年建 | 板楼,https://image1.ljcdn.com/310000-inspection/pc1_LqAtaeIKK_1.jpg.296x216.jpg
20200208,闵行,颛桥,颛 桥  原公馆   精装 一房   满 五 唯 一房主自荐,178万,1室1厅 | 46.73平米 | 南 | 精装 | 中楼层(共12层) | 2012年建 | 塔楼,https://image1.ljcdn.com/310000-inspection/pc1_2qe9IFjDj_1.jpg.296x216.jpg
20200208,闵行,颛桥,此房满五唯一，户型正气，楼层好，视野开阔,440万,2室2厅 | 92.27平米 | 南 | 精装 | 高楼层(共6层) | 2003年建 | 板楼,https://image1.ljcdn.com/310000-inspection/pc1_zCFaSotAv_1.jpg.296x216.jpg
20200208,闵行,颛桥,次新小区  位置安静  业主自住精装修,380万,1室2厅 | 69.8平米 | 南 北 | 精装 | 低楼层(共15层)  | 板楼,https://image1.ljcdn.com/310000-inspection/pc1_294LGPT89_1.jpg.296x216.jpg
20200208,闵行,颛桥,骏苑电梯高层 精装修小两房 诚心卖 看房方便,265万,2室1厅 | 77.06平米 | 南 | 精装 | 高楼层(共11层) | 2008年建 | 板楼,https://image1.ljcdn.com/310000-inspection/pc1_Oo1L8td2h_1.jpg.296x216.jpg
20200208,闵行,颛桥,满 二  年 ，  精 装 修 ， 近 地 铁 5 号房主自荐,200万,1室1厅 | 60.65平米 | 南 | 精装 | 低楼层(共11层) | 2012年建 | 塔楼,https://image1.ljcdn.com/310000-inspection/pc1_de9hF6dwP_1.jpg.296x216.jpg
20200208,闵行,颛桥,金都花好悦园，楼梯房高楼层，房子无户口，业主自住房主自荐,364万,2室1厅 | 71.12平米 | 南 | 精装 | 高楼层(共7层) | 1997年建 | 板楼,https://image1.ljcdn.com/310000-inspection/pc1_4rvHG12J6.jpg.296x216.jpg
20200208,闵行,颛桥,颛溪五村  满五唯一 好楼层 好位置 邻近万达房主自荐,250万,2室1厅 | 64.24平米 | 南 | 简装 | 中楼层(共6层) | 1994年建 | 板楼,https://image1.ljcdn.com/310000-inspection/pc1_2ceVfVUJ1_1.jpg.296x216.jpg
20200208,闵行,颛桥,临地铁 近龙湖 品质小区 环境好 南北两房 诚心卖,345万,2室2厅 | 92.11平米 | 南 | 精装 | 高楼层(共6层) | 2008年建 | 板楼,https://image1.ljcdn.com/310000-inspection/pc1_qJINkizSs_1.jpg.296x216.jpg
20200208,闵行,颛桥,中间楼层大两房，户型正气，采光充足，免增值税,350万,2室1厅 | 83.89平米 | 南 北 | 简装 | 中楼层(共17层) | 2008年建 | 板楼,https://image1.ljcdn.com/310000-inspection/pc1_9hf7whLfX_1.jpg.296x216.jpg
20200208,闵行,颛桥,君临颐和 高档别墅社区 地铁口 电梯景观房 满五唯一,685万,3室2厅 | 137.77平米 | 南 北 | 精装 | 中楼层(共8层) | 2002年建 | 板楼,https://image1.ljcdn.com/310000-inspection/prod-ec0e3137-8fa9-4fbc-bd3e-1bedf75fc823.jpg.296x216.jpg
20200208,闵行,颛桥,复式3房，少有户型，户型方正，看房方便房主自荐,465万,3室2厅 | 138平米 | 南 | 精装 | 高楼层(共6层) | 2010年建 | 板楼,https://image1.ljcdn.com/310000-inspection/prod-9d9cfd8a-eb81-4ef1-a299-95b485635f8b.jpg.296x216.jpg
20200208,闵行,颛桥,距离地铁站800米 满五唯一 精装修 双南全明户型,310万,2室2厅 | 89.68平米 | 南 | 精装 | 高楼层(共6层) | 2001年建 | 板楼,https://image1.ljcdn.com/310000-inspection/prod-79281006-ac5a-4c25-8459-433e05d4ccdf.jpg.296x216.jpg
20200208,闵行,颛桥,南郊别墅（公寓）丨两房两厅带花园丨房型正气看房随时,460万,2室2厅 | 93.73平米 | 南 | 精装 | 低楼层(共4层) | 2005年建 | 板楼,https://image1.ljcdn.com/310000-inspection/prod-5c30fad3-3463-4859-bd82-e5dd3d26a9be.jpg.296x216.jpg
20200208,闵行,颛桥,次新房 一楼 挂牌价408万 价格还有空间91平诚意出售,405万,2室2厅 | 91.97平米 | 南 | 毛坯 | 低楼层(共14层) | 2014年建 | 板楼,https://image1.ljcdn.com/310000-inspection/prod-3a9735dd-e9dc-4e01-8c1c-3008ab3acb5a.jpg.296x216.jpg
