20200208,闵行,龙柏,六村独有钥匙房随时看 景观楼层 采光通风尚佳 近地铁必看好房,348万,2室1厅 | 67.12平米 | 南 北 | 简装 | 高楼层(共6层) | 1996年建 | 板楼,https://image1.ljcdn.com/310000-inspection/pc1_etro2Xm4R_1.jpg.296x216.jpg
20200208,闵行,龙柏,设计师精装 刚需小两房 3楼 定制家具家电 一梯两户。必看好房,309万,2室1厅 | 51.77平米 | 南 | 精装 | 中楼层(共6层) | 1994年建 | 板楼,https://image1.ljcdn.com/310000-inspection/pc1_a3A324UtT_1.jpg.296x216.jpg
20200208,闵行,龙柏,店长推荐：花园位置 户型方正  中间楼层 采光视野nice必看好房,380万,1室1厅 | 59.47平米 | 南 | 精装 | 中楼层(共11层) | 2003年建 | 板楼,https://image1.ljcdn.com/310000-inspection/pc1_wgf2q1sIQ_1.jpg.296x216.jpg
20200208,闵行,龙柏,地铁口50米小区 景观楼层 南北两房 采光通风佳 诚意卖必看好房,365万,2室1厅 | 66.38平米 | 南 北 | 简装 | 高楼层(共6层) | 1996年建 | 板楼,https://image1.ljcdn.com/310000-inspection/pc1_6RA5JioJ7_1.jpg.296x216.jpg
20200208,闵行,龙柏,低总价 双南两房 一梯两户 位置好 无增值税 交通便利必看好房,269万,2室1厅 | 54.29平米 | 南 | 简装 | 高楼层(共6层) | 1994年建 | 板楼,https://image1.ljcdn.com/310000-inspection/d86196d0-681f-4b92-9fd7-f35e49880ed4_1000.jpg.296x216.jpg
20200208,闵行,龙柏,中康公寓 双南大两房 地铁10号线30米 产权清晰随时签必看好房,380万,2室1厅 | 72.94平米 | 南 | 简装 | 高楼层(共6层) | 1997年建 | 板楼,https://image1.ljcdn.com/310000-inspection/pc1_TMv03C5OO_1.jpg.296x216.jpg
20200208,闵行,龙柏,小区品质好 有固定产权车位 采光好 户型方正必看好房,900万,4室2厅 | 146.29平米 | 南 | 精装 | 低楼层(共11层) | 2002年建 | 板楼,https://image1.ljcdn.com/310000-inspection/pc1_OTAGX3n0Y_1.jpg.296x216.jpg
20200208,闵行,龙柏,税费各付客厅朝南 厨房和卫生间朝北 房间一南一北必看好房,380万,2室2厅 | 72.69平米 | 南 | 简装 | 高楼层(共6层) | 1996年建 | 板楼,
20200208,闵行,龙柏,10号线龙柏新村站+一梯两户+ 全明户型 +毛坯房！房主自荐,252万,1室1厅 | 50.85平米 | 南 | 毛坯 | 低楼层(共6层) | 1996年建 | 板楼,https://image1.ljcdn.com/310000-inspection/prod-cf52da41-c016-468a-92f1-d19ce12d2b44.jpg.296x216.jpg
20200208,闵行,龙柏,龙柏西郊公寓 3室2厅 758万,758万,3室2厅 | 133.11平米 | 南 | 精装 | 低楼层(共6层) | 1999年建 | 板楼,https://image1.ljcdn.com/310000-inspection/pc1_gdJeI3pkY_1.jpg.296x216.jpg
20200208,闵行,龙柏,店长主推：前排百米无遮挡采光视野棒 满五唯一税费少,628万,3室2厅 | 112.93平米 | 东南 | 精装 | 低楼层(共12层) | 2003年建 | 板楼,https://image1.ljcdn.com/310000-inspection/pc1_rfIEdA1TQ_1.jpg.296x216.jpg
20200208,闵行,龙柏,03年电梯 顶楼复式  百万装修 全屋地暖  满五唯一房主自荐,1088万,6室2厅 | 214.92平米 | 南 | 精装 | 高楼层(共12层) | 2003年建 | 板楼,https://image1.ljcdn.com/310000-inspection/prod-37fa18be-ef90-43e5-a140-89af3f2bfc29.jpg.296x216.jpg
20200208,闵行,龙柏,精装电梯两房，全明户型，业主诚意出售房主自荐,565万,2室2厅 | 90.58平米 | 南 北 | 精装 | 低楼层(共12层) | 2003年建 | 板楼,https://image1.ljcdn.com/310000-inspection/prod-0c72844b-ea7b-4dbf-abc9-b7fd4c9646c4.jpg.296x216.jpg
20200208,闵行,龙柏,三开间朝南好户型，户型好，采光佳，随时看房,780万,3室2厅 | 131平米 | 南 | 简装 | 中楼层(共11层) | 2002年建 | 板楼,https://image1.ljcdn.com/310000-inspection/pc1_1YQHPwY28_1.jpg.296x216.jpg
20200208,闵行,龙柏,商品房、满五唯一、1梯1户飞机户型、地铁站口200米,620万,3室2厅 | 115.49平米 | 南 | 简装 | 中楼层(共6层) | 1997年建 | 板楼,https://image1.ljcdn.com/310000-inspection/pc1_3Ij2Qfz7h_1.jpg.296x216.jpg
20200208,闵行,龙柏,2015年次新房，带60平花园+100平地下室，精装带地热,1380万,4室2厅 | 165.93平米 | 南 | 精装 | 低楼层(共6层) | 2016年建 | 板塔结合,https://image1.ljcdn.com/310000-inspection/prod-66de6633-7236-470c-9ca3-36d9654f121d.jpg.296x216.jpg
20200208,闵行,龙柏,高档装修 税费低 全明无遮挡 拎包入住 看房随时,593万,2室2厅 | 91.45平米 | 南 | 简装 | 高楼层(共12层) | 2003年建 | 板楼,https://image1.ljcdn.com/310000-inspection/prod-622b7195-5be2-474a-99bd-d8716a0a9f9c.jpg.296x216.jpg
20200208,闵行,龙柏,龙柏三村 2室1厅 345万,345万,2室1厅 | 64.1平米 | 西 | 简装 | 高楼层(共6层) | 1995年建 | 板楼,https://image1.ljcdn.com/310000-inspection/pc1_GvPN3CgBf_1.jpg.296x216.jpg
20200208,闵行,龙柏,龙柏七村 近地铁  双南大两房 业主诚意出售,369万,2室2厅 | 76.29平米 | 南 | 简装 | 高楼层(共6层) | 1995年建 | 板楼,https://image1.ljcdn.com/310000-inspection/prod-c4d46f81-5cf1-43a5-bd88-c1a84c05ebb7.jpg.296x216.jpg
20200208,闵行,龙柏,好·无增值税 采光好，诚意的房东诚意的价格 总价低！房主自荐,330万,2室1厅 | 67.13平米 | 南 西 | 简装 | 高楼层(共6层) | 1996年建 | 板楼,https://image1.ljcdn.com/310000-inspection/prod-289c9daa-23e9-4a92-8e7e-a44b427cf9d3.jpg.296x216.jpg
20200208,闵行,龙柏,精装两平层 一梯两户 纯商品房小区 园林绿化 附带露台,828万,5室3厅 | 204.87平米 | 南 北 | 精装 | 高楼层(共6层) | 1999年建 | 板楼,https://image1.ljcdn.com/310000-inspection/prod-3fd6f378-c94e-4022-b621-e5d2a62f179a.jpg.296x216.jpg
20200208,闵行,龙柏,满五年唯一，无个税；二南一北户型，带28平大花园。房主自荐,410万,3室1厅 | 76.8平米 | 南 | 简装 | 低楼层(共6层) | 1994年建 | 板楼,https://image1.ljcdn.com/310000-inspection/56e95c1b-5015-4acb-b99b-88a4cd75af5c_1000.jpg.296x216.jpg
20200208,闵行,龙柏,2015年次新小区  南北通 带产权车位 附百万精装修,1150万,3室2厅 | 120.3平米 | 南 | 精装 | 中楼层(共6层) | 2015年建 | 板楼,https://image1.ljcdn.com/310000-inspection/pc1_QEoT9bvQk_1.jpg.296x216.jpg
20200208,闵行,龙柏,出门10号线 商品房 花园位置 采光刺眼 南北通 附露台房主自荐,455万,2室2厅 | 88平米 | 南 | 精装 | 6层 | 1998年建 | 板楼,https://image1.ljcdn.com/310000-inspection/pc1_VDUrgWTEC_1.jpg.296x216.jpg
20200208,闵行,龙柏,国际社区，顶楼复式房，南北二个露台，买进价高少税,1050万,3室2厅 | 159.99平米 | 南 | 精装 | 高楼层(共9层) | 2004年建 | 板楼,https://image1.ljcdn.com/310000-inspection/pc1_k3oWNG7DY_1.jpg.296x216.jpg
20200208,闵行,龙柏,龙柏三村小先锋公寓，精装两房  带地暖  到地铁200米,420万,2室2厅 | 74.46平米 | 南 | 精装 | 低楼层(共6层) | 1996年建 | 板楼,https://image1.ljcdn.com/310000-inspection/prod-86d9b443-466c-48d5-8df5-937f92bb0ab4.jpg.296x216.jpg
20200208,闵行,龙柏,业主回国处理房产  着急出售  满五年唯一免征个税,350万,1室1厅 | 64.36平米 | 南 | 精装 | 高楼层(共11层) | 2003年建 | 板楼,https://image1.ljcdn.com/310000-inspection/prod-29fedef6-3bb0-4b36-9de8-737b932e2214.jpg.296x216.jpg
20200208,闵行,龙柏,2010年总高八楼电梯洋房+双南户型+万象城10号线,499万,2室1厅 | 80.84平米 | 南 | 精装 | 低楼层(共8层) | 2010年建 | 板楼,https://image1.ljcdn.com/310000-inspection/pc1_oRsX84HpM_1.jpg.296x216.jpg
20200208,闵行,龙柏,精装修三房，电梯中高区，满五年买入价高房主自荐,828万,3室2厅 | 128.3平米 | 南 | 精装 | 中楼层(共11层) | 2002年建 | 板楼,https://image1.ljcdn.com/310000-inspection/prod-9639bcd4-e34f-48b8-9b28-dc02fa60ae87.jpg.296x216.jpg
20200208,闵行,龙柏,高层景观一房，满五年，诚意出售，价格可谈，税费低房主自荐,218万,1室1厅 | 43平米 | 南 | 简装 | 高楼层(共6层) | 1996年建 | 板楼,https://image1.ljcdn.com/310000-inspection/pc1_u9sxLJHJU_1.jpg.296x216.jpg
20200208,闵行,龙柏,2002年商品房+满五税少+精装自住+万象城10号线,648万,2室2厅 | 89.1平米 | 南 | 精装 | 低楼层(共11层) | 2002年建 | 板楼,https://image1.ljcdn.com/310000-inspection/pc1_L1vvKjIsw_1.jpg.296x216.jpg
20200208,闵行,龙柏,小一房总价合适近地铁！无遮挡采光好！好楼层随时看,273万,1室1厅 | 49.86平米 | 南 | 简装 | 中楼层(共6层) | 1994年建 | 板楼,https://image1.ljcdn.com/310000-inspection/pc1_1PUvkLVUu_1.jpg.296x216.jpg
20200208,闵行,龙柏,品质社区，一楼带31平大花园，电梯三房，满五唯一少税,830万,3室2厅 | 121.48平米 | 南 | 简装 | 低楼层(共12层) | 2004年建 | 板楼,https://image1.ljcdn.com/310000-inspection/pc1_nunq2LgPj_1.jpg.296x216.jpg
20200208,闵行,龙柏,真·少税 品质商品房 房型正 户型窗户巨大 采光甚好！房主自荐,588万,3室2厅 | 111.35平米 | 南 | 简装 | 6层 | 1998年建 | 板楼,https://image1.ljcdn.com/310000-inspection/test-6d653cc8-08c0-47f9-b796-59c01fa7e34a.jpg.296x216.jpg
20200208,闵行,龙柏,近地铁+满五唯一+南北通 +南北双阳台+中间楼层,550万,2室2厅 | 99.35平米 | 南 | 简装 | 中楼层(共6层) | 1996年建 | 板楼,https://image1.ljcdn.com/310000-inspection/pc1_586Q7v4fP_1.jpg.296x216.jpg
20200208,闵行,龙柏,毛坯好房源，5楼10号线紫藤路地铁，采光佳随时看,255万,1室1厅 | 48.87平米 | 南 | 精装 | 高楼层(共6层) | 1995年建 | 板楼,https://image1.ljcdn.com/310000-inspection/pc1_e3ZC3O5HT_1.jpg.296x216.jpg
20200208,闵行,龙柏,本房满五唯一，精装修带地下室三房，南北户型视野宽阔,870万,5室2厅 | 108平米 | 南 | 精装 | 低楼层(共11层) | 2002年建 | 板楼,https://image1.ljcdn.com/310000-inspection/pc1_SV1JU4VTm_1.jpg.296x216.jpg
20200208,闵行,龙柏,金质4楼，南无遮挡采光霸王！近10号线紫藤毛坯随时看,263万,1室1厅 | 49.86平米 | 南 | 毛坯 | 中楼层(共6层) | 1994年建 | 板楼,https://image1.ljcdn.com/310000-inspection/pc1_TuHi5Gg4I_1.jpg.296x216.jpg
20200208,闵行,龙柏,一年难得一套小两房，采光好不潮湿带地热！随时看！,455万,2室2厅 | 62.94平米 | 南 | 精装 | 低楼层(共8层) | 2002年建 | 板楼,https://image1.ljcdn.com/310000-inspection/pc1_sxWlRtViJ_1.jpg.296x216.jpg
20200208,闵行,龙柏,中间楼层，飘窗+全落地阳台设计，带两阳台，安静位置,568万,2室2厅 | 101.55平米 | 南 | 简装 | 中楼层(共6层) | 1999年建 | 板楼,https://image1.ljcdn.com/310000-inspection/a8e5be29-8347-404e-a908-77c41caaeb14_1000.jpg.296x216.jpg
20200208,闵行,龙柏,精装+近地铁+户型好+拎包入住,405万,2室1厅 | 72.63平米 | 南 | 精装 | 高楼层(共6层) | 1997年建 | 板楼,https://image1.ljcdn.com/310000-inspection/pc1_FQLscwyYp_1.jpg.296x216.jpg
20200208,闵行,龙柏,嘉富丽苑 品质小区 精装地中海风格大三房 带个大花园,680万,3室1厅 | 113平米 | 南 | 精装 | 低楼层(共12层) | 2003年建 | 板楼,https://image1.ljcdn.com/310000-inspection/test-02dbe56c-f415-4345-bb8a-5f01a0faadcc.png.296x216.jpg
20200208,闵行,龙柏,商品房+一梯两户+房型正气+满五年唯一 全明户型,479万,3室2厅 | 99.88平米 | 南 | 简装 | 高楼层(共6层) | 1995年建 | 板楼,https://image1.ljcdn.com/310000-inspection/prod-e47d6a46-eff8-4334-a429-f8487bba437c.jpg.296x216.jpg
20200208,闵行,龙柏,华都公寓 3室2厅 750万,750万,3室2厅 | 134.46平米 | 南 | 简装 | 中楼层(共8层) | 1999年建 | 板楼,https://image1.ljcdn.com/310000-inspection/pc1_xonqLhkQg_1.jpg.296x216.jpg
20200208,闵行,龙柏,有钥匙笋盘   中间楼层采光视野佳   一手动迁满五年,418万,3室1厅 | 78平米 | 南 | 简装 | 中楼层(共6层) | 1996年建 | 板楼,https://image1.ljcdn.com/310000-inspection/pc1_o6i3fL7j9_1.jpg.296x216.jpg
20200208,闵行,龙柏,低区 采光好，3个大阳台 版式南北通户型 业主诚意出售,770万,3室2厅 | 138.28平米 | 南 北 | 精装 | 低楼层(共6层) | 1999年建 | 板楼,https://image1.ljcdn.com/310000-inspection/8d401998-619f-4626-94ed-a10ba48d00c7_1000.jpg.296x216.jpg
20200208,闵行,龙柏,龙柏四村三小区 2室1厅 350万,350万,2室1厅 | 62.5平米 | 南 | 简装 | 低楼层(共6层) | 1996年建 | 板楼,https://image1.ljcdn.com/310000-inspection/pc1_Vjd2JdMMi_1.jpg.296x216.jpg
20200208,闵行,龙柏,中低楼层+双南两房+无增税和个税+一梯两户+中间位置,283万,2室1厅 | 54.29平米 | 南 | 毛坯 | 低楼层(共6层) | 1994年建 | 板楼,https://image1.ljcdn.com/310000-inspection/pc1_isHdksxBP_1.jpg.296x216.jpg
20200208,闵行,龙柏,四房朝南+ 业主诚意出售+不靠高架+房型正气+看房方便,980万,5室3厅 | 195.83平米 | 南 | 精装 | 低楼层(共3层) | 1998年建 | 板楼,https://image1.ljcdn.com/310000-inspection/prod-9eb92a6d-eefc-400b-ba57-aa91f0cf0543.jpg.296x216.jpg
20200208,闵行,龙柏,双南两房+客厅带大窗+全明户型+景观楼层+安静！,360万,2室1厅 | 67.15平米 | 南 | 简装 | 高楼层(共6层) | 1997年建 | 板楼,https://image1.ljcdn.com/310000-inspection/prod-5b9ffb53-cc91-4827-b943-9bd0c80c0064.jpg.296x216.jpg
20200208,闵行,龙柏,商圈成熟 配套齐 满两年  低总价,210万,1室1厅 | 39.1平米 | 南 | 简装 | 高楼层(共6层) | 1996年建 | 板楼,https://image1.ljcdn.com/310000-inspection/prod-b6be6d9c-8d10-4d6e-8b51-4f64e9ee0255.png.296x216.jpg
20200208,闵行,龙柏,华都公寓 2室2厅 750万,750万,2室2厅 | 133.34平米 | 南 | 精装 | 低楼层(共11层) | 1999年建 | 板楼,https://image1.ljcdn.com/310000-inspection/7e949d51-9b7d-4ba3-aa21-ab2b6a2e62a4_1000.jpg.296x216.jpg
20200208,闵行,龙柏,近十号线,南北通透,精装带地暖,拎包入住,全明户型!,405万,2室1厅 | 70.89平米 | 南 北 | 精装 | 高楼层(共6层) | 1997年建 | 板楼,https://image1.ljcdn.com/310000-inspection/pc1_92AdJOoRj_1.jpg.296x216.jpg
20200208,闵行,龙柏,南北小两房，满五年唯一 全明户型,370万,2室1厅 | 62.11平米 | 南 | 简装 | 中楼层(共6层) | 1995年建 | 板楼,https://image1.ljcdn.com/310000-inspection/pc1_8h9KQMnhR_1.jpg.296x216.jpg
20200208,闵行,龙柏,一楼带17平花园 采光通风尚佳 格局好 近地铁 诚意出售,375万,2室1厅 | 65.44平米 | 南 北 | 简装 | 低楼层(共6层) | 1995年建 | 板楼,https://image1.ljcdn.com/310000-inspection/pc1_nXXqcljjA_1.jpg.296x216.jpg
20200208,闵行,龙柏,精装修家具家电全配、满五年唯一、户型正气、近地铁,279万,1室1厅 | 49.86平米 | 南 | 精装 | 高楼层(共6层) | 1994年建 | 板楼,https://image1.ljcdn.com/310000-inspection/pc1_QQmpIqfLV_1.jpg.296x216.jpg
20200208,闵行,龙柏,一梯两户 双南大两房 售后公房 税费少 采光好位置好,370万,2室1厅 | 68.86平米 | 南 | 简装 | 高楼层(共6层) | 1998年建 | 板楼,https://image1.ljcdn.com/310000-inspection/pc1_Q2GbwNkLy_1.jpg.296x216.jpg
20200208,闵行,龙柏,电梯房+近地铁+得房率高+户型正+带大露台,1000万,3室2厅 | 142平米 | 南 北 | 简装 | 低楼层(共11层) | 2003年建 | 板楼,https://image1.ljcdn.com/310000-inspection/pc1_1w1O9ikYx_1.jpg.296x216.jpg
20200208,闵行,龙柏,满五唯一 税费少 龙柏新村地铁口 交通超方便,360万,2室1厅 | 66.13平米 | 南 | 简装 | 高楼层(共6层) | 1995年建 | 板楼,https://image1.ljcdn.com/310000-inspection/test-8fa956cd-a3f0-4c2c-85d1-38c25a8ce7bc.png.296x216.jpg
20200208,闵行,龙柏,精装修两年 双阳台+飘窗 房型正气 高品质小区 1T2户房主自荐,580万,2室2厅 | 101.82平米 | 南 | 精装 | 高楼层(共6层) | 2000年建 | 板楼,https://image1.ljcdn.com/310000-inspection/prod-2b52af64-c09b-418a-9e66-708c1de0fd07.jpg.296x216.jpg
20200208,闵行,龙柏,全明三房 户型好 无个增值税 非顶楼 采光充足 诚意卖房主自荐,410万,3室1厅 | 78.72平米 | 南 | 简装 | 高楼层(共6层) | 1994年建 | 板楼,https://image1.ljcdn.com/310000-inspection/prod-2da72288-5110-4069-b94a-154ec0e72dae.jpg.296x216.jpg
20200208,闵行,龙柏,顶楼复式附带露台 单价低 客厅双层挑空,818万,4室3厅 | 202.77平米 | 南 北 | 简装 | 高楼层(共6层) | 1999年建 | 板楼,https://image1.ljcdn.com/310000-inspection/prod-be0bffdd-5c70-46f1-b254-77624d3d37ad.jpg.296x216.jpg
20200208,闵行,龙柏,龙柏二村 繁华地段 南北通风 税费少 业主诚意出售,270万,2室1厅 | 52.3平米 | 南 北 | 简装 | 高楼层(共6层) | 1994年建 | 板楼,https://image1.ljcdn.com/310000-inspection/test-0b95e5db-dfb3-4a49-b43d-a4e76a5dc820.png.296x216.jpg
20200208,闵行,龙柏,位置好+采光佳+满五唯一+电梯顶楼复式,1100万,5室3厅 | 216.52平米 | 南 北 | 简装 | 高楼层(共12层) | 2003年建 | 板楼,https://image1.ljcdn.com/310000-inspection/prod-ad7af13b-2cf3-479b-9caf-abbec284823e.jpg.296x216.jpg
20200208,闵行,龙柏,中祥龙柏苑，2003年电梯大三房，两房朝南，房屋通透,860万,3室2厅 | 137.37平米 | 西南 | 精装 | 中楼层(共11层) | 2003年建 | 板楼,https://image1.ljcdn.com/310000-inspection/prod-14d0201b-264f-4b94-8f02-ec189fc659ef.jpg.296x216.jpg
20200208,闵行,龙柏,中间三楼  采光无遮挡  地铁口  户型方正   诚意出售,268万,1室1厅 | 49.56平米 | 南 | 简装 | 中楼层(共6层) | 1995年建 | 板楼,https://image1.ljcdn.com/310000-inspection/pc1_fXH6fSEup.jpg.296x216.jpg
20200208,闵行,龙柏,本年度刚刚欧式精装， 全明三房两卫，小区固定车位，房主自荐,538万,3室2厅 | 100.88平米 | 南 | 精装 | 高楼层(共6层) | 1995年建 | 板楼,https://image1.ljcdn.com/310000-inspection/prod-8f5b86ea-fee7-4fdb-87bb-8d0a2b53b1b7.jpg.296x216.jpg
20200208,闵行,龙柏,前庭无遮挡，亲水大三房，满五唯一，税少，三开间朝南房主自荐,949万,4室2厅 | 154.76平米 | 南 | 简装 | 中楼层(共8层) | 1999年建 | 板楼,https://image1.ljcdn.com/310000-inspection/a9aa69ec-4d89-42d6-b01d-1b94264d9459_1000.jpg.296x216.jpg
20200208,闵行,龙柏,电梯洋房，采光好，位置佳，房东诚售，看房方便,778万,3室2厅 | 133.79平米 | 南 | 精装 | 中楼层(共6层) | 2003年建 | 板楼,https://image1.ljcdn.com/310000-inspection/pc1_cg4ABSqhg_1.jpg.296x216.jpg
20200208,闵行,龙柏,此房满五年唯一 房型正气格局好 采光棒,469万,3室2厅 | 99.88平米 | 南 | 简装 | 高楼层(共6层) | 1997年建 | 板楼,https://image1.ljcdn.com/310000-inspection/38c79754-abee-4327-a1ea-b48ecdb4804b_1000.jpg.296x216.jpg
20200208,闵行,龙柏,户型方正，低总价。10号线龙柏新村站，采光亮通风好,648万,3室2厅 | 137.16平米 | 南 | 简装 | 高楼层(共6层) | 1996年建 | 板楼,https://image1.ljcdn.com/310000-inspection/d0682c23-fd34-439f-8e95-88ab20adec4e_1000.jpg.296x216.jpg
20200208,闵行,龙柏,精装全配，品质电梯小区，全明户型，业主诚售,560万,2室2厅 | 90.57平米 | 南 | 精装 | 中楼层(共12层) | 2003年建 | 板楼,https://image1.ljcdn.com/310000-inspection/pc1_SFTncKUJv_1.jpg.296x216.jpg
20200208,闵行,龙柏,飞机户型 厨卫全明 一梯两户 三开间朝南 看房方便,660万,3室2厅 | 120.73平米 | 南 | 简装 | 高楼层(共6层) | 1997年建 | 板楼,https://image1.ljcdn.com/310000-inspection/pc1_DtdFHANjW_1.jpg.296x216.jpg
20200208,闵行,龙柏,全新中式装修，红木家具，用心设计，三房两卫采光层,580万,3室2厅 | 102.03平米 | 南 北 | 精装 | 高楼层(共6层) | 1995年建 | 板楼,https://image1.ljcdn.com/310000-inspection/pc1_mRPIdw5y1_1.jpg.296x216.jpg
20200208,闵行,龙柏,180度采光  景观楼层    近地铁   价格可谈,355万,2室1厅 | 68.84平米 | 南 | 简装 | 高楼层(共6层) | 1996年建 | 板楼,https://image1.ljcdn.com/310000-inspection/pc1_xhlHEOjMw_1.jpg.296x216.jpg
20200208,闵行,龙柏,精装一房  刚需小户型  近地铁,265万,1室1厅 | 43.09平米 | 南 | 精装 | 高楼层(共6层) | 1995年建 | 板楼,https://image1.ljcdn.com/310000-inspection/prod-8b69a4ae-cc6d-40ea-a58c-d997ea5b8eaf.jpg.296x216.jpg
20200208,闵行,龙柏,近地铁十号线 一梯两户 满五唯一 全明户型,255万,1室1厅 | 50.77平米 | 南 | 毛坯 | 低楼层(共6层) | 1996年建 | 板楼,https://image1.ljcdn.com/310000-inspection/6dda0e71-9130-468a-8243-0b4fc80719c3_1000.jpg.296x216.jpg
20200208,闵行,龙柏,景观楼层大一房+ 售后公房税费少+有钥匙方便看房,249万,1室1厅 | 49.52平米 | 南 | 简装 | 高楼层(共6层) | 1995年建 | 板楼,https://image1.ljcdn.com/310000-inspection/prod-3ac0e08a-b440-47f0-9d16-b7d7f439fcb3.jpg.296x216.jpg
20200208,闵行,龙柏,满五唯一，税费少，附带双南天井使用面积多，随时看房,370万,2室1厅 | 63.91平米 | 南 | 简装 | 低楼层(共6层) | 1996年建 | 板楼,https://image1.ljcdn.com/310000-inspection/pc1_XX2mE4cGz_1.jpg.296x216.jpg
20200208,闵行,龙柏,售后公房，近10号线地铁紫藤路站，前后无遮挡户型正,355万,2室1厅 | 64.48平米 | 南 | 简装 | 中楼层(共6层) | 1995年建 | 板楼,https://image1.ljcdn.com/310000-inspection/pc1_VjXJ2iQXM_1.jpg.296x216.jpg
20200208,闵行,龙柏,双南户型、安静位置、近地铁10号线、楼层好，税费少,340万,2室1厅 | 66.18平米 | 南 | 简装 | 高楼层(共6层) | 1996年建 | 板楼,https://image1.ljcdn.com/310000-inspection/prod-f761c368-4ec1-4ed6-9348-7bdae7bca911.jpg.296x216.jpg
20200208,闵行,龙柏,一楼带天井，特适合老人，小区为数不多 业主很着急,245万,1室1厅 | 40.85平米 | 南 | 简装 | 低楼层(共6层) | 1996年建 | 板楼,https://image1.ljcdn.com/310000-inspection/prod-15f61964-76f9-4d62-9d9e-a0b290d3c6ea.jpg.296x216.jpg
20200208,闵行,龙柏,电梯景观一房、10号线地铁、全明户型、诚意出售、,360万,1室1厅 | 65.5平米 | 南 | 精装 | 高楼层(共18层)  | 塔楼,https://image1.ljcdn.com/310000-inspection/prod-0eb753d2-d232-4408-a3c0-b1c53ff21d23.jpg.296x216.jpg
20200208,闵行,龙柏,此房满二年 税少  精装修 无贷款，无抵押，无户口,228万,1室1厅 | 46平米 | 南 北 | 精装 | 高楼层(共6层) | 1996年建 | 板楼,https://image1.ljcdn.com/310000-inspection/pc1_9AciEgHHp_1.jpg.296x216.jpg
20200208,闵行,龙柏,售后公房满五唯一、精装拎包入住、近步行街、双南,333万,2室1厅 | 66.15平米 | 南 | 精装 | 高楼层(共6层) | 1996年建 | 板楼,https://image1.ljcdn.com/310000-inspection/prod-febbf18b-a03a-4f1b-85cf-fd70f5220b3f.jpg.296x216.jpg
20200208,闵行,龙柏,品质小区，南北通透精装三居室，中间楼层采光无遮挡,875万,3室2厅 | 116平米 | 南 北 | 精装 | 中楼层(共12层) | 2004年建 | 板楼,https://image1.ljcdn.com/310000-inspection/prod-755a4184-aa59-4705-83f9-04239d1bf1e1.jpg.296x216.jpg
20200208,闵行,龙柏,龙兴苑 2室2厅 600万,600万,2室2厅 | 101平米 | 南 北 | 简装 | 低楼层(共6层) | 2002年建 | 板楼,https://image1.ljcdn.com/310000-inspection/prod-64ab5a06-600c-4c81-97fb-0a903db31336.jpg.296x216.jpg
20200208,闵行,龙柏,房型板正+自住装修+诚意出售+万象城+10号线,799万,3室1厅 | 127.75平米 | 南 | 精装 | 低楼层(共13层) | 2002年建 | 板楼,https://image1.ljcdn.com/310000-inspection/prod-adf38711-739b-48bd-ad7f-f309131118f4.jpg.296x216.jpg
20200208,闵行,龙柏,一梯两户，总价和单价小区内目前在售蕞低一套，近地铁,229万,1室1厅 | 48.92平米 | 南 | 精装 | 高楼层(共6层) | 1996年建 | 板楼,https://image1.ljcdn.com/310000-inspection/prod-2e72f82c-da90-43c4-a44c-738728aee2fc.jpg.296x216.jpg
20200208,闵行,龙柏,双南+采光好+精装修+近地铁+中间楼层,418万,2室1厅 | 66.14平米 | 南 | 精装 | 中楼层(共6层) | 1996年建 | 板楼,https://image1.ljcdn.com/310000-inspection/prod-84ef0be6-e37f-4dba-a417-7173dd3b2198.jpg.296x216.jpg
20200208,闵行,龙柏,二村少有南北户型，一梯四户，满五唯一、业主诚售,298万,2室1厅 | 59.56平米 | 南 | 简装 | 低楼层(共6层) | 1994年建 | 板楼,https://image1.ljcdn.com/310000-inspection/pc1_wPEmhQ2Ak_1.jpg.296x216.jpg
20200208,闵行,龙柏,南北户型，中楼层，双阳台，诚意出售，户型全亮,580万,2室2厅 | 99.35平米 | 南 | 精装 | 中楼层(共6层) | 1995年建 | 板楼,https://image1.ljcdn.com/310000-inspection/pc1_XdrBtuhRP_1.jpg.296x216.jpg
20200208,闵行,龙柏,笋盘 小区花园位置 一梯两户双卧朝南全明 出入便捷！,360万,2室1厅 | 68.86平米 | 南 | 简装 | 高楼层(共6层) | 1996年建 | 板楼,https://image1.ljcdn.com/310000-inspection/prod-a538d8f7-ee59-4cb1-b1f3-a1e9c2431936.jpg.296x216.jpg
20200208,闵行,龙柏,中间三楼 一梯两户 户型好 南北两房 诚意出售,315万,2室1厅 | 58.21平米 | 南 | 简装 | 中楼层(共6层) | 1994年建 | 板楼,https://image1.ljcdn.com/310000-inspection/prod-e33f141b-830b-45ac-9a09-1452d0365290.jpg.296x216.jpg
20200208,闵行,龙柏,四村笋盘，满五年税少，价格可谈，一楼带花园，急,370万,1室1厅 | 64.8平米 | 南 | 毛坯 | 低楼层(共6层) | 1998年建 | 板楼,https://image1.ljcdn.com/310000-inspection/pc1_dWD206F2x_1.jpg.296x216.jpg
20200208,闵行,龙柏,理想楼层，满五年唯一，地铁方便，可上西郊幼儿,260万,1室1厅 | 50.77平米 | 南 | 简装 | 中楼层(共6层) | 1995年建 | 板楼,https://image1.ljcdn.com/310000-inspection/pc1_HnZbxIrwS_1.jpg.296x216.jpg
20200208,闵行,龙柏,一梯两户，精装修南北两房，小区中间位置，中间楼层,340万,2室2厅 | 61.28平米 | 南 | 简装 | 中楼层(共6层) | 1994年建 | 板楼,https://image1.ljcdn.com/310000-inspection/pc1_hodVjLrH1_1.jpg.296x216.jpg
20200208,闵行,龙柏,龙柏二村 全明采光棒 繁华地段 南北通风 业主急售,332万,2室1厅 | 63.16平米 | 南 | 简装 | 中楼层(共6层) | 1994年建 | 板楼,https://image1.ljcdn.com/310000-inspection/pc1_5X77Dqj3M_1.jpg.296x216.jpg
20200208,闵行,龙柏,双南大两房 中间楼层 采光好 看房随时 业主诚意出售！,330万,2室1厅 | 60.58平米 | 南 | 简装 | 中楼层(共6层) | 1994年建 | 板楼,https://image1.ljcdn.com/310000-inspection/dfa49ad5-1c1a-47e8-9e01-4b3ff22f2771_1000.jpg.296x216.jpg
20200208,闵行,龙柏,20万精装修可以直接拎包住，25平花园阳光房，光线充足,290万,2室1厅 | 52.22平米 | 东南 | 精装 | 低楼层(共6层) | 1996年建 | 板楼,https://image1.ljcdn.com/310000-inspection/4cf225bf-314d-4c98-90b3-f5893487cfa7_1000.jpg.296x216.jpg
20200208,闵行,龙柏,满五唯一，双南两房，诚意出售，看房方便，价格可谈,299万,2室1厅 | 60.58平米 | 南 | 简装 | 高楼层(共6层) | 1994年建 | 板楼,https://image1.ljcdn.com/310000-inspection/pc1_o8uWsnche_1.jpg.296x216.jpg
20200208,闵行,龙柏,刚挂牌小两房，景观楼层，一梯两户，业主诚售,255万,2室1厅 | 51.77平米 | 南 | 简装 | 高楼层(共6层) | 1994年建 | 板楼,https://image1.ljcdn.com/310000-inspection/0235f716-0ef1-42c3-812c-922e59c2d36d_1000.jpg.296x216.jpg
20200208,闵行,龙柏,房东急卖 无个税 价格有空间 小区环境优美,330万,2室1厅 | 67平米 | 南 | 其他 | 高楼层(共6层) | 1996年建 | 板楼,https://image1.ljcdn.com/310000-inspection/pc1_N545lEfT3_1.jpg.296x216.jpg
20200208,闵行,龙柏,新上笋盘  中间层采光视野佳  名下唯一满五年税费少,550万,2室1厅 | 90.85平米 | 南 | 简装 | 低楼层(共12层) | 2003年建 | 板楼,https://image1.ljcdn.com/310000-inspection/2bd1b43d-1c9e-42e6-8048-f108d21c5ebc_1000.jpg.296x216.jpg
20200208,闵行,龙柏,龙柏一村 2室1厅 420万,420万,2室1厅 | 73.97平米 | 南 北 | 简装 | 高楼层(共6层) | 1997年建 | 板楼,https://image1.ljcdn.com/310000-inspection/3e495410-a42d-413b-82de-bce7f7dad5a3_1000.jpg.296x216.jpg
20200208,闵行,龙柏,满五唯一税费少，一梯两户，双南正气户型，近10号线,355万,2室1厅 | 66.14平米 | 南 | 简装 | 中楼层(共6层) | 1996年建 | 板楼,https://image1.ljcdn.com/310000-inspection/pc1_pQrAxSqOm_1.jpg.296x216.jpg
20200208,闵行,龙柏,税费各付 厅朝南 厨房和卫生间朝北 房间一南一北,420万,2室1厅 | 66.45平米 | 南 | 精装 | 低楼层(共6层) | 1995年建 | 板楼,https://image1.ljcdn.com/310000-inspection/bddc7cd7-b40a-4cd5-8057-96a4967e4584_1000.jpg.296x216.jpg
20200208,闵行,龙柏,龙柏七村 2室1厅 355万,355万,2室1厅 | 63.18平米 | 南 | 其他 | 高楼层(共6层) | 1995年建 | 板楼,https://image1.ljcdn.com/310000-inspection/ff4e81fd-24a3-4341-9f81-ebb8f6dc4c00_1000.jpg.296x216.jpg
20200208,闵行,龙柏,板式户型 钥匙房 南北大两房 全明正气户型 入户方便,560万,2室2厅 | 95.4平米 | 南 | 简装 | 低楼层(共6层) | 1997年建 | 板楼,https://image1.ljcdn.com/310000-inspection/pc1_r00HK7joh_1.jpg.296x216.jpg
20200208,闵行,龙柏,地铁十号线，03年电梯小区，近万象城爱琴海，诚意售,405万,1室1厅 | 63.94平米 | 南 | 精装 | 低楼层(共11层) | 2003年建 | 板楼,https://image1.ljcdn.com/310000-inspection/pc1_WmTm7ppLn_1.jpg.296x216.jpg
20200208,闵行,龙柏,近10号线，动迁房满五唯一，双南户型，小区位置安静,410万,2室1厅 | 72.69平米 | 南 | 简装 | 中楼层(共6层) | 1996年建 | 板楼,https://image1.ljcdn.com/310000-inspection/pc1_Xl7tR2OUs_1.jpg.296x216.jpg
20200208,闵行,龙柏,房改售房满五唯一、低总价、低单价，租金6000元,290万,2室1厅 | 61.27平米 | 南 北 | 简装 | 高楼层(共6层) | 1994年建 | 板楼,https://image1.ljcdn.com/310000-inspection/pc1_tT7Rm5XqS_1.jpg.296x216.jpg
20200208,闵行,龙柏,龙柏六村 2室1厅 355万,355万,2室1厅 | 67.09平米 | 南 | 简装 | 中楼层(共6层) | 1996年建 | 板楼,https://image1.ljcdn.com/310000-inspection/pc1_k1vSzYUO2_1.jpg.296x216.jpg
20200208,闵行,龙柏,俊领酒店式公寓，易租易售，06年的电梯房,119万,1室1厅 | 30.73平米 | 南 | 精装 | 中楼层(共4层) | 2006年建 | 板楼,https://image1.ljcdn.com/310000-inspection/prod-2ba4501e-49cf-4ca9-a681-ff81fe57b47b.jpg.296x216.jpg
20200208,闵行,龙柏,婚装一房+景观高层+全明户型+10号线+万象城+税费少,380万,1室1厅 | 65.41平米 | 南 | 精装 | 高楼层(共18层)  | 塔楼,https://image1.ljcdn.com/310000-inspection/prod-f5aa84f3-aebc-4b1a-b0dc-0ce5164de416.jpg.296x216.jpg
20200208,闵行,龙柏,龙柏二村 1室1厅 243万,243万,1室1厅 | 47平米 | 南 | 简装 | 低楼层(共6层) | 1994年建 | 板楼,https://image1.ljcdn.com/310000-inspection/1f6311a5-832d-4ec5-a26e-68c8efcd6f10_1000.jpg.296x216.jpg
20200208,闵行,龙柏,龙柏三村 1室1厅 260万,260万,1室1厅 | 48.7平米 | 南 | 简装 | 高楼层(共6层) | 1996年建 | 板楼,https://image1.ljcdn.com/310000-inspection/pc1_m5AmIxjyX_1.jpg.296x216.jpg
20200208,闵行,龙柏,顶楼采光好 小区南边视野开阔 10号线紫藤路站出行便利房主自荐,325万,2室1厅 | 64.48平米 | 南 | 精装 | 高楼层(共6层) | 1996年建 | 板楼,https://image1.ljcdn.com/310000-inspection/prod-63977d4f-dc0f-412f-b3dd-e29fe8832708.jpg.296x216.jpg
20200208,闵行,龙柏,中间楼层采光好 满五年售后公房税少 小区入口出行便利房主自荐,355万,2室2厅 | 64平米 | 南 | 简装 | 中楼层(共6层) | 1995年建 | 板楼,https://image1.ljcdn.com/310000-inspection/prod-f8bcfb11-96ca-409b-aa35-a09f52c242ec.jpg.296x216.jpg
20200208,闵行,龙柏,三开间朝南户型，两年精装修，满二年唯一税费少房主自荐,362万,2室1厅 | 67.76平米 | 南 | 精装 | 高楼层(共6层) | 1997年建 | 板楼,https://image1.ljcdn.com/310000-inspection/test-15e28d6e-1341-48fa-af3d-451f7e491379.png.296x216.jpg
20200208,闵行,龙柏,龙柏三村 2室1厅 375万,375万,2室1厅 | 70.89平米 | 南 | 简装 | 高楼层(共6层) | 1997年建 | 板楼,https://image1.ljcdn.com/310000-inspection/prod-e2ade6c8-af37-46e0-892f-a94f0f1faf7a.jpg.296x216.jpg
20200208,闵行,龙柏,精装修，出门地铁，中间楼层，位置佳，稀有中间楼层,360万,2室1厅 | 62.21平米 | 南 | 精装 | 中楼层(共6层) | 1996年建 | 板楼,https://image1.ljcdn.com/310000-inspection/prod-9ecb38bc-d6f7-4d6c-b86a-a683659c7f7f.jpg.296x216.jpg
20200208,闵行,龙柏,嘉富丽苑 3室2厅 680万,680万,3室2厅 | 114.79平米 | 南 | 精装 | 高楼层(共12层) | 2003年建 | 板楼,https://image1.ljcdn.com/310000-inspection/prod-42e76a08-f28a-44e1-9bc9-df318bae7df5.jpg.296x216.jpg
20200208,闵行,龙柏,中间位置大三房，景观好，厅南北通，大阳台，采光佳！,998万,3室2厅 | 143.24平米 | 南 | 简装 | 低楼层(共10层) | 2004年建 | 板楼,https://image1.ljcdn.com/310000-inspection/test-f2dd4d0e-3f72-4d53-be14-a070dc4a7290.png.296x216.jpg
20200208,闵行,龙柏,龙柏四村 精装修两房朝南 房东诚意出售 采光无遮挡房主自荐,325万,2室1厅 | 67平米 | 南 | 精装 | 高楼层(共6层) | 1996年建 | 板楼,https://image1.ljcdn.com/310000-inspection/prod-0ab47f27-90a5-4f3a-b71c-afeeca3be830.jpg.296x216.jpg
20200208,闵行,龙柏,售后公房满五唯一，原始户型无改动，正气一房低价售,249万,1室1厅 | 49.86平米 | 南 | 简装 | 高楼层(共6层) | 1995年建 | 板楼,https://image1.ljcdn.com/310000-inspection/pc1_GKNpkdGLg_1.jpg.296x216.jpg
20200208,闵行,龙柏,中间楼层舒适一房 一梯两户房型正气 保养好 近地铁,275万,1室1厅 | 50.03平米 | 南 | 简装 | 中楼层(共6层) | 1994年建 | 板楼,https://image1.ljcdn.com/310000-inspection/pc1_ELAhULo1n_1.jpg.296x216.jpg
20200208,闵行,龙柏,新笋盘，俊领酒店式公寓，易租易售，06年的电梯房,168万,1室1厅 | 47.49平米 | 东 | 其他 | 中楼层(共4层) | 2006年建 | 板楼,https://image1.ljcdn.com/310000-inspection/pc1_hKOEfk6H0_1.jpg.296x216.jpg
20200208,闵行,龙柏,稀有安静位置一房 房东诚心急售！,255万,1室1厅 | 49.86平米 | 南 | 毛坯 | 高楼层(共6层) | 1995年建 | 板楼,https://image1.ljcdn.com/310000-inspection/pc1_E7XiPim1O_1.jpg.296x216.jpg
20200208,闵行,龙柏,70年产权，朝东户型，低总价，业主诚意出售,110万,1室1厅 | 30.96平米 | 东 | 简装 | 中楼层(共5层) | 2007年建 | 板楼,https://image1.ljcdn.com/310000-inspection/pc1_F4O34azT5_1.jpg.296x216.jpg
20200208,闵行,龙柏,酒店公寓70年产权+带8平飘窗+1年十几万精修+家具家电,158万,1室0厅 | 37.65平米 | 东 | 精装 | 高楼层(共4层) | 2006年建 | 板楼,https://image1.ljcdn.com/310000-inspection/pc1_L7BzeommQ_1.jpg.296x216.jpg
20200208,闵行,龙柏,70年产权公寓住宅 电梯一房 配套齐全 低总价,115万,1室0厅 | 30.73平米 | 西 | 简装 | 中楼层(共5层) | 2007年建 | 板楼,https://image1.ljcdn.com/310000-inspection/pc1_pWNLxUaqm_1.jpg.296x216.jpg
20200208,闵行,龙柏,精装修带地下室4房，南北户型视野宽阔，适合全家同住,1020万,4室3厅 | 136.73平米 | 南 北 | 精装 | 低楼层(共6层) | 2002年建 | 板楼,https://image1.ljcdn.com/310000-inspection/test-abda304a-8be1-43ba-8a9b-e2564a677599.png.296x216.jpg
20200208,闵行,龙柏,本区唯一在售中间3楼 边套全明采光好 免附3平储藏室房主自荐,263万,1室1厅 | 50.81平米 | 南 | 简装 | 中楼层(共6层) | 1996年建 | 板楼,https://image1.ljcdn.com/310000-inspection/prod-c2d47b9a-decf-42c2-951d-4c70f37a51da.jpg.296x216.jpg
20200208,闵行,龙柏,电梯双南户型！高区楼层采光视野棒！五唯一省个税！,428万,2室1厅 | 74.39平米 | 南 | 简装 | 高楼层(共18层)  | 塔楼,https://image1.ljcdn.com/310000-inspection/prod-961c3aec-c94b-4181-94a9-56e05fe5d538.jpg.296x216.jpg
20200208,闵行,龙柏,房是售后公房 没有增值税 次顶楼 户型双南 一梯两户,389万,2室1厅 | 74.4平米 | 南 | 简装 | 高楼层(共6层) | 1997年建 | 板楼,https://image1.ljcdn.com/310000-inspection/4adc6fcf-72e7-40ec-948e-65d62228a2a2_1000.jpg.296x216.jpg
20200208,闵行,龙柏,精装修  一楼带花园   商品房  采光好  近地铁,330万,1室1厅 | 53.32平米 | 南 | 其他 | 低楼层(共6层) | 1995年建 | 板楼,https://image1.ljcdn.com/310000-inspection/pc1_9XkR2ZOMx_1.jpg.296x216.jpg
20200208,闵行,龙柏,近地铁口50米 精装修 采光通风佳 近万象城爱琴海,398万,2室1厅 | 64平米 | 南 | 其他 | 低楼层(共6层) | 1996年建 | 板楼,https://image1.ljcdn.com/310000-inspection/prod-2a98d3c6-1f44-43b1-9f99-556468da78ca.jpg.296x216.jpg
20200208,闵行,龙柏,龙柏六村 2室1厅 358万,358万,2室1厅 | 66.63平米 | 南 | 简装 | 中楼层(共6层) | 1995年建 | 板楼,https://image1.ljcdn.com/310000-inspection/pc1_1BlVGNkBA_1.jpg.296x216.jpg
20200208,闵行,龙柏,54.9平仅售263万  景观楼层   经典一房改两房,263万,2室1厅 | 54.9平米 | 南 | 简装 | 高楼层(共6层) | 1996年建 | 板楼,https://image1.ljcdn.com/310000-inspection/pc1_T8ZwN6urH_1.jpg.296x216.jpg
20200208,闵行,龙柏,坐拥小区露天泳池景色，贰个卫生间更多隐私空间房主自荐,565万,2室2厅 | 90.57平米 | 南 | 简装 | 低楼层(共12层) | 2003年建 | 板楼,https://image1.ljcdn.com/shfdfs-image/20160117/5e0f5f9c-2714-481a-96aa-f05dccba969f.jpg.296x216.jpg
20200208,闵行,龙柏,满五三分之一不唯一，随时可看，高楼层采光好视野佳,375万,2室1厅 | 74.4平米 | 南 | 简装 | 高楼层(共6层) | 1995年建 | 板楼,https://image1.ljcdn.com/310000-inspection/test-7de627ca-9834-4db9-873e-78b46a54e9e9.png.296x216.jpg
20200208,闵行,龙柏,03年总高6楼电梯洋房 看花园位置 一梯2户 南北通三房,730万,3室2厅 | 136.14平米 | 南 | 精装 | 低楼层(共6层) | 2003年建 | 板楼,https://image1.ljcdn.com/310000-inspection/e059a482-1ee9-496f-909a-50eb266b4575.jpg.296x216.jpg
20200208,闵行,龙柏,单价低，地铁上佳楼层，诚意出售，性价好，看房随时！,460万,2室2厅 | 101平米 | 西 | 精装 | 中楼层(共9层) | 2017年建 | 板楼,https://image1.ljcdn.com/310000-inspection/ccb32bc8-10df-44af-bcec-c3c3dae0234a.jpg.296x216.jpg
20200208,闵行,龙柏,电梯顶楼复式+品质小区+急售+随时看房+精装修房主自荐,1065万,5室2厅 | 214.51平米 | 南 | 精装 | 高楼层(共12层) | 2003年建 | 板楼,https://image1.ljcdn.com/310000-inspection/977ffb1d-32ef-4a64-8e50-1b521c213753.jpg.296x216.jpg
20200208,闵行,龙柏,稀·  南北通大两房 景观楼层龙柏在脚下 舒适面积,480万,2室2厅 | 84.11平米 | 东 | 精装 | 高楼层(共9层) | 2017年建 | 板楼,https://image1.ljcdn.com/310000-inspection/c5dc95a7-bf7c-47e3-8ca4-2eb62638d24b.jpg.296x216.jpg
20200208,闵行,龙柏,婚房装修 总价低双卧朝南两房 全明户型 近龙柏紫藤！房主自荐,320万,2室1厅 | 59平米 | 南 | 精装 | 高楼层(共6层) | 1996年建 | 板楼,https://image1.ljcdn.com/310000-inspection/rsp_pic_uploadb459ec03-c268-48e5-a5e1-df446527a1d0.jpg.296x216.jpg
20200208,闵行,龙柏,中间楼层两房，采光好，总价低，开发商统一精装修,500万,2室1厅 | 88.89平米 | 东南 | 精装 | 中楼层(共9层) | 2017年建 | 板楼,https://image1.ljcdn.com/310000-inspection/rsp_pic_upload76016a17-a4b3-42ff-97db-a666492a783e.jpg.296x216.jpg
20200208,闵行,龙柏,电梯12楼复13楼，小区自带游泳池跟网球场！房主自荐,980万,4室3厅 | 172.62平米 | 南 | 精装 | 高楼层(共12层) | 2003年建 | 板楼,https://image1.ljcdn.com/310000-inspection/b85dd742-cde0-4bd9-b609-091cb5f7bdca.jpg.296x216.jpg
20200208,闵行,龙柏,景观次顶楼 一梯两户 急售房源 看房随时 品质小区,558万,2室2厅 | 102.86平米 | 南 | 简装 | 高楼层(共6层) | 1999年建 | 板楼,https://image1.ljcdn.com/shfdfs-image/20170615/4ba0f300-5524-496d-bdc1-02546aa91112.jpg.296x216.jpg
20200208,闵行,龙柏,满五唯一四季花园精装复式地暖+循环热水露台50平！！,1220万,4室2厅 | 179.16平米 | 南 | 精装 | 高楼层(共11层) | 2004年建 | 板楼,https://image1.ljcdn.com/310000-inspection/ac74f3cd-85bc-4526-9929-8e73295a116c.jpg.296x216.jpg
20200208,闵行,龙柏,中祥龙柏苑，挑空顶楼大复式，业主诚意出售 近地铁,1520万,6室3厅 | 261.8平米 | 南 北 | 简装 | 高楼层(共11层) | 2003年建 | 板楼,https://image1.ljcdn.com/310000-inspection/4b87f3e8-40b0-4da9-b94b-b588adaddbb8.jpg.296x216.jpg
20200208,闵行,龙柏,带燃气 现代北欧+日式 看好房子急售！南北通性价高!房主自荐,480万,2室2厅 | 96.7平米 | 南 | 精装 | 低楼层(共9层) | 2017年建 | 板楼,https://image1.ljcdn.com/310000-inspection/ae66e9a8-e837-4767-87c7-78122c5a3097.jpg.296x216.jpg
20200208,闵行,龙柏,精装大两房  南北通 视野好 带燃气 无限买 优质呀！！,550万,2室2厅 | 84平米 | 北 | 精装 | 高楼层(共9层) | 2017年建 | 板楼,https://image1.ljcdn.com/310000-inspection/fc2bcbfb-bb1c-4e46-b7e7-8771b49e5b5f.jpg.296x216.jpg
20200208,闵行,龙柏,次新房，精装修，诚意出售，价格便宜，单价低楼层好,480万,2室2厅 | 82.21平米 | 东南 | 精装 | 中楼层(共9层)  | 板楼,https://image1.ljcdn.com/310000-inspection/1058c369-7797-48a4-8ff3-5dcd3a1b41c2.jpg.296x216.jpg
20200208,闵行,龙柏,全新自住装修 诚意置换 房子采光好，格局设计很到位,500万,2室2厅 | 84.1平米 | 南 | 精装 | 低楼层(共9层) | 2017年建 | 板楼,https://image1.ljcdn.com/310000-inspection/85dc8b54-fd94-4c54-b3bf-49651d51ac19.JPG.296x216.jpg
20200208,闵行,龙柏,精装全配 楼下即地铁商场酒吧街，生活、出行便利,520万,2室1厅 | 90.54平米 | 北 | 精装 | 低楼层(共9层)  | 板楼,https://image1.ljcdn.com/310000-inspection/e9a5a9cb-d3dd-4852-ae35-5c3fe965b87b.jpg.296x216.jpg
20200208,闵行,龙柏,总高4层低层复式 近地铁 业主诚售  看房方便 价格可谈,778万,4室3厅 | 170.19平米 | 南 | 精装 | 高楼层(共4层) | 2000年建 | 板楼,https://image1.ljcdn.com/shfdfs-image/20170509/3203aa21-f0a1-456e-8692-fbc1bef46696.jpg.296x216.jpg
20200208,闵行,龙柏,地铁口大复式，业主急售，有产权车库。,828万,5室3厅 | 175.72平米 | 南 | 精装 | 高楼层(共6层) | 2000年建 | 板楼,https://image1.ljcdn.com/310000-inspection/2ea7b9fc-d7d6-48fa-ae3b-cb393ad799a8.JPG.296x216.jpg
20200208,闵行,龙柏,精装修，南北直通+全明户型，景观楼层，拎包入住,420万,2室1厅 | 69.37平米 | 南 | 精装 | 高楼层(共6层) | 1995年建 | 板楼,https://image1.ljcdn.com/310000-inspection/e08e51f9-59fd-4bb6-99c9-592b6da105dc.jpg.296x216.jpg
20200208,闵行,龙柏,本房满五年，一楼复式，精装修，南北户型视野宽阔。,950万,4室2厅 | 117平米 | 南 | 精装 | 低楼层(共13层) | 2002年建 | 板楼,https://image1.ljcdn.com/310000-inspection/f82bfa68-42ca-4248-ac2b-f429d1b59ed5.jpg.296x216.jpg
20200208,闵行,龙柏,10号线地铁双南大两房，南北双阳台。宽敞通风,518万,2室2厅 | 99.35平米 | 南 | 精装 | 高楼层(共6层) | 1995年建 | 板楼,https://image1.ljcdn.com/310000-inspection/42a625dd-fb28-427d-be7b-8d39690aa97b.JPG.296x216.jpg
20200208,闵行,龙柏,满五唯一，景观位置，视野好，电梯顶楼复式，诚意售房主自荐,998万,5室3厅 | 216.52平米 | 南 | 精装 | 高楼层(共12层) | 2003年建 | 板楼,https://image1.ljcdn.com/310000-inspection/93642f03-34e9-4e2f-8cd2-129c256e880d.JPG.296x216.jpg
20200208,闵行,龙柏,新开发的购物广场，地段好。人流量大，精装修拎包入住,515万,2室2厅 | 84.11平米 | 南 | 精装 | 中楼层(共9层) | 2017年建 | 板楼,https://image1.ljcdn.com/310000-inspection/eded3902-6028-4928-a075-6d4d7c90241f.jpg.296x216.jpg
20200208,闵行,龙柏,2000年商品房小区  房型正气  单价低 看房随时 诚售,668万,3室2厅 | 139.76平米 | 南 | 精装 | 高楼层(共6层) | 2000年建 | 板楼,https://image1.ljcdn.com/shfdfs-image/20170619/6926aab6-9db9-441b-8efa-bf9b496e3d35.jpg.296x216.jpg
20200208,闵行,龙柏,新华红星国际广场 2室2厅 480万,480万,2室2厅 | 84.11平米 | 东南 | 精装 | 中楼层(共9层) | 2017年建 | 板楼,https://image1.ljcdn.com/310000-inspection/4b638f8e-0919-4edc-9b94-6267b0e36a39.jpg.296x216.jpg
20200208,闵行,龙柏,朝南采光nice  楼下即地铁商场酒吧街，生活、出行便利,538万,2室1厅 | 82.24平米 | 南 | 精装 | 高楼层(共9层) | 2017年建 | 板楼,https://image1.ljcdn.com/310000-inspection/5e0cd6f1-74e5-4873-b8ad-67c6584c1fbf.jpg.296x216.jpg
20200208,闵行,龙柏,07年电梯中层+朝南户型+低总价+70年产权+精装诚售房主自荐,123万,1室1厅 | 43.66平米 | 南 | 精装 | 中楼层(共5层) | 2007年建 | 板楼,https://image1.ljcdn.com/x-se/hdic-frame/b327e92a-5347-4aa3-9cfb-f0af7353e710.png.296x216.jpg
20200208,闵行,龙柏,2000年次新小区，精装大三房，带大花园，近地铁商场,820万,3室2厅 | 115.5平米 | 南 | 精装 | 低楼层(共6层) | 1998年建 | 板楼,https://image1.ljcdn.com/shfdfs-image/20170307/c1e09397-a7a1-4670-9e66-a6c92c46ce29.jpg.296x216.jpg
20200208,闵行,龙柏,10号线紫藤路站  2003年商品房  婚房装修  全明户型房主自荐,505万,1室1厅 | 71.2平米 | 南 | 精装 | 低楼层(共11层) | 2004年建 | 板楼,https://image1.ljcdn.com/310000-inspection/prod-2de74e2b-0170-4612-9901-a6327659b2c7.jpg.296x216.jpg
20200208,闵行,龙柏,新华红星国际广场 地铁口公寓 人流量大 自住办公,430万,2室2厅 | 84.11平米 | 北 | 毛坯 | 低楼层(共9层) | 2017年建 | 板楼,https://image1.ljcdn.com/310000-inspection/158fb2ec-a4d6-4835-94e8-9423c57e144d.jpg.296x216.jpg
20200208,闵行,龙柏,景观楼层，业主精心婚房装修，近地铁，交通便利,248万,1室1厅 | 46.6平米 | 南 | 精装 | 高楼层(共6层) | 1994年建 | 板楼,https://image1.ljcdn.com/shfdfs-image/20170308/e4ee0c60-7e43-41c6-b928-ec1c79fbd448.jpg.296x216.jpg
20200208,闵行,龙柏,属于中环内的精装loft，高楼层，视野开阔！拎包入住,360万,1室1厅 | 40平米 | 西 | 简装 | 高楼层(共9层) | 2017年建 | 板楼,https://image1.ljcdn.com/310000-inspection/6ae29426-775b-4e48-81a5-1e6424c67973.jpg.296x216.jpg
20200208,闵行,龙柏,新装修40万，上下两房，近地铁，租金1.6万/月，诚售,470万,2室2厅 | 84.11平米 | 北 | 精装 | 高楼层(共9层) | 2017年建 | 板楼,
20200208,闵行,龙柏,新华传媒和红星地产联合开发 近地铁  精装 可注册公司,430万,2室1厅 | 70.64平米 | 南 | 简装 | 中楼层(共9层) | 2017年建 | 板楼,
20200208,闵行,龙柏,10号地铁口 地段好 人流量大 五楼空中花园 通风特好,395万,2室2厅 | 75.41平米 | 北 | 精装 | 中楼层(共9层) | 2017年建 | 板楼,
20200208,闵行,龙柏,满五唯一无个税房东诚意出售一梯两户户型正气 精装修,636万,3室2厅 | 137.07平米 | 南 北 | 精装 | 中楼层(共6层) | 1995年建 | 板楼,
20200208,闵行,龙柏,龙柏四村 3室1厅 420万,420万,3室1厅 | 94.26平米 | 南 | 精装 | 高楼层(共6层) | 1998年建 | 板楼,https://image1.ljcdn.com/x-se/310000-frame/8c32541d-2f38-4b07-8748-0305b3276ac4.png.296x216.jpg
20200208,闵行,龙柏,俊领国际大一房  适合年轻人* 房东诚意出售,125万,1室0厅 | 32.11平米 | 南 | 简装 | 中楼层(共5层) | 2007年建 | 板楼,
20200208,闵行,龙柏,俊领国际  产权70年 精装修 正气 诚意出售 价格可谈,160万,1室1厅 | 46.59平米 | 东 | 精装 | 中楼层(共5层) | 2007年建 | 板楼,https://image1.ljcdn.com/x-se/hdic-frame/9741ea24-8ce2-4c38-9d0e-a2f1883870b6.png.296x216.jpg
20200208,闵行,龙柏,总价低的朝南户型，十号地铁口房东超级诚意，先到先得,363万,2室1厅 | 65.97平米 | 南 | 精装 | 中楼层(共9层) | 2017年建 | 板楼,
20200208,闵行,龙柏,俊领国际 产权70年 电梯房 诚意出售 价格可谈,165万,1室1厅 | 48.19平米 | 东 | 精装 | 中楼层(共5层) | 2007年建 | 板楼,https://image1.ljcdn.com/x-se/hdic-frame/1cfdb6e0-c423-496d-ad59-ad2317fe8608.png.296x216.jpg
20200208,闵行,龙柏,地铁复式，带大露台，税少，看房方便,455万,3室1厅 | 100.43平米 | 南 | 简装 | 高楼层(共6层) | 1996年建 | 板楼,https://image1.ljcdn.com/x-se/hdic-frame/prod-9c45b357-079d-44eb-b848-23722f1f9605.png.296x216.jpg
20200208,闵行,龙柏,06年的70年的电梯房，无需社保，单价低，总价低。,110万,1室1厅 | 30.72平米 | 西南 | 简装 | 高楼层(共4层) | 2006年建 | 板楼,
20200208,闵行,龙柏,06年的70年电梯房，无需社保，单价低，总价低。,110万,1室1厅 | 30.72平米 | 南 | 精装 | 中楼层(共4层) | 2006年建 | 板楼,https://image1.ljcdn.com/x-se/310000-frame/rsp_pic_upload03228d69-8fdb-4265-83fa-0e2fd8d6fddc.jpg.296x216.jpg
20200208,闵行,龙柏,通燃气 房型好 朝阳 成本价出售  精致两房带花园！,440万,2室2厅 | 75.41平米 | 南 | 精装 | 中楼层(共9层) | 2017年建 | 板楼,
20200208,闵行,龙柏,南北通大两房 景观楼层龙柏在脚下 看房方便,450万,2室2厅 | 84平米 | 南 | 精装 | 中楼层(共9层) | 2017年建 | 板楼,
20200208,闵行,龙柏,地铁上gai，佳楼层，南北有窗，看房随时！,380万,2室1厅 | 56.67平米 | 南 | 精装 | 中楼层(共9层) | 2017年建 | 板楼,https://image1.ljcdn.com/x-se/hdic-frame/e97883ee-a9ea-4398-87c4-eca6ebd9a408.png.296x216.jpg
20200208,闵行,龙柏,单价低，地铁上佳楼层，性价好，诚意售，看房随时,450万,2室1厅 | 75.41平米 | 南 | 精装 | 中楼层(共9层) | 2017年建 | 板楼,
20200208,闵行,龙柏,业主诚意出售，付款方式好价好谈，户型方正。,530万,2室1厅 | 74.76平米 | 南 | 精装 | 中楼层(共11层) | 2001年建 | 板楼,https://image1.ljcdn.com/x-se/hdic-frame/326f490b-f84b-4f8a-a28f-d986bff4c1c8.png.296x216.jpg
20200208,闵行,龙柏,1998年商品电梯房  高区景观层  南北户型   楼距宽,455万,2室1厅 | 77.17平米 | 南 | 精装 | 中楼层(共18层) | 1998年建 | 塔楼,
20200208,闵行,龙柏,龙柏五村 2室1厅 380万,380万,2室1厅 | 66.5平米 | 南 | 其他 | 高楼层(共6层) | 1996年建 | 板楼,
20200208,闵行,龙柏,龙柏城市花园 2室2厅 628万,628万,2室2厅 | 104.81平米 | 南 | 简装 | 低楼层(共6层) | 1998年建 | 板楼,
20200208,闵行,龙柏,精装三房 户型好 房东诚意出售 近地铁,398万,3室1厅 | 75.56平米 | 南 | 简装 | 高楼层(共6层) | 1995年建 | 板楼,https://image1.ljcdn.com/x-se/hdic-frame/1696d64e-d2ce-4a9d-801e-c2324227a553.png.296x216.jpg
20200208,闵行,龙柏,龙柏七村公寓 3室2厅 765万,765万,3室2厅 | 126.09平米 | 南 | 精装 | 低楼层(共6层) | 2000年建 | 板楼,
20200208,闵行,龙柏,10号线旁，近机场高铁站，品质小区，环境优美,560万,2室1厅 | 90.85平米 | 南 | 精装 | 高楼层(共12层) | 2003年建 | 板楼,https://image1.ljcdn.com/x-se/hdic-frame/1523eccc-ee92-47e9-b49c-a46874840a23.png.296x216.jpg
20200208,闵行,龙柏,龙柏四村 3室1厅 448万,448万,3室1厅 | 96平米 | 南 北 | 简装 | 高楼层(共6层) | 1996年建 | 板楼,https://image1.ljcdn.com/x-se/hdic-frame/844e8cb6-8955-4936-9d2b-d4271d01c09d.png.296x216.jpg
20200208,闵行,龙柏,满五，近地铁， 带电梯 ， 顶楼复式， 随时看房,1325万,4室2厅 | 215.57平米 | 南 | 简装 | 高楼层(共6层) | 1999年建 | 板楼,
20200208,闵行,龙柏,满五年唯一，南北通格局好，近花园位置，装修好,270万,2室1厅 | 54.54平米 | 南 | 精装 | 高楼层(共6层) | 1996年建 | 板楼,https://image1.ljcdn.com/x-se/310000-frame/e058d49c-8815-422b-8dd1-3cd857ca10a8.jpg.296x216.jpg
20200208,闵行,龙柏,一梯两户全明一房 位置好 低总价 采光好,199万,1室1厅 | 42.28平米 | 南 | 简装 | 高楼层(共6层) | 1994年建 | 板楼,https://image1.ljcdn.com/x-se/hdic-frame/08df03fc-90d2-4b94-92b9-35fe73bb3d89.png.296x216.jpg
20200208,闵行,龙柏,龙柏七村 1室1厅 280万,280万,1室1厅 | 49.86平米 | 南 | 其他 | 高楼层(共6层) | 1994年建 | 板楼,https://image1.ljcdn.com/x-se/hdic-frame/070bb662-d303-414e-a884-73b0448b6cff.png.296x216.jpg
20200208,闵行,龙柏,龙柏三村 2室1厅 410万,410万,2室1厅 | 70.89平米 | 南 | 其他 | 高楼层(共6层) | 1996年建 | 板楼,https://image1.ljcdn.com/x-se/hdic-frame/006e32cc-4670-4be0-9cca-f595d2465fee.png.296x216.jpg
20200208,闵行,龙柏,近地铁+景观楼层+双南两房+产权清晰,405万,2室1厅 | 74.61平米 | 南 | 毛坯 | 高楼层(共6层) | 1997年建 | 板楼,https://image1.ljcdn.com/x-se/hdic-frame/6c9cf608-1c9e-458a-9d9e-9fefa84e5375.png.296x216.jpg
20200208,闵行,龙柏,精装三房带产权车位+板式户型+诚意出售万象城10号线,850万,3室2厅 | 127.54平米 | 南 | 精装 | 低楼层(共13层) | 2002年建 | 板楼,
20200208,闵行,龙柏,龙柏四村 2室1厅 330万,330万,2室1厅 | 64.4平米 | 南 | 其他 | 高楼层(共6层) | 1996年建 | 板楼,https://image1.ljcdn.com/x-se/hdic-frame/c313fa9f-6481-471a-baff-cdfdd22ce338.png.296x216.jpg
20200208,闵行,龙柏,笋盘 龙柏公寓 繁华地段 高品质大三房,705万,3室2厅 | 136.64平米 | 南 | 其他 | 低楼层(共6层) | 1996年建 | 板楼,
20200208,闵行,龙柏,满五唯一，顶楼复式房，带南北二个露台，近地铁10号线,1100万,3室2厅 | 159.99平米 | 南 | 精装 | 高楼层(共9层) | 2004年建 | 板楼,
20200208,闵行,龙柏,四村低楼层小一房，近地铁，动迁房，税费少,240万,1室1厅 | 45.89平米 | 南 | 简装 | 低楼层(共6层) | 1996年建 | 板楼,https://image1.ljcdn.com/x-se/310000-frame/rsp_pic_uploadf721545f-33ac-4299-aaa5-d11207058bf2.jpg.296x216.jpg
20200208,闵行,龙柏,房东急售   满五唯一  带地下室   附带地下室,1110万,3室2厅 | 235.34平米 | 南 | 简装 | 低楼层(共11层) | 2003年建 | 板楼,https://image1.ljcdn.com/310000-inspection/cbe68b55-4eba-4674-af53-d5b4d5a2a83a.jpg.296x216.jpg
