20200208,闵行,古美,正气复式 景观房 中间位置 客厅挑空5.2米 带露台 急售必看好房,820万,5室3厅 | 168.1平米 | 东南 | 精装 | 高楼层(共6层) | 2002年建 | 板楼,https://image1.ljcdn.com/310000-inspection/prod-80571244-746a-4efd-ac19-3b217b65f547.jpg.296x216.jpg
20200208,闵行,古美,古龙城一期好楼层精装修三房含带产权车位春节大放血必看好房,949万,3室2厅 | 145.02平米 | 南 | 精装 | 中楼层(共16层) | 2004年建 | 板楼,https://image1.ljcdn.com/310000-inspection/pc1_WclMpwONV_1.jpg.296x216.jpg
20200208,闵行,古美,电梯房 次顶楼 采光视野好 带产权车位必看好房,688万,2室2厅 | 100.81平米 | 南 北 | 简装 | 高楼层(共11层) | 2008年建 | 板楼,https://image1.ljcdn.com/310000-inspection/prod-37468bbf-bc57-4ec0-a091-6b977f133751.jpg.296x216.jpg
20200208,闵行,古美,新上架好房+高区景观楼层+带2个产权车位+诚心售必看好房,1580万,4室2厅 | 238.51平米 | 南 | 精装 | 中楼层(共17层) | 2006年建 | 板楼,https://image1.ljcdn.com/310000-inspection/ff1b6909-a6d7-45f2-a556-57d9c99bde5c_1000.jpg.296x216.jpg
20200208,闵行,古美,四楼！！12号虹梅路地铁口+近百万装修设计+店长推荐！必看好房,1285万,4室2厅 | 161.82平米 | 南 | 精装 | 低楼层(共14层) | 2005年建 | 板楼,https://image1.ljcdn.com/310000-inspection/pc1_c6WUuevE9_1.jpg.296x216.jpg
20200208,闵行,古美,双南户型，大花园，配套成熟，交通便利，诚意出售必看好房,320万,2室2厅 | 67.86平米 | 南 | 简装 | 低楼层(共6层) | 1995年建 | 板楼,https://image1.ljcdn.com/310000-inspection/prod-ce560454-2452-49f7-b19a-829b5b68e69c.jpg.296x216.jpg
20200208,闵行,古美,栋距开阔，采光充足，户型方正，南北通透，位置安静必看好房,829万,3室2厅 | 125.98平米 | 南 北 | 精装 | 低楼层(共14层) | 2004年建 | 板楼,https://image1.ljcdn.com/310000-inspection/f2530f92-8bca-4f57-845e-d7259aaed122_1000.jpg.296x216.jpg
20200208,闵行,古美,江南一期临湖位置两房，楼层2楼，期待有缘人！必看好房,578万,2室2厅 | 90.8平米 | 南 | 精装 | 低楼层(共6层) | 2004年建 | 板楼,https://image1.ljcdn.com/310000-inspection/pc1_qbnwE5x6D_1.jpg.296x216.jpg
20200208,闵行,古美,新梅公寓+楼层好+全明户型+有车位+交通便利必看好房,432万,2室1厅 | 86.42平米 | 南 | 简装 | 中楼层(共6层) | 2000年建 | 板楼,https://image1.ljcdn.com/310000-inspection/pc1_I39CMdz49_1.jpg.296x216.jpg
20200208,闵行,古美,次新房  双南户型 中间楼层  装修保养好   带产权车位必看好房,835万,2室2厅 | 102.93平米 | 南 | 精装 | 中楼层(共22层) | 2009年建 | 板楼,https://image1.ljcdn.com/310000-inspection/prod-cb400346-9e2f-4d31-906a-5c3f81d41fbb.jpg.296x216.jpg
20200208,闵行,古美,1号线地铁口，全明户型，交通出行便利，生活配套齐全必看好房,295万,2室1厅 | 62.38平米 | 南 | 精装 | 中楼层(共7层) | 1995年建 | 板楼,https://image1.ljcdn.com/310000-inspection/pc1_oUwwctbBa_1.jpg.296x216.jpg
20200208,闵行,古美,03年新小区 +精装修+总价低,全明户型+配套完善必看好房,435万,2室1厅 | 74.37平米 | 南 | 精装 | 高楼层(共6层) | 2003年建 | 板楼,https://image1.ljcdn.com/310000-inspection/pc1_zEqslOPpJ_1.jpg.296x216.jpg
20200208,闵行,古美,稀有一房 中间楼层 近地铁12号 配套齐全 看房随时方便必看好房,290万,1室1厅 | 53.01平米 | 南 | 简装 | 中楼层(共6层) | 1995年建 | 板楼,https://image1.ljcdn.com/310000-inspection/pc1_XToBssckl_1.jpg.296x216.jpg
20200208,闵行,古美,楼层好，两房朝南采光好，业主诚意出售必看好房,370万,2室1厅 | 73.98平米 | 南 | 简装 | 低楼层(共6层) | 1998年建 | 板楼,https://image1.ljcdn.com/310000-inspection/pc1_6gh0BMiEb_1.jpg.296x216.jpg
20200208,闵行,古美,双轨地铁1号和12号线，非顶楼，满五唯一，婚房精装必看好房,278万,1室1厅 | 55.43平米 | 南 | 精装 | 高楼层(共6层) | 1994年建 | 板楼,https://image1.ljcdn.com/310000-inspection/prod-5559b0d6-4a0e-4301-ac50-d289c710c82a.jpg.296x216.jpg
20200208,闵行,古美,莲花公寓复式房，临地铁医院和商城，精装修，拎包入住必看好房,660万,3室2厅 | 145.13平米 | 南 | 精装 | 高楼层(共6层) | 2000年建 | 板楼,https://image1.ljcdn.com/310000-inspection/2ac3313c-f345-46e5-8d99-0d4b6724b2c1_1000.jpg.296x216.jpg
20200208,闵行,古美,次新房小区，环境优美 房东诚心出售 满五年唯一 税少必看好房,900万,3室2厅 | 128.86平米 | 南 | 精装 | 低楼层(共12层) | 2006年建 | 板楼,https://image1.ljcdn.com/310000-inspection/3f356460-d8b4-4854-a472-10c1df21ae22_1000.jpg.296x216.jpg
20200208,闵行,古美,客厅朝东采光好；业主诚意出售，全明三房中间楼层必看好房,415万,3室1厅 | 78.18平米 | 南 | 精装 | 中楼层(共6层) | 1993年建 | 板楼,https://image1.ljcdn.com/310000-inspection/pc1_PAIHL0A9L_1.jpg.296x216.jpg
20200208,闵行,古美,中等装修  近地铁  采光无遮挡  通风好必看好房,199万,1室1厅 | 42.71平米 | 南 北 | 简装 | 高楼层(共6层) | 1995年建 | 板楼,https://image1.ljcdn.com/310000-inspection/pc1_naSZ9TUS4_1.jpg.296x216.jpg
20200208,闵行,古美,带露台 阁楼 精装南北通 满五年 近地铁必看好房,428万,2室2厅 | 86.16平米 | 南 | 精装 | 高楼层(共7层) | 1999年建 | 板楼,https://image1.ljcdn.com/310000-inspection/pc1_wBmHXt4Yt_1.jpg.296x216.jpg
20200208,闵行,古美,蔚蓝城市花园 2室2厅 620万必看好房,620万,2室2厅 | 98.2平米 | 南 | 精装 | 低楼层(共14层) | 2004年建 | 板楼,https://image1.ljcdn.com/310000-inspection/798c9d08-39d2-45bf-900a-81b8410ad4a0_1000.jpg.296x216.jpg
20200208,闵行,古美,东兰小区助弓装修，全新家具家电，朝南两房，拎包入住必看好房,278万,2室0厅 | 50.2平米 | 南 | 精装 | 高楼层(共6层) | 1989年建 | 板楼,https://image1.ljcdn.com/310000-inspection/pc1_Kd2ehfYHI_1.jpg.296x216.jpg
20200208,闵行,古美,带产权车位 全新精装家电全含 满五唯一 位置好 楼层佳必看好房,530万,2室2厅 | 92.07平米 | 南 北 | 精装 | 低楼层(共6层) | 1999年建 | 板楼,https://image1.ljcdn.com/310000-inspection/pc1_cDydr74eW_1.jpg.296x216.jpg
20200208,闵行,古美,外销房，品质高。生活配套齐全，面积大单价便宜必看好房,870万,3室2厅 | 195.82平米 | 南 | 简装 | 中楼层(共18层) | 1996年建 | 塔楼,https://image1.ljcdn.com/310000-inspection/prod-faefd8af-1ed9-4d0b-aa65-ca1bbb4e08c6.jpg.296x216.jpg
20200208,闵行,古美,业主诚意出售，大两房电梯高区采光好 近12号线地铁必看好房,750万,2室2厅 | 105.37平米 | 南 | 精装 | 中楼层(共11层) | 2008年建 | 板楼,https://image1.ljcdn.com/310000-inspection/test-8857b7ee-c995-4563-82fe-21f14f8621d3.png.296x216.jpg
20200208,闵行,古美,钥匙房，无个税，带车位，近地铁，双南户型，次新小区必看好房,640万,2室2厅 | 72.34平米 | 南 | 精装 | 中楼层(共18层) | 2012年建 | 板楼,https://image1.ljcdn.com/310000-inspection/pc1_4MMpUbPh2_1.jpg.296x216.jpg
20200208,闵行,古美,A+房源，店长推荐，品质小区，总价低，近地铁。必看好房,195万,1室1厅 | 33.42平米 | 南 | 简装 | 低楼层(共6层) | 1998年建 | 板楼,https://image1.ljcdn.com/310000-inspection/fa230df8-3e7f-4b61-ada0-58eae78901c4_1000.jpg.296x216.jpg
20200208,闵行,古美,A+必卖房主推，飞机户型，采光无遮挡，满五唯一总价低必看好房,770万,3室2厅 | 116.81平米 | 南 | 精装 | 高楼层(共14层) | 2002年建 | 板楼,https://image1.ljcdn.com/310000-inspection/ef28d957-a4ad-4090-bfec-a4c0bfff1915_1000.jpg.296x216.jpg
20200208,闵行,古美,值得推荐 tou资自住好房 业主诚心 位置近虹莘站 九星必看好房,235万,1室1厅 | 55.72平米 | 南 | 简装 | 高楼层(共6层) | 1999年建 | 板楼,https://image1.ljcdn.com/310000-inspection/pc1_CjuRSJXLv_1.jpg.296x216.jpg
20200208,闵行,古美,徐汇双南精装两房，中间楼层，满五年唯一。必看好房,285万,2室1厅 | 51.03平米 | 南 | 精装 | 中楼层(共6层) | 1993年建 | 板楼,https://image1.ljcdn.com/310000-inspection/pc1_LKolPZu1b_1.jpg.296x216.jpg
20200208,闵行,古美,小区位置好，精装修，可拎包入住，视野宽阔，采光好必看好房,305万,1室1厅 | 54.44平米 | 南 | 精装 | 高楼层(共6层) | 1996年建 | 板楼,https://image1.ljcdn.com/310000-inspection/pc1_GvMvCj18e_1.jpg.296x216.jpg
20200208,闵行,古美,平阳新村四街坊，双南两房，满五唯一，双轨交通必看好房,375万,2室1厅 | 76.71平米 | 南 | 简装 | 中楼层(共5层) | 1998年建 | 板楼,https://image1.ljcdn.com/310000-inspection/pc1_8cxP7kHVQ_1.jpg.296x216.jpg
20200208,闵行,古美,徐汇户口，12号线虹梅路地铁口，满5唯1，拎包入住必看好房,240万,1室1厅 | 41.5平米 | 南 | 精装 | 中楼层(共6层) | 1989年建 | 板楼,https://image1.ljcdn.com/310000-inspection/pc1_M5Xq6snMH_1.jpg.296x216.jpg
20200208,闵行,古美,纯粹江南 新出2房 满五年唯一 买进价高 不要错过必看好房,555万,2室2厅 | 88.74平米 | 南 | 精装 | 高楼层(共6层) | 2004年建 | 板楼,https://image1.ljcdn.com/310000-inspection/pc1_0cjcVt48b_1.jpg.296x216.jpg
20200208,闵行,古美,稀世一梯一户，电梯景观楼层，满五税少，带产权车位必看好房,1360万,5室3厅 | 220.38平米 | 南 | 简装 | 中楼层(共17层) | 2006年建 | 板楼,https://image1.ljcdn.com/310000-inspection/0a2c1c57-0046-4cf9-9656-dd5d35763ad0.jpg.296x216.jpg
20200208,闵行,古美,3米23层高  电梯高层 大三房 湿地公园 配套齐全必看好房,930万,3室2厅 | 139.97平米 | 南 | 简装 | 高楼层(共11层) | 2004年建 | 板楼,https://image1.ljcdn.com/310000-inspection/8ab1bdcc-43ae-436d-b3ec-9d7554279d0c.jpg.296x216.jpg
20200208,闵行,古美,三房户型，带阳台，楼层好，南北格局，交通便利必看好房,385万,3室2厅 | 87.4平米 | 南 | 精装 | 低楼层(共6层) | 1996年建 | 板楼,https://image1.ljcdn.com/x-se/shfdfs-image/20170922/b1a2acd0-9de9-4e01-a16c-95e35749f474.jpg.296x216.jpg
20200208,闵行,古美,顶楼三房带露台 有钥匙随时看房 12顾戴路站房主自荐,656万,3室2厅 | 120.23平米 | 南 北 | 简装 | 高楼层(共6层) | 2002年建 | 板楼,https://image1.ljcdn.com/310000-inspection/prod-f2a406f7-fda0-4aa2-b28c-f99659db027f.jpg.296x216.jpg
20200208,闵行,古美,一梯两户 厨卫朝外 户型方正 有钥匙随时看房,375万,2室2厅 | 73.94平米 | 南 | 简装 | 低楼层(共5层) | 1998年建 | 板楼,https://image1.ljcdn.com/310000-inspection/test-39eb5c56-15c7-4ff5-9bcb-e1df77da9bd3.png.296x216.jpg
20200208,闵行,古美,地铁口，一梯两户大三房，业主诚心卖，没有小孩上过学,585万,3室1厅 | 98.48平米 | 南 | 简装 | 低楼层(共6层) | 1995年建 | 板楼,https://image1.ljcdn.com/310000-inspection/prod-ad9c19de-7ccb-4885-b0dc-f4ac9a5a8553.jpg.296x216.jpg
20200208,闵行,古美,12号线顾戴路站+古美一村+gold三楼+一梯两户,450万,3室1厅 | 83.12平米 | 南 | 简装 | 中楼层(共6层) | 1995年建 | 板楼,https://image1.ljcdn.com/310000-inspection/prod-d80a0f90-b622-4286-a45b-cdc34ccb8850.jpg.296x216.jpg
20200208,闵行,古美,满五唯一  楼层适中  得房率高  近地铁房主自荐,680万,3室2厅 | 131.4平米 | 南 | 简装 | 中楼层(共7层) | 1999年建 | 板楼,https://image1.ljcdn.com/310000-inspection/test-56b8e0fa-2567-4b09-8097-d91ca6b3d458.png.296x216.jpg
20200208,闵行,古美,莲花路地铁站好地段旁沿河景观双南两房诚心出售。,350万,2室1厅 | 69.93平米 | 南 | 简装 | 高楼层(共6层) | 1993年建 | 板楼,https://image1.ljcdn.com/310000-inspection/test-e4b4e35f-696d-4b09-b7f9-cd523904eebb.png.296x216.jpg
20200208,闵行,古美,新时代富嘉花园，顶楼复式，小区正中位置，风光无限好房主自荐,1180万,4室2厅 | 165.02平米 | 南 | 精装 | 高楼层(共17层) | 2006年建 | 板楼,https://image1.ljcdn.com/310000-inspection/prod-bbf1d335-2396-4782-b993-c2333e7f0c41.jpg.296x216.jpg
20200208,闵行,古美,带地下产权车位 东苑电梯房中间楼层 飞机户型 采光好房主自荐,810万,3室2厅 | 121.23平米 | 南 | 精装 | 中楼层(共9层) | 2002年建 | 板楼,https://image1.ljcdn.com/310000-inspection/test-710e3499-7634-4cd2-8fb5-fb0c7fdebcbb.png.296x216.jpg
20200208,闵行,古美,欧风花都一楼带花园，满五年，采光无遮挡,820万,4室2厅 | 138.59平米 | 南 | 毛坯 | 低楼层(共11层) | 2003年建 | 板楼,https://image1.ljcdn.com/310000-inspection/prod-4c8b0dd3-63f3-4a11-a76f-2e564db4ce47.jpg.296x216.jpg
20200208,闵行,古美,近地铁 商圈成熟 出行方便 优质地段,470万,3室1厅 | 85.87平米 | 南 | 毛坯 | 高楼层(共6层) | 1995年建 | 板楼,https://image1.ljcdn.com/310000-inspection/prod-c708fce0-c84e-459c-93d6-c439afb66c94.jpg.296x216.jpg
20200208,闵行,古美,古龙城高区复式房，6米挑空大厅，保养精致，位置好,1500万,5室2厅 | 230.8平米 | 南 | 精装 | 高楼层(共22层) | 2004年建 | 板楼,https://image1.ljcdn.com/310000-inspection/prod-e4d73237-2c41-4a70-a016-76a8d55def20.jpg.296x216.jpg
20200208,闵行,古美,大面积双层有花园。适合大家庭入住。位置安静，急售,1600万,5室3厅 | 369.37平米 | 南 | 简装 | 低楼层(共16层) | 2006年建 | 板楼,https://image1.ljcdn.com/310000-inspection/prod-ddd4752e-0407-4525-a89e-96f292297b88.jpg.296x216.jpg
20200208,闵行,古美,电梯花园洋房+9号地铁口+九星旁+位置佳+随时看房,860万,3室2厅 | 139.65平米 | 南 | 简装 | 低楼层(共6层) | 2004年建 | 板楼,https://image1.ljcdn.com/310000-inspection/pc1_zdevLc8jd_1.jpg.296x216.jpg
20200208,闵行,古美,宝城大厦 1号线锦江乐园站 楼层高采光好 高区景观房,380万,2室2厅 | 87.81平米 | 东 | 简装 | 高楼层(共21层) | 1996年建 | 塔楼,https://image1.ljcdn.com/310000-inspection/prod-4883edb0-f3f3-49c9-aded-63fe7cc262eb.jpg.296x216.jpg
20200208,闵行,古美,带天然气，近12号虹梅路地铁口，小区景观房,599万,2室2厅 | 79.07平米 | 南 | 简装 | 中楼层(共17层) | 2006年建 | 塔楼,https://image1.ljcdn.com/310000-inspection/test-0e89eabc-d753-488d-9e1d-a688099a3a21.png.296x216.jpg
20200208,闵行,古美,三开间飞机户型，自带四个阳台，增值税低，车位充足房主自荐,630万,3室2厅 | 135.83平米 | 南 | 简装 | 低楼层(共5层) | 2003年建 | 板楼,https://image1.ljcdn.com/310000-inspection/prod-353ee2b5-eb9a-4406-90f1-e61ca40ac07e.jpg.296x216.jpg
20200208,闵行,古美,08年新小区 精装地暖  南北通中间楼层 诚心卖 有钥匙房主自荐,725万,2室2厅 | 105.05平米 | 南 | 精装 | 中楼层(共15层) | 2008年建 | 板楼,https://image1.ljcdn.com/310000-inspection/prod-32e9695d-72c5-469f-a482-f1865912992e.jpg.296x216.jpg
20200208,闵行,古美,地铁一号线+商圈，高品质小区，环境优雅，南北户型,750万,2室2厅 | 107.24平米 | 南 | 简装 | 低楼层(共14层) | 2004年建 | 板楼,https://image1.ljcdn.com/310000-inspection/prod-98dee6e2-734d-4228-b133-c9c0d4810917.jpg.296x216.jpg
20200208,闵行,古美,新梅广场  小区中间位置  小三房 位置好 楼层好房主自荐,580万,3室2厅 | 101平米 | 南 | 精装 | 低楼层(共24层) | 2000年建 | 板楼,https://image1.ljcdn.com/310000-inspection/prod-9f1c5aa0-d706-4ddb-892f-8057a67488f8.jpg.296x216.jpg
20200208,闵行,古美,主力户型，南北通风，采光不错。房主自荐,345万,2室1厅 | 65.29平米 | 南 | 精装 | 高楼层(共6层) | 1998年建 | 板楼,https://image1.ljcdn.com/310000-inspection/prod-585cc816-1e7d-4364-bdb7-35134ceda32c.jpg.296x216.jpg
20200208,闵行,古美,小高层有电梯，接受半年置换，带车位，双轨地铁房主自荐,668万,2室2厅 | 103.91平米 | 南 | 精装 | 中楼层(共7层) | 2002年建 | 板楼,https://image1.ljcdn.com/310000-inspection/prod-f38be701-2b2a-4c0b-9828-f3448ffbf96d.jpg.296x216.jpg
20200208,闵行,古美,1号线地铁外环路 电梯大三房 楼层好采光好 安静,760万,3室2厅 | 132.02平米 | 南 | 精装 | 高楼层(共12层) | 2000年建 | 板楼,https://image1.ljcdn.com/310000-inspection/prod-f2164fae-b418-49a3-a31d-72539a719ba4.jpg.296x216.jpg
20200208,闵行,古美,老业主委托，配套完善，前无遮挡，视野开阔，诚意出售房主自荐,768万,3室2厅 | 87.79平米 | 南 北 | 精装 | 高楼层(共30层) | 2012年建 | 板楼,https://image1.ljcdn.com/310000-inspection/prod-66e18dfa-2718-41c8-9430-81226c32cf1e.jpg.296x216.jpg
20200208,闵行,古美,12号线虹梅路站 南北通 大两房带入室花园 诚意出售,650万,2室2厅 | 95.45平米 | 南 | 精装 | 低楼层(共14层) | 2005年建 | 板楼,https://image1.ljcdn.com/310000-inspection/prod-078baf4c-15e8-41dc-870f-5b35186fcdc8.png.296x216.jpg
20200208,闵行,古美,小区环境优美 位置好 总高4楼的小洋房 视野开阔,670万,3室2厅 | 114.13平米 | 南 | 精装 | 低楼层(共4层) | 2004年建 | 板楼,https://image1.ljcdn.com/310000-inspection/prod-54457f1e-e64e-44a0-8324-71194e0b8bb2.jpg.296x216.jpg
20200208,闵行,古美,超高人气，1号线沿河精装带地暖，满五年唯一，南北通房主自荐,616万,2室2厅 | 99.84平米 | 南 北 | 精装 | 低楼层(共14层) | 2002年建 | 板楼,https://image1.ljcdn.com/310000-inspection/prod-584629c2-1d91-492f-8b61-b6d73c7a4f0e.jpg.296x216.jpg
20200208,闵行,古美,绿世界二期采光好小区位置好近地铁一号线飞机户型全明房主自荐,840万,3室2厅 | 136.04平米 | 南 | 精装 | 中楼层(共7层) | 2000年建 | 板楼,https://image1.ljcdn.com/310000-inspection/prod-3c01d056-ec9a-4990-a8ac-589c32f4cd87.jpg.296x216.jpg
20200208,闵行,古美,外销品质，精装修，厅带挑高，停车无忧，出行便捷。,1150万,4室2厅 | 166.24平米 | 南 | 精装 | 低楼层(共3层) | 1996年建 | 板楼,https://image1.ljcdn.com/310000-inspection/0f3b574c-c9f0-4e0b-889e-fdd6e770c296_1000.jpg.296x216.jpg
20200208,闵行,古美,4开间朝南，精装，高区电梯，采光视野好，满五诚售,1046万,4室2厅 | 157.77平米 | 南 北 | 精装 | 中楼层(共14层) | 2004年建 | 板楼,https://image1.ljcdn.com/310000-inspection/prod-81fdd181-b179-4163-ba70-e3b31e1f6166.jpg.296x216.jpg
20200208,闵行,古美,满五年唯一，个税免征，前后无遮挡，带产权车位！,1450万,5室2厅 | 238.4平米 | 南 | 精装 | 低楼层(共16层) | 2006年建 | 板楼,https://image1.ljcdn.com/310000-inspection/prod-2acb20b1-fef1-430e-8613-b871f3725898.jpg.296x216.jpg
20200208,闵行,古美,高品质00年小区，近地铁，位于顶楼有超大面积的阁楼房主自荐,735万,3室2厅 | 129.12平米 | 南 | 简装 | 高楼层(共6层) | 1999年建 | 板楼,https://image1.ljcdn.com/310000-inspection/prod-ebe708b5-4254-4ebf-84a6-43bc7e1e595d.jpg.296x216.jpg
20200208,闵行,古美,叠加别墅，全明户型，楼层适宜，中间位置，房东急售,1000万,3室2厅 | 152.15平米 | 南 | 精装 | 低楼层(共3层) | 2002年建 | 板楼,https://image1.ljcdn.com/310000-inspection/pc1_mAu2KfbRt_1.jpg.296x216.jpg
20200208,闵行,古美,新梅广场经典复式+有产权车位+交通便利房主自荐,895万,4室2厅 | 176平米 | 南 北 | 精装 | 低楼层(共11层) | 1999年建 | 板楼,https://image1.ljcdn.com/310000-inspection/pc1_B6xh1f8h8_1.jpg.296x216.jpg
20200208,闵行,古美,欧风顶楼带露台，满五唯一，采光好,840万,3室2厅 | 122.27平米 | 南 北 | 精装 | 高楼层(共6层) | 2004年建 | 板楼,https://image1.ljcdn.com/310000-inspection/prod-63d9cba3-d215-42c1-8dd0-58bb13efbb90.jpg.296x216.jpg
20200208,闵行,古美,满五年，位置好，采光充足，全明户型，随时看房房主自荐,415万,3室2厅 | 105.08平米 | 南 | 简装 | 高楼层(共6层) | 1995年建 | 板楼,https://image1.ljcdn.com/310000-inspection/prod-c53e8c78-007a-418c-a2e5-1e300a3cb188.jpg.296x216.jpg
20200208,闵行,古美,新梅公寓户型方正+带阁楼露台+使用面积大+看房方便,409万,1室2厅 | 72平米 | 南 | 简装 | 高楼层(共7层) | 2001年建 | 板楼,https://image1.ljcdn.com/310000-inspection/pc1_qgu1MlsBI_1.jpg.296x216.jpg
20200208,闵行,古美,店长推荐：惊现大三房户型正气，得房率高，随时看房主自荐,499万,3室2厅 | 96.13平米 | 南 | 简装 | 高楼层(共7层) | 1998年建 | 板楼,https://image1.ljcdn.com/310000-inspection/prod-b086c563-32b9-4107-9499-334338a842b5.jpg.296x216.jpg
20200208,闵行,古美,高区景观房+一梯一户+产权车位+看房方便！,1450万,4室3厅 | 220.18平米 | 南 | 精装 | 高楼层(共17层) | 2006年建 | 板楼,https://image1.ljcdn.com/310000-inspection/pc1_lsdw25I8Y.jpg.296x216.jpg
20200208,闵行,古美,满五唯一 南北通 楼层佳三阳台 楼距大 采光强 绿化好,725万,3室2厅 | 133.22平米 | 南 | 精装 | 低楼层(共6层) | 1998年建 | 板楼,https://image1.ljcdn.com/310000-inspection/pc1_BlsHbkfS1_1.jpg.296x216.jpg
20200208,闵行,古美,业主诚意出售  东苑怡景园难得电梯三房  链家自如装修,730万,3室2厅 | 126.12平米 | 南 | 精装 | 低楼层(共17层) | 2003年建 | 板楼,https://image1.ljcdn.com/310000-inspection/pc1_tb3jMZp3F_1.jpg.296x216.jpg
20200208,闵行,古美,鸿发家园 3室2厅 650万,650万,3室2厅 | 111.29平米 | 南 北 | 简装 | 中楼层(共6层) | 1999年建 | 板楼,https://image1.ljcdn.com/310000-inspection/pc1_MohtMlRjA_1.jpg.296x216.jpg
20200208,闵行,古美,鸿发四期电梯顶楼复式 业主置换诚意出售 满五唯一房主自荐,988万,3室2厅 | 153.06平米 | 南 北 | 精装 | 高楼层(共8层) | 2008年建 | 板楼,https://image1.ljcdn.com/310000-inspection/prod-488bedea-fe01-4261-8edd-33396b403ea2.jpg.296x216.jpg
20200208,闵行,古美,新梅广场，飞机户型，地铁1号线外环路线，有产权车位,635万,3室2厅 | 124.87平米 | 南 | 精装 | 低楼层(共12层) | 2000年建 | 板楼,https://image1.ljcdn.com/310000-inspection/prod-8094b098-f4f8-4319-aba1-1bfb247905df.jpg.296x216.jpg
20200208,闵行,古美,沿河景观，前后间距大采光充足，精装配套,780万,3室2厅 | 118.23平米 | 南 | 精装 | 低楼层(共14层) | 2002年建 | 板楼,https://image1.ljcdn.com/310000-inspection/prod-907ed6c2-355f-4672-b68c-41c946aa5aa6.jpg.296x216.jpg
20200208,闵行,古美,舒适两房+不临街+看房方便+天然氧吧,560万,2室2厅 | 96.11平米 | 南 | 简装 | 低楼层(共6层) | 2005年建 | 板楼,https://image1.ljcdn.com/310000-inspection/pc1_ENfRfWGLv_1.jpg.296x216.jpg
20200208,闵行,古美,精装带地暖！满五诚意出售！拎包入住!,850万,2室2厅 | 105.39平米 | 南 | 精装 | 低楼层(共12层) | 2008年建 | 板楼,https://image1.ljcdn.com/310000-inspection/prod-4a9b07bc-9cb7-48d2-89b2-fd4e0de5896c.jpg.296x216.jpg
20200208,闵行,古美,鸿发二期 双南大两房  楼层位置佳 正看小区花园,535万,2室2厅 | 96.14平米 | 南 北 | 简装 | 中楼层(共6层) | 2002年建 | 板楼,https://image1.ljcdn.com/310000-inspection/prod-6cdb9a24-6ae5-4622-9b17-9ed93bb88874.jpg.296x216.jpg
20200208,闵行,古美,08年古美标杆楼盘，飞机户型三房，带地下产权车位！房主自荐,980万,3室2厅 | 139.9平米 | 南 | 精装 | 低楼层(共11层) | 2008年建 | 板楼,https://image1.ljcdn.com/310000-inspection/prod-015807a6-acd0-4b4e-84f0-b4d831b47aa3.jpg.296x216.jpg
20200208,闵行,古美,景观电梯大两房，真房实价，诚意出售房主自荐,698万,2室2厅 | 118.89平米 | 南 | 精装 | 中楼层(共16层) | 2004年建 | 板楼,https://image1.ljcdn.com/310000-inspection/prod-4992396c-d4f2-452c-bae9-e6c3af7210b7.jpg.296x216.jpg
20200208,闵行,古美,A+好房+临河高区景观房+位置佳+产权车位+三开间朝南,860万,3室2厅 | 123.5平米 | 南 | 精装 | 高楼层(共14层) | 2002年建 | 板楼,https://image1.ljcdn.com/310000-inspection/prod-4c69f224-7ed7-4bc9-967d-8a5d4ae552f0.jpg.296x216.jpg
20200208,闵行,古美,电梯6楼 飞机户型 12号线地铁口  湿地公园 配套齐全,799万,3室2厅 | 122.71平米 | 南 | 简装 | 中楼层(共12层) | 2004年建 | 板楼,https://image1.ljcdn.com/310000-inspection/a3d89953-6a4c-433d-b430-b9b53b4c4faa_1000.jpg.296x216.jpg
20200208,闵行,古美,总价低  税费少 南北两房 业主诚意出售 看房方便,280万,2室1厅 | 61.41平米 | 南 | 简装 | 高楼层(共6层) | 1996年建 | 板楼,https://image1.ljcdn.com/310000-inspection/8c36f251-86d0-4fbb-9892-9de636d170ca_1000.jpg.296x216.jpg
20200208,闵行,古美,04年园林式小区，景观楼层，采光视野佳，带产权车位,870万,3室2厅 | 135.69平米 | 南 | 精装 | 中楼层(共12层) | 2004年建 | 板楼,https://image1.ljcdn.com/310000-inspection/c0143259-bda1-4aa2-a754-080dbeb93dde_1000.jpg.296x216.jpg
20200208,闵行,古美,花园式小区 电梯高区 沿河景观房 有钥匙 诚意出售,895万,3室2厅 | 149.82平米 | 南 | 精装 | 中楼层(共18层) | 2004年建 | 板楼,https://image1.ljcdn.com/310000-inspection/6af00aa5-a5d2-4107-b48c-3462d238d195_1000.jpg.296x216.jpg
20200208,闵行,古美,楼层好，小区楼栋位置好，中间套自如精装修,335万,2室1厅 | 64.84平米 | 南 | 精装 | 低楼层(共6层) | 1996年建 | 板楼,https://image1.ljcdn.com/310000-inspection/pc1_6GBV378pX_1.jpg.296x216.jpg
20200208,闵行,古美,2009年新小区，打2房2卫，看房方便,845万,2室2厅 | 122.79平米 | 南 | 毛坯 | 低楼层(共22层) | 2009年建 | 板楼,https://image1.ljcdn.com/310000-inspection/pc1_oQILPTuz2_1.jpg.296x216.jpg
20200208,闵行,古美,“白玉兰”户型，临漕河泾，双规交通，配套成熟！,580万,2室2厅 | 97.8平米 | 南 | 简装 | 高楼层(共6层) | 2002年建 | 板楼,https://image1.ljcdn.com/310000-inspection/6e7d1031-797b-4194-86ee-d11d17126e04_1000.jpg.296x216.jpg
20200208,闵行,古美,小区前排商品房，双南户型，随时看房，诚售,460万,2室1厅 | 79.65平米 | 南 | 简装 | 低楼层(共6层) | 1997年建 | 板楼,https://image1.ljcdn.com/310000-inspection/pc1_JPSyIiMyk_1.jpg.296x216.jpg
20200208,闵行,古美,店长推荐！！！售后公房+大三房 +1号线锦江乐园,440万,3室1厅 | 87.51平米 | 南 | 简装 | 高楼层(共6层) | 1995年建 | 板楼,https://image1.ljcdn.com/310000-inspection/pc1_mvx3mAgy3_1.jpg.296x216.jpg
20200208,闵行,古美,A+房源，店长推荐，看房方便有钥匙，居家装修拎包住。,475万,2室1厅 | 88.91平米 | 南 | 简装 | 高楼层(共6层) | 1998年建 | 板楼,https://image1.ljcdn.com/310000-inspection/pc1_cS8oNUMvS_1.jpg.296x216.jpg
20200208,闵行,古美,近1号线+2房复式结构+15平露台+满五唯一+安静位置,368万,2室2厅 | 90.28平米 | 南 | 简装 | 高楼层(共6层) | 1995年建 | 板楼,https://image1.ljcdn.com/310000-inspection/prod-b655b73d-141e-4f96-9fd5-8dee08e41529.jpg.296x216.jpg
20200208,闵行,古美,四开间朝南复式 带南北露台 小区仅此一套 业主诚售房主自荐,725万,4室2厅 | 146.22平米 | 南 北 | 简装 | 高楼层(共6层) | 1998年建 | 板楼,https://image1.ljcdn.com/310000-inspection/prod-4fb0a7b6-210e-4bde-8a76-0feaebdd738a.jpg.296x216.jpg
20200208,闵行,古美,精装大三房+看房方便+业主诚售+近地铁+近南方商圈,999万,3室2厅 | 146平米 | 南 北 | 精装 | 低楼层(共8层) | 2004年建 | 板楼,https://image1.ljcdn.com/310000-inspection/prod-bad71989-b975-4710-9a65-78d3bc59fda0.jpg.296x216.jpg
20200208,闵行,古美,此房满五年唯一，南北格局通透，一楼带院子，采光好,510万,2室2厅 | 91.27平米 | 南 | 简装 | 低楼层(共6层) | 2000年建 | 板楼,https://image1.ljcdn.com/310000-inspection/pc1_2EMYwltWv_1.jpg.296x216.jpg
20200208,闵行,古美,您的目光请吸引过来，新出三房，飞机户型，诚心出售。,1200万,3室2厅 | 134平米 | 南 | 精装 | 低楼层(共15层) | 2008年建 | 板楼,https://image1.ljcdn.com/310000-inspection/pc1_m9ZYj1ClQ_1.jpg.296x216.jpg
20200208,闵行,古美,小区单价低 大四房子，全明户型，诚心出售随时看房,665万,4室2厅 | 162.41平米 | 南 | 简装 | 低楼层(共12层) | 2001年建 | 板楼,https://image1.ljcdn.com/310000-inspection/test-53b704fc-8349-4d8d-b719-92036de5871d.png.296x216.jpg
20200208,闵行,古美,一楼带地下一层、三面院子、带地下车位、有钥匙，可看,1800万,6室3厅 | 416.44平米 | 南 北 | 简装 | 低楼层(共16层) | 2006年建 | 板楼,https://image1.ljcdn.com/310000-inspection/prod-5eb75f95-0448-4d8d-a4a8-b2f8107bf1c8.jpg.296x216.jpg
20200208,闵行,古美,南方新村+正气的沿河景观双南两房+楼层好+双轨出行房主自荐,405万,2室2厅 | 83.18平米 | 南 | 简装 | 高楼层(共6层) | 1994年建 | 板楼,https://image1.ljcdn.com/310000-inspection/prod-a11f1247-ba79-4b78-bc0e-d5bcb5e76b3d.jpg.296x216.jpg
20200208,闵行,古美,玉兰苑大三房，经典白玉兰户型，全南南北通，双轨交通,680万,3室2厅 | 120.04平米 | 南 | 精装 | 高楼层(共6层) | 2002年建 | 板楼,https://image1.ljcdn.com/310000-inspection/prod-4afd9f97-4696-4f6a-b52a-ca42d3f29896.jpg.296x216.jpg
20200208,闵行,古美,满五年 唯一 精装 可直接入住 不潮湿 景色优美房主自荐,750万,2室2厅 | 102.7平米 | 南 | 精装 | 低楼层(共14层) | 2004年建 | 板楼,https://image1.ljcdn.com/310000-inspection/prod-2754178a-5748-4473-9d71-23effe12a350.jpg.296x216.jpg
20200208,闵行,古美,电梯中层景观大3房 满五唯一 精装带地暖 12号线地铁房主自荐,1030万,3室2厅 | 137.89平米 | 南 | 精装 | 中楼层(共11层) | 2008年建 | 板楼,https://image1.ljcdn.com/310000-inspection/prod-fd88c78c-cf66-4297-81de-1f8ce3b6d402.jpg.296x216.jpg
20200208,闵行,古美,满五唯一，居家装修，看房方便，全明户型采光无遮挡房主自荐,395万,2室1厅 | 69.71平米 | 南 | 精装 | 高楼层(共6层) | 1996年建 | 板楼,https://image1.ljcdn.com/310000-inspection/prod-b7371d69-7394-43b8-a4a6-0620019dc561.jpg.296x216.jpg
20200208,闵行,古美,景和名苑+大三房带地下室+近地铁+小区环境好,798万,3室1厅 | 121.37平米 | 南 | 简装 | 低楼层(共14层) | 2004年建 | 板楼,https://image1.ljcdn.com/310000-inspection/prod-0b26f150-487c-4434-88c5-2f8f624ae9b5.jpg.296x216.jpg
20200208,闵行,古美,12号线地铁口+电梯顶楼复式+艺术感装修+房东诚意卖,1450万,4室2厅 | 185.6平米 | 南 | 精装 | 高楼层(共9层) | 2002年建 | 板楼,https://image1.ljcdn.com/310000-inspection/pc1_oQ0BNf0yG_1.jpg.296x216.jpg
20200208,闵行,古美,地铁300米小区+别墅下叠+一楼半地下室+双车库+花园房主自荐,1600万,4室2厅 | 164.28平米 | 南 | 精装 | 低楼层(共3层) | 2003年建 | 板楼,https://image1.ljcdn.com/310000-inspection/5bf86620-88cc-4fd3-b983-a1fd188fb054_1000.jpg.296x216.jpg
20200208,闵行,古美,高层大面积三房，五开间朝南，二手买进，拎包入住房主自荐,838万,3室2厅 | 139.62平米 | 南 | 精装 | 高楼层(共31层) | 2004年建 | 板楼,https://image1.ljcdn.com/310000-inspection/pc1_yk5wX2FvT_1.jpg.296x216.jpg
20200208,闵行,古美,诚心出售，大三房，全明户型，户型正气，动静分离,720万,3室2厅 | 134.56平米 | 南 | 毛坯 | 高楼层(共6层) | 1995年建 | 板楼,https://image1.ljcdn.com/310000-inspection/1752d5d5-026d-4cd9-8e47-f8a795c71e3e_1000.jpg.296x216.jpg
20200208,闵行,古美,新上架高区景观楼层+满五唯一+带一个产权车位+诚售,1580万,4室2厅 | 238.72平米 | 南 | 精装 | 高楼层(共17层) | 2006年建 | 板楼,https://image1.ljcdn.com/310000-inspection/pc1_wBLDCQI9L_1.jpg.296x216.jpg
20200208,闵行,古美,小区居中位置，视野好，少有的挑空厅三复四户型,1180万,4室2厅 | 178.53平米 | 南 | 精装 | 中楼层(共6层) | 2005年建 | 板楼,https://image1.ljcdn.com/310000-inspection/pc1_XEBW11XgH_1.jpg.296x216.jpg
20200208,闵行,古美,沿河景观房 南北通飞机户型 大三房 居家装修,860万,3室2厅 | 147.8平米 | 南 | 精装 | 低楼层(共18层) | 2004年建 | 板楼,https://image1.ljcdn.com/310000-inspection/pc1_HGCgsmKP3_1.jpg.296x216.jpg
20200208,闵行,古美,纯白之上留一丝浮华豪 华高档大平层带保姆间 看房方便,2600万,5室2厅 | 295.83平米 | 南 | 精装 | 中楼层(共22层)  | 板楼,https://image1.ljcdn.com/310000-inspection/pc1_wZzKF1Hme_1.jpg.296x216.jpg
20200208,闵行,古美,平阳新村 双南两房 有免费面积 采光位置很不错,320万,2室1厅 | 55.36平米 | 南 | 精装 | 中楼层(共5层) | 1998年建 | 板楼,https://image1.ljcdn.com/310000-inspection/pc1_cJ0bOCGuJ_1.jpg.296x216.jpg
20200208,闵行,古美,非顶楼中~心位置三房，精装修，可拎包入住，位置好,350万,3室1厅 | 70.38平米 | 南 | 精装 | 高楼层(共6层) | 1990年建 | 板楼,https://image1.ljcdn.com/310000-inspection/673f26c8-3d4e-4825-97bb-aff38c87928c_1000.jpg.296x216.jpg
20200208,闵行,古美,世博观光小区 视野正对小区别墅 三房朝南 厅朝东,1080万,3室2厅 | 147.25平米 | 南 | 精装 | 低楼层(共11层) | 2004年建 | 板楼,https://image1.ljcdn.com/310000-inspection/prod-4e1678fb-64c4-4d28-a067-d40e698e9f0e.jpg.296x216.jpg
20200208,闵行,古美,单价3.65万，四房大复式，五年精装修拎包入住，好看房房主自荐,533万,4室2厅 | 145.91平米 | 南 | 精装 | 高楼层(共6层) | 1995年建 | 板楼,https://image1.ljcdn.com/310000-inspection/prod-27e1041f-56d6-4a28-9d7b-f8d6fa9e1169.jpg.296x216.jpg
20200208,闵行,古美,低于市场价的房子,业主急卖带产权车位房主自荐,610万,2室2厅 | 99.08平米 | 南 | 简装 | 低楼层(共16层) | 2007年建 | 板楼,https://image1.ljcdn.com/310000-inspection/prod-7b077306-0a29-4fed-a47d-7a5696194542.jpg.296x216.jpg
20200208,闵行,古美,南北通，前后无遮挡，房东自住装修,650万,2室2厅 | 93.47平米 | 南 | 精装 | 低楼层(共18层) | 2007年建 | 板楼,https://image1.ljcdn.com/310000-inspection/prod-45d2c09c-ec36-4f2b-8753-2d65116f5359.jpg.296x216.jpg
20200208,闵行,古美,南北大两房+位置佳+双轨交通+带天井诚心卖房主自荐,339万,2室1厅 | 73.56平米 | 南 北 | 简装 | 低楼层(共6层) | 1995年建 | 板楼,https://image1.ljcdn.com/310000-inspection/prod-4a984260-641f-47da-8f61-855c53b72225.jpg.296x216.jpg
20200208,闵行,古美,2006年商品房、近地铁、楼层好、生活便利,355万,1室1厅 | 64.07平米 | 东南 | 简装 | 中楼层(共17层) | 2006年建 | 塔楼,https://image1.ljcdn.com/310000-inspection/pc1_GjhujfQ0u_1.jpg.296x216.jpg
20200208,闵行,古美,近地铁大面积两房 诚意出售 看房方便 欢迎品鉴,385万,2室2厅 | 82.45平米 | 南 | 精装 | 高楼层(共6层) | 1998年建 | 板楼,https://image1.ljcdn.com/310000-inspection/pc1_gNKmuTShG_1.jpg.296x216.jpg
20200208,闵行,古美,电梯精装两房+阁楼 楼层高，视野好，采光通风好房主自荐,700万,3室2厅 | 96.42平米 | 南 北 | 精装 | 高楼层(共7层) | 2003年建 | 板楼,https://image1.ljcdn.com/310000-inspection/pc1_3sJ84yIeD_1.jpg.296x216.jpg
20200208,闵行,古美,店长推荐+电梯二房+交通便利+房型全明,375万,2室1厅 | 76.76平米 | 西南 东北 | 简装 | 低楼层(共18层) | 1997年建 | 塔楼,https://image1.ljcdn.com/310000-inspection/pc1_g1hxwkgIM_1.jpg.296x216.jpg
20200208,闵行,古美,古美六村稀有三房 业主出国急售 价格好谈 阳光充足,480万,3室1厅 | 87.6平米 | 南 | 简装 | 高楼层(共6层) | 1997年建 | 板楼,https://image1.ljcdn.com/310000-inspection/f1cfa180-790f-4717-94a8-ead1b7e308b3_1000.jpg.296x216.jpg
20200208,闵行,古美,A++房源，店长强力推荐！三房全明户型，看房有钥匙,420万,3室1厅 | 73.99平米 | 南 | 简装 | 中楼层(共6层) | 1996年建 | 板楼,https://image1.ljcdn.com/310000-inspection/pc1_PHoELtVrB_1.jpg.296x216.jpg
20200208,闵行,古美,新时代花园 3室2厅 740万,740万,3室2厅 | 115.23平米 | 南 | 简装 | 中楼层(共6层) | 2002年建 | 板楼,https://image1.ljcdn.com/310000-inspection/pc1_BZzam1GmM_1.jpg.296x216.jpg
20200208,闵行,古美,邻近地铁一号线，配套成熟，环境优雅，高品质小区,960万,3室2厅 | 141.84平米 | 南 北 | 简装 | 低楼层(共14层) | 2005年建 | 板楼,https://image1.ljcdn.com/310000-inspection/pc1_HMAEQlwFA_1.jpg.296x216.jpg
20200208,闵行,古美,南方商城+中庚漫游城+双地铁+两房朝南+诚意出售,400万,2室1厅 | 79.18平米 | 南 | 简装 | 高楼层(共6层) | 1996年建 | 板楼,https://image1.ljcdn.com/310000-inspection/prod-964963b0-7867-446f-8d1d-fb84f81414bd.jpg.296x216.jpg
20200208,闵行,古美,小区少有的复式房+位置安静+得房率高房主自荐,429万,3室2厅 | 94.12平米 | 南 | 简装 | 高楼层(共6层) | 1994年建 | 板楼,https://image1.ljcdn.com/310000-inspection/prod-0dd69bc2-6add-4947-afad-1524e33a1e13.jpg.296x216.jpg
20200208,闵行,古美,毛坯三房两厅两卫，不靠马路，无遮挡！！,750万,3室2厅 | 136.11平米 | 南 | 毛坯 | 低楼层(共14层) | 2005年建 | 板楼,https://image1.ljcdn.com/310000-inspection/prod-6d66c893-a902-4071-993f-6f2840048ed8.jpg.296x216.jpg
20200208,闵行,古美,双开间，双天井，1号线轨交，可变三房，变动性强房主自荐,316万,2室1厅 | 67.86平米 | 南 | 简装 | 低楼层(共6层) | 1995年建 | 板楼,https://image1.ljcdn.com/310000-inspection/test-0cf11501-e6f6-463d-9fe0-bffbd9f73dce.jpg.296x216.jpg
20200208,闵行,古美,南北户型 安静位置视野好 满五税少 业主诚心出售房主自荐,400万,2室2厅 | 70.31平米 | 南 北 | 精装 | 高楼层(共6层) | 2003年建 | 板楼,https://image1.ljcdn.com/310000-inspection/prod-9e4a7ffe-976a-4d87-b880-9a677d2c9c9b.jpg.296x216.jpg
20200208,闵行,古美,稀世电梯两房，小区花园位置，全南户型，临地铁，诚售,730万,2室2厅 | 109.48平米 | 南 | 精装 | 中楼层(共7层) | 2004年建 | 板楼,https://image1.ljcdn.com/310000-inspection/prod-3c5e7763-be3b-4200-a6b0-8bf4fc0eaf67.jpg.296x216.jpg
20200208,闵行,古美,小区中间位置  小三房 位置好 楼层好 随时看房主自荐,600万,3室1厅 | 100.92平米 | 南 | 精装 | 低楼层(共24层) | 2000年建 | 板楼,https://image1.ljcdn.com/310000-inspection/prod-2e9cccdd-beda-4910-9e2a-e69c043218cf.jpg.296x216.jpg
20200208,闵行,古美,1号莲花路地铁站，上海花园电梯房，别墅了小区+公寓房主自荐,808万,3室2厅 | 162.2平米 | 南 | 简装 | 低楼层(共18层) | 1995年建 | 塔楼,https://image1.ljcdn.com/310000-inspection/97db864f-af96-4f47-b30a-911cb61ed373_1000.jpg.296x216.jpg
20200208,闵行,古美,个税免征 高区景观楼层 B2车位 买进价高,820万,3室2厅 | 90.89平米 | 南 | 精装 | 高楼层(共18层) | 2012年建 | 板楼,https://image1.ljcdn.com/310000-inspection/pc1_zSSPBo1ej_1.jpg.296x216.jpg
20200208,闵行,古美,1号线莲花站 南方新村售后公房 楼层好 满五年唯一,392万,2室1厅 | 69.38平米 | 南 | 精装 | 低楼层(共6层) | 1993年建 | 板楼,https://image1.ljcdn.com/310000-inspection/pc1_OOTkoC4bU_1.jpg.296x216.jpg
20200208,闵行,古美,四开间朝南，顶楼复式，三房带露台，房东诚心出售,580万,3室1厅 | 125.6平米 | 南 | 简装 | 高楼层(共6层) | 1995年建 | 板楼,https://image1.ljcdn.com/310000-inspection/prod-a64b6cff-049d-460c-a046-54144ffca175.jpg.296x216.jpg
20200208,闵行,古美,小区环境好，停车方便，户型好，得房率高,690万,2室2厅 | 93.9平米 | 南 | 简装 | 低楼层(共14层) | 2003年建 | 板楼,https://image1.ljcdn.com/310000-inspection/prod-cbb521b6-216d-4132-8645-f8f42379adba.jpg.296x216.jpg
20200208,闵行,古美,电梯双南小两房，一梯两户，05年商品房，环境优美,589万,2室1厅 | 86.5平米 | 南 | 精装 | 低楼层(共14层) | 2005年建 | 板楼,https://image1.ljcdn.com/310000-inspection/prod-4a392503-ece6-4b74-acc8-1903a0382ec2.jpg.296x216.jpg
20200208,闵行,古美,此房无个税，南北直透，视野宽阔，小区环境好房主自荐,665万,2室2厅 | 113平米 | 南 北 | 简装 | 低楼层(共6层) | 2002年建 | 板楼,https://image1.ljcdn.com/310000-inspection/pc1_vKOnyndW5_1.jpg.296x216.jpg
20200208,闵行,古美,户型正气 高区错层 视野开阔 采光好 方便看房,628万,2室2厅 | 102.57平米 | 南 北 | 精装 | 高楼层(共7层) | 2000年建 | 板楼,https://image1.ljcdn.com/310000-inspection/pc1_5rKuXTMmW_1.jpg.296x216.jpg
20200208,闵行,古美,售后公房满五唯一，小三房，全明户型，非顶楼,415万,3室2厅 | 76平米 | 南 | 简装 | 高楼层(共7层) | 1998年建 | 板楼,https://image1.ljcdn.com/310000-inspection/df29f306-eb08-46f9-b045-a25a3c1ad8f0_1000.jpg.296x216.jpg
20200208,闵行,古美,简单装修，满五唯一，税费少，看房方便,510万,3室1厅 | 99.67平米 | 南 北 | 简装 | 高楼层(共6层) | 1995年建 | 板楼,https://image1.ljcdn.com/310000-inspection/7193c5d7-8152-4a8c-8ac6-42eb95e1776d_1000.jpg.296x216.jpg
20200208,闵行,古美,地铁口别墅小区，精装大两房，带花园+车位，看房方便房主自荐,720万,2室2厅 | 107.42平米 | 南 | 精装 | 低楼层(共9层) | 2004年建 | 板楼,https://image1.ljcdn.com/310000-inspection/685f1dca-dda6-41b1-803b-6305222cd8af_1000.jpg.296x216.jpg
20200208,闵行,古美,欧风花都满五唯一电梯大三房出售小区花园位置,899万,3室2厅 | 143.05平米 | 南 | 精装 | 中楼层(共11层) | 2004年建 | 板楼,https://image1.ljcdn.com/310000-inspection/pc1_VUWPQBl3E_1.jpg.296x216.jpg
20200208,闵行,古美,地铁口 高品质电梯三房 业主诚意出售 看房方便,760万,3室2厅 | 136.29平米 | 南 北 | 精装 | 低楼层(共14层) | 2005年建 | 板楼,https://image1.ljcdn.com/310000-inspection/pc1_IAhzIUQbl_1.jpg.296x216.jpg
20200208,闵行,古美,位置安静，全明户型，一梯两户，满五年，税费低房主自荐,420万,2室1厅 | 72.94平米 | 南 | 简装 | 低楼层(共6层) | 1996年建 | 板楼,https://image1.ljcdn.com/310000-inspection/pc1_P4MT4HOMN_1.jpg.296x216.jpg
20200208,闵行,古美,顶楼复式，全明格局，业主诚心出售，看房随时,495万,3室2厅 | 106.58平米 | 南 北 | 毛坯 | 高楼层(共6层) | 1998年建 | 板楼,https://image1.ljcdn.com/310000-inspection/pc1_frWoJI3AY_1.jpg.296x216.jpg
20200208,闵行,古美,12号线顾戴路地铁站  湿地公园 交通方便 生活配套完善,685万,3室2厅 | 126.47平米 | 南 北 | 精装 | 高楼层(共6层) | 2002年建 | 板楼,https://image1.ljcdn.com/310000-inspection/f9ef663c-1da2-4e56-ac21-7bb7a669afe7_1000.jpg.296x216.jpg
20200208,闵行,古美,平吉二村 双南2房 近地铁 配套成熟 看房方便 诚售房主自荐,335万,2室1厅 | 72.13平米 | 南 | 简装 | 高楼层(共6层) | 1995年建 | 板楼,https://image1.ljcdn.com/310000-inspection/pc1_GKJ5mfM8S_1.jpg.296x216.jpg
20200208,闵行,古美,毛坯装修，满五唯一，电梯房，中间楼层，采光好,698万,2室2厅 | 109.52平米 | 南 | 毛坯 | 中楼层(共16层) | 2004年建 | 板楼,https://image1.ljcdn.com/310000-inspection/6f5b2bb7-2d7a-47b5-b15d-9331879fc1b7_1000.jpg.296x216.jpg
20200208,闵行,古美,1号线锦江乐园站+古美三村+全明户型+诚意出售房主自荐,309万,2室1厅 | 58.17平米 | 南 | 精装 | 高楼层(共6层) | 1995年建 | 板楼,https://image1.ljcdn.com/310000-inspection/pc1_xetEbLrq5_1.jpg.296x216.jpg
20200208,闵行,古美,小区安静位置，中轴绿化线边 视野光线上佳,575万,2室2厅 | 90.68平米 | 南 | 精装 | 中楼层(共6层) | 2004年建 | 板楼,https://image1.ljcdn.com/310000-inspection/pc1_Mm7iPzRtW_1.jpg.296x216.jpg
20200208,闵行,古美,华梅花苑精装两房，两房朝南，小区中间位置,425万,2室1厅 | 75.38平米 | 南 | 简装 | 高楼层(共6层) | 1995年建 | 板楼,https://image1.ljcdn.com/310000-inspection/pc1_DQwwLvaLl_1.jpg.296x216.jpg
20200208,闵行,古美,稀有电梯两房+小区边套全明户型+精装修,736万,2室2厅 | 108.32平米 | 南 北 | 精装 | 低楼层(共9层) | 2004年建 | 板楼,https://image1.ljcdn.com/310000-inspection/b968642b-9cb2-4d30-97a3-197699ae3b55_1000.jpg.296x216.jpg
20200208,闵行,古美,精装修，中间楼层采光好，莲花路地铁站，靠南方商城,710万,2室2厅 | 103.41平米 | 南 | 精装 | 中楼层(共21层) | 2004年建 | 板楼,https://image1.ljcdn.com/310000-inspection/3e588852-0c72-4cf5-8f1b-be8f4a10b956_1000.jpg.296x216.jpg
20200208,闵行,古美,万源城朗郡 3室2厅 1343万,1343万,3室2厅 | 151.44平米 | 南 | 精装 | 高楼层(共24层) | 2009年建 | 板楼,https://image1.ljcdn.com/310000-inspection/bcbbbab3-571d-4cb8-bf30-65ab144b1300_1000.jpg.296x216.jpg
20200208,闵行,古美,一号线近地铁，面积大，南北通，业主着急卖,790万,3室2厅 | 142.75平米 | 南 | 毛坯 | 低楼层(共13层) | 2004年建 | 板楼,https://image1.ljcdn.com/310000-inspection/pc1_Oe3vDa8q4_1.jpg.296x216.jpg
20200208,闵行,古美,店长推荐！！！大三房+ 满五唯一 南北通+必看好房,775万,3室2厅 | 120.22平米 | 南 | 简装 | 低楼层(共14层) | 2002年建 | 板楼,https://image1.ljcdn.com/310000-inspection/pc1_Cah1IhBTx_1.jpg.296x216.jpg
20200208,闵行,古美,楼层好，位置好，面积大，诚意卖，方便看,370万,2室2厅 | 82.4平米 | 南 | 简装 | 低楼层(共6层) | 1998年建 | 板楼,https://image1.ljcdn.com/310000-inspection/pc1_RKo8D27IF_1.jpg.296x216.jpg
20200208,闵行,古美,双南两房，居家干净清爽，满五唯一，税费少。采光充足,330万,2室1厅 | 64.84平米 | 南 | 简装 | 高楼层(共6层) | 1996年建 | 板楼,https://image1.ljcdn.com/310000-inspection/pc1_5ifDrsx4H_2.jpg.296x216.jpg
20200208,闵行,古美,三年婚装，直接拎包入住，双楠全明，内带幼儿园,375万,2室1厅 | 70.57平米 | 南 | 精装 | 高楼层(共6层) | 1995年建 | 板楼,https://image1.ljcdn.com/310000-inspection/pc1_T4svtzP6w_1.jpg.296x216.jpg
20200208,闵行,古美,平阳二村 3室2厅 485万,485万,3室2厅 | 90.14平米 | 南 | 精装 | 高楼层(共6层) | 1997年建 | 板楼,https://image1.ljcdn.com/310000-inspection/pc1_66WmhMN8E_1.jpg.296x216.jpg
20200208,闵行,古美,顾戴路地铁站247米 双南大两房 2＋1全明户型 精装修,390万,2室2厅 | 71.47平米 | 南 | 精装 | 高楼层(共6层) | 1997年建 | 板楼,https://image1.ljcdn.com/310000-inspection/pc1_lDMgvWxGK_1.jpg.296x216.jpg
20200208,闵行,古美,满五唯一    楼层好    业主诚意出售    看房随时,355万,2室1厅 | 64.76平米 | 南 | 简装 | 中楼层(共6层) | 1998年建 | 板楼,https://image1.ljcdn.com/310000-inspection/pc1_cKQiWVpn9_1.jpg.296x216.jpg
20200208,闵行,古美,楼层高，景观房，总价好，有产权车位，看房方便,1400万,4室2厅 | 177.3平米 | 南 | 简装 | 高楼层(共23层) | 2009年建 | 板楼,https://image1.ljcdn.com/310000-inspection/prod-bff4893d-c17c-4ee9-9bb8-4426229f10f5.jpg.296x216.jpg
20200208,闵行,古美,外环以内，近轨交，交通方便成熟社区，总价低！,374万,2室1厅 | 92.7平米 | 南 | 简装 | 高楼层(共6层) | 1995年建 | 板楼,https://image1.ljcdn.com/310000-inspection/prod-33712973-8624-4439-97e2-a18c1130bae7.jpg.296x216.jpg
20200208,闵行,古美,徐汇户口 新园大楼 电梯房 近地铁12号线 看房随时,355万,1室1厅 | 69.29平米 | 东南 | 简装 | 低楼层(共24层) | 1996年建 | 塔楼,https://image1.ljcdn.com/310000-inspection/prod-ea5b43a5-5f14-4129-941b-0508eaecdc8a.jpg.296x216.jpg
20200208,闵行,古美,楼层好 位置佳 居家小两房 品质小区 看房方便房主自荐,382万,2室1厅 | 71.48平米 | 南 | 简装 | 中楼层(共6层) | 1996年建 | 板楼,https://image1.ljcdn.com/310000-inspection/prod-0e4dcc9e-b171-4129-8df6-41c5ebcc7378.jpg.296x216.jpg
20200208,闵行,古美,满五不唯一 小区中 心 楼层好 低总价小二房,270万,2室1厅 | 58.87平米 | 南 | 毛坯 | 中楼层(共6层) | 1995年建 | 板楼,https://image1.ljcdn.com/310000-inspection/pc1_5ztchG5cx_1.jpg.296x216.jpg
20200208,闵行,古美,新梅花苑 3室2厅 560万,560万,3室2厅 | 162平米 | 南 | 简装 | 高楼层(共6层) | 1997年建 | 板楼,https://image1.ljcdn.com/310000-inspection/prod-6ce0ff63-a09a-4841-a2c0-274bbd8452b7.jpg.296x216.jpg
20200208,闵行,古美,古美八村 1室1厅 225万,225万,1室1厅 | 43.91平米 | 南 | 简装 | 高楼层(共6层) | 1994年建 | 板楼,https://image1.ljcdn.com/310000-inspection/prod-012f3945-06ec-42b1-8452-886d3416e728.jpg.296x216.jpg
20200208,闵行,古美,南北户型+通风好采光佳+近漕河泾+近12号线,295万,2室1厅 | 55.89平米 | 南 | 简装 | 高楼层(共6层) | 1990年建 | 板楼,https://image1.ljcdn.com/310000-inspection/prod-ec00a182-1cb5-40c7-acd4-91ed2183d7ea.jpg.296x216.jpg
20200208,闵行,古美,南方新村精装修 双南两房 全明户型 拎包入住 诚售,378万,2室1厅 | 70.07平米 | 南 | 精装 | 高楼层(共6层) | 1993年建 | 板楼,https://image1.ljcdn.com/310000-inspection/prod-cfed7bc3-b8a3-4bbc-9e7f-00c8b959befc.jpg.296x216.jpg
20200208,闵行,古美,正气三房，好楼层，好位置，只等您的光临！房主自荐,788万,3室2厅 | 119.9平米 | 南 | 精装 | 中楼层(共6层) | 2002年建 | 板楼,https://image1.ljcdn.com/310000-inspection/prod-59ace9cb-fc76-4b46-9a7d-02af6b7073cd.jpg.296x216.jpg
20200208,闵行,古美,边套，全明户型三房，小区正对校园操场，视野采光好,499万,3室2厅 | 90.2平米 | 南 | 简装 | 高楼层(共6层) | 1996年建 | 板楼,https://image1.ljcdn.com/310000-inspection/prod-6ef416da-2463-4039-a12a-f3a787d1bda9.jpg.296x216.jpg
20200208,闵行,古美,平南双南全明二房 位置好  户型好房主自荐,355万,2室1厅 | 61.17平米 | 南 | 简装 | 高楼层(共6层) | 1994年建 | 板楼,https://image1.ljcdn.com/310000-inspection/prod-f38ae518-abf9-414e-8c48-5e4316e7ba78.jpg.296x216.jpg
20200208,闵行,古美,新时代景庭  三房朝南 随意改四房 精装修拎包入住房主自荐,1160万,3室2厅 | 143.77平米 | 南 | 精装 | 中楼层(共8层) | 2004年建 | 板楼,https://image1.ljcdn.com/310000-inspection/prod-23c3a2b0-3325-4121-91dc-07da010af538.jpg.296x216.jpg
20200208,闵行,古美,税费低，不靠路，税费低，业主诚心出售！房主自荐,450万,2室1厅 | 74.89平米 | 南 | 简装 | 高楼层(共6层) | 1996年建 | 板楼,https://image1.ljcdn.com/310000-inspection/prod-bb756b55-889c-436f-919c-a9e004dc2f19.jpg.296x216.jpg
20200208,闵行,古美,欧风花都，电梯高层一房两厅，三个阳台，视野景观好！,500万,1室2厅 | 71.58平米 | 南 | 精装 | 高楼层(共11层) | 2003年建 | 板楼,https://image1.ljcdn.com/310000-inspection/prod-2e2d5c24-0a07-4745-86be-38a4cbfaa98a.jpg.296x216.jpg
20200208,闵行,古美,单价实惠大三房，露台不算面积，储物间，得房率高。房主自荐,429万,3室2厅 | 105.08平米 | 南 | 简装 | 高楼层(共6层) | 1995年建 | 板楼,https://image1.ljcdn.com/310000-inspection/prod-bdbb4b37-43e9-4a2d-8cd0-d7563c6f9947.jpg.296x216.jpg
20200208,闵行,古美,此房是两房改三房，房东自住装修，带产权车位，,710万,3室2厅 | 96平米 | 南 北 | 精装 | 低楼层(共17层) | 2007年建 | 板楼,https://image1.ljcdn.com/310000-inspection/prod-948e8b05-6a8e-4a4b-b416-04ac86bc371a.jpg.296x216.jpg
20200208,闵行,古美,精装大两房 房型正气 位置安静  房东诚心出售,398万,2室2厅 | 78.18平米 | 南 | 精装 | 高楼层(共6层) | 1994年建 | 板楼,https://image1.ljcdn.com/310000-inspection/pc1_3f0zWWD83_1.jpg.296x216.jpg
20200208,闵行,古美,古龙城一期双南户型两房 简装高层区位 视野好无遮挡,760万,2室2厅 | 106.7平米 | 南 | 精装 | 中楼层(共16层) | 2004年建 | 板楼,https://image1.ljcdn.com/310000-inspection/prod-f72663c5-41e9-4c48-8e17-bb749803d0ed.jpg.296x216.jpg
20200208,闵行,古美,地铁口，读书，高区景观楼层，满五唯一、看房有钥匙,355万,1室1厅 | 56.69平米 | 南 | 简装 | 高楼层(共17层) | 2005年建 | 板楼,https://image1.ljcdn.com/310000-inspection/8aa2c131-79dd-4819-8fa9-1742ed3a9b30_1000.jpg.296x216.jpg
20200208,闵行,古美,春意苑，电梯三房两卫双轨交通，位置安静，随时看房,795万,3室2厅 | 130.17平米 | 南 | 精装 | 中楼层(共6层) | 2002年建 | 板楼,https://image1.ljcdn.com/310000-inspection/pc1_1A1iJX1sE_1.jpg.296x216.jpg
20200208,闵行,古美,平吉二村 1998年马赛克商品房 双方朝南 全明户型 诚售房主自荐,420万,2室1厅 | 85.52平米 | 南 | 简装 | 高楼层(共6层) | 1998年建 | 板楼,https://image1.ljcdn.com/310000-inspection/prod-aa274976-9e4e-4f7a-994e-6f45c6884db7.jpg.296x216.jpg
20200208,闵行,古美,此房满5年，采光好，视野好，配套完善。看房方便房主自荐,512万,2室2厅 | 90.28平米 | 东南 | 简装 | 中楼层(共5层) | 2000年建 | 板楼,https://image1.ljcdn.com/310000-inspection/prod-2b94a44f-edfa-4b29-9f4e-b174fbc3e9ba.jpg.296x216.jpg
20200208,闵行,古美,佳佳花园 一号线地铁 双南全明两房 税费少 诚心出售房主自荐,380万,2室1厅 | 76.7平米 | 南 | 精装 | 高楼层(共6层) | 1998年建 | 板楼,https://image1.ljcdn.com/310000-inspection/test-a6f04f80-552f-401f-9b1f-5408aaf41c08.png.296x216.jpg
20200208,闵行,古美,同济融创玫瑰公馆 2室1厅 390万,390万,2室1厅 | 72.34平米 | 北 | 精装 | 高楼层(共17层) | 2006年建 | 塔楼,https://image1.ljcdn.com/310000-inspection/prod-072ddbe9-6502-4e15-8975-98afe6f976f3.jpg.296x216.jpg
20200208,闵行,古美,二楼方正大一房，位置安静，宽敞大客厅,285万,1室1厅 | 50平米 | 南 | 简装 | 低楼层(共6层) | 1995年建 | 板楼,https://image1.ljcdn.com/310000-inspection/prod-c60748cd-5cef-43c9-81b8-479fb47493a4.jpg.296x216.jpg
20200208,闵行,古美,两南一北厅朝南  板式户型采光好  满五税低价格好房主自荐,1060万,3室2厅 | 133.89平米 | 南 | 简装 | 低楼层(共13层) | 2008年建 | 板楼,https://image1.ljcdn.com/310000-inspection/prod-48757f95-2533-4aa5-97a3-7b8f9ea4b387.jpg.296x216.jpg
20200208,闵行,古美,诚意出售，户型通透，采光好，交通便利房主自荐,520万,2室2厅 | 84.4平米 | 南 | 精装 | 高楼层(共6层) | 1998年建 | 板楼,https://image1.ljcdn.com/310000-inspection/prod-cf6be3a9-b185-45a6-a489-a3be7f13aff2.jpg.296x216.jpg
20200208,闵行,古美,近一号线，近商场群，小区景观位置正气大两房，诚售,559万,2室2厅 | 95.05平米 | 南 | 精装 | 低楼层(共6层) | 2001年建 | 板楼,https://image1.ljcdn.com/310000-inspection/pc1_Uu8HzoJFC_1.jpg.296x216.jpg
20200208,闵行,古美,采光好位置佳+户型正气+售后公房+近地铁1号线,400万,2室2厅 | 78.25平米 | 南 | 简装 | 高楼层(共6层) | 1996年建 | 板楼,https://image1.ljcdn.com/310000-inspection/prod-80f92404-eb6c-4fc8-a1ea-be248de3341e.jpg.296x216.jpg
20200208,闵行,古美,地铁+商圈，高品质小区，环境优雅，中层采光视野佳,880万,3室2厅 | 145.77平米 | 南 | 简装 | 中楼层(共21层) | 2004年建 | 板楼,https://image1.ljcdn.com/310000-inspection/prod-e8859fed-7164-4924-982d-190e88ef9339.jpg.296x216.jpg
20200208,闵行,古美,大三房，低单价，近中环，近地铁，满五年唯一，有车位,820万,3室2厅 | 145.41平米 | 南 | 精装 | 低楼层(共31层) | 2004年建 | 板楼,https://image1.ljcdn.com/310000-inspection/prod-5e840898-3731-4f8b-bad1-a2cdd573e4ec.jpg.296x216.jpg
20200208,闵行,古美,江南星城复式房+满五唯一免个税+带阁楼带露台,1099万,6室2厅 | 176.01平米 | 南 | 精装 | 高楼层(共6层) | 2005年建 | 板楼,https://image1.ljcdn.com/310000-inspection/prod-c2a30c71-6615-4567-a47f-ec68352655e2.jpg.296x216.jpg
20200208,闵行,古美,近地铁，产权清晰，无抵押，满五唯一，税费少,350万,1室1厅 | 56.9平米 | 南 | 简装 | 低楼层(共17层) | 2005年建 | 板楼,https://image1.ljcdn.com/310000-inspection/pc1_tWaB5zZjq.jpg.296x216.jpg
20200208,闵行,古美,古美六村稀有一房 业主出国急售 价格好谈 阳光充足,275万,1室1厅 | 50.67平米 | 南 | 简装 | 高楼层(共6层) | 1997年建 | 板楼,https://image1.ljcdn.com/310000-inspection/7a5ab188-320c-4917-9a91-6eda69d9f0b8_1000.jpg.296x216.jpg
20200208,闵行,古美,新梅花苑 2室2厅 345万,345万,2室2厅 | 71.81平米 | 南 | 简装 | 高楼层(共6层) | 1997年建 | 板楼,https://image1.ljcdn.com/310000-inspection/pc1_vmuUJvgE5_1.jpg.296x216.jpg
20200208,闵行,古美,小区中间位置，南北直通格局好，采光充足，视野开阔。,810万,3室2厅 | 127.73平米 | 南 | 简装 | 高楼层(共6层) | 2005年建 | 板楼,https://image1.ljcdn.com/310000-inspection/pc1_xV0RI7Hf9_1.jpg.296x216.jpg
20200208,闵行,古美,新梅广场+近地铁+不靠马路+有车位+精装带地暖房主自荐,560万,3室2厅 | 102.11平米 | 南 | 精装 | 高楼层(共24层) | 2000年建 | 板楼,https://image1.ljcdn.com/310000-inspection/pc1_fNHO5fjGL_1.jpg.296x216.jpg
20200208,闵行,古美,新上房源！！单价低，景观电梯房，中环边上，随时看,400万,2室1厅 | 98.93平米 | 东 | 简装 | 高楼层(共18层) | 1995年建 | 塔楼,https://image1.ljcdn.com/310000-inspection/prod-2be86f6c-fefb-4ec3-951e-6a5df7ae2a11.jpg.296x216.jpg
20200208,闵行,古美,平吉一村三房，小区中间位置，满二税少，看房方便,370万,3室1厅 | 83.93平米 | 南 | 简装 | 高楼层(共6层) | 1995年建 | 板楼,https://image1.ljcdn.com/310000-inspection/pc1_ML25SjEVa_1.jpg.296x216.jpg
20200208,闵行,古美,必看好房 满5年唯一 自住精装修 飞机户型 全明通透,715万,3室2厅 | 129.01平米 | 南 | 精装 | 高楼层(共6层) | 2001年建 | 板楼,https://image1.ljcdn.com/310000-inspection/eb49f288-d185-4ef0-8a68-53850f0936b5_1000.jpg.296x216.jpg
20200208,闵行,古美,税费少 大两房 已改三 拎包入住 一梯两户房主自荐,558万,2室2厅 | 116.21平米 | 南 | 精装 | 高楼层(共7层) | 1999年建 | 板楼,https://image1.ljcdn.com/310000-inspection/pc1_hZlSN3Kq0_1.jpg.296x216.jpg
20200208,闵行,古美,成亿家园 2室2厅 650万,650万,2室2厅 | 107.13平米 | 南 | 简装 | 高楼层(共6层) | 2001年建 | 板楼,https://image1.ljcdn.com/310000-inspection/3eca6d11-e383-499a-a47e-96024776f87c_1000.jpg.296x216.jpg
20200208,闵行,古美,平阳一村精装三房 业主诚心出售 位置好 出行便利,432万,3室2厅 | 88.47平米 | 南 | 简装 | 高楼层(共6层) | 1997年建 | 板楼,https://image1.ljcdn.com/310000-inspection/pc1_biOVwLnmu_1.jpg.296x216.jpg
20200208,闵行,古美,03年新小区 +满五唯一+中间楼层+配套完善房主自荐,338万,1室1厅 | 54.68平米 | 南 | 简装 | 中楼层(共6层) | 2003年建 | 板楼,https://image1.ljcdn.com/310000-inspection/7954b1ae-70cc-4e3a-a38f-436c81febc6b_1000.jpg.296x216.jpg
20200208,闵行,古美,户型通透  采光通风效果好 有固定车位  可拎包入住。房主自荐,410万,2室2厅 | 100.83平米 | 南 北 | 精装 | 高楼层(共7层) | 1995年建 | 板楼,https://image1.ljcdn.com/310000-inspection/pc1_YVhezzKGy_1.jpg.296x216.jpg
20200208,闵行,古美,1号线莲花站 房型独特南北通2房 采光好 诚售,373万,2室1厅 | 75.12平米 | 南 北 | 精装 | 高楼层(共6层) | 1993年建 | 板楼,https://image1.ljcdn.com/310000-inspection/pc1_NEJ6Rnkt8_1.jpg.296x216.jpg
20200208,闵行,古美,动迁房，税费地，诚心出售， 一梯两户，双南两房。,380万,2室1厅 | 74.03平米 | 南 | 简装 | 高楼层(共6层) | 1996年建 | 板楼,https://image1.ljcdn.com/310000-inspection/pc1_mSS55twfj_1.jpg.296x216.jpg
20200208,闵行,古美,房子满五年，自住装修保养好，户型好南北直通，无遮挡,498万,2室2厅 | 87.27平米 | 南 | 简装 | 高楼层(共6层) | 2000年建 | 板楼,https://image1.ljcdn.com/310000-inspection/3df612a3-be37-4436-9e0a-63740c23294c_1000.jpg.296x216.jpg
20200208,闵行,古美,满五年唯一无个税 一梯两户 楼道干净整洁无杂物堆放,468万,2室1厅 | 78.73平米 | 南 | 简装 | 中楼层(共6层) | 1997年建 | 板楼,https://image1.ljcdn.com/310000-inspection/pc1_z573TRc7M_1.jpg.296x216.jpg
20200208,闵行,古美,中友嘉园 3室2厅 970万,970万,3室2厅 | 125.21平米 | 南 | 精装 | 低楼层(共6层) | 2005年建 | 板楼,https://image1.ljcdn.com/310000-inspection/pc1_JUpP1dwe5_1.jpg.296x216.jpg
20200208,闵行,古美,小区中间位置，全明户型两房，房东诚意出售,430万,2室1厅 | 77.05平米 | 南 | 简装 | 高楼层(共6层) | 1995年建 | 板楼,https://image1.ljcdn.com/310000-inspection/9153715b-3cd4-47ef-a9f8-776efb6c425d_1000.jpg.296x216.jpg
20200208,闵行,古美,配套成熟 近地铁 中间楼层 不靠路 闹中取静 宜居两房,545万,2室1厅 | 90.7平米 | 南 | 简装 | 中楼层(共6层) | 2000年建 | 板楼,https://image1.ljcdn.com/310000-inspection/pc1_3yclx8Vm4_1.jpg.296x216.jpg
20200208,闵行,古美,1号线莲花站 南方新村少有的全明三房 采光好 随时可看,430万,3室1厅 | 82.82平米 | 南 | 简装 | 高楼层(共6层) | 1995年建 | 板楼,https://image1.ljcdn.com/310000-inspection/pc1_ZzEL5L1zq_1.jpg.296x216.jpg
20200208,闵行,古美,电梯房，满五唯一，税费少，中间楼层采光好南北直通,728万,2室2厅 | 109.52平米 | 南 | 精装 | 中楼层(共16层) | 2004年建 | 板楼,https://image1.ljcdn.com/310000-inspection/1d6c943a-00b1-4828-8634-f273010572b9_1000.jpg.296x216.jpg
20200208,闵行,古美,三房全明户型，户型正气南北通风，楼层也不错,690万,3室2厅 | 119.31平米 | 南 | 其他 | 低楼层(共6层) | 1998年建 | 板楼,https://image1.ljcdn.com/310000-inspection/5c972e3d-6258-4068-a5f7-fd7fbaf70b9a_1000.jpg.296x216.jpg
20200208,闵行,古美,古美六村 带暖气 近锦江乐园  双南精装修,445万,2室1厅 | 78.4平米 | 南 | 精装 | 高楼层(共6层) | 1997年建 | 板楼,https://image1.ljcdn.com/310000-inspection/189b0750-90d8-4177-8b09-25cd6f621417_1000.jpg.296x216.jpg
20200208,闵行,古美,莲花公寓(闵行) 3室1厅 565万,565万,3室1厅 | 97.19平米 | 南 | 其他 | 高楼层(共6层) | 1998年建 | 板楼,https://image1.ljcdn.com/310000-inspection/921d4c4f-1bad-43d0-9973-53751dc51273_1000.jpg.296x216.jpg
20200208,闵行,古美,总价低 楼层好 位置好 近地铁 近中庚 近商场 环境好,410万,2室1厅 | 62.48平米 | 东南 | 简装 | 中楼层(共4层) | 2001年建 | 板楼,https://image1.ljcdn.com/310000-inspection/pc1_licyKHwzW_1.jpg.296x216.jpg
20200208,闵行,古美,05年纯商品房，近12号线虹莘路地铁300米，精装修,540万,2室2厅 | 88.02平米 | 南 | 精装 | 高楼层(共6层) | 2005年建 | 板楼,https://image1.ljcdn.com/310000-inspection/bd3cee81-5e65-48ce-a19e-9d99009fd623_1000.jpg.296x216.jpg
20200208,闵行,古美,含产权车位，近地铁口，不靠马路，看房随时，厅南北通,790万,3室2厅 | 88.92平米 | 南 | 精装 | 低楼层(共30层) | 2012年建 | 板楼,https://image1.ljcdn.com/310000-inspection/9119daca-0ec2-426b-acb8-b00899c3dc38_1000.jpg.296x216.jpg
20200208,闵行,古美,12号线虹梅路站+小区罕见户型+精装两房+双南双阳台,355万,2室1厅 | 69.8平米 | 南 | 精装 | 高楼层(共6层) | 1989年建 | 板楼,https://image1.ljcdn.com/310000-inspection/pc1_J6tYDdAW7_1.jpg.296x216.jpg
20200208,闵行,古美,品古美繁华，需得南方新村双南两房，可远观。,348万,2室1厅 | 69.05平米 | 南 | 精装 | 高楼层(共6层) | 1993年建 | 板楼,https://image1.ljcdn.com/310000-inspection/pc1_3cB9MhKyS_1.jpg.296x216.jpg
20200208,闵行,古美,复式三房，三房朝南，南北双露台，看房方便！,748万,3室2厅 | 120.21平米 | 南 | 精装 | 高楼层(共6层) | 2003年建 | 板楼,https://image1.ljcdn.com/310000-inspection/c5c1d34e-e4c1-45eb-b522-d95a560959c6_1000.jpg.296x216.jpg
20200208,闵行,古美,房子带花园，使用面积大，总价低，税费少,470万,2室1厅 | 76.97平米 | 南 | 精装 | 低楼层(共6层) | 1998年建 | 板楼,https://image1.ljcdn.com/310000-inspection/0c9ba45f-ed2f-4eaa-a512-86894015ffbc_1000.jpg.296x216.jpg
20200208,闵行,古美,精装两房、拎包入住、看房方便、南北格局、户型正气,648万,2室2厅 | 116平米 | 南 | 精装 | 低楼层(共8层) | 2008年建 | 板楼,https://image1.ljcdn.com/310000-inspection/pc1_lv9fJzLNa_1.jpg.296x216.jpg
20200208,闵行,古美,新出正气三房 高区采光通风好 业主诚售 方便看房房主自荐,740万,3室2厅 | 125.19平米 | 南 | 精装 | 高楼层(共7层) | 1999年建 | 板楼,https://image1.ljcdn.com/310000-inspection/pc1_e5p2gOPB4_1.jpg.296x216.jpg
20200208,闵行,古美,此房精装修，两房朝南，户型好不靠路，近地铁,375万,2室1厅 | 68.17平米 | 南 | 简装 | 高楼层(共6层) | 1994年建 | 板楼,https://image1.ljcdn.com/310000-inspection/pc1_OsNk2Nk0e_1.jpg.296x216.jpg
20200208,闵行,古美,12号线舒适大三房、交通设施完善,745万,3室2厅 | 144.46平米 | 南 | 毛坯 | 中楼层(共6层) | 1998年建 | 板楼,https://image1.ljcdn.com/310000-inspection/b9ffab19-87c9-4871-a05a-f419bc8a6bce_1000.jpg.296x216.jpg
20200208,闵行,古美,中间位置，安静不喧闹，两房朝南一房朝北 户型方正,555万,3室2厅 | 105.19平米 | 南 | 毛坯 | 低楼层(共6层) | 1998年建 | 板楼,https://image1.ljcdn.com/310000-inspection/pc1_qRyskioDH_1.jpg.296x216.jpg
20200208,闵行,古美,莲花公寓(闵行) 3室2厅 739万,739万,3室2厅 | 143.96平米 | 南 | 精装 | 中楼层(共6层) | 2000年建 | 板楼,https://image1.ljcdn.com/310000-inspection/6c4bead2-52da-4960-b084-dbda328e30b2_1000.jpg.296x216.jpg
20200208,闵行,古美,2000年房龄，品质小区，诚意出售，欢迎品鉴,625万,2室2厅 | 95.94平米 | 南 | 简装 | 中楼层(共5层) | 2000年建 | 板楼,https://image1.ljcdn.com/310000-inspection/7c7aeac9-7694-4a9a-8615-f399c52acb56_1000.jpg.296x216.jpg
20200208,闵行,古美,近商圈，地铁，东边套全明，诚意出售,473万,3室2厅 | 92.9平米 | 南 | 简装 | 高楼层(共6层) | 1996年建 | 板楼,https://image1.ljcdn.com/310000-inspection/pc1_oz05TwgKl_1.jpg.296x216.jpg
20200208,闵行,古美,蔚蓝城市花园 3室2厅 988万,988万,3室2厅 | 133.28平米 | 南 | 精装 | 中楼层(共13层) | 2004年建 | 板楼,https://image1.ljcdn.com/310000-inspection/pc1_c4FlB7kMY_1.jpg.296x216.jpg
20200208,闵行,古美,位置好，彩光好，顶楼阁楼，固定产权车位，诚心出售,718万,3室2厅 | 86.23平米 | 南 | 简装 | 高楼层(共6层) | 2005年建 | 板楼,https://image1.ljcdn.com/310000-inspection/pc1_K8ZOnFkRO_1.jpg.296x216.jpg
20200208,闵行,古美,新梅广场，飞机户型，采光好视野好，业主诚意出售房主自荐,642万,3室2厅 | 128.59平米 | 东南 | 精装 | 高楼层(共12层) | 2000年建 | 板楼,https://image1.ljcdn.com/310000-inspection/pc1_mdHxbT2qc_1.jpg.296x216.jpg
20200208,闵行,古美,莲花公寓(闵行) 4室2厅 780万,780万,4室2厅 | 172.79平米 | 南 | 精装 | 高楼层(共6层) | 2000年建 | 板楼,https://image1.ljcdn.com/310000-inspection/f78bf1dc-3375-4cf0-a66b-04f0b9d2bd01_1000.jpg.296x216.jpg
20200208,闵行,古美,2004年次新小区 近1号线外环路地铁站 6站徐汇 诚意卖,820万,3室2厅 | 132.9平米 | 南 | 简装 | 高楼层(共6层) | 2004年建 | 板楼,https://image1.ljcdn.com/310000-inspection/pc1_UYHkxpF7t_1.jpg.296x216.jpg
20200208,闵行,古美,万源城御璄 4室2厅 2450万,2450万,4室2厅 | 266平米 | 南 | 精装 | 中楼层(共19层) | 2015年建 | 板楼,https://image1.ljcdn.com/310000-inspection/pc1_5sR5H1eGw_1.jpg.296x216.jpg
20200208,闵行,古美,地铁口一复二+带车库+带50平米储藏室+精装修,1178万,3室2厅 | 167.03平米 | 南 | 精装 | 低楼层(共4层) | 2007年建 | 板楼,https://image1.ljcdn.com/310000-inspection/prod-8eeace70-efbd-4e02-8fa0-a604068d29d2.jpg.296x216.jpg
20200208,闵行,古美,南北的小两房，双轨交通，户型好,285万,2室0厅 | 50.68平米 | 南 | 精装 | 高楼层(共6层) | 1998年建 | 板楼,https://image1.ljcdn.com/310000-inspection/prod-3bd02199-2548-41e2-8d17-050b27975d2d.jpg.296x216.jpg
20200208,闵行,古美,满五年唯一，电梯两房，双轨交通，南北户型，城开中庚,615万,2室2厅 | 111.63平米 | 南 | 简装 | 低楼层(共12层) | 2003年建 | 板楼,https://image1.ljcdn.com/310000-inspection/4d031f34-4ffc-4fe6-8735-250a56b54811_1000.jpg.296x216.jpg
20200208,闵行,古美,三房全明户型，位置好， 没有浪费面积，诚意出售,548万,3室2厅 | 95.62平米 | 南 | 简装 | 高楼层(共6层) | 1998年建 | 板楼,https://image1.ljcdn.com/310000-inspection/pc1_RwMfTuFSO_1.jpg.296x216.jpg
20200208,闵行,古美,东兰雅苑，电梯一房，边套，小区仅有12套，有钥匙,320万,1室1厅 | 60.62平米 | 南 | 简装 | 中楼层(共7层) | 2003年建 | 板楼,https://image1.ljcdn.com/310000-inspection/prod-17856a50-e4b6-400e-8db8-769f135777fc.jpg.296x216.jpg
20200208,闵行,古美,位置安静+户型正气+满五年+看房方便,460万,2室1厅 | 91.49平米 | 南 | 简装 | 高楼层(共6层) | 1998年建 | 板楼,https://image1.ljcdn.com/310000-inspection/test-9b2eb354-d1f2-4704-a488-53dc13e12ada.png.296x216.jpg
20200208,闵行,古美,必看好房！！！双南全明户型电梯房 1号线 售后公房。,505万,2室1厅 | 90.56平米 | 南 | 简装 | 中楼层(共18层) | 1998年建 | 塔楼,https://image1.ljcdn.com/310000-inspection/prod-8c8af49c-6f81-49d9-b392-6550c561c225.jpg.296x216.jpg
20200208,闵行,古美,大两房，近地铁，楼层好，业主诚意出售满五唯一免个税,380万,2室1厅 | 82.45平米 | 南 | 简装 | 高楼层(共6层) | 1998年建 | 板楼,https://image1.ljcdn.com/310000-inspection/b70a3587-a2c4-445f-bc0e-608e048538cb_1000.jpg.296x216.jpg
20200208,闵行,古美,388弄不靠马路 视野开阔 精装修满五 出行交通便利,280万,2室1厅 | 58.87平米 | 南 | 精装 | 高楼层(共6层) | 1995年建 | 板楼,https://image1.ljcdn.com/310000-inspection/pc1_Yofe0KS7j_1.jpg.296x216.jpg
20200208,闵行,古美,总价低 税费少 南北两房 业主诚意出售 看房方便,299万,2室1厅 | 61.81平米 | 南 北 | 简装 | 高楼层(共6层) | 1996年建 | 板楼,https://image1.ljcdn.com/310000-inspection/pc1_FJOCgbnT7_1.jpg.296x216.jpg
20200208,闵行,古美,位置不靠马路 看房平时都方便 业主诚心出售房主自荐,425万,2室1厅 | 68.25平米 | 南 | 简装 | 高楼层(共6层) | 1995年建 | 板楼,https://image1.ljcdn.com/310000-inspection/8c69b0b4-bbac-48fc-a59a-24a144fc5627_1000.jpg.296x216.jpg
20200208,闵行,古美,古美十村 2室1厅 380万,380万,2室1厅 | 61.18平米 | 南 | 简装 | 低楼层(共6层) | 1998年建 | 板楼,https://image1.ljcdn.com/310000-inspection/pc1_C2UrwnECi_1.jpg.296x216.jpg
20200208,闵行,古美,古美三村 精装修大一房  全明户型 拎包入住,325万,1室1厅 | 53.97平米 | 南 | 简装 | 低楼层(共6层) | 1995年建 | 板楼,https://image1.ljcdn.com/310000-inspection/pc1_7DDwX4qqq_1.jpg.296x216.jpg
20200208,闵行,古美,双轨地铁，成熟商圈配套，满五唯一免个税，居家精装,258万,1室1厅 | 45.17平米 | 南 北 | 精装 | 高楼层(共6层) | 1994年建 | 板楼,https://image1.ljcdn.com/310000-inspection/212e702e-e4f5-417d-a131-f99b1982ddce_1000.jpg.296x216.jpg
20200208,闵行,古美,卖房诚意 看中可以谈 配he度高 交通商城周wei齐全,248万,1室1厅 | 55.72平米 | 南 | 简装 | 高楼层(共6层) | 1999年建 | 板楼,https://image1.ljcdn.com/310000-inspection/pc1_5h1BopuWx_1.jpg.296x216.jpg
20200208,闵行,古美,新梅广场新出两房+有产权车位+楼层佳采光好房主自荐,540万,2室2厅 | 90.14平米 | 南 | 精装 | 中楼层(共24层) | 2000年建 | 板楼,https://image1.ljcdn.com/310000-inspection/pc1_tpUX4HrkG_1.jpg.296x216.jpg
20200208,闵行,古美,精装修一房，产权清晰 楼层好采光无遮挡 业主诚意出售,260万,2室1厅 | 50.91平米 | 南 | 精装 | 高楼层(共6层) | 1996年建 | 板楼,https://image1.ljcdn.com/310000-inspection/pc1_rZbe9bMzw_1.jpg.296x216.jpg
20200208,闵行,古美,两房朝南带飘窗，客厅朝南，无遮挡，业主自住看房方便,730万,2室2厅 | 106.22平米 | 南 | 精装 | 低楼层(共16层) | 2005年建 | 板楼,https://image1.ljcdn.com/310000-inspection/prod-49647a78-a106-40c8-b98b-d36abcfcbc02.jpg.296x216.jpg
20200208,闵行,古美,南北通正气两房   花园式小区 位置好 自住装修,520万,2室2厅 | 86.05平米 | 南 | 精装 | 高楼层(共6层) | 2004年建 | 板楼,https://image1.ljcdn.com/310000-inspection/prod-b879a412-a5f6-4f34-bb81-e2402ddec981.jpg.296x216.jpg
20200208,闵行,古美,户型方正  中间楼层 全明一梯两户 满五年少税,498万,2室2厅 | 83.92平米 | 南 | 精装 | 中楼层(共6层) | 2000年建 | 板楼,https://image1.ljcdn.com/310000-inspection/prod-cb184d98-2381-4d42-8ee8-41b196fdb752.jpg.296x216.jpg
20200208,闵行,古美,《店长推荐》电梯三楼，采光无遮挡，小区中间位置房主自荐,699万,2室2厅 | 116.09平米 | 南 | 简装 | 低楼层(共9层) | 2001年建 | 板楼,https://image1.ljcdn.com/310000-inspection/test-c5e75e35-94a6-4e15-8fba-4433170584ea.jpg.296x216.jpg
20200208,闵行,古美,仅此一套！江南星城沿河景观电梯三房，带地下车位！,780万,3室2厅 | 115.86平米 | 南 | 精装 | 高楼层(共10层) | 2004年建 | 板楼,https://image1.ljcdn.com/310000-inspection/prod-9f592cf8-decd-4517-92dd-a87361d95fae.jpg.296x216.jpg
20200208,闵行,古美,一层一世界，两梯一户，百万精装，气派客厅，三车位,3080万,8室3厅 | 460.68平米 | 南 | 精装 | 低楼层(共18层) | 2006年建 | 板楼,https://image1.ljcdn.com/310000-inspection/prod-975e5def-bdae-4599-b8b4-d9b924bb720a.jpg.296x216.jpg
20200208,闵行,古美,12号线200米距离二房+双南户型+中间楼层+产权清晰,369万,2室1厅 | 69.78平米 | 南 | 毛坯 | 中楼层(共6层) | 1997年建 | 板楼,https://image1.ljcdn.com/310000-inspection/prod-b1e35142-9577-4198-a66d-47405e32a7f6.jpg.296x216.jpg
20200208,闵行,古美,平吉新出大两房双天井+诚心出售房主自荐,365万,2室2厅 | 68.45平米 | 南 | 精装 | 低楼层(共6层) | 1995年建 | 板楼,https://image1.ljcdn.com/310000-inspection/prod-1908e1f6-012e-4244-b919-be3c277f56c3.jpg.296x216.jpg
20200208,闵行,古美,南方城精选电梯三房，四大商场围绕，岂能不心动,960万,3室2厅 | 125.35平米 | 南 | 精装 | 低楼层(共14层) | 2004年建 | 板楼,https://image1.ljcdn.com/310000-inspection/prod-e7987da1-c384-44d0-b53c-6124e9388090.jpg.296x216.jpg
20200208,闵行,古美,70万装修+两个大露台，可以在屋顶相约烧烤看星星房主自荐,839万,5室2厅 | 173.17平米 | 南 | 精装 | 高楼层(共6层) | 2000年建 | 板楼,https://image1.ljcdn.com/310000-inspection/prod-33617290-f495-4f4d-a9b1-3a57f870ad06.jpg.296x216.jpg
20200208,闵行,古美,精装修的大两房，近12号线虹莘路地铁，全明户型,558万,2室2厅 | 87.02平米 | 南 | 精装 | 高楼层(共6层) | 2005年建 | 板楼,https://image1.ljcdn.com/310000-inspection/prod-b03ee172-5a7f-408e-b090-ba85af47ecd0.jpg.296x216.jpg
20200208,闵行,古美,05年次新小区，中间位置难得一出的三房，楼层好近地铁,710万,3室2厅 | 112.95平米 | 南 | 精装 | 低楼层(共6层) | 2005年建 | 板楼,https://image1.ljcdn.com/310000-inspection/pc1_iwIx71n2p_1.jpg.296x216.jpg
20200208,闵行,古美,好楼层 好位置 配套成熟 看房方便,425万,2室1厅 | 74.23平米 | 南 | 简装 | 低楼层(共6层) | 1995年建 | 板楼,https://image1.ljcdn.com/310000-inspection/pc1_W3a2DKcjW_1.jpg.296x216.jpg
20200208,闵行,古美,小区稀有户型，房间客厅别具一格,970万,3室2厅 | 132.09平米 | 南 | 简装 | 中楼层(共9层) | 2004年建 | 板楼,https://image1.ljcdn.com/310000-inspection/5e428572-4237-4689-a6c6-d6260bb6ba86_1000.jpg.296x216.jpg
20200208,闵行,古美,江南二期 ，电梯飞机户型三房，采光好！地铁站400米,778万,3室2厅 | 113.79平米 | 南 | 精装 | 低楼层(共11层) | 2005年建 | 板楼,https://image1.ljcdn.com/310000-inspection/11ccdbbc-aa45-4087-a130-3ad9435a09e3_1000.jpg.296x216.jpg
20200208,闵行,古美,此房满五唯一，税费少，带露台，双卧朝南,360万,2室1厅 | 76.72平米 | 南 | 简装 | 高楼层(共6层) | 1997年建 | 板楼,https://image1.ljcdn.com/310000-inspection/pc1_25FG4R1hn_1.jpg.296x216.jpg
20200208,闵行,古美,莲花路1号地铁站，电梯大四房，精装修交付。欢迎来看房主自荐,930万,4室1厅 | 195.82平米 | 南 | 精装 | 高楼层(共18层) | 1995年建 | 塔楼,https://image1.ljcdn.com/310000-inspection/2c44bca9-8f97-4c7c-91fa-901cebfffe1d_1000.jpg.296x216.jpg
20200208,闵行,古美,有钥匙 空置房 业主配he度高 维护人小徐详情都知道,404万,3室2厅 | 86平米 | 南 | 毛坯 | 低楼层(共6层) | 1999年建 | 板楼,https://image1.ljcdn.com/310000-inspection/pc1_EnG7WrNvD_1.jpg.296x216.jpg
20200208,闵行,古美,2005年次新小区，地铁400米距离，小区当中位置精装修房主自荐,810万,3室2厅 | 127.53平米 | 南 | 精装 | 中楼层(共6层) | 2005年建 | 板楼,https://image1.ljcdn.com/310000-inspection/96e96255-2f7b-4015-b928-1c00b465b557_1000.jpg.296x216.jpg
20200208,闵行,古美,此房满五唯一，税费低，总价低，业主诚意出售,838万,3室2厅 | 129.17平米 | 南 | 简装 | 低楼层(共8层) | 2006年建 | 板楼,https://image1.ljcdn.com/310000-inspection/prod-c31ea56f-d12a-4ca6-ad80-08e139c399b6.jpg.296x216.jpg
20200208,闵行,古美,小区两房朝南户型 不靠马路 满五唯一,339万,2室1厅 | 64.84平米 | 南 | 精装 | 高楼层(共6层) | 1996年建 | 板楼,https://image1.ljcdn.com/310000-inspection/prod-fc16ad6a-d788-4be8-a011-cfde27500dec.jpg.296x216.jpg
20200208,闵行,古美,人生向上时 别让生活品质 跟不上你的品位 御璄大宅,1975万,3室2厅 | 233.98平米 | 南 | 精装 | 低楼层(共21层) | 2014年建 | 板楼,https://image1.ljcdn.com/310000-inspection/prod-4c011047-4e02-4ab0-911c-d848e6ca98ec.jpg.296x216.jpg
20200208,闵行,古美,同济融创玫瑰公馆 1室2厅 425万,425万,1室2厅 | 65.8平米 | 南 | 简装 | 中楼层(共17层) | 2006年建 | 塔楼,https://image1.ljcdn.com/310000-inspection/prod-a7deb78b-f455-4a4d-836e-dc5177db6f84.jpg.296x216.jpg
20200208,闵行,古美,拎包入住+可做两房+近南方商城+1号线外环路站,230万,1室1厅 | 49.46平米 | 南 | 简装 | 高楼层(共6层) | 1995年建 | 板楼,https://image1.ljcdn.com/310000-inspection/prod-843b40fe-4c22-4cb9-957e-8111fef3adf5.jpg.296x216.jpg
20200208,闵行,古美,莲花公寓(闵行) 2室1厅 510万,510万,2室1厅 | 80.23平米 | 南 | 其他 | 中楼层(共6层) | 1998年建 | 板楼,https://image1.ljcdn.com/310000-inspection/pc1_FGE67f1R9_1.jpg.296x216.jpg
20200208,闵行,古美,南方商城+中庚漫游城+双地铁+户型正气+中间楼层,598万,2室2厅 | 101.8平米 | 南 | 简装 | 中楼层(共6层) | 1998年建 | 板楼,https://image1.ljcdn.com/310000-inspection/prod-581e8dc6-8d79-4f32-96ba-13462bdbfcf4.jpg.296x216.jpg
20200208,闵行,古美,采光好+价格可谈+看房方便+诚心出售,449万,2室1厅 | 91.31平米 | 南 | 精装 | 中楼层(共7层) | 2001年建 | 板楼,https://image1.ljcdn.com/310000-inspection/test-152d3f7c-9e2a-4533-8d52-9dceaec74660.png.296x216.jpg
20200208,闵行,古美,地铁口，全明户型电梯2房，随时可看,550万,2室1厅 | 81.81平米 | 东南 | 简装 | 低楼层(共17层) | 2005年建 | 板楼,https://image1.ljcdn.com/310000-inspection/prod-adf1ad89-cb8f-4f2b-af01-69787d3db81d.jpg.296x216.jpg
20200208,闵行,古美,中友嘉园大三房三方朝南户型，中间楼层虹梅路地铁口,1180万,3室2厅 | 151.23平米 | 南 | 精装 | 中楼层(共13层) | 2005年建 | 板楼,https://image1.ljcdn.com/310000-inspection/prod-06d2f58d-8352-4814-be10-fd2b1bcd67a7.jpg.296x216.jpg
20200208,闵行,古美,12号线虹梅路 华梅花苑   98年精装四房,760万,4室2厅 | 147.99平米 | 南 | 精装 | 高楼层(共6层) | 1998年建 | 板楼,https://image1.ljcdn.com/310000-inspection/prod-6c83a275-2ba6-4d79-a6de-0455f4d59184.jpg.296x216.jpg
20200208,闵行,古美,小区位置，楼层佳，采光棒，看房方便，接受置换,590万,2室2厅 | 101.87平米 | 南 | 精装 | 低楼层(共6层) | 2001年建 | 板楼,https://image1.ljcdn.com/310000-inspection/prod-a8e619c5-0497-4657-b10b-662926efd3b6.jpg.296x216.jpg
20200208,闵行,古美,12号线虹梅路站+东兰小区+漕河泾+徐汇户口+大天井,310万,2室1厅 | 57.7平米 | 南 | 简装 | 低楼层(共6层) | 1989年建 | 板楼,https://image1.ljcdn.com/310000-inspection/prod-12fd83c6-83a5-4de7-8cff-e53d7b7d2b9a.jpg.296x216.jpg
20200208,闵行,古美,稀有平层4房 诚意出售 看房有钥匙随时方便 中间位置,1250万,4室2厅 | 160.82平米 | 南 | 简装 | 中楼层(共14层) | 2003年建 | 板楼,https://image1.ljcdn.com/310000-inspection/prod-670a5c04-64d7-44c9-8ec6-9542076cc2a2.jpg.296x216.jpg
20200208,闵行,古美,双南全明两房，小区主力户型，诚意出售，满五税少,335万,2室1厅 | 70.57平米 | 南 | 简装 | 高楼层(共6层) | 1995年建 | 板楼,https://image1.ljcdn.com/310000-inspection/pc1_6EVgBiI5g_1.jpg.296x216.jpg
20200208,闵行,古美,婚房装修，二手买进税费少，小区位置好，配套成熟,398万,2室1厅 | 76.83平米 | 南 | 精装 | 高楼层(共6层) | 1998年建 | 板楼,https://image1.ljcdn.com/310000-inspection/pc1_7myT396v0_1.jpg.296x216.jpg
20200208,闵行,古美,古美四村南北两房  业主诚意出售  楼层视野好房主自荐,330万,2室1厅 | 61.61平米 | 南 | 简装 | 高楼层(共6层) | 1995年建 | 板楼,https://image1.ljcdn.com/310000-inspection/prod-b2e2e46e-39ec-4e08-b01f-45703554d736.jpg.296x216.jpg
20200208,闵行,古美,老业主委托+小区位置好+交通便利,680万,2室2厅 | 95.79平米 | 南 | 简装 | 低楼层(共18层) | 2007年建 | 板楼,https://image1.ljcdn.com/310000-inspection/prod-e69a69ba-2241-4f85-9f05-8acd2c186b33.jpg.296x216.jpg
20200208,闵行,古美,房东诚意出售 中间楼层采光充足 南北全明户型房主自荐,320万,2室1厅 | 56平米 | 南 北 | 简装 | 中楼层(共6层) | 1994年建 | 板楼,https://image1.ljcdn.com/310000-inspection/prod-a9d66f11-7407-4321-bb9b-cdc4fabdf577.jpg.296x216.jpg
20200208,闵行,古美,带20平米花园+60平地下室  采光刺眼，装修保养好,845万,3室2厅 | 84.81平米 | 南 | 精装 | 低楼层(共21层) | 2012年建 | 板楼,https://image1.ljcdn.com/310000-inspection/prod-e682f82e-58e9-4dcb-84f0-cde5e6fb55f2.jpg.296x216.jpg
20200208,闵行,古美,到锦江乐园100米，中间楼层全明户型精装修，景观很好,530万,2室2厅 | 114.09平米 | 南 | 精装 | 高楼层(共18层) | 1995年建 | 塔楼,https://image1.ljcdn.com/310000-inspection/prod-1311ba02-8439-4995-84eb-ec20ef1522a3.jpg.296x216.jpg
20200208,闵行,古美,电梯顶楼复式，三房朝南，南北双露台，看房方便！,845万,3室2厅 | 138.84平米 | 南 | 简装 | 高楼层(共11层) | 2003年建 | 板楼,https://image1.ljcdn.com/310000-inspection/62775cbe-fe1f-488f-8296-2a02da4e150c_1000.jpg.296x216.jpg
20200208,闵行,古美,12号线地铁口，新出大三房，户型正气，看房方便,835万,3室2厅 | 130.87平米 | 南 | 简装 | 中楼层(共5层) | 2001年建 | 板楼,https://image1.ljcdn.com/310000-inspection/pc1_hVTJ5RgVl_1.jpg.296x216.jpg
20200208,闵行,古美,次新小区环境好，拥有一个温馨舒适的家！,1375万,4室2厅 | 177.26平米 | 东南 南 | 简装 | 中楼层(共23层) | 2009年建 | 板楼,https://image1.ljcdn.com/310000-inspection/pc1_LXk640OaS_1.jpg.296x216.jpg
20200208,闵行,古美,古美少有大平层+在售房源少+产权车位+诚心出售,1620万,4室2厅 | 245.3平米 | 南 | 精装 | 低楼层(共17层) | 2006年建 | 板楼,https://image1.ljcdn.com/310000-inspection/94017d78-44a0-4775-afca-78027bf721b5_1000.jpg.296x216.jpg
20200208,闵行,古美,全新装修，随时可看，交通便利，一梯两户，配套成熟,355万,2室2厅 | 77.62平米 | 南 北 | 简装 | 中楼层(共7层) | 1995年建 | 板楼,https://image1.ljcdn.com/310000-inspection/prod-436702e5-69bd-4ac6-9dbf-cf7b5cf7afb9.jpg.296x216.jpg
20200208,闵行,古美,双轨地铁1号和12号线，中间楼层，卧室客厅双朝南,290万,1室1厅 | 50.05平米 | 南 北 | 简装 | 中楼层(共6层) | 1994年建 | 板楼,https://image1.ljcdn.com/310000-inspection/pc1_JBmUvVMAc_1.jpg.296x216.jpg
20200208,闵行,古美,满五年，无个税，位置安静，采光好，南北通透。,620万,2室2厅 | 101.87平米 | 南 北 | 精装 | 高楼层(共6层) | 2001年建 | 板楼,https://image1.ljcdn.com/310000-inspection/pc1_UTgnfDrKW_1.jpg.296x216.jpg
20200208,闵行,古美,小区位置好，全明户型采光好，业主诚心出售看房方便,420万,3室1厅 | 78.18平米 | 南 | 简装 | 高楼层(共6层) | 1993年建 | 板楼,https://image1.ljcdn.com/310000-inspection/pc1_TfpVvPW5o_1.jpg.296x216.jpg
20200208,闵行,古美,次新房 中楼层 采光通风好 拎包入住,729万,2室2厅 | 108.76平米 | 南 | 精装 | 中楼层(共18层) | 2004年建 | 板楼,https://image1.ljcdn.com/310000-inspection/prod-07807e02-55aa-46f3-bc06-8b76e0a423fa.jpg.296x216.jpg
20200208,闵行,古美,诚心出售，小区中 位置。精装修，单价低，采光无遮挡,750万,2室2厅 | 107.35平米 | 南 | 精装 | 低楼层(共14层) | 2005年建 | 板楼,https://image1.ljcdn.com/310000-inspection/f6993337-f2f9-42e2-842b-01d984328a4c_1000.jpg.296x216.jpg
20200208,闵行,古美,低楼层的大两房，全明户型带花园，房东急售,508万,2室2厅 | 91.24平米 | 南 | 简装 | 低楼层(共6层) | 2000年建 | 板楼,https://image1.ljcdn.com/310000-inspection/89afa059-94c9-4ef0-bb5e-77e1e47fe085_1000.jpg.296x216.jpg
20200208,闵行,古美,御花园精装两房  满五唯一 业主曾经自住婚房  诚售房主自荐,358万,2室1厅 | 63.73平米 | 南 北 | 简装 | 高楼层(共6层) | 2001年建 | 板楼,https://image1.ljcdn.com/310000-inspection/pc1_G0Oa41BL7_1.jpg.296x216.jpg
20200208,闵行,古美,满五唯一，买入价高，税费少，更靠地铁，看房随时。,639万,3室2厅 | 130.97平米 | 南 | 精装 | 高楼层(共6层) | 1998年建 | 板楼,https://image1.ljcdn.com/310000-inspection/prod-525912c1-b3a9-47ed-9892-b00d881a112e.jpg.296x216.jpg
20200208,闵行,古美,精装修南北户型两房，楼层佳，满五唯一，税费少房主自荐,470万,2室2厅 | 87.32平米 | 南 | 精装 | 中楼层(共7层) | 2001年建 | 板楼,https://image1.ljcdn.com/310000-inspection/prod-e8d16d52-60db-499f-83e5-d9462e7438a5.jpg.296x216.jpg
20200208,闵行,古美,虹莘新村两房朝南，采光好，满五唯一,343万,2室1厅 | 77.53平米 | 南 | 简装 | 高楼层(共6层) | 1996年建 | 板楼,https://image1.ljcdn.com/310000-inspection/742dfce4-feaf-4d35-9e3f-e6d2210462d4_1000.jpg.296x216.jpg
20200208,闵行,古美,漕河泾+次顶楼小一房+12号线虹梅路地铁口,210万,1室0厅 | 34.5平米 | 南 | 精装 | 高楼层(共6层) | 1992年建 | 板楼,https://image1.ljcdn.com/310000-inspection/pc1_mpYuFgVFM_1.jpg.296x216.jpg
20200208,闵行,古美,大一房，采光好，朝南方向，楼层好，房主自荐,248万,1室1厅 | 49.73平米 | 南 | 简装 | 低楼层(共6层) | 1997年建 | 板楼,https://image1.ljcdn.com/310000-inspection/pc1_z0HFu4NHE_1.jpg.296x216.jpg
20200208,闵行,古美,同济融创玫瑰公馆 1室1厅 399万,399万,1室1厅 | 64.57平米 | 西南 | 简装 | 中楼层(共17层) | 2006年建 | 塔楼,https://image1.ljcdn.com/310000-inspection/4446c48d-951d-42d6-8c22-46670f274f76_1000.jpg.296x216.jpg
20200208,闵行,古美,双轨地铁，全明户型，通风采光好,320万,2室1厅 | 61.61平米 | 南 北 | 精装 | 高楼层(共6层) | 1995年建 | 板楼,https://image1.ljcdn.com/310000-inspection/pc1_Pfu5fDdf8_1.jpg.296x216.jpg
20200208,闵行,古美,古美八村新出双南好房；业主诚意出售，满五唯一省税,288万,1室1厅 | 55.43平米 | 南 | 精装 | 高楼层(共6层) | 1994年建 | 板楼,https://image1.ljcdn.com/310000-inspection/15659abc-ce6a-4b1d-86ce-0456b8540a1c_1000.jpg.296x216.jpg
20200208,闵行,古美,12号线虹梅路站+徐汇户口+精装一房+拎包入住+采光好,261万,1室1厅 | 48.4平米 | 南 | 精装 | 高楼层(共6层) | 1989年建 | 板楼,https://image1.ljcdn.com/310000-inspection/pc1_smIbx7xed_1.jpg.296x216.jpg
20200208,闵行,古美,古美小区 1室1厅 220万,220万,1室1厅 | 40.2平米 | 南 | 简装 | 高楼层(共6层) | 1992年建 | 板楼,https://image1.ljcdn.com/310000-inspection/pc1_9lwtHqmHV_1.jpg.296x216.jpg
