20200208,闵行,静安新城,上郡仅有8套此户型，5年才出来一套，带产权车位必看好房,472万,1室1厅 | 59.92平米 | 南 | 简装 | 低楼层(共12层) | 2006年建 | 板楼,https://image1.ljcdn.com/310000-inspection/pc1_XgzP2Wapx_1.jpg.296x216.jpg
20200208,闵行,静安新城,悉尼园好楼层三房，南北通带双阳台，满五唯一税少必看好房,740万,3室2厅 | 131.84平米 | 南 | 简装 | 中楼层(共6层) | 1999年建 | 板楼,https://image1.ljcdn.com/310000-inspection/pc1_g0aSocK6V_1.jpg.296x216.jpg
20200208,闵行,静安新城,全南户型 景观楼层视野好采光好 税费少总价低必看好房,550万,2室1厅 | 75.89平米 | 南 | 精装 | 高楼层(共11层) | 2008年建 | 板楼,https://image1.ljcdn.com/310000-inspection/pc1_MRw5YA9NE_1.jpg.296x216.jpg
20200208,闵行,静安新城,静安新城优质大两房 售后公房 满五年唯一 看房随时必看好房,399万,2室1厅 | 71.55平米 | 南 | 简装 | 高楼层(共6层) | 1997年建 | 板楼,https://image1.ljcdn.com/310000-inspection/pc1_WcOTyvVWx_1.jpg.296x216.jpg
20200208,闵行,静安新城,好房难寻 汝家之府甚华，皆有所，不但美，且不失韵。必看好房,540万,2室2厅 | 83.8平米 | 南 北 | 精装 | 中楼层(共13层) | 2011年建 | 板楼,https://image1.ljcdn.com/310000-inspection/pc1_7rOShvc8S_1.jpg.296x216.jpg
20200208,闵行,静安新城,户型正气，楼层好采光佳，小区门口就是星辰幼儿园必看好房,280万,1室1厅 | 51.55平米 | 南 | 简装 | 低楼层(共6层) | 1997年建 | 板楼,https://image1.ljcdn.com/310000-inspection/pc1_vyxkpds0y_1.jpg.296x216.jpg
20200208,闵行,静安新城,产权清晰 无抵押 随时看房 采光好无遮挡 价格可谈必看好房,265万,1室1厅 | 45.52平米 | 南 北 | 简装 | 高楼层(共6层) | 1998年建 | 板楼,https://image1.ljcdn.com/310000-inspection/pc1_EDKKL5gPm_1.jpg.296x216.jpg
20200208,闵行,静安新城,房东诚意出售，一楼带天井，满五唯一，全新装修。必看好房,300万,2室1厅 | 59.41平米 | 南 | 精装 | 低楼层(共6层) | 1994年建 | 板楼,https://image1.ljcdn.com/310000-inspection/prod-9bb353cd-4a42-47a8-bff7-fd3c704823a4.jpg.296x216.jpg
20200208,闵行,静安新城,近九号线地铁，中间楼层，边套全明户型，房东已看好房必看好房,330万,2室1厅 | 61.48平米 | 南 | 简装 | 中楼层(共6层) | 1994年建 | 板楼,https://image1.ljcdn.com/310000-inspection/prod-ec233272-b876-4299-bc94-f485729c90ef.jpg.296x216.jpg
20200208,闵行,静安新城,房改售房！边套明厅朝南！满五唯一！只交契税！首付少必看好房,325万,2室1厅 | 65.72平米 | 南 | 简装 | 高楼层(共6层) | 1998年建 | 板楼,https://image1.ljcdn.com/310000-inspection/pc1_QGfiawBO9_1.jpg.296x216.jpg
20200208,闵行,静安新城,次新房，房东诚意出售，看房方便，满五税少。房主自荐,688万,3室2厅 | 103.97平米 | 南 | 简装 | 低楼层(共11层) | 2001年建 | 板楼,https://image1.ljcdn.com/310000-inspection/test-9a92902d-0be9-4a6d-99b6-f293aa2b4746.png.296x216.jpg
20200208,闵行,静安新城,店长主推：双露台 标准复式全明 安静位置 税费极低,790万,5室2厅 | 171.01平米 | 南 | 毛坯 | 高楼层(共6层) | 2000年建 | 板楼,https://image1.ljcdn.com/310000-inspection/prod-2edbdaa8-0a1c-4825-a944-93127579325d.jpg.296x216.jpg
20200208,闵行,静安新城,大上海经典户型，南北通，前边采光无遮挡，有钥匙,468万,2室2厅 | 84.68平米 | 南 北 | 简装 | 高楼层(共7层) | 1994年建 | 板楼,https://image1.ljcdn.com/310000-inspection/prod-c3e5b9af-7cba-49d4-ac4d-4e61f450a656.jpg.296x216.jpg
20200208,闵行,静安新城,9号线地铁口，看房方便，全明户型，接受置换,310万,1室1厅 | 53.9平米 | 南 | 简装 | 中楼层(共7层) | 1997年建 | 板楼,https://image1.ljcdn.com/310000-inspection/prod-041b29f3-c0dc-4a46-869e-8ad5894d7001.jpg.296x216.jpg
20200208,闵行,静安新城,近九号线，房东诚售，全明户型，采光视野好随时看房。,360万,2室1厅 | 75.83平米 | 南 | 简装 | 高楼层(共6层) | 1994年建 | 板楼,https://image1.ljcdn.com/310000-inspection/test-d7cb435e-31db-4d15-9842-52fabb6b88e2.png.296x216.jpg
20200208,闵行,静安新城,近地铁9号线，中楼层采光好，户型正气，房东诚意出售房主自荐,745万,3室2厅 | 131.11平米 | 南 | 精装 | 中楼层(共6层) | 1999年建 | 板楼,https://image1.ljcdn.com/310000-inspection/prod-826572ff-ad1e-4f2d-aadf-baa7adb6a1cc.jpg.296x216.jpg
20200208,闵行,静安新城,边套户型+正对小区花园无遮挡+04年电梯房+随时看房房主自荐,830万,3室2厅 | 127.89平米 | 南 | 精装 | 低楼层(共12层) | 2003年建 | 板楼,https://image1.ljcdn.com/310000-inspection/test-436a6ca8-3a12-468e-9fb2-2957ea8a0111.png.296x216.jpg
20200208,闵行,静安新城,优质四区、2楼双南大两房、附露台22平、满五唯一房主自荐,472万,2室1厅 | 78.79平米 | 南 | 精装 | 低楼层(共6层) | 1998年建 | 板楼,https://image1.ljcdn.com/310000-inspection/prod-3f6cccc1-b414-4754-8b2b-b9ee35ba302a.jpg.296x216.jpg
20200208,闵行,静安新城,电梯大一房，三年装修，干净清爽，地铁口，诚意出售,279万,1室1厅 | 56.93平米 | 南 | 简装 | 低楼层(共24层) | 1998年建 | 塔楼,https://image1.ljcdn.com/310000-inspection/prod-7f8319b6-9bc1-4272-b253-936b60b7c683.jpg.296x216.jpg
20200208,闵行,静安新城,九歌茗园 南北通户型 楼层好 位置好 房东急售,699万,2室2厅 | 101.48平米 | 南 | 毛坯 | 高楼层(共11层) | 2004年建 | 板楼,https://image1.ljcdn.com/310000-inspection/pc1_YqZtXug5G_1.jpg.296x216.jpg
20200208,闵行,静安新城,有钥匙  房型好，附带大露台，紧靠地铁口,470万,1室2厅 | 57.75平米 | 南 | 简装 | 低楼层(共11层) | 2006年建 | 板楼,https://image1.ljcdn.com/310000-inspection/pc1_dGobQncqR_1.jpg.296x216.jpg
20200208,闵行,静安新城,中间楼层板式三房，精致装修拎包入住，视野开阔！,685万,3室2厅 | 116.19平米 | 南 | 精装 | 中楼层(共6层) | 1999年建 | 板楼,https://image1.ljcdn.com/310000-inspection/pc1_Chq20QVQW.jpg.296x216.jpg
20200208,闵行,静安新城,9号线合川路，板式全明大三房，欧派定制装修,738万,3室2厅 | 121.24平米 | 南 | 精装 | 低楼层(共7层) | 1999年建 | 板楼,https://image1.ljcdn.com/310000-inspection/pc1_R6hCd9ofM_1.jpg.296x216.jpg
20200208,闵行,静安新城,静安新城四区 3室1厅 475万,475万,3室1厅 | 100.77平米 | 南 | 简装 | 中楼层(共24层) | 1998年建 | 塔楼,https://image1.ljcdn.com/310000-inspection/pc1_LbvryuYsA_1.jpg.296x216.jpg
20200208,闵行,静安新城,静安花苑(二) 2室2厅 585万,585万,2室2厅 | 90.21平米 | 南 | 简装 | 中楼层(共7层) | 2002年建 | 板楼,https://image1.ljcdn.com/310000-inspection/test-355624b0-6c0d-42bb-a1a6-2229b7b50a9f.png.296x216.jpg
20200208,闵行,静安新城,一年只有一套 楼层好装修好 税费少 诚意出售,835万,3室2厅 | 112.25平米 | 南 | 精装 | 低楼层(共12层) | 2008年建 | 板楼,https://image1.ljcdn.com/310000-inspection/pc1_5oh7WHeED_1.jpg.296x216.jpg
20200208,闵行,静安新城,九歌花园二期两房，小区中间位置，南北通透，急售,605万,2室2厅 | 91.24平米 | 南 北 | 简装 | 低楼层(共12层) | 2003年建 | 板楼,https://image1.ljcdn.com/310000-inspection/prod-b1722ff8-283e-4262-aaba-d3130f2b7765.jpg.296x216.jpg
20200208,闵行,静安新城,房改售房免增值税！好楼层好位置！户型通透产权清晰,319万,2室1厅 | 65.72平米 | 南 | 简装 | 高楼层(共6层) | 1997年建 | 板楼,https://image1.ljcdn.com/310000-inspection/pc1_SthLAU5c0_1.jpg.296x216.jpg
20200208,闵行,静安新城,满五年唯一 南北通   采光好 房东诚意出售房主自荐,269万,1室1厅 | 50.19平米 | 南 | 简装 | 高楼层(共6层) | 1998年建 | 板楼,https://image1.ljcdn.com/310000-inspection/prod-111c68c0-0136-4bd0-a299-fc86d0b6d4f0.jpg.296x216.jpg
20200208,闵行,静安新城,中间楼层+格局通透+满五唯一+个税免征+拎包入住,535万,2室2厅 | 88.12平米 | 南 | 精装 | 中楼层(共7层) | 1996年建 | 板楼,https://image1.ljcdn.com/310000-inspection/pc1_UADPoSt2S_1.jpg.296x216.jpg
20200208,闵行,静安新城,双南边套院子地下车库！房改售房满五唯一首付少税,355万,2室1厅 | 55.57平米 | 南 | 简装 | 低楼层(共6层) | 1998年建 | 板塔结合,https://image1.ljcdn.com/310000-inspection/pc1_wSRCPuSMi_1.jpg.296x216.jpg
20200208,闵行,静安新城,大上海国际花园板式两房，居家自住，可拎包入住房主自荐,570万,2室2厅 | 91.56平米 | 南 | 精装 | 低楼层(共7层) | 1994年建 | 板楼,https://image1.ljcdn.com/310000-inspection/c04c8852-3515-4e64-8f82-2631a7325e1b_1000.jpg.296x216.jpg
20200208,闵行,静安新城,2年内的精装修 房东自住很干净  看房方便 价格可谈,300万,1室1厅 | 48.68平米 | 南 | 精装 | 高楼层(共6层) | 1997年建 | 板楼,https://image1.ljcdn.com/310000-inspection/pc1_8nQsiCGJg.jpg.296x216.jpg
20200208,闵行,静安新城,2003年小区+精装修+边套+客厅带阳台大一房+一梯2户,342万,1室1厅 | 57.15平米 | 南 | 精装 | 高楼层(共6层) | 2003年建 | 板楼,https://image1.ljcdn.com/310000-inspection/pc1_OBzRwTXht_1.jpg.296x216.jpg
20200208,闵行,静安新城,三区目前唯一东边套，卫生间有窗，满五唯一，全明。房主自荐,398万,2室1厅 | 70.55平米 | 南 | 精装 | 高楼层(共6层) | 1997年建 | 板楼,https://image1.ljcdn.com/310000-inspection/e4d2bb75-b996-4c57-9795-87880e2060ca_1000.jpg.296x216.jpg
20200208,闵行,静安新城,复式3房  景观楼层 满五 三开间,515万,3室2厅 | 101.33平米 | 南 | 简装 | 高楼层(共6层) | 1998年建 | 板楼,https://image1.ljcdn.com/310000-inspection/pc1_Dtenya4aD_1.jpg.296x216.jpg
20200208,闵行,静安新城,静安新城五区 1室1厅 290万,290万,1室1厅 | 45.98平米 | 南 | 简装 | 低楼层(共6层) | 1997年建 | 板楼,https://image1.ljcdn.com/310000-inspection/pc1_iJjDIeynY_1.jpg.296x216.jpg
20200208,闵行,静安新城,非顶楼，9号线合川路地铁口200米，满五年唯一税费少,305万,1室1厅 | 53.15平米 | 南 | 简装 | 高楼层(共7层) | 1997年建 | 板楼,https://image1.ljcdn.com/310000-inspection/pc1_MBE2jLAc5_1.jpg.296x216.jpg
20200208,闵行,静安新城,电梯景观房，双南户型 全明格局 满五，税费少,450万,2室1厅 | 73.68平米 | 南 | 简装 | 高楼层(共24层) | 1998年建 | 塔楼,https://image1.ljcdn.com/310000-inspection/pc1_usHk0lr5C_1.jpg.296x216.jpg
20200208,闵行,静安新城,大上海国际花园六区 3室2厅 570万,570万,3室2厅 | 100.2平米 | 南 | 精装 | 中楼层(共7层) | 1994年建 | 板楼,https://image1.ljcdn.com/310000-inspection/pc1_0KJx4uAfZ_1.jpg.296x216.jpg
20200208,闵行,静安新城,精致小2房，精装修、看房有钥匙房主自荐,630万,2室2厅 | 84.63平米 | 南 | 精装 | 低楼层(共12层) | 2006年建 | 板楼,https://image1.ljcdn.com/310000-inspection/prod-d25e501c-52fd-4bec-a9a1-bfb48e81aa93.jpg.296x216.jpg
20200208,闵行,静安新城,景观电梯房 售后公房 无增值税 看房方便 诚意出售房主自荐,465万,2室1厅 | 86.05平米 | 南 | 简装 | 低楼层(共24层) | 1998年建 | 塔楼,https://image1.ljcdn.com/310000-inspection/prod-ea01ddf9-4000-46d3-b178-b115bf901f4d.jpg.296x216.jpg
20200208,闵行,静安新城,坐等有缘人，电梯复式3房，动静分离，仅此一套,868万,3室2厅 | 125.1平米 | 南 | 精装 | 中楼层(共8层) | 2001年建 | 板楼,https://image1.ljcdn.com/310000-inspection/test-0c8f4744-0860-4d70-b329-e36bba6807fd.png.296x216.jpg
20200208,闵行,静安新城,满五年唯一  双南双天井  新装三年拎包入住  小区当中,418.5万,2室1厅 | 64.9平米 | 南 | 精装 | 低楼层(共6层) | 1997年建 | 板楼,https://image1.ljcdn.com/310000-inspection/6351a424-57fe-4747-9a0b-b29be8443d52_1000.jpg.296x216.jpg
20200208,闵行,静安新城,全明双南大两房+产权清晰+拎包入住+随时收定一梯2户,397万,2室2厅 | 70.55平米 | 南 | 精装 | 高楼层(共6层) | 1997年建 | 板楼,https://image1.ljcdn.com/310000-inspection/prod-c6434a20-6e7d-437b-b520-a3aa51725777.jpg.296x216.jpg
20200208,闵行,静安新城,罗马园板式三房，中间位置，自住精装，满五唯一，急售房主自荐,612万,3室2厅 | 103.32平米 | 南 | 精装 | 中楼层(共7层) | 1994年建 | 板楼,https://image1.ljcdn.com/310000-inspection/test-0e7b7c88-6b99-43c9-bae2-46058e2a98da.png.296x216.jpg
20200208,闵行,静安新城,静安新城主要地段，中低层两房，南北卧室，居家装修,360万,2室1厅 | 65.02平米 | 南 北 | 简装 | 低楼层(共7层) | 1997年建 | 板楼,https://image1.ljcdn.com/310000-inspection/pc1_StqnxlHnA_1.jpg.296x216.jpg
20200208,闵行,静安新城,满五唯一，全明户，在卖总价低，采光通风好，业主诚意房主自荐,279万,1室1厅 | 51.22平米 | 南 | 简装 | 高楼层(共6层) | 1997年建 | 板楼,https://image1.ljcdn.com/310000-inspection/prod-368e041a-0750-4063-a136-b6ebe51354dd.jpg.296x216.jpg
20200208,闵行,静安新城,03年新小区  户型全明 中间楼层  价格有空间 看房随时房主自荐,440万,2室1厅 | 75.64平米 | 南 | 精装 | 中楼层(共7层) | 2003年建 | 板楼,https://image1.ljcdn.com/310000-inspection/pc1_XbqZwkCS3_1.jpg.296x216.jpg
20200208,闵行,静安新城,中间三楼、精装修、地铁800米、南北通风,565万,2室2厅 | 91.56平米 | 南 | 精装 | 中楼层(共7层) | 1994年建 | 板楼,https://image1.ljcdn.com/310000-inspection/pc1_7gPon1E5Z.jpg.296x216.jpg
20200208,闵行,静安新城,满五唯一唯一任何税费总价便宜带一个大院子,308万,2室1厅 | 59.41平米 | 南 | 简装 | 低楼层(共6层) | 1994年建 | 板楼,https://image1.ljcdn.com/310000-inspection/pc1_CH41TM7Mx_1.jpg.296x216.jpg
20200208,闵行,静安新城,中间楼层位置好+一梯两户户型好+价格美丽看房方便,360万,2室1厅 | 65.5平米 | 南 北 | 简装 | 低楼层(共6层) | 1998年建 | 板楼,https://image1.ljcdn.com/310000-inspection/pc1_TnxTLzHOK_1.jpg.296x216.jpg
20200208,闵行,静安新城,精装修拎包入住+不临路产权清晰+税少随时收定+诚心售,340万,1室1厅 | 57.57平米 | 南 | 精装 | 高楼层(共6层) | 1997年建 | 板楼,https://image1.ljcdn.com/310000-inspection/pc1_4wCCZ5Xjb_1.jpg.296x216.jpg
20200208,闵行,静安新城,40平栅栏式花园 南北直通3阳台！3做4！诚意出售,689万,3室2厅 | 125平米 | 南 | 简装 | 低楼层(共6层) | 1996年建 | 板楼,https://image1.ljcdn.com/310000-inspection/pc1_wWLRGJhZn_1.jpg.296x216.jpg
20200208,闵行,静安新城,大上海十四区沿河电梯三房 精装带墙暖 视野宽阔采光足,818万,3室2厅 | 121.15平米 | 南 | 精装 | 低楼层(共12层) | 2004年建 | 板楼,https://image1.ljcdn.com/310000-inspection/pc1_iuvtdvdE7_1.jpg.296x216.jpg
20200208,闵行,静安新城,三区再现低总价双南两房、一梯两户、全明、随时看房,330万,2室1厅 | 66.8平米 | 南 | 简装 | 高楼层(共7层) | 1997年建 | 板楼,https://image1.ljcdn.com/310000-inspection/prod-bdd121da-066d-4f32-9885-0e3383d34d99.jpg.296x216.jpg
20200208,闵行,静安新城,小区刚刚整改好，楼层佳，位置好，精装小一房，可谈,295万,1室1厅 | 48.65平米 | 南 | 精装 | 中楼层(共6层) | 1997年建 | 板楼,https://image1.ljcdn.com/310000-inspection/pc1_5nM8CVexX_1.jpg.296x216.jpg
20200208,闵行,静安新城,九歌花园08年电梯一房，边套户型采光好，70年住宅房主自荐,300万,1室0厅 | 48.46平米 | 西 | 精装 | 中楼层(共11层) | 2008年建 | 板楼,https://image1.ljcdn.com/310000-inspection/pc1_LlGW8cuvq_1.jpg.296x216.jpg
20200208,闵行,静安新城,满五税少 南北通 采光好 房东诚意出售,265万,1室1厅 | 49.35平米 | 南 | 精装 | 高楼层(共6层) | 1998年建 | 板楼,https://image1.ljcdn.com/310000-inspection/pc1_SpTOyJHsK_1.jpg.296x216.jpg
20200208,闵行,静安新城,房子满五唯一，精装修，近地铁，房东诚意出售。房主自荐,465万,1室2厅 | 70.41平米 | 东南 | 精装 | 中楼层(共12层) | 1999年建 | 板楼,https://image1.ljcdn.com/310000-inspection/prod-2c8e865e-9818-4c9e-a814-ca13d56f2eac.jpg.296x216.jpg
20200208,闵行,静安新城,全明户型好+诚意急卖+双地铁+七宝实验+产权清晰,253万,1室1厅 | 50.18平米 | 南 | 精装 | 高楼层(共7层) | 1997年建 | 板楼,https://image1.ljcdn.com/310000-inspection/test-72a879de-229b-41ab-b183-00eb6acfe8d9.png.296x216.jpg
20200208,闵行,静安新城,客厅和卧室朝南 全明户型 楼层佳 满五唯一房主自荐,300万,1室1厅 | 51.38平米 | 南 | 简装 | 低楼层(共7层) | 1998年建 | 板楼,https://image1.ljcdn.com/310000-inspection/prod-874d5387-5eba-4f72-ab9f-409b8fdb1c92.jpg.296x216.jpg
20200208,闵行,静安新城,中间楼层，全明户型，通风好采光佳，无遮挡，业主城售,360万,2室1厅 | 60.51平米 | 东南 南 | 精装 | 中楼层(共7层) | 1997年建 | 板楼,https://image1.ljcdn.com/310000-inspection/pc1_hZh1PhHR7_1.jpg.296x216.jpg
20200208,闵行,静安新城,9号线合川路地铁口200米，中间位置中楼层，满五年唯一房主自荐,352万,2室1厅 | 62.56平米 | 南 | 简装 | 中楼层(共6层) | 1997年建 | 板楼,https://image1.ljcdn.com/310000-inspection/prod-c93d3102-d045-4bac-b249-fdb97b65ce29.jpg.296x216.jpg
20200208,闵行,静安新城,中间层仅一套在售 价格可谈 看房方便,415万,2室1厅 | 77.43平米 | 南 | 简装 | 中楼层(共6层) | 1999年建 | 板楼,https://image1.ljcdn.com/310000-inspection/prod-fa2ae77d-ff69-415c-8a7c-efca220346e9.jpg.296x216.jpg
20200208,闵行,静安新城,顶楼复式，视野开阔带43平露台，满五唯一，行动吧房主自荐,860万,4室2厅 | 171.01平米 | 南 | 精装 | 高楼层(共6层) | 2000年建 | 板楼,https://image1.ljcdn.com/310000-inspection/35983a9b-6277-4d7b-ab16-3228ec2185e0_1000.jpg.296x216.jpg
20200208,闵行,静安新城,99年品质小区 三房两卫 居家装修可拎包入住 诚意出售,688万,3室2厅 | 120.2平米 | 南 北 | 精装 | 低楼层(共6层) | 1999年建 | 板楼,https://image1.ljcdn.com/310000-inspection/pc1_pUc80kWuh_1.jpg.296x216.jpg
20200208,闵行,静安新城,九歌上郡 3室2厅 1030万,1030万,3室2厅 | 133.52平米 | 南 | 简装 | 高楼层(共12层) | 2006年建 | 板楼,https://image1.ljcdn.com/310000-inspection/pc1_BR8DSbxMW_1.jpg.296x216.jpg
20200208,闵行,静安新城,大上海国际花园五区 3室2厅 650万,650万,3室2厅 | 107.26平米 | 南 | 精装 | 中楼层(共7层) | 1996年建 | 板楼,https://image1.ljcdn.com/310000-inspection/ae8f7ad7-1119-4712-81d9-da4174b1f86a_1000.jpg.296x216.jpg
20200208,闵行,静安新城,大上海国际花园九区 3室2厅 750万,750万,3室2厅 | 137.3平米 | 南 | 其他 | 低楼层(共12层) | 1999年建 | 板楼,https://image1.ljcdn.com/310000-inspection/pc1_xgZJ4dFpX_1.jpg.296x216.jpg
20200208,闵行,静安新城,电梯景观楼层，南北通透，交通方便，配套完善环境好,820万,3室2厅 | 114.49平米 | 北 南 | 精装 | 高楼层(共11层) | 2003年建 | 板楼,https://image1.ljcdn.com/310000-inspection/pc1_MNQ3tjVTG_1.jpg.296x216.jpg
20200208,闵行,静安新城,08年电梯三房 婚房装修 刷卡入户带入室花园 位置好,980万,3室2厅 | 137.12平米 | 南 | 精装 | 低楼层(共12层) | 2008年建 | 板楼,https://image1.ljcdn.com/310000-inspection/pc1_gNmeNQXRK_1.jpg.296x216.jpg
20200208,闵行,静安新城,大上海国际花园六区 2室1厅 495万,495万,2室1厅 | 84.49平米 | 南 | 简装 | 中楼层(共7层) | 1994年建 | 板楼,https://image1.ljcdn.com/310000-inspection/pc1_e5D69BIE8_1.jpg.296x216.jpg
20200208,闵行,静安新城,静安新城四区 2室1厅 380万,380万,2室1厅 | 64.7平米 | 南 | 简装 | 低楼层(共7层) | 1998年建 | 板楼,https://image1.ljcdn.com/310000-inspection/pc1_iT61mMIq6_1.jpg.296x216.jpg
20200208,闵行,静安新城,9号线置业好选择，五区稀有户型，厨卫集中在北侧！,310万,1室1厅 | 50.68平米 | 南 | 简装 | 高楼层(共6层) | 1997年建 | 板楼,https://image1.ljcdn.com/310000-inspection/pc1_ksR35vUuR_1.jpg.296x216.jpg
20200208,闵行,静安新城,九歌上郡   9号线地铁口   诚意出售,380万,1室1厅 | 49.59平米 | 南 | 精装 | 低楼层(共11层) | 2006年建 | 板楼,https://image1.ljcdn.com/310000-inspection/prod-110a2a90-11c6-41a8-b3b9-c4658dba94f4.jpg.296x216.jpg
20200208,闵行,静安新城,满五年唯一 中间楼层 不靠马路 双南户型 业主诚意,390万,2室1厅 | 62.56平米 | 南 | 精装 | 中楼层(共6层) | 1997年建 | 板楼,https://image1.ljcdn.com/310000-inspection/test-b3d70599-1eeb-4011-b975-6e7e7bdaabbe.png.296x216.jpg
20200208,闵行,静安新城,中间楼层一房+采光视野佳+户型好+看房随时+适合刚需,270万,1室1厅 | 45.52平米 | 南 | 简装 | 中楼层(共6层) | 1998年建 | 板楼,https://image1.ljcdn.com/310000-inspection/prod-2748e4ec-4f82-42b9-b66a-a9f1748d51be.jpg.296x216.jpg
20200208,闵行,静安新城,静安新城五区 1室1厅 330万,330万,1室1厅 | 48.55平米 | 南 | 精装 | 低楼层(共6层) | 1997年建 | 板楼,https://image1.ljcdn.com/310000-inspection/pc1_qkT9VlZhV_1.jpg.296x216.jpg
20200208,闵行,静安新城,静安新城 小面积电梯房 中间楼层 房东诚意出售房主自荐,283万,1室1厅 | 45.07平米 | 西 | 精装 | 中楼层(共11层) | 2008年建 | 板楼,https://image1.ljcdn.com/310000-inspection/prod-8dcde60f-d297-4c93-8b99-393487f18c32.jpg.296x216.jpg
20200208,闵行,静安新城,南北两房！精装带地暖！有地下车库！,290万,2室1厅 | 43平米 | 南 | 精装 | 低楼层(共6层) | 1998年建 | 板塔结合,https://image1.ljcdn.com/310000-inspection/pc1_juddyiiPE_1.jpg.296x216.jpg
20200208,闵行,静安新城,售后公房，没有增值税，房型正气，仅靠地铁,280万,1室1厅 | 44.6平米 | 南 | 简装 | 高楼层(共6层) | 1997年建 | 板楼,https://image1.ljcdn.com/310000-inspection/pc1_VZrZp58Gs_1.jpg.296x216.jpg
20200208,闵行,静安新城,精装修两房 一梯两户 高区景观 位置安静 采光好 税少,330万,2室1厅 | 65.72平米 | 南 | 简装 | 高楼层(共6层) | 1997年建 | 板楼,https://image1.ljcdn.com/310000-inspection/pc1_iUKKVBg6g_1.jpg.296x216.jpg
20200208,闵行,静安新城,一梯一户带9平米入室花园 房型好正气  价格可谈,920万,3室2厅 | 138平米 | 南 | 简装 | 低楼层(共12层) | 2008年建 | 板楼,https://image1.ljcdn.com/310000-inspection/pc1_CIGfGtLrX_1.jpg.296x216.jpg
20200208,闵行,静安新城,南北通透 视野宽阔 配套齐全 生活方便 产权清晰,385万,2室1厅 | 66.6平米 | 南 北 | 简装 | 低楼层(共6层) | 1998年建 | 板楼,https://image1.ljcdn.com/310000-inspection/pc1_ME5p2br3K_1.jpg.296x216.jpg
20200208,闵行,静安新城,售后公房 满五唯一 精装修 东边沿河位置 视野开阔,432万,2室1厅 | 70.55平米 | 南 | 精装 | 低楼层(共6层) | 1997年建 | 板楼,https://image1.ljcdn.com/310000-inspection/9aff18bb-8165-4784-a786-9339096d155a_1000.jpg.296x216.jpg
20200208,闵行,静安新城,85%高得房率，板式南北通户型，满五唯一，可拎包入住,710万,4室2厅 | 134.6平米 | 南 | 精装 | 中楼层(共7层) | 1994年建 | 板楼,https://image1.ljcdn.com/310000-inspection/prod-0c340b97-0f17-48a6-9b55-74cb4018aac8.jpg.296x216.jpg
20200208,闵行,静安新城,三年精装修，南北通透，小区中间位置，园林式小区房主自荐,810万,3室2厅 | 114.61平米 | 南 北 | 精装 | 低楼层(共11层) | 2003年建 | 板楼,https://image1.ljcdn.com/310000-inspection/prod-8c1eea4c-8065-4eab-8122-61a5be439af5.jpg.296x216.jpg
20200208,闵行,静安新城,顶楼复式 qu明户型 带d露台 业主诚意出售,910万,4室3厅 | 168平米 | 南 | 简装 | 高楼层(共6层) | 1999年建 | 板楼,https://image1.ljcdn.com/310000-inspection/prod-90387020-40d6-4453-8896-0c97bc540147.jpg.296x216.jpg
20200208,闵行,静安新城,外销房，户型方正，3年精装拎包入住，高区电梯大一房房主自荐,465万,1室2厅 | 70.41平米 | 南 | 精装 | 中楼层(共12层) | 1999年建 | 板楼,https://image1.ljcdn.com/310000-inspection/prod-474d205a-543e-4a5d-ac2f-52f65a2d140c.jpg.296x216.jpg
20200208,闵行,静安新城,精装大一房 中间楼层 价格便宜 房东急售,285万,1室1厅 | 49.8平米 | 东 | 精装 | 高楼层(共6层) | 1998年建 | 板楼,https://image1.ljcdn.com/310000-inspection/prod-460704ba-a38c-4fde-95d8-51031612f22b.jpg.296x216.jpg
20200208,闵行,静安新城,四区精装大两房 双轨交通  诚意出售 ！,440万,2室2厅 | 80.47平米 | 南 北 | 精装 | 高楼层(共7层) | 1997年建 | 板楼,https://image1.ljcdn.com/310000-inspection/prod-cbec4919-09d5-4510-aff8-896865d764ba.jpg.296x216.jpg
20200208,闵行,静安新城,本周必卖商品房质量好，地铁9号线出门10米，双南好房,349万,2室1厅 | 66.11平米 | 南 | 简装 | 高楼层(共6层) | 1994年建 | 板楼,https://image1.ljcdn.com/310000-inspection/8c8b59df-cf37-4061-893e-d80741f0292a_1000.jpg.296x216.jpg
20200208,闵行,静安新城,静安新城二区 1室1厅 295万,295万,1室1厅 | 50.07平米 | 南 | 精装 | 中楼层(共5层) | 1996年建 | 板楼,https://image1.ljcdn.com/310000-inspection/pc1_NFRdPXVDi_1.jpg.296x216.jpg
20200208,闵行,静安新城,静安新城五区 1室1厅 263万,263万,1室1厅 | 44.73平米 | 南 | 简装 | 高楼层(共6层) | 1997年建 | 板楼,https://image1.ljcdn.com/310000-inspection/prod-fce93471-5da1-4fe7-9a6c-a5048b3fba8e.jpg.296x216.jpg
20200208,闵行,静安新城,静安新城大一房 产权清晰 税少随时收定 诚心售,308万,1室1厅 | 56.25平米 | 南 | 简装 | 中楼层(共6层) | 1999年建 | 板楼,https://image1.ljcdn.com/310000-inspection/pc1_9LrB0wfWS_1.jpg.296x216.jpg
20200208,闵行,静安新城,静安新城十一区 1室1厅 285万,285万,1室1厅 | 48.68平米 | 南 | 精装 | 高楼层(共6层) | 1997年建 | 板楼,https://image1.ljcdn.com/310000-inspection/pc1_fJWfxZb7M_1.jpg.296x216.jpg
20200208,闵行,静安新城,总价和单价低  一楼带大院子  房东诚意出售,310万,2室1厅 | 59.41平米 | 南 | 毛坯 | 低楼层(共6层) | 1994年建 | 板楼,https://image1.ljcdn.com/310000-inspection/6ee3bad1-207f-4713-8d99-4577ffdf3e99_1000.jpg.296x216.jpg
20200208,闵行,静安新城,近地铁9号线，精装修两房，中间楼层，采光好。,485万,2室2厅 | 84.49平米 | 南 | 精装 | 中楼层(共7层) | 1994年建 | 板楼,https://image1.ljcdn.com/310000-inspection/pc1_BOdVk3RWp_1.jpg.296x216.jpg
20200208,闵行,静安新城,电梯双南大两房 全明格局 业主诚售,450万,2室1厅 | 73.68平米 | 南 | 简装 | 低楼层(共24层) | 1998年建 | 塔楼,https://image1.ljcdn.com/310000-inspection/pc1_0qQEy4vkl_1.jpg.296x216.jpg
20200208,闵行,静安新城,满五年，地铁口好房子，94年商品房，户型采光俱佳,398万,2室2厅 | 75.83平米 | 南 | 简装 | 低楼层(共6层) | 1994年建 | 板楼,https://image1.ljcdn.com/310000-inspection/pc1_OFr2drMnK_1.jpg.296x216.jpg
20200208,闵行,静安新城,电梯56平大一房，价格不高，楼层不差，,325万,1室1厅 | 56.93平米 | 南 | 简装 | 低楼层(共24层) | 1998年建 | 塔楼,https://image1.ljcdn.com/310000-inspection/pc1_g9CDTUrXd_1.jpg.296x216.jpg
20200208,闵行,静安新城,请看完这套再决定！精装修，小区中间位置，没有个税房主自荐,410万,2室1厅 | 72.78平米 | 南 | 精装 | 中楼层(共6层) | 1998年建 | 板楼,https://image1.ljcdn.com/310000-inspection/pc1_LIdobV1DU_1.jpg.296x216.jpg
20200208,闵行,静安新城,中间楼层+正对花园位置+无遮挡+客厅卧室朝南采光好,280万,1室1厅 | 48.75平米 | 南 | 简装 | 低楼层(共7层) | 1998年建 | 板楼,https://image1.ljcdn.com/310000-inspection/pc1_Ar3KxzE69_1.jpg.296x216.jpg
20200208,闵行,静安新城,售后公房，满五税费少，中间楼层，采光好，全新装修房主自荐,375万,2室1厅 | 62.5平米 | 南 | 精装 | 中楼层(共7层) | 1997年建 | 板楼,https://image1.ljcdn.com/310000-inspection/pc1_Tvs5avnV9_1.jpg.296x216.jpg
20200208,闵行,静安新城,新挂牌 正宗户型南北两房 免增值税哦 您值得拥有！,340万,2室1厅 | 66.8平米 | 南 | 毛坯 | 高楼层(共6层) | 1997年建 | 板楼,https://image1.ljcdn.com/310000-inspection/pc1_koBDhhgc0_1.jpg.296x216.jpg
20200208,闵行,静安新城,税费少格局好+大客厅+卧室客厅朝南+全明户型中间楼层,280万,1室1厅 | 47.95平米 | 南 | 毛坯 | 低楼层(共6层) | 1998年建 | 板楼,https://image1.ljcdn.com/310000-inspection/pc1_NKsy9kfqO_1.jpg.296x216.jpg
20200208,闵行,静安新城,双南户型，中间楼层，业主诚意出售,828万,2室2厅 | 105.77平米 | 南 | 精装 | 中楼层(共12层) | 2006年建 | 板楼,https://image1.ljcdn.com/310000-inspection/pc1_o6OkJ88KC_1.jpg.296x216.jpg
20200208,闵行,静安新城,双南精致两房 两年婚房精装修 近9号线,390万,2室1厅 | 65.02平米 | 南 | 精装 | 高楼层(共6层) | 1998年建 | 板楼,https://image1.ljcdn.com/310000-inspection/pc1_yMqNdQKsn_1.jpg.296x216.jpg
20200208,闵行,静安新城,大上海国际花园八区 2室2厅 550万,550万,2室2厅 | 90.45平米 | 南 | 简装 | 中楼层(共7层) | 1994年建 | 板楼,https://image1.ljcdn.com/310000-inspection/1c448bfc-e450-43f9-9d93-6be9afc99769_1000.jpg.296x216.jpg
20200208,闵行,静安新城,静安新城五区 2室2厅 420万,420万,2室2厅 | 71.1平米 | 南 | 其他 | 高楼层(共7层) | 1997年建 | 板楼,https://image1.ljcdn.com/310000-inspection/pc1_m1z153v0x_1.jpg.296x216.jpg
20200208,闵行,静安新城,08年九歌花园三期商品房+采光好的一房+明厨明卫,285万,1室1厅 | 45.07平米 | 东 | 精装 | 中楼层(共11层) | 2008年建 | 板楼,https://image1.ljcdn.com/310000-inspection/pc1_9d435v6X2_1.jpg.296x216.jpg
20200208,闵行,静安新城,一楼带42平大花园，满五唯一，三开间朝南，采光无遮挡,695万,3室2厅 | 123.74平米 | 南 | 其他 | 低楼层(共6层) | 1996年建 | 板楼,https://image1.ljcdn.com/310000-inspection/pc1_5bx1deb36_1.jpg.296x216.jpg
20200208,闵行,静安新城,点开此房找我聊星辰幼儿园位置佳户型正气全明通风好,335万,2室1厅 | 60.22平米 | 南 北 | 简装 | 低楼层(共6层) | 1997年建 | 板楼,https://image1.ljcdn.com/310000-inspection/prod-618ae119-bded-406e-874d-e29fafd99402.jpg.296x216.jpg
20200208,闵行,静安新城,视野开阔简约大方装修，看中价格可谈,386万,1室1厅 | 49.25平米 | 南 | 精装 | 中楼层(共11层) | 2006年建 | 板楼,https://image1.ljcdn.com/310000-inspection/pc1_U0BMinFbv_1.jpg.296x216.jpg
20200208,闵行,静安新城,08年电梯商品房！免增值税！好楼层！产权清晰通透户型,300万,1室1厅 | 45.07平米 | 南 | 精装 | 高楼层(共11层) | 2008年建 | 板楼,https://image1.ljcdn.com/310000-inspection/prod-41774609-77ce-4428-b901-d8433c914f7e.jpg.296x216.jpg
20200208,闵行,静安新城,2012年次新房  带电梯  精装带地暖 诚意出售,600万,2室2厅 | 86.03平米 | 南 | 精装 | 中楼层(共13层) | 2011年建 | 板楼,https://image1.ljcdn.com/310000-inspection/prod-a10f2f14-9e9b-490e-ab81-bf2770c032ca.jpg.296x216.jpg
20200208,闵行,静安新城,九歌上郡 1室1厅 475万房主自荐,475万,1室1厅 | 62.88平米 | 南 | 精装 | 中楼层(共11层) | 2006年建 | 板楼,https://image1.ljcdn.com/310000-inspection/pc1_banEz65B7_1.jpg.296x216.jpg
20200208,闵行,静安新城,房子户型好实际使用面积大通透性好全明业主诚意出售,698万,3室2厅 | 118.59平米 | 南 北 | 简装 | 中楼层(共5层) | 1999年建 | 板楼,https://image1.ljcdn.com/310000-inspection/prod-b99dd911-3bb0-47b6-b9e3-d027c7fb2581.jpg.296x216.jpg
20200208,闵行,静安新城,本房采光好税费少，房东诚意出售房主自荐,565万,3室2厅 | 129.29平米 | 南 | 精装 | 高楼层(共6层) | 1998年建 | 板楼,https://image1.ljcdn.com/310000-inspection/8f490327-5970-4f79-b9b7-a2ad32f41767.jpg.296x216.jpg
20200208,闵行,静安新城,正宗复式，小区安静位置，装修好，可拎包入住,825万,4室2厅 | 164.74平米 | 南 | 精装 | 高楼层(共6层) | 1996年建 | 板楼,https://image1.ljcdn.com/310000-inspection/320fd2f0-c399-4271-8c6b-35e50992ea18.jpg.296x216.jpg
20200208,闵行,静安新城,满五唯一+看房方便+实木装修+车库+采光好+大花园,2885万,6室3厅 | 313.1平米 | 南 | 精装 | 低楼层(共3层) | 1999年建 | 板楼,https://image1.ljcdn.com/shfdfs-image/20160105/9b89a37d-4d61-4bf2-accc-c80f484a2e2d.jpg.296x216.jpg
20200208,闵行,静安新城,9号线地铁口+ 满五唯一，电梯一房，采光足,370万,1室1厅 | 56.26平米 | 南 | 精装 | 高楼层(共24层) | 1998年建 | 塔楼,https://image1.ljcdn.com/310000-inspection/pc1_k7QzOcID2_1.jpg.296x216.jpg
20200208,闵行,静安新城,大上海国际花园六区 3室2厅 550万,550万,3室2厅 | 100.02平米 | 南 | 简装 | 高楼层(共7层) | 1994年建 | 板楼,https://image1.ljcdn.com/310000-inspection/pc1_mKO7nlwdj_1.jpg.296x216.jpg
20200208,闵行,静安新城,大上海国际花园九区 4室2厅 1150万,1150万,4室2厅 | 206.13平米 | 南 | 简装 | 低楼层(共12层) | 1999年建 | 板楼,https://image1.ljcdn.com/310000-inspection/31dad51d-4ee0-4d8a-b007-d8bfe18ae1d3.JPG.296x216.jpg
20200208,闵行,静安新城,大上海国际花园四区 3室2厅 680万,680万,3室2厅 | 120.96平米 | 南 | 精装 | 中楼层(共7层) | 1994年建 | 板楼,https://image1.ljcdn.com/310000-inspection/pc1_vL3Gjf0Gn_1.jpg.296x216.jpg
20200208,闵行,静安新城,九歌花园电梯复式 03年商品房小区 换房诚意出售,820万,3室2厅 | 121.83平米 | 南 北 | 精装 | 高楼层(共8层) | 2001年建 | 板楼,https://image1.ljcdn.com/310000-inspection/6fa7a143-0b46-4118-abb4-1662467b8cda.jpg.296x216.jpg
20200208,闵行,静安新城,公寓房，邻9号线，配套成熟，出行方便，生活便利房主自荐,219万,1室1厅 | 59平米 | 西 | 精装 | 低楼层(共9层) | 2006年建 | 板楼,https://image1.ljcdn.com/x-se/hdic-frame/e33d8db1-56b1-4250-b87c-52939c35e474.png.296x216.jpg
20200208,闵行,静安新城,宏明雅舍地铁9号线10米，商品房双南户型，业主已定房,365万,2室1厅 | 66.11平米 | 南 | 简装 | 高楼层(共6层) | 1994年建 | 板楼,https://image1.ljcdn.com/shfdfs-image/20171021/12dbc959-1e03-4b69-bdfb-3789eaa82503.jpg.296x216.jpg
20200208,闵行,静安新城,顶楼带阁楼，实用面积大，装修保养好，可拎包入住,610万,2室2厅 | 90.69平米 | 南 | 精装 | 高楼层(共6层) | 1999年建 | 板楼,https://image1.ljcdn.com/310000-inspection/c5d75eef-8bc1-4dbe-b700-f2df54baad3d.jpg.296x216.jpg
20200208,闵行,静安新城,大上海国际花园十三区(别墅) 5室3厅 2380万,2380万,5室3厅 | 275.22平米 | 南 | 其他 | 低楼层(共2层) | 1997年建 | 板楼,https://image1.ljcdn.com/310000-inspection/rsp_pic_upload465c89ed-3ab0-4bb5-94d2-f6b5ea38c9d3.jpg.296x216.jpg
20200208,闵行,静安新城,中间楼层双南两房+满五唯一售后公房+看房方便诚意售,370万,2室1厅 | 66.43平米 | 南 | 简装 | 高楼层(共6层) | 1998年建 | 板楼,https://image1.ljcdn.com/310000-inspection/prod-944f4421-288e-4868-bf0c-0bfd8d731335.jpg.296x216.jpg
20200208,闵行,静安新城,一楼铺子，随时可以看房，带大花园,450万,1室1厅 | 96.66平米 | 西 | 简装 | 低楼层(共6层) | 1999年建 | 板楼,https://image1.ljcdn.com/shfdfs-image/20160927/dda510cb-beae-4fc2-866b-d254228ddce6.jpg.296x216.jpg
20200208,闵行,静安新城,新装修全明格局，中间楼层不靠马路，等候您的咨询,368万,2室1厅 | 65.91平米 | 南 北 | 精装 | 低楼层(共11层) | 1997年建 | 板楼,https://image1.ljcdn.com/310000-inspection/pc1_IN58Y4GMa_1.jpg.296x216.jpg
20200208,闵行,静安新城,精装修 双南两房 采光好 产权清晰 房东诚售,360万,2室1厅 | 58平米 | 南 北 | 精装 | 高楼层(共6层) | 1998年建 | 板楼,https://image1.ljcdn.com/310000-inspection/pc1_pS9an75We_1.jpg.296x216.jpg
20200208,闵行,静安新城,地铁小户型，交通便利，电梯房。,248万,1室1厅 | 59平米 | 西南 | 简装 | 高楼层(共9层) | 2006年建 | 板楼,https://image1.ljcdn.com/310000-inspection/pc1_i3C3uANya.jpg.296x216.jpg
20200208,闵行,静安新城,静安新城五区 1室1厅 298万,298万,1室1厅 | 44.96平米 | 南 | 简装 | 低楼层(共6层) | 1997年建 | 板楼,https://image1.ljcdn.com/310000-inspection/274c4cb3-19c2-45d4-8305-a6361f16afc9.jpg.296x216.jpg
20200208,闵行,静安新城,静安四区  房子零费用 满五年唯一 中间通透户型,360万,2室1厅 | 64.61平米 | 南 | 简装 | 中楼层(共7层) | 1997年建 | 板楼,https://image1.ljcdn.com/310000-inspection/cc8a1c45-cc2d-4289-9922-a03b66b71e9a.jpg.296x216.jpg
20200208,闵行,静安新城,南北通透双阳台+交通便利近地铁+社区成熟配套齐全,279万,1室1厅 | 72.42平米 | 南 北 | 简装 | 中楼层(共11层) | 2008年建 | 塔楼,
20200208,闵行,静安新城,小区中间位置+中间楼层+私密房型+地铁口房源,495万,2室2厅 | 84.68平米 | 南 | 简装 | 中楼层(共7层) | 1994年建 | 板楼,https://image1.ljcdn.com/310000-inspection/prod-a2692655-43db-4f13-8abc-7af7899d95df.jpg.296x216.jpg
20200208,闵行,静安新城,大上海国际花园十二区 2室2厅 580万,580万,2室2厅 | 108.57平米 | 南 | 简装 | 高楼层(共6层) | 1996年建 | 板楼,
20200208,闵行,静安新城,大上海国际花园酒店公寓 2房间1卫 200万,200万,1室1厅 | 44.01平米 | 东 | 精装 | 中楼层(共11层) | 2008年建 | 塔楼,https://image1.ljcdn.com/x-se/hdic-frame/f0ff182a-13e6-4d38-9280-c39af5a85512.png.296x216.jpg
20200208,闵行,静安新城,房间朝南 边套  全明户型 景观楼层 视野好 近地铁,180万,1室1厅 | 36.49平米 | 南 | 简装 | 高楼层(共9层) | 2006年建 | 板楼,https://image1.ljcdn.com/310000-inspection/prod-5ab9ba42-e7b3-4f55-aaf9-b8ca3bf29bd3.jpg.296x216.jpg
20200208,闵行,静安新城,小区花园位置，房型正气，不是顶楼，满五年唯一,580万,3室2厅 | 103.32平米 | 南 | 简装 | 高楼层(共7层) | 1994年建 | 板楼,https://image1.ljcdn.com/x-se/hdic-frame/2dfc13c6-55b4-45ed-afaf-a348d50abd72.png.296x216.jpg
20200208,闵行,静安新城,九歌上郡 2室2厅 663万,663万,2室2厅 | 97.4平米 | 南 | 精装 | 低楼层(共12层) | 2006年建 | 板楼,https://image1.ljcdn.com/x-se/hdic-frame/42527b78-a07f-4ace-bdf8-58a56285ab9c.png.296x216.jpg
20200208,闵行,静安新城,总价低！首付少！明厅双朝南！价低免增值税地铁近,330万,2室1厅 | 65.91平米 | 南 | 简装 | 高楼层(共6层) | 1998年建 | 板塔结合,https://image1.ljcdn.com/310000-inspection/prod-1492736f-3f8b-44c0-87c5-1db7046cdbfe.jpg.296x216.jpg
20200208,闵行,静安新城,大上海国际花园酒店公寓 2房间1卫 210万,210万,1室1厅 | 34.77平米 | 南 | 精装 | 低楼层(共11层) | 2008年建 | 塔楼,
20200208,闵行,静安新城,南北板式两房 一楼带天井 满五唯一 税少 近9号线,520万,2室2厅 | 87.04平米 | 南 | 毛坯 | 低楼层(共7层) | 1994年建 | 板楼,
20200208,闵行,静安新城,大上海国际花园酒店公寓 2房间1卫 235万,235万,1室1厅 | 68平米 | 北 | 精装 | 低楼层(共11层) | 2008年建 | 塔楼,
20200208,闵行,静安新城,樱花园经典板式三房，南北全明户型，中间楼层急售,575万,3室2厅 | 103平米 | 南 | 精装 | 中楼层(共7层) | 1994年建 | 板楼,
20200208,闵行,静安新城,户型正气，得房率高，业主急卖，旁边是地铁,465万,3室2厅 | 83.56平米 | 南 | 简装 | 高楼层(共7层) | 1997年建 | 板楼,https://image1.ljcdn.com/x-se/hdic-frame/09140d6b-402f-46b2-815e-8fabfdc80675.png.296x216.jpg
20200208,闵行,静安新城,全明，稀有的双卫生间，东边套，采光面足，看房随时。,599万,3室2厅 | 100.48平米 | 南 | 简装 | 低楼层(共7层) | 1994年建 | 板楼,https://image1.ljcdn.com/x-se/hdic-frame/72e7ee7f-06c2-4993-89fe-c405c38836ce.png.296x216.jpg
20200208,闵行,静安新城,大上海国际花园酒店公寓 2房间1卫 165万,165万,1室1厅 | 44.01平米 | 南 | 其他 | 高楼层(共11层) | 2008年建 | 塔楼,
20200208,闵行,静安新城,九歌带阳台的一房 满五年唯一 精装修带地暖 位置好,485万,1室2厅 | 64.02平米 | 南 | 其他 | 低楼层(共11层) | 2006年建 | 板楼,https://image1.ljcdn.com/x-se/310000-frame/rsp_pic_upload7b80e001-0b1d-41bd-89d3-1c98c926c468.jpg.296x216.jpg
20200208,闵行,静安新城,九歌茗园 2室2厅 710万,710万,2室2厅 | 99.88平米 | 南 | 精装 | 低楼层(共13层) | 2004年建 | 板楼,
20200208,闵行,静安新城,地铁口的小户型，中间楼层，总价低，税费少,250万,1室1厅 | 40.83平米 | 南 | 简装 | 中楼层(共6层) | 1994年建 | 板楼,https://image1.ljcdn.com/x-se/hdic-frame/173d151c-d236-4b2d-b184-2b8fe33e8c85.png.296x216.jpg
20200208,闵行,静安新城,精装修双南2房，采光充足，阳光好，近9号线地铁,340万,2室1厅 | 61平米 | 南 | 简装 | 高楼层(共6层) | 1994年建 | 板楼,https://image1.ljcdn.com/x-se/hdic-frame/prod-97fe3568-1532-4b80-9b2f-817f1a58535d.png.296x216.jpg
20200208,闵行,静安新城,天安豪园 2室1厅 555万,555万,2室1厅 | 76.78平米 | 南 | 简装 | 高楼层(共13层) | 2014年建 | 板楼,
20200208,闵行,静安新城,电梯高层+沿河景观+卧室全南拐角飘窗+位置安静,780万,2室2厅 | 101.68平米 | 暂无数据 | 精装 | 高楼层(共12层) | 2006年建 | 板楼,https://image1.ljcdn.com/shfdfs-image/20150723/20411f5f-a265-475d-8c9d-43569766275a.jpg.296x216.jpg
20200208,闵行,静安新城,大上海国际花园酒店公寓 2房间1卫 360万,360万,1室1厅 | 57.7平米 | 南 | 精装 | 高楼层(共11层) | 2008年建 | 塔楼,
20200208,闵行,静安新城,九歌花园电梯复式四房 客厅3米8 单价低近大虹桥漕河泾,820万,4室2厅 | 130.13平米 | 南 | 简装 | 中楼层(共8层) | 2001年建 | 板楼,https://image1.ljcdn.com/310000-inspection/05efde10-8d71-4a07-91f6-76d153674e2c.jpg.296x216.jpg
20200208,闵行,静安新城,九歌小区中间两房 满五年唯一 精装修带地暖 位置好,699万,2室2厅 | 102.6平米 | 南 | 简装 | 低楼层(共12层) | 2006年建 | 板楼,https://image1.ljcdn.com/x-se/hdic-frame/d56dce54-f243-4bc0-a34b-0a515e96d065.png.296x216.jpg
20200208,闵行,静安新城,距离地铁口100米景观次顶楼，采光视野佳带产权车位,385万,1室1厅 | 49.25平米 | 南 | 精装 | 高楼层(共11层) | 2006年建 | 板楼,https://image1.ljcdn.com/x-se/hdic-frame/988b8863-5e3b-402a-b9a1-1033ae30ebf3.png.296x216.jpg
20200208,闵行,静安新城,大上海国际花园七区 2室2厅 620万,620万,2室2厅 | 103.26平米 | 南 北 | 精装 | 中楼层(共6层) | 1998年建 | 板楼,
20200208,闵行,静安新城,08年一楼复式5房，带35平花园，合川路地铁500米,955万,5室2厅 | 169.12平米 | 南 | 简装 | 低楼层(共11层) | 2008年建 | 板楼,
20200208,闵行,静安新城,客厅餐厅南 北 通，厨卫都有窗户，小区位置近东门。,930万,4室2厅 | 152.36平米 | 南 | 精装 | 低楼层(共6层) | 1999年建 | 板楼,
20200208,闵行,静安新城,15年次新房，中间楼层，拎包可直接入住,470万,2室2厅 | 76.78平米 | 南 | 毛坯 | 低楼层(共13层) | 2014年建 | 板楼,https://image1.ljcdn.com/x-se/310000-frame/576af0a6-d251-4108-894d-ae5e6d7f9860.jpg.600x.jpg.296x216.jpg
20200208,闵行,静安新城,静安四区南北两房 有钥匙随时看 保养好 近地铁 诚售,340万,2室1厅 | 64.7平米 | 南 | 简装 | 高楼层(共7层) | 1998年建 | 板楼,https://image1.ljcdn.com/x-se/hdic-frame/0683cbf4-224e-4b00-baa0-327568a6d0c0.png.296x216.jpg
20200208,闵行,静安新城,大上海国际花园十四区 3室2厅 840万,840万,3室2厅 | 126.45平米 | 南 北 | 精装 | 低楼层(共12层) | 2004年建 | 板楼,
20200208,闵行,静安新城,大上海国际花园九区 3室2厅 760万,760万,3室2厅 | 138.3平米 | 南 | 其他 | 低楼层(共12层) | 1999年建 | 板楼,
20200208,闵行,静安新城,大上海国际花园酒店公寓 2房间1卫 200万,200万,1室1厅 | 49.25平米 | 南 | 其他 | 中楼层(共11层) | 2008年建 | 塔楼,
20200208,闵行,静安新城,九歌茗园 2室1厅 545万,545万,2室1厅 | 89.71平米 | 南 | 简装 | 低楼层(共11层) | 2004年建 | 板楼,https://image1.ljcdn.com/x-se/hdic-frame/test-c675581b-a524-43fd-90e0-c5639560fdb2.png.296x216.jpg
20200208,闵行,静安新城,大上海国际花园七区 3室2厅 799万,799万,3室2厅 | 168平米 | 南 | 简装 | 高楼层(共6层) | 1999年建 | 板楼,https://image1.ljcdn.com/310000-inspection/014a613d-c696-4a0f-8458-b55777c3481b.JPG.296x216.jpg
20200208,闵行,静安新城,大上海国际花园六区 2室1厅 500万,500万,2室1厅 | 84.49平米 | 南 | 其他 | 高楼层(共7层) | 1994年建 | 板楼,https://image1.ljcdn.com/shfdfs-image/20160902/c68bc5c7-604f-4ac7-a77d-1ac68f99e9e4.jpg.296x216.jpg
20200208,闵行,静安新城,大上海国际花园六区 3室2厅 650万,650万,3室2厅 | 101.71平米 | 南 | 其他 | 高楼层(共7层) | 1994年建 | 板楼,https://image1.ljcdn.com/shfdfs-image/20160902/6425701c-c3cd-4aa5-8590-01677ef09008.jpg.296x216.jpg
20200208,闵行,静安新城,静安新城四区 3室1厅 480万新上,480万,3室1厅 | 82平米 | 南 | 其他 | 中楼层(共7层) | 1998年建 | 板楼,
20200208,闵行,静安新城,大上海国际花园十三区(别墅) 5室4厅 2800万,2800万,5室4厅 | 313.1平米 | 南 | 简装 | 低楼层(共3层) | 1998年建 | 板楼,https://image1.ljcdn.com/310000-inspection/22d8636e-6a9c-4d48-8c9f-e81145573b08.JPG.296x216.jpg
20200208,闵行,静安新城,大上海国际花园酒店公寓 2房间1卫 320万,320万,1室1厅 | 49.25平米 | 南 | 其他 | 高楼层(共11层) | 2008年建 | 塔楼,
20200208,闵行,静安新城,大上海国际花园酒店公寓 2房间1卫 330万,330万,1室1厅 | 63.11平米 | 南 | 精装 | 中楼层(共11层) | 2008年建 | 塔楼,https://image1.ljcdn.com/x-se/hdic-frame/prod-8d683675-79a5-4641-b968-789dce918177.png.296x216.jpg
20200208,闵行,静安新城,大上海国际花园酒店公寓 2房间1卫 390万,390万,1室1厅 | 70平米 | 南 | 其他 | 中楼层(共11层) | 2008年建 | 塔楼,
20200208,闵行,静安新城,大上海国际花园六区 3室2厅 575万,575万,3室2厅 | 100.02平米 | 南 | 毛坯 | 高楼层(共7层) | 1994年建 | 板楼,https://image1.ljcdn.com/x-se/shfdfs-image/20170810/4e3829ae-f2fa-400c-ba8b-ae95785312ff.jpg.296x216.jpg
20200208,闵行,静安新城,静安新城一区 2室1厅 398万,398万,2室1厅 | 72.78平米 | 南 | 简装 | 高楼层(共6层) | 1998年建 | 板楼,https://image1.ljcdn.com/x-se/hdic-frame/e3ec8ea7-52c5-40c2-91c6-5a8169bc7b1c.png.296x216.jpg
20200208,闵行,静安新城,外地、单身都可以买、业主诚意卖,106万,1室0厅 | 23平米 | 南 | 其他 | 中楼层(共11层) | 2008年建 | 塔楼,
20200208,闵行,静安新城,大上海国际花园酒店公寓 3房间1卫 320万,320万,2室1厅 | 57.7平米 | 南 | 其他 | 中楼层(共11层) | 2008年建 | 塔楼,
20200208,闵行,静安新城,大上海国际花园酒店公寓 3房间1卫 320万,320万,2室1厅 | 70平米 | 南 西南 | 其他 | 低楼层(共11层) | 2008年建 | 塔楼,
20200208,闵行,静安新城,九歌中庭 1室1厅 160万,160万,1室1厅 | 47.56平米 | 北 | 其他 | 高楼层(共9层) | 2006年建 | 板楼,
20200208,闵行,静安新城,大上海国际花园十区 3室2厅 588万,588万,3室2厅 | 98.18平米 | 南 | 精装 | 高楼层(共6层) | 1996年建 | 板楼,https://image1.ljcdn.com/x-se/hdic-frame/d28c6179-b75d-4b65-91ac-0a93b9cb9f11.png.296x216.jpg
20200208,闵行,静安新城,大上海国际花园酒店公寓 3房间1卫 350万,350万,2室1厅 | 74.39平米 | 南 | 其他 | 高楼层(共11层) | 2008年建 | 塔楼,
