20200208,闵行,梅陇,有钥匙随时看房！高性#价比!！近地铁，全明！免增值税必看好房,312万,3室1厅 | 73.16平米 | 南 北 | 精装 | 高楼层(共6层) | 1988年建 | 板楼,https://image1.ljcdn.com/310000-inspection/pc1_Y5VgBR5SW_1.jpg.296x216.jpg
20200208,闵行,梅陇,满五年精装两房 小区安静位置采光无遮挡 诚售价格可谈必看好房,365万,2室2厅 | 83.91平米 | 南 | 精装 | 高楼层(共6层) | 1997年建 | 板楼,https://image1.ljcdn.com/310000-inspection/prod-266a6d91-9389-4d06-937f-a0a7997e2869.jpg.296x216.jpg
20200208,闵行,梅陇,精装拎包入住 小区安静 总价低 诚意出售 看房有钥匙必看好房,445万,3室1厅 | 95.2平米 | 南 | 精装 | 高楼层(共6层) | 1996年建 | 板楼,https://image1.ljcdn.com/310000-inspection/pc1_uJ5lBFJFy_1.jpg.296x216.jpg
20200208,闵行,梅陇,店长主推！地铁100米！视野开阔，满五唯一，花园住宅必看好房,525万,2室2厅 | 87.85平米 | 南 | 简装 | 中楼层(共6层) | 2003年建 | 板楼,https://image1.ljcdn.com/310000-inspection/pc1_xrFWQVTC6_1.jpg.296x216.jpg
20200208,闵行,梅陇,中间楼层，户型正气，卧室朝南，采光率高必看好房,193万,1室1厅 | 45.92平米 | 南 | 精装 | 中楼层(共6层) | 1996年建 | 板楼,https://image1.ljcdn.com/310000-inspection/pc1_O9yb2xPIR_1.jpg.296x216.jpg
20200208,闵行,梅陇,笋盘力推楼层好位置佳双南全明两房！业主诚售！必看好房,319万,2室1厅 | 70.56平米 | 南 | 简装 | 低楼层(共6层) | 1995年建 | 板楼,https://image1.ljcdn.com/310000-inspection/pc1_u3ezGBTRq_1.jpg.296x216.jpg
20200208,闵行,梅陇,盛源花园 边套三房 花园位置 楼间距宽 急卖 价格可谈必看好房,445万,3室1厅 | 92.69平米 | 南 | 精装 | 低楼层(共6层) | 1996年建 | 板楼,https://image1.ljcdn.com/310000-inspection/pc1_vYrGajIns_1.jpg.296x216.jpg
20200208,闵行,梅陇,西班牙名园大复式 满五唯一 税费少 业主诚意出售必看好房,929万,4室3厅 | 181.36平米 | 南 | 简装 | 高楼层(共5层) | 2001年建 | 板楼,https://image1.ljcdn.com/310000-inspection/pc1_F1qDtPFh0_1.jpg.296x216.jpg
20200208,闵行,梅陇,必看好房！满五唯一，税少，低楼层，看房方便必看好房,338万,3室2厅 | 85.82平米 | 南 | 精装 | 低楼层(共6层) | 1996年建 | 板楼,https://image1.ljcdn.com/310000-inspection/pc1_wVwALotYE_1.jpg.296x216.jpg
20200208,闵行,梅陇,2700卍改造、明星小区、 地铁口、产权清晰、有钥匙必看好房,285万,2室2厅 | 72.09平米 | 东 | 精装 | 高楼层(共6层) | 1996年建 | 板楼,https://image1.ljcdn.com/310000-inspection/pc1_irmDwUMwo_1.jpg.296x216.jpg
20200208,闵行,梅陇,位置安静+自带花园+采光充足+满五唯一必看好房,312万,2室1厅 | 76.48平米 | 南 北 | 简装 | 低楼层(共6层) | 1994年建 | 板楼,https://image1.ljcdn.com/310000-inspection/pc1_7uEoOV6n3_1.jpg.296x216.jpg
20200208,闵行,梅陇,居家装修 一楼带天井 通透强  看房方便 业主急售必看好房,193万,2室1厅 | 49.61平米 | 南 | 简装 | 低楼层(共6层) | 1994年建 | 板楼,https://image1.ljcdn.com/310000-inspection/prod-0946194a-3ff0-425f-9891-82441e8c9141.jpg.296x216.jpg
20200208,闵行,梅陇,梅陇二村+莲花路+满五唯一+采光充足+位置安静必看好房,299万,2室1厅 | 75.36平米 | 南 | 毛坯 | 高楼层(共6层) | 1994年建 | 板楼,https://image1.ljcdn.com/310000-inspection/prod-cad6536c-e2f6-4978-9c05-a43c4561c287.jpg.296x216.jpg
20200208,闵行,梅陇,原始两房 户型未改动 婚房精装修 满五唯一 随时可看必看好房,228万,2室1厅 | 51.62平米 | 南 | 精装 | 高楼层(共6层) | 1996年建 | 板楼,https://image1.ljcdn.com/310000-inspection/prod-71f19be1-6958-4e9a-a4ac-43848e8ad18e.jpg.296x216.jpg
20200208,闵行,梅陇,四楼，精装修，采光通透，业主诚意出售必看好房,209万,1室1厅 | 48.68平米 | 南 | 精装 | 中楼层(共6层) | 1994年建 | 板楼,https://image1.ljcdn.com/310000-inspection/pc1_wvSSK9fJv_1.jpg.296x216.jpg
20200208,闵行,梅陇,店长主推、A＋房源，边套全明两房，南北通、满五唯一必看好房,206万,2室1厅 | 47.77平米 | 南 | 精装 | 中楼层(共6层) | 1987年建 | 板楼,https://image1.ljcdn.com/310000-inspection/pc1_vRiK8QRHh_1.jpg.296x216.jpg
20200208,闵行,梅陇,店主力推双南全明两房，采光好位置佳，业主诚意出售必看好房,290万,2室1厅 | 70.56平米 | 南 | 简装 | 高楼层(共6层) | 1995年建 | 板楼,https://image1.ljcdn.com/310000-inspection/f237b4a5-a7c4-418f-875c-47a3e2be616c_1000.jpg.296x216.jpg
20200208,闵行,梅陇,急卖 总价低 少有户型 看房方便 产权清晰 品质小区必看好房,412万,1室2厅 | 83.29平米 | 西 | 精装 | 中楼层(共14层) | 2003年建 | 板楼,https://image1.ljcdn.com/310000-inspection/pc1_VI2ORh25c_1.jpg.296x216.jpg
20200208,闵行,梅陇,必卖好房 精装 地铁一房 楼层好  诚意出售 看房方便必看好房,314万,1室1厅 | 49.6平米 | 南 | 精装 | 高楼层(共6层) | 2003年建 | 板楼,https://image1.ljcdn.com/310000-inspection/pc1_EJ1HCoTnj_1.jpg.296x216.jpg
20200208,闵行,梅陇,超低总价小两房 安静位置 采光好 地铁650米必看好房,235万,2室1厅 | 54.01平米 | 南 | 简装 | 高楼层(共6层) | 1988年建 | 板楼,https://image1.ljcdn.com/310000-inspection/test-997d834b-e674-4fb5-a949-e81eb546e1f3.png.296x216.jpg
20200208,闵行,梅陇,满五唯一税费少，位置安静，中间楼层，精装修,600万,2室1厅 | 96.8平米 | 南 | 其他 | 中楼层(共8层) | 2005年建 | 板楼,https://image1.ljcdn.com/310000-inspection/6e32d42a-9cf4-46cb-a63e-e933288da78b.jpg.296x216.jpg
20200208,闵行,梅陇,小区中间位置+全明户型+楼层好+采光无遮挡,480万,3室1厅 | 99.72平米 | 南 | 简装 | 中楼层(共6层) | 1999年建 | 板楼,https://image1.ljcdn.com/310000-inspection/pc1_ScnvNWBvg_1.jpg.296x216.jpg
20200208,闵行,梅陇,地铁三房 楼层好 位置佳 诚意出售 看房方便 满五唯一,685万,3室2厅 | 125.82平米 | 南 | 精装 | 低楼层(共6层) | 2002年建 | 板楼,https://image1.ljcdn.com/310000-inspection/prod-cca490cb-2a4d-4ce6-9c56-da672fb0850a.jpg.296x216.jpg
20200208,闵行,梅陇,13年次新小区 双南全明2房 一手动迁 位置好楼层好,440万,2室2厅 | 74.92平米 | 南 | 简装 | 中楼层(共26层) | 2013年建 | 板楼,https://image1.ljcdn.com/310000-inspection/prod-5d60cef6-c491-4fce-9047-9450e55d0f72.jpg.296x216.jpg
20200208,闵行,梅陇,外环内、有钥匙、急售、中间位置、产权清晰、满五唯一房主自荐,292万,2室1厅 | 68.09平米 | 南 北 | 精装 | 中楼层(共5层) | 1996年建 | 板楼,https://image1.ljcdn.com/310000-inspection/pc1_CxNjNyh2J_1.jpg.296x216.jpg
20200208,闵行,梅陇,该房源  面积大  居住舒适  生活配套齐全,790万,4室2厅 | 176.97平米 | 南 | 简装 | 低楼层(共11层) | 2000年建 | 板楼,https://image1.ljcdn.com/310000-inspection/prod-4d65b81c-8608-45ef-b270-230c4fe2e80e.jpg.296x216.jpg
20200208,闵行,梅陇,西班牙高层三房景观户型， 采光好视野开阔 ，免个税,838万,3室2厅 | 124.71平米 | 南 | 精装 | 中楼层(共11层) | 2001年建 | 板楼,https://image1.ljcdn.com/310000-inspection/prod-a1e5024a-7119-4660-8b0b-7e43b9c78305.jpg.296x216.jpg
20200208,闵行,梅陇,电梯复式带露台，四房朝南，厅南北通，看房方便诚意售,1038万,4室2厅 | 128.49平米 | 南 | 精装 | 高楼层(共13层) | 2010年建 | 板楼,https://image1.ljcdn.com/310000-inspection/pc1_HEdB1pgov_1.jpg.296x216.jpg
20200208,闵行,梅陇,南北通格局 满五唯一税费少  精装修 交通便利,705万,2室2厅 | 111平米 | 南 | 精装 | 中楼层(共15层) | 2001年建 | 板楼,https://image1.ljcdn.com/310000-inspection/pc1_lt5kzMHGz_1.jpg.296x216.jpg
20200208,闵行,梅陇,嘉和花苑大三房，位置安静，电梯中层诚售，位置安静,800万,3室2厅 | 130.38平米 | 南 | 精装 | 中楼层(共7层) | 2000年建 | 板楼,https://image1.ljcdn.com/310000-inspection/prod-aa1d3460-e23f-4750-9f62-09ce5230c304.jpg.296x216.jpg
20200208,闵行,梅陇,03年小区 中间位置 多层中区 南北通3房+地铁1号线旁,680万,3室2厅 | 120.65平米 | 南 | 简装 | 中楼层(共6层) | 2003年建 | 板楼,https://image1.ljcdn.com/310000-inspection/test-ddd22d7d-35fc-431d-8bac-e3d3414440e1.png.296x216.jpg
20200208,闵行,梅陇,全新装修、地铁700米、景观三楼、3+1户型、看房有钥匙房主自荐,358万,3室1厅 | 84.12平米 | 西南 | 精装 | 中楼层(共6层) | 1995年建 | 板楼,https://image1.ljcdn.com/310000-inspection/pc1_3yMy7zPyl_1.jpg.296x216.jpg
20200208,闵行,梅陇,两房朝南，客厅朝南带阳台，全明户型，看房方便！,510万,2室2厅 | 97.59平米 | 南 | 简装 | 低楼层(共11层) | 2003年建 | 板楼,https://image1.ljcdn.com/310000-inspection/pc1_0hGCEozk8_1.jpg.296x216.jpg
20200208,闵行,梅陇,紫藤一村，双南两房，一梯两户，近地铁房主自荐,335万,2室1厅 | 72.2平米 | 南 | 简装 | 中楼层(共6层) | 1993年建 | 板楼,https://image1.ljcdn.com/310000-inspection/pc1_rCpGRZKeO_1.jpg.296x216.jpg
20200208,闵行,梅陇,1号线莲花路站电梯大二房南北通，房型正气总价低诚售,715万,2室2厅 | 109.22平米 | 南 | 简装 | 低楼层(共17层) | 2004年建 | 板楼,https://image1.ljcdn.com/310000-inspection/pc1_TxZO9I4qK_1.jpg.296x216.jpg
20200208,闵行,梅陇,世纪苑   大四房   面积大   居住舒适    带花园房主自荐,960万,4室2厅 | 157.38平米 | 南 北 | 简装 | 低楼层(共12层) | 2002年建 | 板楼,https://image1.ljcdn.com/310000-inspection/pc1_d7W6TOpYp_1.jpg.296x216.jpg
20200208,闵行,梅陇,位置安静，中间楼层，交通方便，配套齐全,379万,2室1厅 | 99.8平米 | 东南 | 精装 | 高楼层(共26层) | 1996年建 | 塔楼,https://image1.ljcdn.com/310000-inspection/prod-5f3818ec-543a-4a13-bef0-50e4e7a60c67.jpg.296x216.jpg
20200208,闵行,梅陇,罗阳七村  户型正气一房 诚意出售 有钥匙随时看,188万,1室1厅 | 41.71平米 | 南 | 毛坯 | 高楼层(共6层) | 1994年建 | 板楼,https://image1.ljcdn.com/310000-inspection/pc1_QAqXXH0ni_1.jpg.296x216.jpg
20200208,闵行,梅陇,此房一手动迁，楼层户型好，采光好，楼栋位置安静。,430万,2室1厅 | 73.82平米 | 南 | 简装 | 高楼层(共26层) | 2013年建 | 板楼,https://image1.ljcdn.com/310000-inspection/pc1_SBozrSZ0e_1.jpg.296x216.jpg
20200208,闵行,梅陇,位置好+好楼层+房东诚心出售！,645万,2室2厅 | 106平米 | 南 北 | 简装 | 中楼层(共24层) | 2005年建 | 板楼,https://image1.ljcdn.com/310000-inspection/pc1_YlC82kCOF_1.jpg.296x216.jpg
20200208,闵行,梅陇,中间楼层！东边套全明户型，采光通风性好，看房方便房主自荐,278万,2室1厅 | 67.61平米 | 南 | 简装 | 中楼层(共6层) | 1995年建 | 板楼,https://image1.ljcdn.com/310000-inspection/prod-e28985ec-d377-4352-bdaf-bebcdb92f088.jpg.296x216.jpg
20200208,闵行,梅陇,富丽堂皇，精装尊贵！方正大三房，满五唯一，景观位置房主自荐,880万,3室2厅 | 146.25平米 | 南 | 精装 | 低楼层(共10层) | 2002年建 | 板楼,https://image1.ljcdn.com/310000-inspection/pc1_82ifb01m3_1.jpg.296x216.jpg
20200208,闵行,梅陇,罗秀苑大两房+户型方正+全明采光充足+诚心出售房主自荐,395万,2室2厅 | 82.41平米 | 南 | 精装 | 高楼层(共6层) | 1998年建 | 板楼,https://image1.ljcdn.com/310000-inspection/prod-d4ed63af-0f3f-41ef-aee7-7f7904dcd582.jpg.296x216.jpg
20200208,闵行,梅陇,精装全配，业主诚意出售，看房提前一天预约,432万,2室2厅 | 87.97平米 | 南 | 简装 | 中楼层(共7层) | 1998年建 | 板楼,https://image1.ljcdn.com/310000-inspection/ea62fe26-e91c-46b1-93f9-d09ec80b8be7_1000.jpg.296x216.jpg
20200208,闵行,梅陇,店长推荐 精装两房 近地铁 出行方便 价可谈 随时可签,269万,2室1厅 | 54.28平米 | 南 | 精装 | 中楼层(共6层) | 1994年建 | 板楼,https://image1.ljcdn.com/310000-inspection/prod-7c50359c-23fa-48ea-912e-a63ad1e8db66.jpg.296x216.jpg
20200208,闵行,梅陇,盛源花园 3室2厅 788万,788万,3室2厅 | 132.96平米 | 南 | 其他 | 低楼层(共11层) | 2002年建 | 板楼,https://image1.ljcdn.com/310000-inspection/pc1_Eo4YQLKVT_1.jpg.296x216.jpg
20200208,闵行,梅陇,品质小区  位置好 采光好 出行方便 随时可看 随时可签房主自荐,308万,2室2厅 | 81.48平米 | 南 | 简装 | 高楼层(共6层) | 1994年建 | 板楼,https://image1.ljcdn.com/310000-inspection/pc1_ksesW38C1_1.jpg.296x216.jpg
20200208,闵行,梅陇,笋盘主推稀有低层大两房！户型方正+大天井+中区房主自荐,379万,2室1厅 | 84.29平米 | 南 北 | 简装 | 低楼层(共6层) | 1998年建 | 板楼,https://image1.ljcdn.com/310000-inspection/pc1_N5a62l1ip_1.jpg.296x216.jpg
20200208,闵行,梅陇,30平花园！南北直通户型，2000年竣工商品房,445万,2室2厅 | 102.67平米 | 南 | 精装 | 低楼层(共8层) | 1999年建 | 板楼,https://image1.ljcdn.com/310000-inspection/pc1_MdAwqKK5E_1.jpg.296x216.jpg
20200208,闵行,梅陇,自住精装两房可拎包入住，带产权车位价格另算，诚售！,645万,2室2厅 | 93.85平米 | 南 | 精装 | 低楼层(共11层) | 2010年建 | 板楼,https://image1.ljcdn.com/310000-inspection/pc1_pqXIChEwr_1.jpg.296x216.jpg
20200208,闵行,梅陇,婚房精装修+双南户型大客厅+通风采光俱佳+诚意出售房主自荐,385万,2室2厅 | 86.24平米 | 南 | 精装 | 高楼层(共6层) | 1996年建 | 板楼,https://image1.ljcdn.com/310000-inspection/pc1_DFniNc1Id_1.jpg.296x216.jpg
20200208,闵行,梅陇,店长推荐 小区靶眼位置 全天采光 接受置换 价格可谈房主自荐,386万,3室1厅 | 79.59平米 | 南 | 简装 | 高楼层(共6层) | 1996年建 | 板楼,https://image1.ljcdn.com/310000-inspection/pc1_8JCHpHVws_1.jpg.296x216.jpg
20200208,闵行,梅陇,满五唯一，南北通透，诚心置换出售！,546万,2室2厅 | 94.78平米 | 南 北 | 精装 | 低楼层(共14层) | 2005年建 | 板楼,https://image1.ljcdn.com/310000-inspection/pc1_hMuCyojZR_1.jpg.296x216.jpg
20200208,闵行,梅陇,南北两房，全天候采光，叫醒您的是清晨一缕阳光,325万,2室1厅 | 71.14平米 | 南 | 精装 | 高楼层(共6层) | 1994年建 | 板楼,https://image1.ljcdn.com/310000-inspection/pc1_OjEXFtMIA_1.jpg.296x216.jpg
20200208,闵行,梅陇,近地铁双南大两房，单价低，生活配套齐全,324万,2室1厅 | 72平米 | 南 | 简装 | 高楼层(共6层) | 1993年建 | 板楼,https://image1.ljcdn.com/310000-inspection/pc1_GaBDeF0C7_1.jpg.296x216.jpg
20200208,闵行,梅陇,店长推荐+靠花园+前后无遮挡+重新装修+价格可谈,348万,2室1厅 | 69.4平米 | 南 | 精装 | 中楼层(共7层) | 1996年建 | 板楼,https://image1.ljcdn.com/310000-inspection/pc1_rrud0lLx5_1.jpg.296x216.jpg
20200208,闵行,梅陇,繁花似锦，阳光奔涌！电梯大两房，满五唯一，出门地铁,660万,2室2厅 | 110.45平米 | 南 | 精装 | 低楼层(共11层) | 2002年建 | 板楼,https://image1.ljcdn.com/310000-inspection/pc1_txBEP2bmu_1.jpg.296x216.jpg
20200208,闵行,梅陇,总价低的三房，户型方正，采光、通风好,338万,3室1厅 | 77.4平米 | 南 | 简装 | 高楼层(共6层) | 1994年建 | 板楼,https://image1.ljcdn.com/310000-inspection/prod-2b533622-9c05-4ee8-85fd-44b59f1cc331.jpg.296x216.jpg
20200208,闵行,梅陇,电梯房，满五唯一，高楼层，视野开阔，装修好,410万,2室1厅 | 98.09平米 | 东南 | 精装 | 高楼层(共26层) | 1996年建 | 塔楼,https://image1.ljcdn.com/310000-inspection/test-9c5d0cae-b6b6-4298-af3f-df8014342f98.png.296x216.jpg
20200208,闵行,梅陇,笋盘笋盘，满五年唯一，位置安静，采光充足，房东诚售,650万,3室2厅 | 126.01平米 | 南 北 | 精装 | 中楼层(共9层) | 2000年建 | 板楼,https://image1.ljcdn.com/310000-inspection/prod-f77fea20-343d-44f0-88fc-8c2afe29045b.jpg.296x216.jpg
20200208,闵行,梅陇,品质小区 近地铁 户型方正 通透好 位置安静 满五唯一房主自荐,858万,3室2厅 | 136.29平米 | 南 | 精装 | 低楼层(共12层) | 2002年建 | 板楼,https://image1.ljcdn.com/310000-inspection/prod-5b3a4398-7508-42ad-88e9-15c8bb7cdc76.jpg.296x216.jpg
20200208,闵行,梅陇,四村经典 全明两房  诚意出售 视野好 格局好,235万,2室1厅 | 51.61平米 | 南 | 简装 | 低楼层(共6层) | 1996年建 | 板楼,https://image1.ljcdn.com/310000-inspection/prod-1f1dcbaf-8b12-4324-82de-d381bfe9fb96.jpg.296x216.jpg
20200208,闵行,梅陇,外销品质 电梯房大户型 急卖满五唯一 税少房主自荐,405万,2室2厅 | 98.09平米 | 西南 | 精装 | 高楼层(共26层) | 1996年建 | 塔楼,https://image1.ljcdn.com/310000-inspection/prod-649d7e71-db97-417a-95b4-e9096a5ababf.jpg.296x216.jpg
20200208,闵行,梅陇,一梯两户、双南两房、产权清晰、业主诚意、价格可议房主自荐,276万,2室1厅 | 71.86平米 | 南 | 简装 | 高楼层(共5层) | 1996年建 | 板楼,https://image1.ljcdn.com/310000-inspection/prod-3eeb4a9e-b1dc-4bf0-931f-4f370f62ab42.jpg.296x216.jpg
20200208,闵行,梅陇,此房满五唯一，精装用料考究，可直接拎包入住,412万,2室1厅 | 98.09平米 | 东南 | 精装 | 低楼层(共26层) | 1996年建 | 塔楼,https://image1.ljcdn.com/310000-inspection/pc1_K2LytGyc0_1.jpg.296x216.jpg
20200208,闵行,梅陇,中间楼层好位置，近莲花路地铁嘉和电梯三房，商圈完善,767万,3室2厅 | 130.16平米 | 南 | 精装 | 中楼层(共7层) | 2000年建 | 板楼,https://image1.ljcdn.com/310000-inspection/pc1_tgMjTvlKm_1.jpg.296x216.jpg
20200208,闵行,梅陇,855弄三期+电梯高区+南北通风+婚房装修+满五省税,640万,2室2厅 | 106.28平米 | 南 | 精装 | 中楼层(共24层) | 2005年建 | 板楼,https://image1.ljcdn.com/310000-inspection/prod-a87641f9-7ce2-485f-b594-4aa7f38652c7.jpg.296x216.jpg
20200208,闵行,梅陇,业主诚意出售+固定车位+精装修+总价低。房主自荐,192万,1室1厅 | 42.85平米 | 南 | 精装 | 高楼层(共6层) | 1994年建 | 板楼,https://image1.ljcdn.com/310000-inspection/prod-b89fbd77-9ba6-4c64-ba17-7f985f7c7f3c.jpg.296x216.jpg
20200208,闵行,梅陇,小区安静位置一房  采光充足  业主诚意出售房主自荐,206万,1室1厅 | 45.85平米 | 南 | 精装 | 高楼层(共6层) | 1987年建 | 板楼,https://image1.ljcdn.com/310000-inspection/prod-68a2962c-a616-4b5a-8800-5e289f76f6cc.jpg.296x216.jpg
20200208,闵行,梅陇,南北小两房  楼层好 交通便利 位置安静,252万,2室1厅 | 55.78平米 | 南 | 简装 | 中楼层(共6层) | 1988年建 | 板楼,https://image1.ljcdn.com/310000-inspection/pc1_1SHE8k396_1.jpg.296x216.jpg
20200208,闵行,梅陇,小区安静位置一居，南北直通精装修，业主诚售房主自荐,546万,1室2厅 | 87.06平米 | 南 | 精装 | 低楼层(共13层) | 2010年建 | 板楼,https://image1.ljcdn.com/310000-inspection/prod-4aae29cb-2246-4123-b9a5-6270957a65f9.jpg.296x216.jpg
20200208,闵行,梅陇,双南大两房，两厅两卫，空间敞大方正，精致户型,399万,2室2厅 | 101.43平米 | 南 | 简装 | 高楼层(共6层) | 1998年建 | 板楼,https://image1.ljcdn.com/310000-inspection/test-90746860-62a8-4e04-b8ad-5cbe1c7736c7.png.296x216.jpg
20200208,闵行,梅陇,2002年房龄商品房，户型方正，精装修，仅此一套,478万,2室2厅 | 109.44平米 | 南 北 | 精装 | 低楼层(共6层) | 2002年建 | 板楼,https://image1.ljcdn.com/310000-inspection/prod-dbe4bc0e-9cf2-46ed-80a0-9782c573f27a.jpg.296x216.jpg
20200208,闵行,梅陇,品质小区进地铁，满五年，中高区，全天采光无遮挡,930万,3室2厅 | 167.85平米 | 东 西 | 精装 | 高楼层(共12层) | 2000年建 | 板楼,https://image1.ljcdn.com/310000-inspection/prod-63641d90-f571-4c17-a833-ab7e207f4536.jpg.296x216.jpg
20200208,闵行,梅陇,2010年电梯次新房客厅通透高层采光好 万科物业 有车位房主自荐,660万,2室2厅 | 93.97平米 | 南 | 精装 | 中楼层(共11层) | 2010年建 | 板楼,https://image1.ljcdn.com/310000-inspection/prod-c2e0404b-40bd-4888-bb1b-429d0ba86009.jpg.296x216.jpg
20200208,闵行,梅陇,东边套全明一室一厅，户型正气，居住舒适！,202万,1室1厅 | 47.87平米 | 南 | 简装 | 高楼层(共6层) | 1994年建 | 板楼,https://image1.ljcdn.com/310000-inspection/pc1_h5MFla1e7_1.jpg.296x216.jpg
20200208,闵行,梅陇,两房朝南边套全明大两房+精装修+位置安静+交通便利,295万,2室1厅 | 58.65平米 | 南 | 精装 | 高楼层(共6层) | 1992年建 | 板楼,https://image1.ljcdn.com/310000-inspection/pc1_lmVk2ZHSP_1.jpg.296x216.jpg
20200208,闵行,梅陇,此房满五年，小区花园位置，产权清晰房主自荐,588万,2室2厅 | 94.8平米 | 南 | 精装 | 中楼层(共14层) | 2005年建 | 板楼,https://image1.ljcdn.com/310000-inspection/test-5b972c10-bc84-43ca-9229-e0f63a4a9bdf.png.296x216.jpg
20200208,闵行,梅陇,满五省税费+双南两房+得房率高+小区中间位置房主自荐,332万,2室1厅 | 75.83平米 | 南 | 简装 | 高楼层(共6层) | 1998年建 | 板楼,https://image1.ljcdn.com/310000-inspection/prod-fd2de5e4-38da-4a31-a974-e23c177b6039.jpg.296x216.jpg
20200208,闵行,梅陇,店长推荐 双南两房 采光好 业主自住 看房方便 价可谈房主自荐,295万,2室2厅 | 75.95平米 | 南 | 简装 | 高楼层(共6层) | 1994年建 | 板楼,https://image1.ljcdn.com/310000-inspection/prod-ef85865b-0d80-4a13-bc51-a1feee03636a.jpg.296x216.jpg
20200208,闵行,梅陇,中环旁+位置安静+采光充足+满五年+诚意出售房主自荐,336万,2室1厅 | 76.14平米 | 南 | 精装 | 高楼层(共6层) | 1994年建 | 板楼,https://image1.ljcdn.com/310000-inspection/pc1_y7UNBFhav_1.jpg.296x216.jpg
20200208,闵行,梅陇,少有精装大一房+11年电梯次新房+房东诚售，价格可谈,449万,1室2厅 | 66.33平米 | 南 | 精装 | 中楼层(共11层) | 2010年建 | 板楼,https://image1.ljcdn.com/310000-inspection/pc1_dx5dxZ3lg_1.jpg.296x216.jpg
20200208,闵行,梅陇,此房满五唯一税费少，位置好，楼层佳 视野开阔，,679万,2室2厅 | 113.8平米 | 南 | 简装 | 中楼层(共11层) | 2001年建 | 板楼,https://image1.ljcdn.com/310000-inspection/pc1_kFQ8xSUC5_1.jpg.296x216.jpg
20200208,闵行,梅陇,带花园/近地铁/不靠路/全明南北通/业主诚意出售,599万,2室2厅 | 100.91平米 | 南 北 | 精装 | 低楼层(共17层) | 2004年建 | 板楼,https://image1.ljcdn.com/310000-inspection/pc1_sizJDwynO_1.jpg.296x216.jpg
20200208,闵行,梅陇,位置安静+南北户型+一号线莲花路+南方商城,665万,2室2厅 | 118.96平米 | 南 北 | 简装 | 低楼层(共14层) | 2004年建 | 板楼,https://image1.ljcdn.com/310000-inspection/pc1_sjLezqpfo_1.jpg.296x216.jpg
20200208,闵行,梅陇,精装修 可拎包入住  采光好 居住舒适 业主诚意出售房主自荐,678万,3室2厅 | 110.69平米 | 南 | 精装 | 高楼层(共10层) | 2002年建 | 板楼,https://image1.ljcdn.com/310000-inspection/pc1_ygVEd27rc_1.jpg.296x216.jpg
20200208,闵行,梅陇,满五唯一，大楼间距，飞机户型，位置安静,俯瞰梅陇,1288万,3室2厅 | 183.35平米 | 南 | 精装 | 中楼层(共18层) | 2000年建 | 板楼,https://image1.ljcdn.com/310000-inspection/pc1_qN9GipGBc_1.jpg.296x216.jpg
20200208,闵行,梅陇,买一层带一层，空中美墅，南北通，采光好，看房方便,704万,3室2厅 | 113.66平米 | 南 | 精装 | 高楼层(共6层) | 2002年建 | 板楼,https://image1.ljcdn.com/310000-inspection/pc1_NysyoYjl1_1.jpg.296x216.jpg
20200208,闵行,梅陇,满五唯一+一号线+锦江乐园+产权通透,325万,2室1厅 | 74.29平米 | 南 | 简装 | 低楼层(共6层) | 1994年建 | 板楼,https://image1.ljcdn.com/310000-inspection/prod-93091792-6e93-4350-8e56-26efaed15591.jpg.296x216.jpg
20200208,闵行,梅陇,边套明厅，近地铁位置安静，看房方便，急售价格可谈房主自荐,259万,2室1厅 | 51.84平米 | 南 | 精装 | 高楼层(共6层) | 1994年建 | 板楼,https://image1.ljcdn.com/310000-inspection/prod-5f996b2d-68ab-4bfa-96d1-700eab27af22.jpg.296x216.jpg
20200208,闵行,梅陇,满五年+次新小区+商品房+采光充足+诚意出售房主自荐,255万,1室1厅 | 51.89平米 | 南 | 精装 | 高楼层(共6层) | 2004年建 | 板楼,https://image1.ljcdn.com/310000-inspection/prod-05d5dd33-3d55-41f7-bee0-0315ae571224.jpg.296x216.jpg
20200208,闵行,梅陇,急售急售  满五唯一  价格诚意  随时可签,207万,1室1厅 | 44.25平米 | 南 | 毛坯 | 低楼层(共6层) | 1996年建 | 板楼,https://image1.ljcdn.com/310000-inspection/pc1_XEKlTJLoS_1.jpg.296x216.jpg
20200208,闵行,梅陇,房龄2000年、稀有南北通风、产权清晰、 大一房,203万,1室1厅 | 57.16平米 | 南 | 毛坯 | 高楼层(共6层) | 2000年建 | 板楼,https://image1.ljcdn.com/310000-inspection/pc1_WiO8A3ijB_1.jpg.296x216.jpg
20200208,闵行,梅陇,罗阳三村 双南户型 楼层金 外环内 坐拥城市繁华 C位,349万,2室1厅 | 74.54平米 | 南 北 | 简装 | 低楼层(共6层) | 1996年建 | 板楼,https://image1.ljcdn.com/310000-inspection/pc1_qkE8oRi9O_1.jpg.296x216.jpg
20200208,闵行,梅陇,五村正气大一房 满五年唯一 楼层中区 看房随时方便,285万,1室1厅 | 59.71平米 | 南 | 简装 | 中楼层(共6层) | 1997年建 | 板楼,https://image1.ljcdn.com/310000-inspection/pc1_t9MVFiZaY_1.jpg.296x216.jpg
20200208,闵行,梅陇,此房满五年，普通住宅，自如装修，诚意出售,316万,2室1厅 | 67.77平米 | 南 | 精装 | 中楼层(共6层) | 1997年建 | 板楼,https://image1.ljcdn.com/310000-inspection/pc1_hlW2We48L_1.jpg.296x216.jpg
20200208,闵行,梅陇,双南户型，满五唯一，无-税费的诚售好房,310万,2室1厅 | 74.54平米 | 南 | 简装 | 高楼层(共6层) | 1996年建 | 板楼,https://image1.ljcdn.com/310000-inspection/pc1_LEBBxq9jP_1.jpg.296x216.jpg
20200208,闵行,梅陇,2000年商品房，一梯两户大两房，南北动静分离房主自荐,440万,2室2厅 | 101.9平米 | 南 | 精装 | 低楼层(共6层) | 2000年建 | 板楼,https://image1.ljcdn.com/310000-inspection/pc1_2gVhZgtQl_1.jpg.296x216.jpg
20200208,闵行,梅陇,嘉和花苑大三房，位置安静，电梯房诚售，位置安静,780万,3室2厅 | 143.75平米 | 南 北 | 精装 | 低楼层(共7层) | 2000年建 | 板楼,https://image1.ljcdn.com/310000-inspection/prod-5b7786df-82be-45c8-b060-c7de6ff95b45.jpg.296x216.jpg
20200208,闵行,梅陇,满五唯一，婚房装修带品牌家具，位置安静，楼层好！房主自荐,338万,3室1厅 | 77.4平米 | 南 | 精装 | 低楼层(共6层) | 1994年建 | 板楼,https://image1.ljcdn.com/310000-inspection/prod-b27891df-f99e-49fd-a291-57fd05d62e52.jpg.296x216.jpg
20200208,闵行,梅陇,罗阳二村  南北两房 一梯两户 拎包入住 小区中间 可谈房主自荐,273万,2室1厅 | 64.92平米 | 南 | 精装 | 高楼层(共6层) | 1996年建 | 板楼,https://image1.ljcdn.com/310000-inspection/prod-f5ebe60a-19c2-47f0-b4c3-b3cb7337898c.jpg.296x216.jpg
20200208,闵行,梅陇,小区湖景位置，电梯高区，地铁300米，看房随时,710万,2室2厅 | 118.81平米 | 南 | 简装 | 高楼层(共14层) | 2003年建 | 板楼,https://image1.ljcdn.com/310000-inspection/pc1_PK3ItXH1w_1.jpg.296x216.jpg
20200208,闵行,梅陇,满五唯一，精装修，诚意出售，近地铁,375万,2室2厅 | 91.21平米 | 南 | 精装 | 高楼层(共6层) | 1998年建 | 板楼,https://image1.ljcdn.com/310000-inspection/pc1_qiTpXUblM_1.jpg.296x216.jpg
20200208,闵行,梅陇,精装修两房，3楼，地铁公交便利,268万,2室1厅 | 53.21平米 | 南 | 精装 | 中楼层(共6层) | 1994年建 | 板楼,https://image1.ljcdn.com/310000-inspection/pc1_2VkwQBLsi_1.jpg.296x216.jpg
20200208,闵行,梅陇,急售双南两房，免增值税，近地铁，无遮挡采光好,240万,2室1厅 | 57.24平米 | 南 | 简装 | 高楼层(共6层) | 1988年建 | 板楼,https://image1.ljcdn.com/310000-inspection/pc1_ls0CGEtXH_1.jpg.296x216.jpg
20200208,闵行,梅陇,垫高5个台阶，42.5m²大花园，光照充足，地下是车库！房主自荐,715万,3室2厅 | 125.42平米 | 南 | 简装 | 低楼层(共9层) | 2002年建 | 板楼,https://image1.ljcdn.com/310000-inspection/pc1_mqYNNUDzD_1.jpg.296x216.jpg
20200208,闵行,梅陇,双南两房 中间楼层  有钥匙随时看 一梯两户 位置安静房主自荐,335万,2室1厅 | 71.22平米 | 南 | 简装 | 中楼层(共6层) | 1995年建 | 板楼,https://image1.ljcdn.com/310000-inspection/prod-d218ed46-a2c7-4159-b31a-3ed87a3feac0.jpg.296x216.jpg
20200208,闵行,梅陇,电梯高区、南北通三房、安静位置、02年房龄、诚意售！,708万,3室2厅 | 135平米 | 南 | 精装 | 中楼层(共11层) | 2002年建 | 板楼,https://image1.ljcdn.com/310000-inspection/prod-3624922b-9712-4f0a-a997-c24737bae99c.jpg.296x216.jpg
20200208,闵行,梅陇,婚房装修，价格可谈，中间楼层，位置安静！拎包可入住房主自荐,169万,1室1厅 | 35.23平米 | 南 | 精装 | 中楼层(共6层) | 1988年建 | 板楼,https://image1.ljcdn.com/310000-inspection/pc1_vF0c6c3Gr_1.jpg.296x216.jpg
20200208,闵行,梅陇,南北户型，中间楼层，满五唯一，交通便利，诚意出售。房主自荐,345万,2室2厅 | 71.4平米 | 南 | 简装 | 中楼层(共6层) | 1994年建 | 板楼,https://image1.ljcdn.com/310000-inspection/prod-79315a12-b975-4eb8-b83a-6874e6a75068.jpg.296x216.jpg
20200208,闵行,梅陇,双南正气两房、楼层位置佳、得房率高、动迁少税！,425万,2室2厅 | 84.53平米 | 南 | 简装 | 中楼层(共6层) | 1998年建 | 板楼,https://image1.ljcdn.com/310000-inspection/prod-5a691691-fb69-4421-b930-22836ce6a9f8.jpg.296x216.jpg
20200208,闵行,梅陇,地铁口、小区中间位置，非顶层，稀有三房，价格可议,405万,3室1厅 | 86.25平米 | 南 | 简装 | 高楼层(共6层) | 1996年建 | 板楼,https://image1.ljcdn.com/310000-inspection/test-7e087aa3-efd2-4ef3-a9bc-71aa5532586c.png.296x216.jpg
20200208,闵行,梅陇,梅陇一村 双南两房  采光好 得房率高，锦江乐园站地铁房主自荐,234万,2室1厅 | 54.38平米 | 南 | 简装 | 高楼层(共6层) | 1988年建 | 板楼,https://image1.ljcdn.com/310000-inspection/test-c386b143-4ee4-4c49-93c4-5733e0548d84.png.296x216.jpg
20200208,闵行,梅陇,原始双南户型，客厅改卧室，房东诚售，楼层佳位置好,360万,3室1厅 | 80.2平米 | 南 | 简装 | 中楼层(共6层) | 1996年建 | 板楼,https://image1.ljcdn.com/310000-inspection/prod-84c72887-f84e-4e47-9e51-77bc20874746.jpg.296x216.jpg
20200208,闵行,梅陇,全明大两房，总价低，采光充足，有钥匙，价格可谈房主自荐,297万,2室1厅 | 73.62平米 | 南 | 简装 | 高楼层(共6层) | 1996年建 | 板楼,https://image1.ljcdn.com/310000-inspection/prod-e790f674-c7a6-4659-b034-5214f993be4a.jpg.296x216.jpg
20200208,闵行,梅陇,精致小三房 满五年 采光充足 位置安静 有钥匙随时看,303万,3室1厅 | 61.83平米 | 南 | 简装 | 低楼层(共6层) | 1996年建 | 板楼,https://image1.ljcdn.com/310000-inspection/prod-c6d597c2-b737-4af8-a97e-6fdfb2247427.jpg.296x216.jpg
20200208,闵行,梅陇,2003年房龄+万辉国际旁+客厅大阳台+卧室飘窗,468万,2室2厅 | 94平米 | 南 | 精装 | 中楼层(共11层) | 2003年建 | 板楼,https://image1.ljcdn.com/310000-inspection/prod-7a22f3d7-fb0b-4fb2-9078-e623d29f732d.jpg.296x216.jpg
20200208,闵行,梅陇,近地铁低总价小一房，居家装修，业主诚意卖,165万,1室1厅 | 35.27平米 | 南 | 简装 | 中楼层(共6层) | 1987年建 | 板楼,https://image1.ljcdn.com/310000-inspection/pc1_FgieO453o_1.jpg.296x216.jpg
20200208,闵行,梅陇,今日笋盘+安静位置不靠路+中高楼层+诚意出售+莲花站,900万,3室2厅 | 154.53平米 | 南 北 | 精装 | 中楼层(共11层) | 2001年建 | 板楼,https://image1.ljcdn.com/310000-inspection/pc1_yalAixLxm_1.jpg.296x216.jpg
20200208,闵行,梅陇,精装大三房 楼层好 视野开阔 格局好 看房方便,879万,3室2厅 | 154.03平米 | 南 北 | 精装 | 中楼层(共11层) | 2000年建 | 板楼,https://image1.ljcdn.com/310000-inspection/pc1_1bjVY31ry_1.jpg.296x216.jpg
20200208,闵行,梅陇,楼层好 户型方正 实用三房两卫 采光通风好 配套完善,565万,3室2厅 | 114.94平米 | 南 | 简装 | 低楼层(共6层) | 2001年建 | 板楼,https://image1.ljcdn.com/310000-inspection/pc1_BwDKnjT74_1.jpg.296x216.jpg
20200208,闵行,梅陇,此房满五唯一 小区中 心位置  视野好 看房方便,838万,3室2厅 | 146.98平米 | 南 | 精装 | 中楼层(共11层) | 2001年建 | 板楼,https://image1.ljcdn.com/310000-inspection/pc1_lKgaV2wQ9_1.jpg.296x216.jpg
20200208,闵行,梅陇,南北通西边套，普通住宅，业主自住，两年婚房装修,345万,2室1厅 | 71.14平米 | 南 | 精装 | 高楼层(共6层) | 1994年建 | 板楼,https://image1.ljcdn.com/310000-inspection/pc1_IZhAOS7JU_1.jpg.296x216.jpg
20200208,闵行,梅陇,上海阳城  精装  南北小两房  业主诚心出售 到价签字,388万,2室1厅 | 63.01平米 | 南 | 精装 | 中楼层(共6层) | 2003年建 | 板楼,https://image1.ljcdn.com/310000-inspection/prod-bf6ea436-eb2c-471c-9a37-e94817c719c7.jpg.296x216.jpg
20200208,闵行,梅陇,急售朝南大一房，中间楼层，房东诚售，价格可谈,223万,1室1厅 | 53.05平米 | 南 | 简装 | 中楼层(共6层) | 1995年建 | 板楼,https://image1.ljcdn.com/310000-inspection/pc1_hzbwNfYlc_1.jpg.296x216.jpg
20200208,闵行,梅陇,可一改二，一梯两户，全明户型，视野开阔，业主急售房主自荐,238万,1室1厅 | 57.57平米 | 南 | 简装 | 高楼层(共6层) | 1997年建 | 板楼,https://image1.ljcdn.com/310000-inspection/pc1_PuvExkEPo_1.jpg.296x216.jpg
20200208,闵行,梅陇,次新小区  位置适中 闹中取静 出行方便 随时可签房主自荐,198万,2室1厅 | 52.84平米 | 南 | 精装 | 高楼层(共6层) | 1994年建 | 板楼,https://image1.ljcdn.com/310000-inspection/pc1_WHUhhbkpz_1.jpg.296x216.jpg
20200208,闵行,梅陇,居家精装修++位置安静+采光充足+满五唯一,238万,1室1厅 | 56.16平米 | 南 | 精装 | 低楼层(共6层) | 1994年建 | 板楼,https://image1.ljcdn.com/310000-inspection/pc1_g0mFSYng1_1.jpg.296x216.jpg
20200208,闵行,梅陇,七村华宝 南北两房   满五唯一税费少 外环路站诚意售,270万,2室1厅 | 54.93平米 | 南 | 精装 | 高楼层(共6层) | 1994年建 | 板楼,https://image1.ljcdn.com/310000-inspection/pc1_Oy8PMtwZN_1.jpg.296x216.jpg
20200208,闵行,梅陇,品质小区 户型正气 满五唯一税费少  一梯两户得房率高,215万,1室1厅 | 49.15平米 | 南 | 精装 | 高楼层(共6层) | 1996年建 | 板楼,https://image1.ljcdn.com/310000-inspection/pc1_p4CX94KG2_1.jpg.296x216.jpg
20200208,闵行,梅陇,万辉国际旁、鸿福新村《单价3.8万》产权清晰、满五年,235万,2室1厅 | 61.42平米 | 南 | 简装 | 高楼层(共6层) | 1994年建 | 板楼,https://image1.ljcdn.com/310000-inspection/prod-30d86e6a-e51d-4a46-b4e5-3b96773680ad.jpg.296x216.jpg
20200208,闵行,梅陇,南北通风户型，客厅带阳台朝南，全明户型,420万,2室2厅 | 91.21平米 | 南 | 简装 | 高楼层(共6层) | 1998年建 | 板楼,https://image1.ljcdn.com/310000-inspection/prod-523b4b74-31e9-48ca-9306-5650c781c967.jpg.296x216.jpg
20200208,闵行,梅陇,精装修，可拎包入住，位置，安静，小区刚做过美丽家园房主自荐,320万,2室2厅 | 75.95平米 | 南 | 简装 | 中楼层(共6层) | 1994年建 | 板楼,https://image1.ljcdn.com/310000-inspection/prod-80fba6db-f5bf-4691-8d6c-254400d6bc71.jpg.296x216.jpg
20200208,闵行,梅陇,次新小区，满五年不唯一，精致装修，拎包入住，诚意售,695万,3室2厅 | 138.82平米 | 南 北 | 精装 | 低楼层(共12层) | 2001年建 | 板楼,https://image1.ljcdn.com/310000-inspection/prod-ecc9c8ff-eabf-4ef3-a6e6-011151dfb67e.jpg.296x216.jpg
20200208,闵行,梅陇,房型方正小区环境安静，楼层好，双南两房，一梯两户,358万,2室1厅 | 75.36平米 | 南 | 精装 | 中楼层(共6层) | 1994年建 | 板楼,https://image1.ljcdn.com/310000-inspection/prod-25a33af7-f747-4148-96ad-999bfb501328.jpg.296x216.jpg
20200208,闵行,梅陇,五村精装复式 看房子预约下 房东诚意出售 价格可以谈,649万,4室2厅 | 143.61平米 | 南 | 精装 | 高楼层(共6层) | 1999年建 | 板楼,https://image1.ljcdn.com/310000-inspection/pc1_YW2cdHze4_1.jpg.296x216.jpg
20200208,闵行,梅陇,位置好+户型棒+业主诚心出售！,547万,2室2厅 | 97.72平米 | 南 | 简装 | 低楼层(共24层) | 2005年建 | 板楼,https://image1.ljcdn.com/310000-inspection/pc1_QiAu1sFy0_1.jpg.296x216.jpg
20200208,闵行,梅陇,此房满五唯一，随时可看，交通便利，户型方正。,338万,3室1厅 | 81.5平米 | 南 | 简装 | 高楼层(共6层)  | 板楼,https://image1.ljcdn.com/310000-inspection/pc1_bTgIvB7fJ_1.jpg.296x216.jpg
20200208,闵行,梅陇,小一房  户型正气  自带天井,181万,1室1厅 | 40.37平米 | 南 | 毛坯 | 低楼层(共6层) | 1994年建 | 板楼,https://image1.ljcdn.com/310000-inspection/pc1_4ffZAzRLe_1.jpg.296x216.jpg
20200208,闵行,梅陇,梅陇二村+满二唯一+一楼带天井+看房方便+出行便利。,300万,2室1厅 | 63.06平米 | 南 | 简装 | 低楼层(共6层) | 1994年建 | 板楼,https://image1.ljcdn.com/310000-inspection/pc1_K5Ak8EqTs_1.jpg.296x216.jpg
20200208,闵行,梅陇,房子看房方便，提前预约，房东住在上海随时方便,201万,2室1厅 | 50.31平米 | 南 | 毛坯 | 高楼层(共6层) | 1994年建 | 板楼,https://image1.ljcdn.com/310000-inspection/pc1_S6G3vWHH9_1.jpg.296x216.jpg
20200208,闵行,梅陇,朱行四村 3室2厅 345万房主自荐,345万,3室2厅 | 91.18平米 | 南 | 简装 | 高楼层(共6层) | 1994年建 | 板楼,https://image1.ljcdn.com/310000-inspection/prod-873c0333-4dab-45c7-866a-b058316bb878.jpg.296x216.jpg
20200208,闵行,梅陇,满五唯一省税费+户型方正+全明户型+居家装修+小区中间房主自荐,338万,2室1厅 | 75.2平米 | 南 | 简装 | 高楼层(共6层) | 1998年建 | 板楼,https://image1.ljcdn.com/310000-inspection/prod-e60d814d-c1b4-4fd2-bfd2-5f5e252f212e.jpg.296x216.jpg
20200208,闵行,梅陇,此房满五唯一 南北通格局 视野宽阔 采光景观好房主自荐,242万,2室1厅 | 54.13平米 | 南 | 简装 | 高楼层(共6层) | 1990年建 | 板楼,https://image1.ljcdn.com/310000-inspection/prod-d9239517-e254-4a56-883e-04e43e906d8c.jpg.296x216.jpg
20200208,闵行,梅陇,顶楼复式   挑空客厅   大阁楼  业主诚心急售房主自荐,734万,4室2厅 | 119.86平米 | 南 | 精装 | 高楼层(共6层) | 2002年建 | 板楼,https://image1.ljcdn.com/310000-inspection/prod-f0c37408-57f1-4a32-9da2-342d072f59db.jpg.296x216.jpg
20200208,闵行,梅陇,小区周少有小三房，全明边套户型，住着不要太舒服哦,415万,3室1厅 | 82.8平米 | 南 | 毛坯 | 中楼层(共6层) | 1994年建 | 板楼,https://image1.ljcdn.com/310000-inspection/pc1_Le7UFXHPU.jpg.296x216.jpg
20200208,闵行,梅陇,笋盘热推《高区景观大三房》+《白玉兰户型》+诚心出售,815万,3室2厅 | 131.92平米 | 南 | 精装 | 高楼层(共10层) | 2002年建 | 板楼,https://image1.ljcdn.com/310000-inspection/prod-8709201c-e048-4901-92e5-637b0f75ed12.jpg.296x216.jpg
20200208,闵行,梅陇,满五年唯一  保养很好 要求不高可拎包入住,368万,2室2厅 | 98.09平米 | 东南 | 精装 | 低楼层(共26层) | 1996年建 | 塔楼,https://image1.ljcdn.com/310000-inspection/prod-c0e5da10-dc6d-499a-a4b6-85fd2148f072.jpg.296x216.jpg
20200208,闵行,梅陇,满五年唯一，无增值税，业主置换买房，十分诚意房主自荐,332万,2室1厅 | 74.54平米 | 南 | 简装 | 中楼层(共6层) | 1996年建 | 板楼,https://image1.ljcdn.com/310000-inspection/prod-17a5d966-6d89-49ca-a7f4-2e0f75fa670d.jpg.296x216.jpg
20200208,闵行,梅陇,小区中间，户型方正，看房随时，有钥匙，诚意出售,465万,2室2厅 | 92.08平米 | 南 | 简装 | 低楼层(共6层) | 1999年建 | 板楼,https://image1.ljcdn.com/310000-inspection/prod-e438deec-89e8-4572-a0d5-5e3677197678.jpg.296x216.jpg
20200208,闵行,梅陇,居家装修+满五年+小区中间位置+诚意出售,190万,1室1厅 | 43.42平米 | 南 | 简装 | 低楼层(共6层) | 1994年建 | 板楼,https://image1.ljcdn.com/310000-inspection/pc1_qZj2x3Kqz_1.jpg.296x216.jpg
20200208,闵行,梅陇,新上全明大一房，采光nice，花园位置，随时看房。,240万,1室1厅 | 53.19平米 | 南 | 简装 | 高楼层(共6层) | 1996年建 | 板楼,https://image1.ljcdn.com/310000-inspection/pc1_MqPZHtiLu_1.jpg.296x216.jpg
20200208,闵行,梅陇,：采光好，南北通，通风性强，精美装修，拎包入住。,278万,1室2厅 | 60.44平米 | 南 | 精装 | 中楼层(共6层) | 1998年建 | 板楼,https://image1.ljcdn.com/310000-inspection/pc1_KIJnLugXO_1.jpg.296x216.jpg
20200208,闵行,梅陇,高区楼层+精装两房+诚意出售+看房方便+全天采光,312万,2室1厅 | 67.77平米 | 南 北 | 简装 | 高楼层(共6层) | 1997年建 | 板楼,https://image1.ljcdn.com/310000-inspection/pc1_0FCtO5bwv_1.jpg.296x216.jpg
20200208,闵行,梅陇,万辉国际广场旁、南北通大两房、满五唯一、业主换房！,350万,2室2厅 | 83.01平米 | 南 | 简装 | 高楼层(共6层) | 1998年建 | 板楼,https://image1.ljcdn.com/310000-inspection/prod-0d27371e-c72d-46b3-815a-77ce28744160.jpg.296x216.jpg
20200208,闵行,梅陇,店长推荐 婚房精装修 业主急卖 随时看房 单价极,255万,2室1厅 | 56.87平米 | 南 | 精装 | 中楼层(共6层) | 1996年建 | 板楼,https://image1.ljcdn.com/310000-inspection/prod-809168c3-af5e-44d0-a33d-9b4fc311e7b2.jpg.296x216.jpg
20200208,闵行,梅陇,1号线+锦江乐园+满五年税少+小三房+出行方便+中楼层。房主自荐,316万,3室0厅 | 63.56平米 | 南 | 简装 | 中楼层(共5层) | 1987年建 | 板楼,https://image1.ljcdn.com/310000-inspection/prod-5e60af0e-df66-47ea-8de4-6de69c566b34.jpg.296x216.jpg
20200208,闵行,梅陇,精致三房，户型正气，近一号线，出行方便,499万,3室1厅 | 99平米 | 南 | 简装 | 高楼层(共6层) | 2001年建 | 板楼,https://image1.ljcdn.com/310000-inspection/prod-415e23fd-d5ec-4069-8953-db37f0c545f9.jpg.296x216.jpg
20200208,闵行,梅陇,锦鸿公寓 3室2厅 420万,420万,3室2厅 | 97.66平米 | 东北 | 精装 | 中楼层(共26层) | 1996年建 | 塔楼,https://image1.ljcdn.com/310000-inspection/prod-07d1a662-8ed1-44e3-90ba-55b907c78a04.jpg.296x216.jpg
20200208,闵行,梅陇,高品质小区  精装修三房 一楼带花园,720万,3室2厅 | 124.13平米 | 南 | 精装 | 低楼层(共8层) | 2001年建 | 板楼,https://image1.ljcdn.com/310000-inspection/pc1_P3xISukyJ_1.jpg.296x216.jpg
20200208,闵行,梅陇,小区中间位置，前后无噪音，满五年，小区zui大面积,709万,3室2厅 | 141.39平米 | 南 | 精装 | 低楼层(共12层) | 2001年建 | 板楼,https://image1.ljcdn.com/310000-inspection/pc1_0F4FsiMWs_1.jpg.296x216.jpg
20200208,闵行,梅陇,此房全明通透，小区位置好，满五年，诚意售.景色好,635万,3室2厅 | 123.77平米 | 东 东南 | 简装 | 中楼层(共14层) | 2003年建 | 板楼,https://image1.ljcdn.com/310000-inspection/pc1_EeyMLRmgt_1.jpg.296x216.jpg
20200208,闵行,梅陇,小区中区+高区采光通风俱佳+楼下就是小花园广场,380万,2室2厅 | 85.59平米 | 南 | 简装 | 高楼层(共6层) | 1997年建 | 板楼,https://image1.ljcdn.com/310000-inspection/pc1_6VAvJYPEy_1.jpg.296x216.jpg
20200208,闵行,梅陇,店长推荐 南北通透户型 位置安静 采光、视野好,398万,2室1厅 | 84.75平米 | 南 北 | 简装 | 高楼层(共6层) | 1997年建 | 板楼,https://image1.ljcdn.com/310000-inspection/pc1_40Jp6dWPZ_1.jpg.296x216.jpg
20200208,闵行,梅陇,城开珑庭 2室2厅 488万,488万,2室2厅 | 84.26平米 | 南 | 毛坯 | 低楼层(共26层) | 2016年建 | 板楼,https://image1.ljcdn.com/310000-inspection/pc1_eruIBKc3A_1.jpg.296x216.jpg
20200208,闵行,梅陇,满五年唯一，楼层好，低总价，出行方便，不临路房主自荐,370万,2室1厅 | 85.45平米 | 南 | 简装 | 高楼层(共6层) | 1999年建 | 板楼,https://image1.ljcdn.com/310000-inspection/pc1_N8VyqpNfr_1.jpg.296x216.jpg
20200208,闵行,梅陇,紫藤二村 2室1厅 330万,330万,2室1厅 | 64.23平米 | 南 | 简装 | 低楼层(共6层) | 1994年建 | 板楼,https://image1.ljcdn.com/310000-inspection/pc1_KWPQF5nxH_1.jpg.296x216.jpg
20200208,闵行,梅陇,五村园中园 两厅奢华装修 MID位置 必看好房 园中园房主自荐,528万,2室2厅 | 114.38平米 | 南 | 精装 | 中楼层(共6层) | 1999年建 | 板楼,https://image1.ljcdn.com/310000-inspection/pc1_QUOr8did2_1.jpg.296x216.jpg
20200208,闵行,梅陇,新出高区笋盘+满五年+前后不临街+看房方便诚意卖,698万,3室2厅 | 137.91平米 | 南 北 | 简装 | 高楼层(共12层) | 2000年建 | 板楼,https://image1.ljcdn.com/310000-inspection/pc1_6NLmhztSj_1.jpg.296x216.jpg
20200208,闵行,梅陇,&双南全明户型+一梯两户+采光好无遮挡&,285万,2室1厅 | 63.87平米 | 南 | 简装 | 高楼层(共6层) | 1992年建 | 板楼,https://image1.ljcdn.com/310000-inspection/pc1_XD9FBIj24_1.jpg.296x216.jpg
20200208,闵行,梅陇,城开珑庭 2室2厅 550万,550万,2室2厅 | 80.06平米 | 南 | 毛坯 | 低楼层(共18层) | 2016年建 | 板楼,https://image1.ljcdn.com/310000-inspection/pc1_T2Lyt0qVy_1.jpg.296x216.jpg
20200208,闵行,梅陇,房子一梯两户，户型方正，楼层适中，采光通风都很好房主自荐,450万,3室2厅 | 104.88平米 | 南 北 | 简装 | 高楼层(共4层) | 1999年建 | 板楼,https://image1.ljcdn.com/310000-inspection/pc1_nQaDNBnDP_1.jpg.296x216.jpg
20200208,闵行,梅陇,笋盘罗阳一村小两房+小区居中位置+带大天井房主自荐,277万,2室1厅 | 61.39平米 | 南 | 简装 | 低楼层(共6层) | 1995年建 | 板楼,https://image1.ljcdn.com/310000-inspection/pc1_RqiECuH7V_1.jpg.296x216.jpg
20200208,闵行,梅陇,小区中间位置，闹中取静，采光通风视野好，看房方便,460万,3室1厅 | 106.92平米 | 北 南 | 毛坯 | 高楼层(共6层) | 1997年建 | 板楼,https://image1.ljcdn.com/310000-inspection/pc1_1zaK8W8Ir_1.jpg.296x216.jpg
20200208,闵行,梅陇,品质小区 闹中取静 装修精致带院子 看房方便满五唯一房主自荐,230万,1室1厅 | 49.28平米 | 南 北 | 精装 | 低楼层(共6层) | 1995年建 | 板楼,https://image1.ljcdn.com/310000-inspection/de62f3f4-4b0e-4e1b-94e9-7dd3183f9c8d_1000.jpg.296x216.jpg
20200208,闵行,梅陇,此房满五省税费，诚心出售，大露台，南北通，全明户型房主自荐,280万,1室1厅 | 53.91平米 | 南 北 | 其他 | 高楼层(共5层) | 2004年建 | 板楼,https://image1.ljcdn.com/310000-inspection/pc1_HDGp4a8wW_1.jpg.296x216.jpg
20200208,闵行,梅陇,上海阳城 3室2厅 712万,712万,3室2厅 | 125.3平米 | 南 | 简装 | 低楼层(共6层) | 2003年建 | 板楼,https://image1.ljcdn.com/310000-inspection/pc1_VmvFHdlhB_1.jpg.296x216.jpg
20200208,闵行,梅陇,全明户型，楼层好，采光充足，满五年，税费少,356万,2室2厅 | 73.75平米 | 南 北 | 精装 | 中楼层(共5层) | 2004年建 | 板楼,https://image1.ljcdn.com/310000-inspection/pc1_8w1linnor_1.jpg.296x216.jpg
20200208,闵行,梅陇,动迁+满五唯一+双南两房+户型正气,350万,2室1厅 | 75.2平米 | 南 | 简装 | 低楼层(共6层) | 1998年建 | 板楼,https://image1.ljcdn.com/310000-inspection/pc1_H0oLSwLir_1.jpg.296x216.jpg
20200208,闵行,梅陇,品质小区 看房方便 户型正气 精装大两房房主自荐,370万,2室2厅 | 85.61平米 | 南 | 简装 | 高楼层(共6层) | 1997年建 | 板楼,https://image1.ljcdn.com/310000-inspection/pc1_FxeVremtb_1.jpg.296x216.jpg
20200208,闵行,梅陇,精致三房两卫+中间楼层+中间位置+全明户型,488万,3室2厅 | 108.56平米 | 南 | 简装 | 中楼层(共6层) | 1998年建 | 板楼,https://image1.ljcdn.com/310000-inspection/pc1_St8YGP4Fj_1.jpg.296x216.jpg
20200208,闵行,梅陇,热门房源！位置佳+通透格局+业主诚售精装修,285万,2室1厅 | 64.92平米 | 南 | 简装 | 低楼层(共6层) | 1996年建 | 板楼,https://image1.ljcdn.com/310000-inspection/pc1_VEX1p0VfC_1.jpg.296x216.jpg
20200208,闵行,梅陇,未名园精装修3房 南北通  看房方便 房东诚售,735万,3室2厅 | 134.68平米 | 南 北 | 精装 | 中楼层(共12层) | 2000年建 | 板楼,https://image1.ljcdn.com/310000-inspection/pc1_1OwaA5EHf_1.jpg.296x216.jpg
20200208,闵行,梅陇,电梯高区+南北通风+看河景观+二手买进省税,575万,2室2厅 | 92.67平米 | 南 | 精装 | 高楼层(共14层) | 2005年建 | 板楼,https://image1.ljcdn.com/310000-inspection/prod-bb39c7bb-39f7-4222-b7d0-c8d81145e72e.jpg.296x216.jpg
20200208,闵行,梅陇,嘉和花苑沿河景观二房，精装修双南户型,715万,2室2厅 | 109.15平米 | 南 | 精装 | 中楼层(共8层) | 2004年建 | 板楼,https://image1.ljcdn.com/310000-inspection/prod-79c46389-881a-4ebb-95c5-596860680187.jpg.296x216.jpg
20200208,闵行,梅陇,万科 莲花河畔，九楼大两房，精装修，看房方便提前约房主自荐,739万,2室2厅 | 102.41平米 | 南 | 精装 | 高楼层(共11层) | 2010年建 | 板楼,https://image1.ljcdn.com/310000-inspection/prod-2d3e625e-22dd-4eb2-8bec-09ba6a671d38.jpg.296x216.jpg
20200208,闵行,梅陇,满五省税费+小区中间位置+楼层好+The Lowest Price房主自荐,203万,1室1厅 | 44.89平米 | 南 | 简装 | 中楼层(共6层) | 1998年建 | 板楼,https://image1.ljcdn.com/310000-inspection/prod-c6eee81e-cfc7-456e-9877-667e089e4168.jpg.296x216.jpg
20200208,闵行,梅陇,中间楼层大一房  原始房型没动 装修有无限改动空间,226万,1室1厅 | 49.6平米 | 南 | 其他 | 中楼层(共6层) | 1992年建 | 板楼,https://image1.ljcdn.com/310000-inspection/pc1_nQ7R0EosO_1.jpg.296x216.jpg
20200208,闵行,梅陇,南北 通透格局，视野宽阔，配套设施齐全，交通便利,699万,2室2厅 | 103.19平米 | 南 北 | 精装 | 高楼层(共12层) | 2002年建 | 板楼,https://image1.ljcdn.com/310000-inspection/pc1_wDFatAkML_1.jpg.296x216.jpg
20200208,闵行,梅陇,高区景观房，前后无遮挡，满五年、看房方便业主自住房主自荐,518万,2室2厅 | 98.73平米 | 南 | 精装 | 高楼层(共11层) | 2003年建 | 板楼,https://image1.ljcdn.com/310000-inspection/pc1_Dx4Vbi7DK_1.jpg.296x216.jpg
20200208,闵行,梅陇,花园位置，距离地铁500mi ,满五年 价格可谈，诚售,758万,3室2厅 | 131.92平米 | 南 | 精装 | 低楼层(共10层) | 2002年建 | 板楼,https://image1.ljcdn.com/310000-inspection/pc1_Jg6fI2Qcl_1.jpg.296x216.jpg
20200208,闵行,梅陇,满五唯一，诚意出售，看房方便，正在做美丽家园房主自荐,155万,1室1厅 | 34.73平米 | 南 | 简装 | 中楼层(共5层) | 1983年建 | 板楼,https://image1.ljcdn.com/310000-inspection/prod-8c966b53-b75b-4e17-83b4-30180afa282e.jpg.296x216.jpg
20200208,闵行,梅陇,中环边上 双南户型，厨卫朝北  出行便利房主自荐,385万,2室1厅 | 86.99平米 | 南 | 简装 | 高楼层(共6层) | 1997年建 | 板楼,https://image1.ljcdn.com/310000-inspection/prod-dd40f907-a98d-416e-9378-1db2a72ebea1.jpg.296x216.jpg
20200208,闵行,梅陇,满五唯一，视野宽阔，配套设施齐全，交通便利,718万,2室2厅 | 114.66平米 | 南 | 精装 | 中楼层(共12层) | 2002年建 | 板楼,https://image1.ljcdn.com/310000-inspection/prod-14e421a0-11f7-4533-9c75-d2f79c18b608.jpg.296x216.jpg
20200208,闵行,梅陇,2000年商品房，全明户型，采光无遮挡，楼层好位置不错房主自荐,299万,1室1厅 | 64.08平米 | 南 | 简装 | 低楼层(共6层) | 1999年建 | 板楼,https://image1.ljcdn.com/310000-inspection/prod-ffb8a89d-d603-45ca-908a-2f81471dedc7.jpg.296x216.jpg
20200208,闵行,梅陇,近地铁、精装修、价格可谈、接受置换、带车位,249万,2室0厅 | 51.55平米 | 南 | 精装 | 低楼层(共6层) | 1996年建 | 板楼,https://image1.ljcdn.com/310000-inspection/pc1_j2TTIs0Hm_1.jpg.296x216.jpg
20200208,闵行,梅陇,次新小区，位置好，房东置换诚心卖，品质小区,240万,1室1厅 | 56.26平米 | 暂无数据 | 简装 | 高楼层(共6层) | 1996年建 | 板楼,https://image1.ljcdn.com/310000-inspection/prod-4b75072b-35d0-41c0-901f-d03372403d7a.jpg.296x216.jpg
20200208,闵行,梅陇,两房朝南.一楼带双花园、满五少税、交通方便房主自荐,333万,2室1厅 | 69.94平米 | 南 | 简装 | 低楼层(共6层) | 1995年建 | 板楼,https://image1.ljcdn.com/310000-inspection/test-f5d9baa7-bd05-4d1b-b31b-304c075cdb46.png.296x216.jpg
20200208,闵行,梅陇,底楼带花园，诚意出售，南北通，小区湖景旁,552万,2室2厅 | 95.22平米 | 南 | 简装 | 低楼层(共8层) | 2003年建 | 板楼,https://image1.ljcdn.com/310000-inspection/prod-fb3d457b-18e5-43e6-9ee3-0e26a6d91c71.jpg.296x216.jpg
20200208,闵行,梅陇,地铁口刚需一房、花园位置、价格可谈、接受置换房主自荐,198万,1室1厅 | 41.71平米 | 南 | 精装 | 高楼层(共6层) | 1994年建 | 板楼,https://image1.ljcdn.com/310000-inspection/prod-a29ba349-ffde-47ef-943f-1acf01f0fb94.jpg.296x216.jpg
20200208,闵行,梅陇,满五唯一 房东诚心出售 生活设施齐全 看房方便,203万,2室1厅 | 45.57平米 | 南 | 简装 | 中楼层(共5层) | 1987年建 | 板楼,https://image1.ljcdn.com/310000-inspection/prod-2973a94f-fa73-42e5-9df8-1e0cd929a4ba.jpg.296x216.jpg
20200208,闵行,梅陇,此房 满五唯一，户型南北通,接受 置换。,860万,3室2厅 | 167.85平米 | 东 西 | 精装 | 低楼层(共12层) | 2000年建 | 板楼,https://image1.ljcdn.com/310000-inspection/prod-061653d3-f636-4f86-9a21-7cf3f39d17ff.jpg.296x216.jpg
20200208,闵行,梅陇,梅陇二村  位置好 满五唯一税费少,253万,2室1厅 | 54.02平米 | 南 | 毛坯 | 高楼层(共5层) | 1987年建 | 板楼,https://image1.ljcdn.com/310000-inspection/test-f7f73466-9ecd-4505-be6b-bbec4cfd80d1.png.296x216.jpg
20200208,闵行,梅陇,小区次中.心位置+采光好+满五年唯一,295万,2室1厅 | 60.82平米 | 南 | 简装 | 低楼层(共6层) | 1994年建 | 板楼,https://image1.ljcdn.com/310000-inspection/prod-de581a09-d400-48a2-8912-be7e13ff7528.jpg.296x216.jpg
20200208,闵行,梅陇,业主诚意出售，采光通风好，居家装修，拎包入住。房主自荐,218万,2室1厅 | 51.22平米 | 南 北 | 简装 | 高楼层(共6层) | 1994年建 | 板楼,https://image1.ljcdn.com/310000-inspection/prod-3b147d40-214b-43d4-a259-03cfac976f87.jpg.296x216.jpg
20200208,闵行,梅陇,此房一梯两户得房率高 全明户型 产权清晰 位置佳房主自荐,410万,2室1厅 | 94.99平米 | 南 | 简装 | 低楼层(共6层) | 2000年建 | 板楼,https://image1.ljcdn.com/310000-inspection/prod-ce4609dc-1680-493f-9015-ea33b48b45c1.jpg.296x216.jpg
20200208,闵行,梅陇,此房满五唯一，装修时用料考究，要求不高可拎包入住,370万,2室1厅 | 98.09平米 | 南 | 简装 | 低楼层(共26层) | 1996年建 | 塔楼,https://image1.ljcdn.com/310000-inspection/prod-a0b25f1b-5d74-4733-a51f-1f89aafacaf5.jpg.296x216.jpg
20200208,闵行,梅陇,精美装修大一房+户型好+诚意出售+看房方便房主自荐,221万,1室1厅 | 54.13平米 | 南 | 精装 | 高楼层(共6层) | 1994年建 | 板楼,https://image1.ljcdn.com/310000-inspection/test-2a96cdd1-1c37-4995-bb6e-f6eeab7a084f.png.296x216.jpg
20200208,闵行,梅陇,三房朝南 拎包入住 小区中间唯一 无增值税 采光很好,518万,3室1厅 | 103平米 | 南 | 简装 | 高楼层(共6层) | 1997年建 | 板楼,https://image1.ljcdn.com/310000-inspection/pc1_FWIhVC1zX_1.jpg.296x216.jpg
20200208,闵行,梅陇,精装南北户型，采光充足，拎包入住。,348万,2室2厅 | 82.34平米 | 南 | 精装 | 高楼层(共6层) | 1998年建 | 板楼,https://image1.ljcdn.com/310000-inspection/pc1_valrmTUJI_1.jpg.296x216.jpg
20200208,闵行,梅陇,全明户型！中间位置+双开间朝南+业主诚售可谈,350万,2室2厅 | 86.56平米 | 南 | 简装 | 高楼层(共6层) | 1997年建 | 板楼,https://image1.ljcdn.com/310000-inspection/prod-0e2f7929-d105-45b2-a427-ee937bb47a1b.jpg.296x216.jpg
20200208,闵行,梅陇,婚装双南两房，视野开阔无遮挡，一梯两户，诚意出售房主自荐,385万,2室2厅 | 89平米 | 南 | 精装 | 高楼层(共6层) | 1997年建 | 板楼,https://image1.ljcdn.com/310000-inspection/prod-b9045756-c746-4d1e-8305-fbe5369f3533.jpg.296x216.jpg
20200208,闵行,梅陇,1号线方便，双南全明两房，楼层好视野好，户型方正,350万,2室1厅 | 72.61平米 | 南 | 精装 | 高楼层(共6层) | 1994年建 | 板楼,https://image1.ljcdn.com/310000-inspection/pc1_0WGQgi1B0_1.jpg.296x216.jpg
20200208,闵行,梅陇,板式南北通户型，经典三房 优先选择 必看房 诚售！,550万,3室2厅 | 92.06平米 | 南 | 简装 | 高楼层(共6层) | 2002年建 | 板楼,https://image1.ljcdn.com/310000-inspection/pc1_ybtzAmn6v_1.jpg.296x216.jpg
20200208,闵行,梅陇,新四村+双南大两房，产权清晰、诚意出售、价格可议房主自荐,308万,2室2厅 | 77.81平米 | 南 | 精装 | 高楼层(共6层) | 1994年建 | 板楼,https://image1.ljcdn.com/310000-inspection/pc1_hiO6qg9Ka_1.jpg.296x216.jpg
20200208,闵行,梅陇,毛坯两房，可塑性强。诚意出售，看房方便，价格可谈！,270万,2室1厅 | 68.09平米 | 南 | 毛坯 | 高楼层(共5层) | 1996年建 | 板楼,https://image1.ljcdn.com/310000-inspection/pc1_hDgVRbmr9_1.jpg.296x216.jpg
20200208,闵行,梅陇,华宝南北两房 精装修 带车位 近地铁 视野采光好,263万,2室1厅 | 52.27平米 | 南 | 精装 | 高楼层(共6层) | 1994年建 | 板楼,https://image1.ljcdn.com/310000-inspection/pc1_ZDUiG2zg8_1.jpg.296x216.jpg
20200208,闵行,梅陇,满五唯一无户口，业主诚售，边套大一房,268万,1室1厅 | 54.95平米 | 南 | 简装 | 高楼层(共6层) | 1994年建 | 板楼,https://image1.ljcdn.com/310000-inspection/pc1_B1LUmUV4n_1.jpg.296x216.jpg
20200208,闵行,梅陇,中楼层+边套全明户型+位置安静+看房方便,305万,2室1厅 | 58.65平米 | 南 | 简装 | 中楼层(共6层) | 1992年建 | 板楼,https://image1.ljcdn.com/310000-inspection/pc1_yOX4WEQ8x_1.jpg.296x216.jpg
20200208,闵行,梅陇,梅陇一村大两房，近地铁户型方正采光好,355万,2室1厅 | 75.27平米 | 南 | 简装 | 高楼层(共6层) | 1994年建 | 板楼,https://image1.ljcdn.com/310000-inspection/pc1_vfIOwymuJ_1.jpg.296x216.jpg
20200208,闵行,梅陇,满五唯一 双南两房  通透性棒 楼层好 采光无遮挡,510万,2室2厅 | 97.73平米 | 南 | 简装 | 高楼层(共11层) | 2003年建 | 板楼,https://image1.ljcdn.com/310000-inspection/pc1_ksx3csEeq_1.jpg.296x216.jpg
20200208,闵行,梅陇,紫藤二村 2室1厅 340万,340万,2室1厅 | 69.35平米 | 南 | 简装 | 低楼层(共6层) | 1994年建 | 板楼,https://image1.ljcdn.com/310000-inspection/pc1_PLUlvuQLQ_1.jpg.296x216.jpg
20200208,闵行,梅陇,罗秀苑  户型方正  精装小俩房 位置好  视野开阔,415万,2室2厅 | 85.17平米 | 南 | 精装 | 高楼层(共6层) | 2000年建 | 板楼,https://image1.ljcdn.com/310000-inspection/pc1_qcuajUfyz_1.jpg.296x216.jpg
20200208,闵行,梅陇,外环路多层2房得房率高一梯二户,540万,2室2厅 | 90.49平米 | 南 | 简装 | 高楼层(共6层) | 2002年建 | 板楼,https://image1.ljcdn.com/310000-inspection/pc1_vVpDwrsUs_1.jpg.296x216.jpg
20200208,闵行,梅陇,电梯三房，到地铁站350米！户型方正，南北直通，急售,720万,3室2厅 | 124.1平米 | 南 北 | 其他 | 中楼层(共8层) | 2002年建 | 板楼,https://image1.ljcdn.com/310000-inspection/pc1_IjCcOeKPE_1.jpg.296x216.jpg
20200208,闵行,梅陇,新梅陇二村+1号线莲花路+精装修+满五唯一+采光棒。,275万,2室1厅 | 63.06平米 | 南 | 精装 | 高楼层(共6层) | 1994年建 | 板楼,https://image1.ljcdn.com/310000-inspection/pc1_mqNDytOBu_1.jpg.296x216.jpg
20200208,闵行,梅陇,全明户型！一梯两户低楼层大三房，精致户型，看房方便房主自荐,445万,3室2厅 | 103.51平米 | 南 | 简装 | 低楼层(共6层) | 1998年建 | 板楼,https://image1.ljcdn.com/310000-inspection/prod-dbbfda41-ed01-448f-9fbb-e3dd8283dbf2.jpg.296x216.jpg
20200208,闵行,梅陇,家具家电全留！精装修大三房，全明采光好，非顶楼房主自荐,465万,3室2厅 | 103.51平米 | 南 | 精装 | 高楼层(共6层) | 1998年建 | 板楼,https://image1.ljcdn.com/310000-inspection/prod-4dc7f04f-8082-4bbc-8d63-030704ed8451.jpg.296x216.jpg
20200208,闵行,梅陇,晶欣坊 2室2厅 436万,436万,2室2厅 | 73.83平米 | 南 北 | 其他 | 高楼层(共33层) | 2013年建 | 板楼,https://image1.ljcdn.com/310000-inspection/pc1_TjD04FzYx_1.jpg.296x216.jpg
20200208,闵行,梅陇,紫藤二村 1室1厅 223万房主自荐,223万,1室1厅 | 53.21平米 | 南 | 简装 | 高楼层(共6层) | 1994年建 | 板楼,https://image1.ljcdn.com/310000-inspection/prod-68cc2df1-8664-4ec7-af8d-ff436971ef1d.jpg.296x216.jpg
20200208,闵行,梅陇,中环旁边+近华东理工+居家装修+采光好+诚意出售,205万,1室1厅 | 44.53平米 | 南 | 简装 | 高楼层(共6层) | 1994年建 | 板楼,https://image1.ljcdn.com/310000-inspection/pc1_I7yRz9lZm_1.jpg.296x216.jpg
20200208,闵行,梅陇,满二唯一，无抵押，无户口，普通住宅税费低。房主自荐,254万,2室1厅 | 59.27平米 | 南 | 精装 | 高楼层(共6层) | 1996年建 | 板楼,https://image1.ljcdn.com/310000-inspection/pc1_C1NC9aGtc_1.jpg.296x216.jpg
20200208,闵行,梅陇,罗阳四村唯一电梯房，满五唯一，视野开阔，面积大,580万,3室2厅 | 125平米 | 南 | 精装 | 高楼层(共16层) | 2001年建 | 塔楼,https://image1.ljcdn.com/310000-inspection/pc1_RBWHgpvUX_1.jpg.296x216.jpg
20200208,闵行,梅陇,此房满五省税费 ，次新小区，商品房 ，中间楼层,375万,2室2厅 | 74.81平米 | 南 北 | 精装 | 中楼层(共5层) | 2004年建 | 板楼,https://image1.ljcdn.com/310000-inspection/pc1_7cQeZt9my_1.jpg.296x216.jpg
20200208,闵行,梅陇,双南两房，高区楼层，全天候采光，视野开阔,315万,2室1厅 | 74.54平米 | 南 | 简装 | 高楼层(共6层) | 1997年建 | 板楼,https://image1.ljcdn.com/310000-inspection/pc1_T2mcH5nMu_1.jpg.296x216.jpg
20200208,闵行,梅陇,必看好房，满五唯一，精装修，保养好，可拎包入住,242万,1室1厅 | 51.99平米 | 南 | 精装 | 高楼层(共6层) | 1997年建 | 板楼,https://image1.ljcdn.com/310000-inspection/pc1_A9ep7hTWg_1.jpg.296x216.jpg
20200208,闵行,梅陇,南北通大一房，可GAI两房，带大花园，诚意出售。,405万,2室1厅 | 78.36平米 | 南 | 简装 | 低楼层(共11层) | 2003年建 | 板楼,https://image1.ljcdn.com/310000-inspection/pc1_fQZibZM2C_1.jpg.296x216.jpg
20200208,闵行,梅陇,房东诚意出售，看房提前预约，边套全明户型,235万,2室1厅 | 51.1平米 | 南 | 简装 | 低楼层(共6层) | 1995年建 | 板楼,https://image1.ljcdn.com/310000-inspection/pc1_jsWaGc9Xe_1.jpg.296x216.jpg
20200208,闵行,梅陇,中间楼层 前后无遮挡 普宅 满五年 装修好拎包入住,303万,2室1厅 | 71.09平米 | 南 北 | 精装 | 中楼层(共6层) | 1994年建 | 板楼,https://image1.ljcdn.com/310000-inspection/pc1_AQ3UV8GQJ_1.jpg.296x216.jpg
20200208,闵行,梅陇,地铁近，精装小两房，满五唯一，业主诚意卖，中间楼层,282万,2室1厅 | 65.78平米 | 南 | 精装 | 中楼层(共6层) | 1988年建 | 板楼,https://image1.ljcdn.com/310000-inspection/pc1_259FbYVqE_1.jpg.296x216.jpg
20200208,闵行,梅陇,精装大一房 业主诚意出售 满五唯一税费少,266万,1室1厅 | 59.36平米 | 南 | 精装 | 中楼层(共6层) | 1997年建 | 板楼,https://image1.ljcdn.com/310000-inspection/pc1_bqIIQ86cG_1.jpg.296x216.jpg
20200208,闵行,梅陇,中间楼层，居家装修，全明户型，业主诚意出售,210万,1室1厅 | 47平米 | 南 | 简装 | 中楼层(共5层) | 1987年建 | 板楼,https://image1.ljcdn.com/310000-inspection/pc1_455tQiBsx_1.jpg.296x216.jpg
20200208,闵行,梅陇,南北格局，楼层好， 居家装修，采光十足。,192万,1室1厅 | 42.1平米 | 南 | 简装 | 中楼层(共5层) | 1983年建 | 板楼,https://image1.ljcdn.com/310000-inspection/pc1_EvFhnJwwU_1.jpg.296x216.jpg
20200208,闵行,梅陇,采光好，南北通，通风性强，精美装修，拎包入住。,445万,3室2厅 | 97.51平米 | 南 | 精装 | 中楼层(共6层) | 1998年建 | 板楼,https://image1.ljcdn.com/310000-inspection/pc1_UF5slMG5J_1.jpg.296x216.jpg
20200208,闵行,梅陇,南北小两房，欧式简约装修，花园位置，采光通风佳,232万,2室1厅 | 51.99平米 | 南 | 简装 | 高楼层(共6层) | 1999年建 | 板楼,https://image1.ljcdn.com/310000-inspection/pc1_H6lh6cnnK_1.jpg.296x216.jpg
20200208,闵行,梅陇,小区位置好，出行方便，配套齐全，业主诚售,189万,1室1厅 | 43.78平米 | 南 | 简装 | 高楼层(共6层) | 1994年建 | 板楼,https://image1.ljcdn.com/310000-inspection/pc1_F3Xv6uOYX_1.jpg.296x216.jpg
20200208,闵行,梅陇,飞机户型+楼层位置棒+满五省税+居家精装+诚意出售房主自荐,658万,2室2厅 | 104.91平米 | 南 | 精装 | 中楼层(共14层) | 2005年建 | 板楼,https://image1.ljcdn.com/310000-inspection/pc1_8zSMLWTh4_1.jpg.296x216.jpg
20200208,闵行,梅陇,一梯两户，精装修，两房朝南，全明,265万,2室1厅 | 61.2平米 | 南 | 精装 | 高楼层(共6层)  | 板楼,https://image1.ljcdn.com/310000-inspection/pc1_4cvnnpR0S_1.jpg.296x216.jpg
20200208,闵行,梅陇,罗阳三村双南两房位置安静，视野开阔，采光足全明户型房主自荐,323万,2室1厅 | 74.54平米 | 南 | 简装 | 高楼层(共6层) | 1996年建 | 板楼,https://image1.ljcdn.com/310000-inspection/pc1_TiQFg24ZH_1.jpg.296x216.jpg
20200208,闵行,梅陇,精装电梯房 出行方便 楼层好 环境舒适 业主诚意出售,349万,2室1厅 | 88.92平米 | 西南 西北 东北 | 简装 | 低楼层(共26层) | 1996年建 | 塔楼,https://image1.ljcdn.com/310000-inspection/prod-1cf9c94c-6a17-4441-b727-99f91ef3c1e6.jpg.296x216.jpg
20200208,闵行,梅陇,中间楼层 南北两房 满五唯一 价格可谈 有固定车位,268万,2室1厅 | 53.53平米 | 南 | 精装 | 中楼层(共6层) | 1995年建 | 板楼,https://image1.ljcdn.com/310000-inspection/prod-dbd42d72-05c5-4274-a7f0-7ddbfc212990.jpg.296x216.jpg
20200208,闵行,梅陇,满五唯一，厨卫全明，产权清晰，随时看房，房东诚售,178万,2室1厅 | 33.73平米 | 南 | 毛坯 | 高楼层(共6层) | 1996年建 | 板楼,https://image1.ljcdn.com/310000-inspection/prod-5126f57d-4dfd-4f71-9aae-8a1d0e094c73.jpg.296x216.jpg
20200208,闵行,梅陇,景观位置、装修好可以拎包入住、产权清晰、诚意出售房主自荐,159万,1室1厅 | 34.73平米 | 南 | 简装 | 高楼层(共5层) | 1983年建 | 板楼,https://image1.ljcdn.com/310000-inspection/prod-47fe990a-a31e-4505-a083-0ad0f0c7c898.jpg.296x216.jpg
20200208,闵行,梅陇,满五唯一，采光好，视野宽阔，看房方便，价格可谈房主自荐,235万,1室1厅 | 53.66平米 | 南 | 简装 | 高楼层(共6层) | 1997年建 | 板楼,https://image1.ljcdn.com/310000-inspection/prod-82df61a2-343b-4a7b-92d8-8899fa5dfa79.jpg.296x216.jpg
20200208,闵行,梅陇,近锦江乐园站精装修小两房 户型方正采光好 全明户型,215万,2室0厅 | 47.32平米 | 南 | 精装 | 高楼层(共6层) | 1988年建 | 板楼,https://image1.ljcdn.com/310000-inspection/test-fa51a084-3854-4cb5-9395-e5d346705260.png.296x216.jpg
20200208,闵行,梅陇,此房满五唯一 采光充足 中间楼层 位置安静 房东诚售,272万,2室1厅 | 61.47平米 | 南 | 简装 | 中楼层(共6层) | 1999年建 | 板楼,https://image1.ljcdn.com/310000-inspection/prod-f79545a0-25eb-42a0-96f1-5dc8f4bc81d2.jpg.296x216.jpg
20200208,闵行,梅陇,一号线300米 顶楼带阁楼 看房方便有钥匙,585万,2室2厅 | 87.08平米 | 南 北 | 简装 | 高楼层(共6层) | 2003年建 | 板楼,https://image1.ljcdn.com/310000-inspection/prod-ec2b5212-deb3-4bec-a345-c9c3775499a8.jpg.296x216.jpg
20200208,闵行,梅陇,婚房装修+拎包入住+好位置+好户型+业主诚心出售,230万,1室1厅 | 56.16平米 | 南 | 精装 | 高楼层(共6层) | 1994年建 | 板楼,https://image1.ljcdn.com/310000-inspection/prod-2e19f6e7-d2ec-418c-92d0-e47c4684af1a.jpg.296x216.jpg
20200208,闵行,梅陇,精装全配，业主诚意出售，看房子需要提前约下哦,469万,2室2厅 | 85.29平米 | 南 | 精装 | 中楼层(共5层) | 1998年建 | 板楼,https://image1.ljcdn.com/310000-inspection/prod-5196fa66-da90-4a18-99b8-bc5d8ac5aa58.jpg.296x216.jpg
20200208,闵行,梅陇,户型正气大一房  满五唯一税费少  一梯两户 得房率高,223万,1室1厅 | 49.15平米 | 南 | 精装 | 高楼层(共6层) | 1996年建 | 板楼,https://image1.ljcdn.com/310000-inspection/prod-7ea6fc58-2ead-4606-865f-5a0805113411.jpg.296x216.jpg
20200208,闵行,梅陇,罗阳三村，南北通，满五年唯一，位置安静，看房方便房主自荐,335万,2室2厅 | 71.14平米 | 南 | 简装 | 高楼层(共6层) | 1994年建 | 板楼,https://image1.ljcdn.com/310000-inspection/prod-b69b3194-b36c-4cb4-932d-ce83889fea30.jpg.296x216.jpg
20200208,闵行,梅陇,店长推荐 婚房精装修 日照时间长 没有个税 看房方便,188万,1室1厅 | 45.92平米 | 南 | 精装 | 高楼层(共6层) | 1996年建 | 板楼,https://image1.ljcdn.com/310000-inspection/pc1_CnduKCwit_1.jpg.296x216.jpg
20200208,闵行,梅陇,上陇新村 2室1厅 350万,350万,2室1厅 | 74.06平米 | 南 | 简装 | 低楼层(共6层) | 1994年建 | 板楼,https://image1.ljcdn.com/310000-inspection/pc1_n6kIRLTld_1.jpg.296x216.jpg
20200208,闵行,梅陇,房子一手动迁，厨卫全明，产权清晰，总价低，房东诚售,165万,1室0厅 | 37.22平米 | 南 | 简装 | 高楼层(共6层) | 1996年建 | 板楼,https://image1.ljcdn.com/310000-inspection/prod-bf1be026-da4b-4839-825c-58d3db1fa063.jpg.296x216.jpg
20200208,闵行,梅陇,满五省税费+居家装修拎包入住+带花园+小区中间位置,240万,1室1厅 | 46.46平米 | 南 | 简装 | 低楼层(共6层) | 1998年建 | 板楼,https://image1.ljcdn.com/310000-inspection/prod-67797303-7feb-41fe-b95a-8c7536211435.jpg.296x216.jpg
20200208,闵行,梅陇,房东诚意出售 现出租 小区主力户型 随时可签 接受置换,239万,1室1厅 | 46.16平米 | 南 | 简装 | 高楼层(共6层) | 1997年建 | 板楼,https://image1.ljcdn.com/310000-inspection/prod-fe4ad2f4-77f6-437e-9096-92d602f2a012.jpg.296x216.jpg
20200208,闵行,梅陇,小区精装一房，采光充足，视野很好,206万,1室1厅 | 42.42平米 | 南 | 简装 | 高楼层(共6层) | 1994年建 | 板楼,https://image1.ljcdn.com/310000-inspection/pc1_F0MTvsTUu_1.jpg.296x216.jpg
20200208,闵行,梅陇,店长推荐+主打户型+装修精美+诚意出售,239万,1室1厅 | 53.05平米 | 南 | 简装 | 高楼层(共6层) | 1997年建 | 板楼,https://image1.ljcdn.com/310000-inspection/pc1_FPdRRPPvI_1.jpg.296x216.jpg
20200208,闵行,梅陇,美丽家园小区，精装修，一梯两户，业主自住，看房方便,270万,1室1厅 | 52.53平米 | 南 | 精装 | 高楼层(共6层) | 1996年建 | 板楼,https://image1.ljcdn.com/310000-inspection/pc1_tGMQpmXlu_1.jpg.296x216.jpg
20200208,闵行,梅陇,罗阳四村||精装一房，楼层位置紧缺，满五唯一,217.2万,1室1厅 | 43.6平米 | 南 | 精装 | 低楼层(共6层) | 1996年建 | 板楼,https://image1.ljcdn.com/310000-inspection/pc1_osI2DKWvp_1.jpg.296x216.jpg
20200208,闵行,梅陇,精装修一房，中间楼层，采光充足，看房方便,188万,1室1厅 | 42.1平米 | 南 | 精装 | 中楼层(共5层) | 1983年建 | 板楼,https://image1.ljcdn.com/310000-inspection/pc1_2uthujkU6_1.jpg.296x216.jpg
20200208,闵行,梅陇,花园位置 双南两房 非顶楼 带装修 价可谈 随时可签,354万,2室1厅 | 69.4平米 | 南 北 | 精装 | 高楼层(共6层) | 1996年建 | 板楼,https://image1.ljcdn.com/310000-inspection/pc1_h5zs7Aaoz_1.jpg.296x216.jpg
20200208,闵行,梅陇,店长推荐！！稀有三楼 户型好 业主诚意出售 随时看房房主自荐,375万,2室1厅 | 90.64平米 | 南 | 简装 | 中楼层(共6层) | 1998年建 | 板楼,https://image1.ljcdn.com/310000-inspection/pc1_3jO18mKBO_1.jpg.296x216.jpg
20200208,闵行,梅陇,一梯两户，全明户型，南北通风好，业主诚售,195万,1室1厅 | 40.35平米 | 南 | 简装 | 高楼层(共5层) | 1993年建 | 板楼,https://image1.ljcdn.com/310000-inspection/pc1_515HYHwMj_1.jpg.296x216.jpg
20200208,闵行,梅陇,梅陇二村全明一房 中间楼层 采光好,238万,1室1厅 | 48.66平米 | 南 | 简装 | 中楼层(共6层) | 1992年建 | 板楼,https://image1.ljcdn.com/310000-inspection/pc1_2uInLR3Z9_1.jpg.296x216.jpg
20200208,闵行,梅陇,罗阳二村低层双南两房+大天井+自改大客厅加两卫,329万,2室1厅 | 73.28平米 | 南 | 精装 | 低楼层(共6层) | 1995年建 | 板楼,https://image1.ljcdn.com/310000-inspection/pc1_BEzrp5E6d_1.jpg.296x216.jpg
20200208,闵行,梅陇,梅陇二村 1室1厅 208万,208万,1室1厅 | 46.4平米 | 南 | 其他 | 高楼层(共6层) | 1993年建 | 板楼,https://image1.ljcdn.com/310000-inspection/pc1_k9CRfmf4F_1.jpg.296x216.jpg
20200208,闵行,梅陇,2016年商品房，精装修，中间楼层，全明户型，,580万,2室2厅 | 91平米 | 南 | 精装 | 中楼层(共26层)  | 板楼,https://image1.ljcdn.com/310000-inspection/pc1_qWrp6awoC_1.jpg.296x216.jpg
20200208,闵行,梅陇,华宝小区  中间楼层，精装双南大两房，看房方便,360万,2室1厅 | 69.4平米 | 南 | 精装 | 中楼层(共7层) | 1996年建 | 板楼,https://image1.ljcdn.com/310000-inspection/pc1_zFbT5ypDJ_1.jpg.296x216.jpg
20200208,闵行,梅陇,距离地铁500米，采光好，房型正气，房东诚意出售。,512万,2室1厅 | 87.15平米 | 南 | 精装 | 中楼层(共6层) | 2002年建 | 板楼,https://image1.ljcdn.com/310000-inspection/pc1_zkzlGUs0C_1.jpg.296x216.jpg
20200208,闵行,梅陇,锦鸿公寓 1室1厅 275万,275万,1室1厅 | 67.9平米 | 东北 | 其他 | 中楼层(共26层) | 1996年建 | 塔楼,https://image1.ljcdn.com/310000-inspection/pc1_rc6MBCXbC_1.jpg.296x216.jpg
20200208,闵行,梅陇,满五税费少+小区安静位置+诚售,230万,1室1厅 | 53.2平米 | 南 | 简装 | 高楼层(共6层) | 1997年建 | 板楼,https://image1.ljcdn.com/310000-inspection/pc1_UC00QnkrG_1.jpg.296x216.jpg
20200208,闵行,梅陇,有院子，装修清爽，诚意出售，采光无遮挡房主自荐,240万,1室1厅 | 44.57平米 | 南 | 其他 | 低楼层(共5层) | 1993年建 | 板楼,https://image1.ljcdn.com/310000-inspection/pc1_PzI9p72GP_1.jpg.296x216.jpg
20200208,闵行,梅陇,梅陇二村 1室1厅 230万房主自荐,230万,1室1厅 | 45.01平米 | 南 | 精装 | 低楼层(共6层) | 1988年建 | 板楼,https://image1.ljcdn.com/310000-inspection/pc1_KoQrMK5SZ_1.jpg.296x216.jpg
20200208,闵行,梅陇,精装一房，户型方正，楼层好，位置好,172.5万,1室1厅 | 33.8平米 | 南 | 精装 | 低楼层(共6层) | 1999年建 | 板楼,https://image1.ljcdn.com/310000-inspection/pc1_8cXqoumzx_1.jpg.296x216.jpg
20200208,闵行,梅陇,美丽家园小区，精装修全明户型景观房！业主自住保养好房主自荐,193万,1室1厅 | 42.85平米 | 南 | 简装 | 高楼层(共6层) | 1994年建 | 板楼,https://image1.ljcdn.com/310000-inspection/prod-caf77996-52c2-4b4d-b45f-61d32fb0d958.jpg.296x216.jpg
20200208,闵行,梅陇,此房满五采光充足 视野开阔 通风效果好看房方便有钥匙,499万,2室2厅 | 87.15平米 | 南 | 简装 | 低楼层(共6层) | 2002年建 | 板楼,https://image1.ljcdn.com/310000-inspection/pc1_aLuuB1kA7_1.jpg.296x216.jpg
20200208,闵行,梅陇,精装修两房，南北通透，业主看房方便，可拎包入住。,520万,2室2厅 | 92.35平米 | 南 北 | 精装 | 中楼层(共11层) | 2003年建 | 板楼,https://image1.ljcdn.com/310000-inspection/pc1_Glru4tgcc_1.jpg.296x216.jpg
20200208,闵行,梅陇,采光好。小区停车方便，户型好，看房方便房主自荐,202万,2室1厅 | 51.9平米 | 南 | 简装 | 高楼层(共6层) | 1994年建 | 板楼,https://image1.ljcdn.com/310000-inspection/test-e7028c16-816c-4f6a-8cd4-df168771f8d3.png.296x216.jpg
20200208,闵行,梅陇,西边套全明大三房 小区优选户型 三楼楼层,428万,3室2厅 | 93.63平米 | 南 北 | 简装 | 中楼层(共6层) | 1996年建 | 板楼,https://image1.ljcdn.com/310000-inspection/prod-caee4fbd-1517-4579-9746-789e1932e951.jpg.296x216.jpg
20200208,闵行,梅陇,满二唯一省增值税+中间楼层+位置安静+诚意出售,298万,2室1厅 | 68.83平米 | 南 北 | 简装 | 中楼层(共6层) | 1998年建 | 板楼,https://image1.ljcdn.com/310000-inspection/prod-7843452c-657c-4db7-a504-b49e101553f6.jpg.296x216.jpg
20200208,闵行,梅陇,买房带精装修大三房，带大花园，房东诚意出售，随时看,560万,3室2厅 | 108平米 | 南 | 精装 | 低楼层(共6层) | 2001年建 | 板楼,https://image1.ljcdn.com/310000-inspection/prod-4e89d857-9c9d-424b-ad3d-46ef8a71b642.jpg.296x216.jpg
20200208,闵行,梅陇,临地铁、  低层大一房、南北通、产权清晰、 看房方便,257万,1室1厅 | 52.6平米 | 南 | 精装 | 低楼层(共6层) | 1996年建 | 板楼,https://image1.ljcdn.com/310000-inspection/prod-bdc7c93a-851c-4371-a155-3a19eb571ae2.jpg.296x216.jpg
20200208,闵行,梅陇,店长主推！双南全明+非顶楼，外环内直通徐家汇,286万,2室1厅 | 73.46平米 | 南 | 简装 | 中楼层(共7层) | 1995年建 | 板楼,https://image1.ljcdn.com/310000-inspection/prod-53b5a71c-34aa-4b07-bdab-f23431002d19.jpg.296x216.jpg
20200208,闵行,梅陇,城开珑庭 2室2厅 600万,600万,2室2厅 | 85平米 | 南 | 精装 | 低楼层(共26层) | 2016年建 | 板楼,https://image1.ljcdn.com/310000-inspection/prod-b75fbd65-692c-41de-9136-557d8bfd74f7.jpg.296x216.jpg
20200208,闵行,梅陇,2003年房龄+万辉国际旁+南北通一梯两户+中间楼层,510万,2室2厅 | 102平米 | 南 | 简装 | 中楼层(共11层) | 2003年建 | 板楼,https://image1.ljcdn.com/310000-inspection/prod-19e8bf55-8617-4834-a8d4-0e8cc73395b5.jpg.296x216.jpg
20200208,闵行,梅陇,满五唯一，三房朝南，南北，视野好，采光充足，交通好,475万,3室1厅 | 94.6平米 | 南 | 简装 | 高楼层(共6层) | 1997年建 | 板楼,https://image1.ljcdn.com/310000-inspection/prod-d0453782-ba07-4ef4-8dc7-a62726ef3c94.jpg.296x216.jpg
20200208,闵行,梅陇,楼层好，位置好，业主诚心出售，一手动迁，税费少,325万,2室1厅 | 75.89平米 | 南 | 简装 | 中楼层(共6层) | 1997年建 | 板楼,https://image1.ljcdn.com/310000-inspection/pc1_aO68HqmaM_1.jpg.296x216.jpg
20200208,闵行,梅陇,全明大一房，诚意出售，看房方便，爬楼再也不幸苦,259万,1室1厅 | 57.57平米 | 南 | 简装 | 低楼层(共6层) | 1996年建 | 板楼,https://image1.ljcdn.com/310000-inspection/pc1_Bt2cSdU27_1.jpg.296x216.jpg
20200208,闵行,梅陇,总价低，近地铁，出行方便，购物方便,165万,1室1厅 | 39.17平米 | 南 | 简装 | 高楼层(共6层) | 1991年建 | 板楼,https://image1.ljcdn.com/310000-inspection/prod-cc41b116-f73d-4f6f-a1e4-85e9cad1b056.jpg.296x216.jpg
20200208,闵行,梅陇,一梯两户 全明采光好 单价低 近地铁房主自荐,399万,3室2厅 | 104平米 | 南 北 | 精装 | 高楼层(共6层) | 2000年建 | 板楼,https://image1.ljcdn.com/310000-inspection/prod-af61137e-f25f-40c3-8f9a-76654f135214.jpg.296x216.jpg
20200208,闵行,梅陇,鸿福新村 低楼层大一房改两房 位置好 固定车位,209.8万,2室1厅 | 51.9平米 | 南 | 简装 | 低楼层(共6层) | 1994年建 | 板楼,https://image1.ljcdn.com/310000-inspection/prod-40f57f83-df8f-4bc4-80d8-46873e3d5561.jpg.296x216.jpg
20200208,闵行,梅陇,地铁沿线，交通方便，配套成熟，满五年唯一，位置安静房主自荐,237万,1室1厅 | 48.7平米 | 东南 | 简装 | 高楼层(共6层) | 1993年建 | 板楼,https://image1.ljcdn.com/310000-inspection/prod-abf52cee-4373-43d0-925f-a38ac279cb0e.jpg.296x216.jpg
20200208,闵行,梅陇,2004房龄+电梯房+满五省税费+安静位置+自住居家装修,530万,2室2厅 | 105.2平米 | 南 | 精装 | 低楼层(共17层) | 2004年建 | 板楼,https://image1.ljcdn.com/310000-inspection/3dbbca13-6457-4518-8e29-edc858614da0.jpg.296x216.jpg
20200208,闵行,梅陇,2004房龄+全明户型+楼层好+户型方正,260万,1室1厅 | 49.06平米 | 南 | 简装 | 高楼层(共6层) | 2004年建 | 板楼,https://image1.ljcdn.com/shfdfs-image/20170618/5272491d-370c-4ef0-ab07-9a987a03f37f.jpg.296x216.jpg
20200208,闵行,梅陇,理想的生活方式不需要奢华装饰，满五唯一楼层高可选择,400万,2室2厅 | 99.8平米 | 东南 | 简装 | 高楼层(共26层) | 1996年建 | 塔楼,https://image1.ljcdn.com/shfdfs-image/20170901/5560a35c-d73c-4f80-9d4e-754f4e1b3c8e.jpg.296x216.jpg
20200208,闵行,梅陇,2000年房龄+非顶楼+南北通+有车位+宽敞明亮采光无遮当,425万,2室2厅 | 100.55平米 | 南 | 精装 | 高楼层(共6层) | 2000年建 | 板楼,https://image1.ljcdn.com/310000-inspection/917cb9e6-fd66-4fb4-8dcc-f8616f070c17.jpg.296x216.jpg
20200208,闵行,梅陇,房子装修保养得好，采光好，通风好,206万,2室1厅 | 57.14平米 | 南 | 简装 | 高楼层(共6层) | 2000年建 | 板楼,https://image1.ljcdn.com/shfdfs-image/20170911/423d27e5-37de-46be-b9e4-8a130dee1212.jpg.296x216.jpg
20200208,闵行,梅陇,朝向好房型方正，位置安静，交通便利，单价低,620万,4室2厅 | 165.47平米 | 南 | 简装 | 低楼层(共26层) | 1996年建 | 塔楼,https://image1.ljcdn.com/310000-inspection/851a0a26-d203-40dd-89cd-5c68f802c004.jpg.296x216.jpg
20200208,闵行,梅陇,精美居家装修大一房，朝南大阳台，采光好，通风性好。,206万,1室1厅 | 57.16平米 | 南 | 简装 | 高楼层(共6层) | 2000年建 | 板楼,https://image1.ljcdn.com/shfdfs-image/20170914/38bbfef5-3907-4114-b1fd-86b8c351b82c.jpg.296x216.jpg
20200208,闵行,梅陇,梅陇一村正气小三房，得房率高，简装,285万,3室1厅 | 73.48平米 | 南 | 简装 | 高楼层(共6层) | 1991年建 | 板楼,https://image1.ljcdn.com/shfdfs-image/20180114/fcd618ef-de5b-4684-9889-84c2974c67a9.jpg.296x216.jpg
20200208,闵行,梅陇,虹梅佳苑+南北通三房+电梯中间楼层+单价低,650万,3室2厅 | 125.66平米 | 南 北 | 简装 | 高楼层(共17层) | 2004年建 | 板楼,https://image1.ljcdn.com/310000-inspection/0fc848e0-9b06-46dc-aec5-4b07da2949be.jpg.296x216.jpg
20200208,闵行,梅陇,梅陇一村南北两房，厅南北采光，楼层好,270万,2室1厅 | 60.36平米 | 南 | 简装 | 中楼层(共6层) | 1994年建 | 板楼,https://image1.ljcdn.com/shfdfs-image/20170208/3bfe448b-880e-4210-a450-a6a463d6c0da.jpg.296x216.jpg
20200208,闵行,梅陇,精装修2个卫生间  超大的厨房  卧室采光充足,470万,3室1厅 | 116平米 | 东 西 | 精装 | 高楼层(共6层) | 1996年建 | 板楼,https://image1.ljcdn.com/310000-inspection/7f247c5b-e546-4935-96e6-18adee658b1b.jpg.296x216.jpg
20200208,闵行,梅陇,西边套全明户型+经典三房+好楼层+中间位置不靠外环,510万,3室1厅 | 108.43平米 | 南 | 简装 | 低楼层(共6层) | 1998年建 | 板楼,https://image1.ljcdn.com/310000-inspection/test-90dbe48d-25c1-401d-8dbc-18091a832a4e.png.296x216.jpg
20200208,闵行,梅陇,梅陇一村高小户型  总价低  房型方正,188万,1室1厅 | 45.1平米 | 南 | 精装 | 高楼层(共6层) | 1988年建 | 板楼,https://image1.ljcdn.com/310000-inspection/21bb090c-aa5c-4e8f-9025-1061a7cbcd46.jpg.296x216.jpg
20200208,闵行,梅陇,此房满五唯一税费少总价低，双南全明户型，快来抢购吧房主自荐,290万,2室1厅 | 73.57平米 | 南 | 简装 | 高楼层(共6层) | 1995年建 | 板楼,https://image1.ljcdn.com/310000-inspection/prod-e52c4589-0fc6-4abb-a4bb-97f79e113980.jpg.296x216.jpg
20200208,闵行,梅陇,带大花园，小区位置好，满五唯一，近地铁1号线,869万,3室2厅 | 151.39平米 | 南 | 精装 | 低楼层(共11层) | 2001年建 | 板楼,https://image1.ljcdn.com/310000-inspection/pc1_ZYHXXKOil_1.jpg.296x216.jpg
20200208,闵行,梅陇,高区楼层，婚房装修，采光好视野广阔，,464万,2室2厅 | 88.2平米 | 南 | 精装 | 高楼层(共11层) | 2003年建 | 板楼,https://image1.ljcdn.com/shfdfs-image/20160924/a884e8f1-6570-46f1-9058-0cc997c19c53.jpg.296x216.jpg
20200208,闵行,梅陇,满五年税费少，户型南北明亮，居家装修交通便利,1266万,5室3厅 | 226.76平米 | 南 | 精装 | 高楼层(共11层) | 2001年建 | 板楼,https://image1.ljcdn.com/310000-inspection/cb7f317b-2371-4518-883c-924417867349.jpg.296x216.jpg
20200208,闵行,梅陇,城开珑庭 3室2厅 900万,900万,3室2厅 | 123平米 | 南 北 | 毛坯 | 高楼层(共26层) | 2013年建 | 板楼,https://image1.ljcdn.com/310000-inspection/566246b6-cb04-4506-868a-79d3afd2aff0.jpg.296x216.jpg
20200208,闵行,梅陇,嘉和2房2卫，位置优越，热闹商圈近莲花路地铁,630万,2室1厅 | 108.34平米 | 南 北 | 精装 | 高楼层(共6层) | 2000年建 | 板楼,https://image1.ljcdn.com/310000-inspection/rsp_pic_upload1b3da08b-00f5-4780-93fd-e65a845b4ff9.jpg.296x216.jpg
20200208,闵行,梅陇,外环内独栋精装别墅 采光充足 带车位 业主诚意出售,1500万,5室2厅 | 190.42平米 | 南 北 | 精装 | 2层 | 1994年建 | 板楼 | 联排别墅,https://image1.ljcdn.com/310000-inspection/dbf6a82b-1977-494e-8747-fdb9d36c3cdd.jpg.296x216.jpg
20200208,闵行,梅陇,未名园精装三房 位置安静 满五唯一 产权车位另售 诚售房主自荐,710万,3室2厅 | 134.68平米 | 南 北 | 精装 | 中楼层(共11层) | 2000年建 | 板楼,https://image1.ljcdn.com/310000-inspection/rsp_pic_uploada6f985a2-c936-4b9a-909a-b9959aaab3b7.jpg.296x216.jpg
20200208,闵行,梅陇,欧式建筑环境优美，近地铁1号莲花路站距离仅300米房主自荐,879万,4室2厅 | 175.99平米 | 南 北 | 精装 | 低楼层(共11层) | 2000年建 | 板楼,https://image1.ljcdn.com/310000-inspection/815828ea-11f6-4699-84c0-95886220ba14.jpg.296x216.jpg
20200208,闵行,梅陇,小区中间位置+南北对流两房+看房随时方便+业主诚意售,566万,2室2厅 | 90.41平米 | 南 | 精装 | 低楼层(共6层) | 2003年建 | 板楼,https://image1.ljcdn.com/310000-inspection/prod-576a924f-ee46-434a-87d1-2e4df1123c8c.jpg.296x216.jpg
20200208,闵行,梅陇,小区中间位置，全明户型，不靠马路，精装，带产权车位房主自荐,690万,3室1厅 | 90.75平米 | 南 北 | 精装 | 低楼层(共26层)  | 板楼,https://image1.ljcdn.com/310000-inspection/pc1_QNIpRSyNm_1.jpg.296x216.jpg
20200208,闵行,梅陇,满五唯一，精装修，户型正气，通透明亮,339万,2室2厅 | 85.7平米 | 南 | 精装 | 高楼层(共6层) | 1996年建 | 板楼,https://image1.ljcdn.com/shfdfs-image/20160702/29c51dfa-9ef9-41af-95d1-7fe18ea7648d.jpg.296x216.jpg
20200208,闵行,梅陇,户型方正，南北通，楼栋距宽，采光无遮挡.,820万,3室2厅 | 129.16平米 | 南 | 精装 | 低楼层(共12层) | 2001年建 | 板楼,https://image1.ljcdn.com/310000-inspection/627390f7-9d01-4491-ab67-8837269c2535.jpg.296x216.jpg
20200208,闵行,梅陇,罗阳七村(华宝小区) 3室1厅 370万,370万,3室1厅 | 77.22平米 | 南 | 简装 | 高楼层(共6层) | 1996年建 | 板楼,https://image1.ljcdn.com/310000-inspection/pc1_0crgd0VVw_1.jpg.296x216.jpg
