20200208,闵行,春申,五楼非顶楼，两房朝南，南北通，三阳台，预约可看必看好房,418万,3室2厅 | 100.94平米 | 南 | 简装 | 高楼层(共6层) | 2004年建 | 板楼,https://image1.ljcdn.com/310000-inspection/prod-683d9c29-3451-4c9c-b857-7e8430702b34.jpg.296x216.jpg
20200208,闵行,春申,【2+1经典大两房】【位置好楼层优采光棒】随时看房必看好房,360万,2室2厅 | 85.61平米 | 南 | 简装 | 中楼层(共6层) | 2004年建 | 板楼,https://image1.ljcdn.com/310000-inspection/prod-b46e6cfb-fcb9-4ce2-8632-d4704fb25ae0.jpg.296x216.jpg
20200208,闵行,春申,白玉兰户型，园中园位置安静，深得业主信任，看房方便必看好房,778万,3室2厅 | 138.37平米 | 南 | 精装 | 中楼层(共9层) | 2002年建 | 板楼,https://image1.ljcdn.com/310000-inspection/pc1_Pz232AkFC_1.jpg.296x216.jpg
20200208,闵行,春申,新出独特户型，双南两房，全明户型必看好房,332万,2室1厅 | 67.14平米 | 南 | 简装 | 高楼层(共6层) | 1996年建 | 板楼,https://image1.ljcdn.com/310000-inspection/pc1_8iybIhFZF_1.jpg.296x216.jpg
20200208,闵行,春申,位置安静，户型方正，全面格局，房东诚售必看好房,570万,3室2厅 | 118.01平米 | 南 | 精装 | 低楼层(共14层) | 2008年建 | 板楼,https://image1.ljcdn.com/310000-inspection/pc1_OtJULzS1B_1.jpg.296x216.jpg
20200208,闵行,春申,免增值税，中区楼层，视野无阻，业主诚售，全明2卫必看好房,500万,3室2厅 | 120.16平米 | 南 北 | 精装 | 中楼层(共11层) | 2013年建 | 板楼,https://image1.ljcdn.com/310000-inspection/pc1_3jGIrgOpK_1.jpg.296x216.jpg
20200208,闵行,春申,中间楼层，满五年唯一 税费少，车位充足，诚意出售！必看好房,335万,2室1厅 | 87.29平米 | 南 北 | 精装 | 中楼层(共6层) | 2000年建 | 板楼,https://image1.ljcdn.com/310000-inspection/pc1_kGaImSPUc_1.jpg.296x216.jpg
20200208,闵行,春申,就读闵实小~莘松 无户口 新房源 户型方正 位置安静必看好房,416万,2室1厅 | 77.03平米 | 南 北 | 简装 | 高楼层(共6层) | 1999年建 | 板楼,https://image1.ljcdn.com/310000-inspection/pc1_6iC9hmZ9o_1.jpg.296x216.jpg
20200208,闵行,春申,南北通两房 客厅大阳台 采光棒  精装 诚意出售必看好房,305万,2室1厅 | 66平米 | 南 北 | 精装 | 高楼层(共7层) | 1999年建 | 板楼,https://image1.ljcdn.com/310000-inspection/test-5c218453-faa5-4af9-8f97-ce546d85bd1b.png.296x216.jpg
20200208,闵行,春申,银河新都，采光好，视野开阔，精装修，生活方便必看好房,329万,2室1厅 | 67.57平米 | 南 | 精装 | 高楼层(共11层) | 2007年建 | 板楼,https://image1.ljcdn.com/310000-inspection/pc1_6UGoB1e7O_1.jpg.296x216.jpg
20200208,闵行,春申,高区带三个阳台大一房  业主出国急售 看房方便 税少必看好房,252万,1室1厅 | 54.28平米 | 南 | 简装 | 高楼层(共13层) | 2007年建 | 板楼,https://image1.ljcdn.com/310000-inspection/pc1_ZpZeKx0VC_1.jpg.296x216.jpg
20200208,闵行,春申,小区高层一梯两户视野开阔价格低诚意出售必看好房,238万,1室1厅 | 59.77平米 | 南 | 简装 | 高楼层(共11层) | 2011年建 | 板楼,https://image1.ljcdn.com/310000-inspection/pc1_0lzJok3pn_1.jpg.296x216.jpg
20200208,闵行,春申,小区位置安静，房型南北通，精装修两年的婚房装修必看好房,440万,2室2厅 | 88.86平米 | 南 | 精装 | 低楼层(共14层) | 2008年建 | 板楼,https://image1.ljcdn.com/310000-inspection/pc1_HpdyfSQNu_1.jpg.296x216.jpg
20200208,闵行,春申,独栋双南+稀有户型+中间楼层+有民额+急售必看好房,340万,2室1厅 | 67.14平米 | 南 | 精装 | 低楼层(共6层) | 1996年建 | 板楼,https://image1.ljcdn.com/310000-inspection/prod-ec782c48-7213-44df-9d75-b7ab23a02fc5.jpg.296x216.jpg
20200208,闵行,春申,银泰苑新挂两房 动迁且只有一套 税费少 装修好 诚意必看好房,343万,2室2厅 | 84.9平米 | 南 北 | 精装 | 高楼层(共11层) | 2009年建 | 板楼,https://image1.ljcdn.com/310000-inspection/pc1_gZ7REoibT_1.jpg.296x216.jpg
20200208,闵行,春申,非顶楼，原始南北两房，位置不靠路，诚意出售必看好房,199万,2室1厅 | 49.35平米 | 南 北 | 简装 | 高楼层(共6层) | 1995年建 | 板楼,https://image1.ljcdn.com/310000-inspection/pc1_OJcy0eW89_1.jpg.296x216.jpg
20200208,闵行,春申,满五年+全明+税少+到价签字+看房方便必看好房,275万,1室1厅 | 47.56平米 | 南 | 简装 | 高楼层(共6层) | 1996年建 | 板楼,https://image1.ljcdn.com/310000-inspection/pc1_a6Y3A8v0d_1.jpg.296x216.jpg
20200208,闵行,春申,虹景苑 1室1厅 235万必看好房,235万,1室1厅 | 59.51平米 | 南 | 简装 | 低楼层(共6层) | 2004年建 | 板楼,https://image1.ljcdn.com/310000-inspection/pc1_sFqaLWy3k_1.jpg.296x216.jpg
20200208,闵行,春申,安静位置，两房朝南，孝心楼层，满五唯一，诚意出售必看好房,265万,2室1厅 | 66.78平米 | 南 | 简装 | 低楼层(共6层) | 1995年建 | 板楼,https://image1.ljcdn.com/310000-inspection/pc1_PNeW0Y1PX_1.jpg.296x216.jpg
20200208,闵行,春申,税费少，拎包入住，业主诚意，户型正气必看好房,269万,3室1厅 | 73.56平米 | 南 | 简装 | 高楼层(共6层) | 2002年建 | 板楼,https://image1.ljcdn.com/310000-inspection/pc1_s1RbngqXz_1.jpg.296x216.jpg
20200208,闵行,春申,（链家好房）独栋大户型带车库 一楼老人房 无地下室必看好房,1690万,4室2厅 | 291.68平米 | 南 | 毛坯 | 2层 | 2005年建 | 板楼 | 独栋别墅,https://image1.ljcdn.com/310000-inspection/895eb2f4-82f5-4d8b-9e16-7d0d656bb086.jpg.296x216.jpg
20200208,闵行,春申,店长主推+精装中空带地暖+价格含车位+户型好双南房主自荐,735万,2室2厅 | 108.7平米 | 南 | 精装 | 中楼层(共14层) | 2011年建 | 板楼,https://image1.ljcdn.com/shfdfs-image/20170505/51ec4664-80da-4bf5-81d6-b9bf29cf69b9.jpg.296x216.jpg
20200208,闵行,春申,虹景苑 3室1厅 475万,475万,3室1厅 | 115.57平米 | 南 | 精装 | 中楼层(共6层) | 2003年建 | 板楼,https://image1.ljcdn.com/310000-inspection/test-5dcc4c30-2881-4a41-b896-0160533d85ad.png.296x216.jpg
20200208,闵行,春申,园林式小区精装大三房+税费少+拎包入住+高档品质,990万,3室2厅 | 144.76平米 | 南 | 精装 | 低楼层(共30层) | 2014年建 | 板楼,https://image1.ljcdn.com/310000-inspection/prod-ac5b0766-13f5-4e5c-b32f-9e705f68f12c.jpg.296x216.jpg
20200208,闵行,春申,上海春城顶楼复式，房型正气，采光很好。,1250万,4室2厅 | 193.94平米 | 南 | 精装 | 高楼层(共6层) | 2004年建 | 板楼,https://image1.ljcdn.com/310000-inspection/prod-bfa73333-f4d7-465f-8c9f-2ac66ae475c1.jpg.296x216.jpg
20200208,闵行,春申,春申景城MIDTOWN 3室2厅 1115万房主自荐,1115万,3室2厅 | 159.89平米 | 南 | 精装 | 低楼层(共30层) | 2014年建 | 板楼,https://image1.ljcdn.com/310000-inspection/prod-183733be-8c8e-4927-873a-bad7b8705404.jpg.296x216.jpg
20200208,闵行,春申,顶楼挑空复式附露台 出国诚意售 满五唯一视野开阔房主自荐,650万,4室2厅 | 211.85平米 | 南 | 精装 | 高楼层(共6层) | 2001年建 | 板楼,https://image1.ljcdn.com/310000-inspection/prod-313f6e94-b2a2-4e1c-9de5-7b46a9a0329f.jpg.296x216.jpg
20200208,闵行,春申,双南两房，户型方正，少税，目测30平花园，随时看房房主自荐,358万,2室1厅 | 63.27平米 | 南 | 简装 | 低楼层(共6层) | 1998年建 | 板楼,https://image1.ljcdn.com/310000-inspection/prod-8981a1cb-615a-4f9a-b9a9-600e6b9dafa0.jpg.296x216.jpg
20200208,闵行,春申,上海春城 新装修复式 两年新装 位置安静 品质住宅房主自荐,1190万,4室2厅 | 197.9平米 | 南 | 精装 | 低楼层(共9层) | 2000年建 | 板楼,https://image1.ljcdn.com/310000-inspection/prod-2c8636c4-e758-4f6a-81e6-476baa807368.jpg.296x216.jpg
20200208,闵行,春申,新出四房，诚意出售，到价可签字，中间楼层采光好。房主自荐,998万,4室2厅 | 151.62平米 | 南 | 精装 | 中楼层(共18层) | 2015年建 | 板楼,https://image1.ljcdn.com/310000-inspection/prod-eefc3690-e540-40f8-a13a-8cfd64521b21.jpg.296x216.jpg
20200208,闵行,春申,《好房推荐》景城南北户型+双卫，精装拎包入住+税少房主自荐,683万,2室2厅 | 106.82平米 | 南 北 | 精装 | 中楼层(共16层) | 2005年建 | 板楼,https://image1.ljcdn.com/310000-inspection/prod-2f0d4343-940f-4edb-9eb0-ea8e7397e56e.jpg.296x216.jpg
20200208,闵行,春申,银泰苑动迁房两房，户型正气。楼层位置好,355万,2室2厅 | 84.9平米 | 南 | 简装 | 低楼层(共11层) | 2009年建 | 板楼,https://image1.ljcdn.com/310000-inspection/pc1_Et9sCVfhk_1.jpg.296x216.jpg
20200208,闵行,春申,精装大四房+使用面积260平顶楼复式+满五唯一+产权车位,998万,4室2厅 | 130.35平米 | 南 | 精装 | 高楼层(共17层) | 2007年建 | 板楼,https://image1.ljcdn.com/310000-inspection/test-f36e4e07-b0fa-409f-943a-a4e9504f67bb.png.296x216.jpg
20200208,闵行,春申,银河新都，精装两房，高楼层，业主诚售,360万,2室1厅 | 76.3平米 | 南 | 精装 | 中楼层(共13层) | 2010年建 | 板楼,https://image1.ljcdn.com/310000-inspection/prod-fd23fbef-c083-4114-8728-61662b0ce415.jpg.296x216.jpg
20200208,闵行,春申,小区经典户型，两南一北户型方正，位置好，楼层佳,710万,3室2厅 | 139.99平米 | 南 | 精装 | 低楼层(共16层) | 2004年建 | 板楼,https://image1.ljcdn.com/310000-inspection/prod-e4e30abe-f805-403c-9e66-b7ce5ef51518.jpg.296x216.jpg
20200208,闵行,春申,【两年前装修】【双阳台双南】【采光好】【一梯两户】,345万,2室2厅 | 87.53平米 | 南 | 精装 | 高楼层(共6层) | 1995年建 | 板楼,https://image1.ljcdn.com/310000-inspection/prod-6495e046-ce07-4ea1-926a-27b048327cfc.jpg.296x216.jpg
20200208,闵行,春申,用心选房 银泰苑精装修两房 近地铁口双柏路 看房方便,360万,2室2厅 | 85平米 | 南 北 | 精装 | 中楼层(共9层) | 2011年建 | 板楼,https://image1.ljcdn.com/310000-inspection/pc1_96rbWke2m_1.jpg.296x216.jpg
20200208,闵行,春申,正气三房+满五年唯一+中间位置+下午六点后看房方便,305万,3室1厅 | 86.6平米 | 南 | 简装 | 高楼层(共6层) | 1997年建 | 板楼,https://image1.ljcdn.com/310000-inspection/prod-8b5c1b91-eaa4-4ae4-bdc5-ffbe0b90e4c2.png.296x216.jpg
20200208,闵行,春申,位置楼层不错，精装修，可以拎包入住，就读方便。,570万,2室2厅 | 87.95平米 | 南 | 精装 | 中楼层(共5层) | 2004年建 | 板楼,https://image1.ljcdn.com/310000-inspection/prod-44ae0b1d-7b5c-4a71-824f-74c090356ba9.jpg.296x216.jpg
20200208,闵行,春申,附带私家车位，满五税费少，飞机户型房型正，无遮挡,1080万,3室2厅 | 140.51平米 | 南 | 精装 | 高楼层(共14层) | 2011年建 | 板楼,https://image1.ljcdn.com/310000-inspection/prod-ded771e4-071c-4ef9-aa45-acec3a6baa4a.jpg.296x216.jpg
20200208,闵行,春申,五街坊新出边套全明大两房，三十万精装修！,360万,2室1厅 | 63.7平米 | 南 | 精装 | 低楼层(共6层) | 1998年建 | 板楼,https://image1.ljcdn.com/310000-inspection/prod-313bbc4c-b670-49c9-bb60-4699f99587ff.jpg.296x216.jpg
20200208,闵行,春申,动迁，免增值税，高区楼层，南北视野开阔，纯毛坯,419万,2室2厅 | 92.67平米 | 南 北 | 毛坯 | 高楼层(共11层) | 2013年建 | 板楼,https://image1.ljcdn.com/310000-inspection/pc1_uN8G6GxX0_1.jpg.296x216.jpg
20200208,闵行,春申,正气一房，采光好，动迁税少，产权清晰，诚意出售房主自荐,265万,1室1厅 | 62.94平米 | 南 | 毛坯 | 低楼层(共11层) | 2013年建 | 板楼,https://image1.ljcdn.com/310000-inspection/pc1_wnOzTfJna_1.jpg.296x216.jpg
20200208,闵行,春申,中城绿苑 3室2厅 755万,755万,3室2厅 | 115.02平米 | 南 | 精装 | 高楼层(共14层) | 2005年建 | 板楼,https://image1.ljcdn.com/310000-inspection/pc1_K5KCFEozn_1.jpg.296x216.jpg
20200208,闵行,春申,次新房，满五唯一精装修，双南两房，大润发对 面,555万,2室2厅 | 90.51平米 | 南 | 其他 | 低楼层(共19层) | 2010年建 | 板楼,https://image1.ljcdn.com/310000-inspection/pc1_CpFwT9DkO_1.jpg.296x216.jpg
20200208,闵行,春申,满五唯一，产权清晰，空中花园，业主诚意,578万,2室2厅 | 94.59平米 | 南 | 精装 | 低楼层(共11层) | 2004年建 | 板楼,https://image1.ljcdn.com/310000-inspection/pc1_IvtQtIhVI_1.jpg.296x216.jpg
20200208,闵行,春申,春申景城湖畔林语  南北通 万科物业 人车分流 带花园,738万,2室2厅 | 103.44平米 | 南 | 精装 | 低楼层(共17层) | 2007年建 | 板楼,https://image1.ljcdn.com/310000-inspection/prod-ff8068fc-c8f9-4d94-84e0-67e12e625a50.jpg.296x216.jpg
20200208,闵行,春申,前排无遮挡，大金空调带地暖，装修保养好可拎包入住房主自荐,849万,3室2厅 | 131平米 | 南 北 | 精装 | 低楼层(共21层) | 2015年建 | 板楼,https://image1.ljcdn.com/310000-inspection/prod-a7ea174b-17c6-408e-a3cd-49d59d31d19b.jpg.296x216.jpg
20200208,闵行,春申,纯商品房无个税 位置安静 南北双阳台 精装修 非顶楼房主自荐,338万,2室2厅 | 82.6平米 | 南 | 精装 | 高楼层(共6层) | 2000年建 | 板楼,https://image1.ljcdn.com/310000-inspection/pc1_Vr4gH61ZA_1.jpg.296x216.jpg
20200208,闵行,春申,此房一梯两户 边套全明 采光好 毛坯房 标准三房,409万,3室1厅 | 86.33平米 | 南 | 毛坯 | 中楼层(共6层) | 1998年建 | 板楼,https://image1.ljcdn.com/310000-inspection/pc1_q66peyQ80_1.jpg.296x216.jpg
20200208,闵行,春申,两房朝南采光佳，交通出行方便，随时看房.,450万,2室2厅 | 82平米 | 南 | 毛坯 | 中楼层(共19层) | 2011年建 | 板楼,https://image1.ljcdn.com/310000-inspection/pc1_kjqpxGAwa_1.jpg.296x216.jpg
20200208,闵行,春申,正气南北通，好楼层，采光足，动迁税少，产权清晰房主自荐,520万,3室2厅 | 119平米 | 南 | 毛坯 | 高楼层(共11层) | 2013年建 | 板楼,https://image1.ljcdn.com/310000-inspection/pc1_Zo2egQBRj_1.jpg.296x216.jpg
20200208,闵行,春申,《荐》楼下花园+高区视野+地暖+满五唯一+有车位,673万,2室1厅 | 96.89平米 | 南 北 | 简装 | 中楼层(共17层) | 2005年建 | 板楼,https://image1.ljcdn.com/310000-inspection/pc1_oEbLHUTZp_1.jpg.296x216.jpg
20200208,闵行,春申,中城绿苑  正气三房  一梯两户 景观位置   背靠公园,735万,3室2厅 | 115平米 | 南 | 精装 | 低楼层(共14层) | 2005年建 | 板楼,https://image1.ljcdn.com/310000-inspection/pc1_0kGIErZxt_1.jpg.296x216.jpg
20200208,闵行,春申,《好房推荐》+景城南北+两个卫生间+有车位+满五唯一房主自荐,695万,2室2厅 | 106.81平米 | 南 | 精装 | 低楼层(共15层) | 2005年建 | 板楼,https://image1.ljcdn.com/310000-inspection/pc1_lQgcV4jnY_1.jpg.296x216.jpg
20200208,闵行,春申,采光好 通风好  位置不靠路 南北双阳台 纯商品房小区,375万,2室2厅 | 83.16平米 | 南 | 精装 | 中楼层(共6层) | 2000年建 | 板楼,https://image1.ljcdn.com/310000-inspection/pc1_c7UegEfg3_1.jpg.296x216.jpg
20200208,闵行,春申,春申景城湖滨晨韵 2室2厅 656万房主自荐,656万,2室2厅 | 106.23平米 | 南 | 精装 | 高楼层(共17层) | 2005年建 | 板楼,https://image1.ljcdn.com/310000-inspection/pc1_q4LNnAZ9x_1.jpg.296x216.jpg
20200208,闵行,春申,带产权车位，精装三房复式，房型正气，采光好,1050万,3室3厅 | 179.34平米 | 南 | 精装 | 高楼层(共11层) | 2002年建 | 板楼,https://image1.ljcdn.com/310000-inspection/pc1_RmjKzM6bn_1.jpg.296x216.jpg
20200208,闵行,春申,小区安静位置，户型正气，诚意出售，看房方便,718万,3室2厅 | 111.25平米 | 南 | 简装 | 低楼层(共10层) | 2002年建 | 板楼,https://image1.ljcdn.com/310000-inspection/pc1_l9v65a6ka_1.jpg.296x216.jpg
20200208,闵行,春申,非顶楼，全天采光无遮挡，诚意卖，随时可以签字,520万,3室2厅 | 131.76平米 | 南 | 简装 | 高楼层(共6层) | 2001年建 | 板楼,https://image1.ljcdn.com/310000-inspection/pc1_GZEjT4yG8_1.jpg.296x216.jpg
20200208,闵行,春申,四期中间楼层大三房，房型正气装修好，诚意出售！,529万,3室2厅 | 118平米 | 南 北 | 精装 | 中楼层(共6层) | 2007年建 | 板楼,https://image1.ljcdn.com/310000-inspection/prod-4bddba7d-a72f-4847-93e6-5cd80defc519.jpg.296x216.jpg
20200208,闵行,春申,《荐》面湖而立+高区俯瞰湖景+视野好+税费少+有车位,738万,2室2厅 | 103.6平米 | 南 | 精装 | 高楼层(共17层) | 2007年建 | 板楼,https://image1.ljcdn.com/310000-inspection/prod-54a38993-8b66-46a7-b8a4-a2837b1ccfdb.jpg.296x216.jpg
20200208,闵行,春申,春申景城湖滨晨韵 1室1厅 459万,459万,1室1厅 | 55.62平米 | 南 | 简装 | 高楼层(共17层) | 2005年建 | 板楼,https://image1.ljcdn.com/310000-inspection/pc1_DzG3YxMrE_1.jpg.296x216.jpg
20200208,闵行,春申,普乐三村双南两房 房型正气 楼层好位置好 诚意出售房主自荐,269万,2室1厅 | 69.8平米 | 南 | 简装 | 中楼层(共6层) | 1996年建 | 板楼,https://image1.ljcdn.com/310000-inspection/prod-4bddea06-794b-45f7-b5fc-2a0a6acfeea0.jpg.296x216.jpg
20200208,闵行,春申,【2008年房龄】【2楼南北两房两厅】【位置好】,386万,2室2厅 | 92.81平米 | 南 | 毛坯 | 低楼层(共6层) | 2008年建 | 板楼,https://image1.ljcdn.com/310000-inspection/prod-23fbbebf-d827-4534-823e-a2db85410ecb.jpg.296x216.jpg
20200208,闵行,春申,精装修三房，小区中，央，业主诚意出售，随时可以看房主自荐,770万,3室2厅 | 131.95平米 | 南 北 | 精装 | 中楼层(共11层) | 2004年建 | 板楼,https://image1.ljcdn.com/310000-inspection/test-d3887342-9dc9-418f-be4e-96f483e5ba30.png.296x216.jpg
20200208,闵行,春申,春城大三房南北直通 税费少 小区中间位置 诚意出售房主自荐,768万,3室2厅 | 126.08平米 | 南 | 精装 | 高楼层(共9层) | 2002年建 | 板楼,https://image1.ljcdn.com/310000-inspection/test-4acf3485-01d7-44b6-b22d-fd90e5bd0e79.png.296x216.jpg
20200208,闵行,春申,一梯两户 南北通透两房   采光好  通风好 免增值税房主自荐,228万,2室1厅 | 62.11平米 | 南 北 | 简装 | 高楼层(共6层) | 1995年建 | 板楼,https://image1.ljcdn.com/310000-inspection/pc1_de3eWQRdb_1.jpg.296x216.jpg
20200208,闵行,春申,笋盘推荐；南北精装三房，位置安静，拎包入住。房主自荐,940万,3室2厅 | 143平米 | 南 | 精装 | 低楼层(共30层) | 2014年建 | 板楼,https://image1.ljcdn.com/310000-inspection/prod-c96b28a1-212e-470f-a8a6-02c6c599dcd7.jpg.296x216.jpg
20200208,闵行,春申,有学+动迁税少+满五年唯一+高层低价好房房主自荐,335万,2室1厅 | 69.5平米 | 南 北 | 精装 | 高楼层(共6层) | 1996年建 | 板楼,https://image1.ljcdn.com/310000-inspection/prod-d73970c6-98f0-4428-9042-702f05972b6f.jpg.296x216.jpg
20200208,闵行,春申,南北双阳台 户型通透 居中位置  视野开阔  看房随时房主自荐,327万,2室2厅 | 82.6平米 | 南 | 简装 | 高楼层(共6层) | 2002年建 | 板楼,https://image1.ljcdn.com/310000-inspection/pc1_Efa5LkLPv_1.jpg.296x216.jpg
20200208,闵行,春申,边套全明，居家两室，小区门口大润发班车,323万,2室1厅 | 70.85平米 | 南 | 精装 | 低楼层(共10层) | 2006年建 | 板楼,https://image1.ljcdn.com/310000-inspection/pc1_dsAuGbxra_1.jpg.296x216.jpg
20200208,闵行,春申,带超大阳台！露台！储藏室！中间位置，前后无遮挡！！,576万,3室2厅 | 130.58平米 | 南 | 简装 | 低楼层(共11层) | 2004年建 | 板楼,https://image1.ljcdn.com/310000-inspection/pc1_BHbihFlbo_1.jpg.296x216.jpg
20200208,闵行,春申,好楼层，户型方正，满五税少，总价低房主自荐,295万,1室1厅 | 50.79平米 | 南 | 精装 | 中楼层(共6层) | 1998年建 | 板楼,https://image1.ljcdn.com/310000-inspection/prod-305e82af-4679-486b-906d-e1f9f17ca9f3.jpg.296x216.jpg
20200208,闵行,春申,银泰苑新增三房房东诚意出售看房提前约房主自荐,450万,3室2厅 | 121.46平米 | 南 | 毛坯 | 低楼层(共9层) | 2011年建 | 板楼,https://image1.ljcdn.com/310000-inspection/pc1_1ZAxUhyGU_1.jpg.296x216.jpg
20200208,闵行,春申,此房位置好，装修保养好，业主置换诚意出售,638万,3室2厅 | 100平米 | 南 | 精装 | 低楼层(共21层) | 2015年建 | 板楼,https://image1.ljcdn.com/310000-inspection/pc1_BkWtYCgdV_1.jpg.296x216.jpg
20200208,闵行,春申,次新房高区，南北通透，有产权车库，诚意出售。,510万,3室2厅 | 85平米 | 南 北 | 简装 | 中楼层(共19层) | 2011年建 | 板楼,https://image1.ljcdn.com/310000-inspection/pc1_ZcDUadWfc_1.jpg.296x216.jpg
20200208,闵行,春申,一手动迁精装电梯房，税少，近15号线，配套齐全,385万,2室2厅 | 87.34平米 | 南 北 | 精装 | 低楼层(共13层) | 2013年建 | 板楼,https://image1.ljcdn.com/310000-inspection/pc1_CmFUHOoHq_1.jpg.296x216.jpg
20200208,闵行,春申,店长推荐，紧缺南北通全明户型，开放式厨房，精装修,668万,2室2厅 | 97.28平米 | 南 | 精装 | 高楼层(共17层) | 2005年建 | 板楼,https://image1.ljcdn.com/310000-inspection/pc1_mNqo34tq7_1.jpg.296x216.jpg
20200208,闵行,春申,中海精装小三房，带地暖，位置安静。,680万,3室2厅 | 99.98平米 | 南 | 精装 | 低楼层(共18层) | 2015年建 | 板楼,https://image1.ljcdn.com/310000-inspection/pc1_RUJRtPmjM_1.jpg.296x216.jpg
20200208,闵行,春申,【清晨的一缕阳光】南北通 主卧带八角飘窗 两房朝南房主自荐,769万,3室2厅 | 116.01平米 | 南 北 | 精装 | 低楼层(共17层) | 2005年建 | 板楼,https://image1.ljcdn.com/310000-inspection/pc1_6kfIavRU9_1.jpg.296x216.jpg
20200208,闵行,春申,动迁房免增值税 小区安静位置，不靠高压，南北通户型,379万,2室2厅 | 92.67平米 | 南 | 毛坯 | 低楼层(共11层) | 2013年建 | 板楼,https://image1.ljcdn.com/310000-inspection/pc1_MGopMKZmz_1.jpg.296x216.jpg
20200208,闵行,春申,都市宜家苑 2室2厅 375万,375万,2室2厅 | 88.01平米 | 南 | 精装 | 低楼层(共6层) | 2004年建 | 板楼,https://image1.ljcdn.com/310000-inspection/pc1_VWXxlGkzM_1.jpg.296x216.jpg
20200208,闵行,春申,上海春城 3室2厅 818万,818万,3室2厅 | 132.38平米 | 南 | 精装 | 低楼层(共10层) | 2004年建 | 板楼,https://image1.ljcdn.com/310000-inspection/pc1_NX3ABm9ck_1.jpg.296x216.jpg
20200208,闵行,春申,此房本满二年 税费少 小区景观位置 精装修保养好,1770万,4室2厅 | 248.17平米 | 南 北 | 精装 | 低楼层(共25层) | 2015年建 | 板楼,https://image1.ljcdn.com/310000-inspection/pc1_8RxWWJckB_1.jpg.296x216.jpg
20200208,闵行,春申,大露台，空中别墅，业主急售，满五唯一，店长力荐,550万,4室3厅 | 153.55平米 | 南 | 简装 | 高楼层(共6层) | 2004年建 | 板楼,https://image1.ljcdn.com/310000-inspection/pc1_MxBBssMoF_1.jpg.296x216.jpg
20200208,闵行,春申,【复式】【阁楼】【采光好】【随时看房】,637万,4室2厅 | 187.46平米 | 南 | 简装 | 高楼层(共6层) | 2002年建 | 板楼,https://image1.ljcdn.com/310000-inspection/prod-60131c5f-2b9a-4d6b-b545-4f5555ab31e2.jpg.296x216.jpg
20200208,闵行,春申,电梯双南两房 满五唯一 税费少 人车半分流 厨卫全明,640万,2室2厅 | 92.53平米 | 南 | 简装 | 中楼层(共17层) | 2007年建 | 板楼,https://image1.ljcdn.com/310000-inspection/pc1_g8UtS7016_1.jpg.296x216.jpg
20200208,闵行,春申,精装修  高楼层两房，采光充足，通风性好,365万,2室1厅 | 85.13平米 | 南 北 | 精装 | 高楼层(共9层) | 2009年建 | 板楼,https://image1.ljcdn.com/310000-inspection/pc1_1QXjZMd3T_1.jpg.296x216.jpg
20200208,闵行,春申,非底楼双南户型 采光好位置安静 税费低,263万,2室1厅 | 63.22平米 | 南 | 简装 | 低楼层(共6层) | 1995年建 | 板楼,https://image1.ljcdn.com/310000-inspection/pc1_Nh9OgPBj4_1.jpg.296x216.jpg
20200208,闵行,春申,临地铁，临菜场，楼层好，采光好，户型正，诚意出售房主自荐,259万,1室1厅 | 60.5平米 | 南 | 精装 | 中楼层(共11层) | 2011年建 | 板楼,https://image1.ljcdn.com/310000-inspection/pc1_wV21Q3S9K_1.jpg.296x216.jpg
20200208,闵行,春申,中城中层一房+精装修+厨卫全明+采光通风好+看方便利,368万,1室1厅 | 52.59平米 | 南 | 精装 | 中楼层(共11层) | 2005年建 | 板楼,https://image1.ljcdn.com/310000-inspection/pc1_ymeeERUge_1.jpg.296x216.jpg
20200208,闵行,春申,双南户型 房型正气 满五年唯一 急卖！！随时看房,240万,2室1厅 | 64平米 | 南 | 简装 | 高楼层(共6层) | 1994年建 | 板楼,https://image1.ljcdn.com/310000-inspection/prod-a2378b7e-5d73-4ddc-a668-f3830e45f9da.jpg.296x216.jpg
20200208,闵行,春申,中城绿苑 2室2厅 530万房主自荐,530万,2室2厅 | 85.96平米 | 南 | 精装 | 低楼层(共14层) | 2005年建 | 板楼,https://image1.ljcdn.com/310000-inspection/prod-2d522ddd-cf08-4a4c-9a43-5eb43a804277.jpg.296x216.jpg
20200208,闵行,春申,中城景观房+厨卫全明+南北双阳台+近莘庄地铁+诚售,528万,2室2厅 | 85.94平米 | 南 | 简装 | 中楼层(共14层) | 2005年建 | 板楼,https://image1.ljcdn.com/310000-inspection/prod-f961f722-9bb8-4b8c-ab48-37c41559557c.jpg.296x216.jpg
20200208,闵行,春申,银泰苑毛坯三房楼层位置好采光充足房主自荐,479万,3室2厅 | 120.83平米 | 南 北 | 毛坯 | 高楼层(共11层) | 2011年建 | 板楼,https://image1.ljcdn.com/310000-inspection/prod-a86b8c3b-c1dd-4161-a97c-ec2a6e5c24ae.jpg.296x216.jpg
20200208,闵行,春申,店长推荐带花园大三房，税少各付，湖景房,820万,3室2厅 | 127.67平米 | 南 | 精装 | 低楼层(共16层) | 2005年建 | 板楼,https://image1.ljcdn.com/310000-inspection/prod-14fe3040-b3f7-409b-9dee-cb48a4f1e663.jpg.296x216.jpg
20200208,闵行,春申,业主自住装修南北两房，总价低，中~央空调，新风系统,286万,2室1厅 | 72.1平米 | 南 北 | 精装 | 低楼层(共10层) | 2007年建 | 板楼,https://image1.ljcdn.com/310000-inspection/prod-0d8a3139-e806-4c27-b90e-d0d395ba571c.jpg.296x216.jpg
20200208,闵行,春申,华唐苑 2室2厅 398万,398万,2室2厅 | 93.73平米 | 南 | 简装 | 高楼层(共6层) | 2002年建 | 板楼,https://image1.ljcdn.com/310000-inspection/pc1_a1lhm2KMN_1.jpg.296x216.jpg
20200208,闵行,春申,源梦苑 3室2厅 585万,585万,3室2厅 | 127.19平米 | 南 | 简装 | 高楼层(共6层) | 2002年建 | 板楼,https://image1.ljcdn.com/310000-inspection/pc1_WwgU1j68C_1.jpg.296x216.jpg
20200208,闵行,春申,边套南北通、双阳台、楼层好、采光好、位置安静,309万,1室2厅 | 59.42平米 | 暂无数据 | 简装 | 低楼层(共6层) | 2011年建 | 板楼,https://image1.ljcdn.com/310000-inspection/test-32f83da0-a51c-4427-9a32-4eab18a7feca.png.296x216.jpg
20200208,闵行,春申,上海春城 南北两房 满二 买进价格高 增税税少诚意出售,610万,2室2厅 | 104.27平米 | 南 | 简装 | 中楼层(共17层) | 2004年建 | 板楼,https://image1.ljcdn.com/310000-inspection/prod-50a69d8e-a9b7-414c-b324-841e382e039e.jpg.296x216.jpg
20200208,闵行,春申,2014年一手买入，南北通户型，采光通风好，诚意出售,425万,2室2厅 | 81.93平米 | 南 | 精装 | 高楼层(共6层) | 2011年建 | 板楼,https://image1.ljcdn.com/310000-inspection/prod-c5476621-0899-4d4d-ac7d-90638793d37a.jpg.296x216.jpg
20200208,闵行,春申,银河新都 1室1厅 251万房主自荐,251万,1室1厅 | 54.15平米 | 南 | 毛坯 | 低楼层(共13层) | 2010年建 | 板楼,https://image1.ljcdn.com/310000-inspection/prod-b32b7f80-64f3-4e96-9b62-94de55404de3.jpg.296x216.jpg
20200208,闵行,春申,4楼中间楼层 婚房装修 保养得当 采光好 出行便利房主自荐,241万,1室1厅 | 56.37平米 | 南 | 精装 | 中楼层(共6层) | 1995年建 | 板楼,https://image1.ljcdn.com/310000-inspection/prod-f2ba9719-6106-4383-9b07-e4d80d2693b9.jpg.296x216.jpg
20200208,闵行,春申,南北通格局+飞机户型+湖景位置+附带产权车位，看泳池,1173万,3室2厅 | 154.5平米 | 南 | 精装 | 高楼层(共25层) | 2011年建 | 板楼,https://image1.ljcdn.com/310000-inspection/pc1_97In4ezOU_1.jpg.296x216.jpg
20200208,闵行,春申,店长推荐，顶楼大复式湖景房，大露台,1320万,5室3厅 | 206.14平米 | 南 | 精装 | 高楼层(共17层) | 2005年建 | 板楼,https://image1.ljcdn.com/310000-inspection/pc1_yGqg7ruEs_1.jpg.296x216.jpg
20200208,闵行,春申,中间楼层 双南双阳台 客厅有采光窗 随时可看 无遮挡,293万,2室1厅 | 75平米 | 南 | 简装 | 中楼层(共6层) | 1996年建 | 板楼,https://image1.ljcdn.com/310000-inspection/prod-f95b2193-2b3a-4c84-a470-de13a89c02db.jpg.296x216.jpg
20200208,闵行,春申,西边套 大两房 一梯三户 看房随时房主自荐,335万,2室2厅 | 88.15平米 | 南 | 简装 | 中楼层(共6层) | 1995年建 | 板楼,https://image1.ljcdn.com/310000-inspection/prod-cc5ecfbd-da09-4a91-9bc9-7d8082118246.jpg.296x216.jpg
20200208,闵行,春申,现在诚意出售 双南二房 房型正气 居家装修  非顶楼,280万,2室1厅 | 73.56平米 | 南 | 精装 | 高楼层(共6层) | 2002年建 | 板楼,https://image1.ljcdn.com/310000-inspection/prod-f09d6b6f-95b0-4247-821b-5b3abaabd183.jpg.296x216.jpg
20200208,闵行,春申,此房南北格局，一手动迁，不靠路， 看房方便,345万,2室1厅 | 77.01平米 | 南 北 | 简装 | 低楼层(共13层) | 2007年建 | 板楼,https://image1.ljcdn.com/310000-inspection/prod-15b74c36-8c02-4d60-a475-80ae3152c20c.jpg.296x216.jpg
20200208,闵行,春申,南北通透格局+视野开阔+高楼层采光好+一手动迁,396万,2室1厅 | 86.21平米 | 南 北 | 精装 | 高楼层(共12层) | 2010年建 | 板楼,https://image1.ljcdn.com/310000-inspection/pc1_CCTA0thAB_1.jpg.296x216.jpg
20200208,闵行,春申,温馨舒适一房  精装修拎包入住 位置安静,203万,1室1厅 | 48.68平米 | 南 | 精装 | 高楼层(共6层) | 1995年建 | 板楼,https://image1.ljcdn.com/310000-inspection/pc1_wiwjx2N24_1.jpg.296x216.jpg
20200208,闵行,春申,非顶楼，纯商品小区，二期精装，店长推荐,353万,2室2厅 | 87.31平米 | 南 | 精装 | 高楼层(共6层) | 2002年建 | 板楼,https://image1.ljcdn.com/310000-inspection/pc1_PYIq1ZOXQ_1.jpg.296x216.jpg
20200208,闵行,春申,店长推荐南北通透，精装修双卫大两房，楼层好位置佳,698万,2室2厅 | 106.43平米 | 南 北 | 精装 | 中楼层(共17层) | 2005年建 | 板楼,https://image1.ljcdn.com/310000-inspection/pc1_ynswqxGWp_1.jpg.296x216.jpg
20200208,闵行,春申,中冶锦城 1室1厅 276万,276万,1室1厅 | 62.89平米 | 南 | 精装 | 中楼层(共11层) | 2013年建 | 板楼,https://image1.ljcdn.com/310000-inspection/pc1_m9b0tAjCr_1.jpg.296x216.jpg
20200208,闵行,春申,薇馨家园 2室1厅 320万,320万,2室1厅 | 83.07平米 | 南 | 其他 | 高楼层(共6层) | 1994年建 | 板楼,https://image1.ljcdn.com/310000-inspection/pc1_zqeuZf8XZ_1.jpg.296x216.jpg
20200208,闵行,春申,上海春城 2室2厅 630万房主自荐,630万,2室2厅 | 112.83平米 | 南 | 精装 | 中楼层(共17层) | 2004年建 | 板楼,https://image1.ljcdn.com/310000-inspection/prod-010b54cb-f26e-4cf0-96bc-82d86632b15c.jpg.296x216.jpg
20200208,闵行,春申,采光通透，户型正气，南北格局，配套设施齐全,459万,2室2厅 | 94.57平米 | 南 | 简装 | 低楼层(共14层) | 2008年建 | 板楼,https://image1.ljcdn.com/310000-inspection/prod-714667b0-bf3c-4db0-8e2d-fe1f6510361f.jpg.296x216.jpg
20200208,闵行,春申,徐汇芳邻 两房两厅带阁楼 诚心出售 价可谈,398万,2室2厅 | 96.2平米 | 暂无数据 | 简装 | 高楼层(共6层) | 2002年建 | 板楼,https://image1.ljcdn.com/310000-inspection/prod-03632db1-b80b-4973-9a02-bd27816749d6.jpg.296x216.jpg
20200208,闵行,春申,次新小区，房型正气，一楼带花园，适宜三代人居住,508万,3室2厅 | 111.83平米 | 南 | 简装 | 低楼层(共14层) | 2008年建 | 板楼,https://image1.ljcdn.com/310000-inspection/prod-8445fe7d-a39b-4b64-9673-bed75bcff037.jpg.296x216.jpg
20200208,闵行,春申,上海春城高区二房，采光视野好。房主自荐,569万,2室2厅 | 93.33平米 | 南 | 简装 | 中楼层(共17层) | 2003年建 | 板楼,https://image1.ljcdn.com/310000-inspection/pc1_Pu7nIY65v_1.jpg.296x216.jpg
20200208,闵行,春申,少有南北通大两房，边套全明+产权车位，业主诚意出售,758万,2室2厅 | 109.88平米 | 南 北 | 精装 | 中楼层(共17层) | 2007年建 | 板楼,https://image1.ljcdn.com/310000-inspection/pc1_M6fuU6dHF_1.jpg.296x216.jpg
20200208,闵行,春申,【诚意！景观楼层 总价低 位置好  户型正气】,349万,2室2厅 | 92.17平米 | 南 | 精装 | 高楼层(共6层) | 2001年建 | 板楼,https://image1.ljcdn.com/310000-inspection/pc1_s4S1tqv76_1.jpg.296x216.jpg
20200208,闵行,春申,中海寰宇天下 4室2厅 930万,930万,4室2厅 | 150.74平米 | 南 | 精装 | 低楼层(共18层) | 2015年建 | 板楼,https://image1.ljcdn.com/310000-inspection/pc1_707cnx3iZ_1.jpg.296x216.jpg
20200208,闵行,春申,采光通风好 南北通 视野开阔 得房率高 大三房房主自荐,429万,3室2厅 | 100.64平米 | 南 | 简装 | 高楼层(共6层) | 2004年建 | 板楼,https://image1.ljcdn.com/310000-inspection/pc1_ktpFQko3f_1.jpg.296x216.jpg
20200208,闵行,春申,精装两年  温馨一房 采光充足 视野开阔房主自荐,161万,1室1厅 | 36.08平米 | 南 | 精装 | 高楼层(共6层) | 1998年建 | 板楼,https://image1.ljcdn.com/310000-inspection/prod-0f0f406d-190c-49f3-abc9-9fc203ac7a26.jpg.296x216.jpg
20200208,闵行,春申,蔷薇新村 2室2厅 340万,340万,2室2厅 | 90.65平米 | 南 北 | 简装 | 高楼层(共6层) | 1995年建 | 板楼,https://image1.ljcdn.com/310000-inspection/prod-2c5578b2-f47c-4bb6-ab20-3e1503f1298d.jpg.296x216.jpg
20200208,闵行,春申,纯商品小区 ，店长推荐，南北通透，户型好两南一北,440万,3室2厅 | 116.01平米 | 南 北 | 简装 | 高楼层(共6层) | 2000年建 | 板楼,https://image1.ljcdn.com/310000-inspection/prod-c91e907c-535d-4561-96fb-2f54595cd4e6.jpg.296x216.jpg
20200208,闵行,春申,《优》二期中间位置，精装修拎包入住+有产权车位,665万,2室2厅 | 93.22平米 | 南 | 精装 | 中楼层(共17层) | 2007年建 | 板楼,https://image1.ljcdn.com/310000-inspection/prod-cc577812-eb4e-4c65-8158-ea9f49671686.jpg.296x216.jpg
20200208,闵行,春申,俯瞰湖景+天然氧吧+满五唯一+装修好,850万,3室2厅 | 116.6平米 | 南 北 | 精装 | 中楼层(共17层) | 2005年建 | 板楼,https://image1.ljcdn.com/310000-inspection/pc1_xHFIMry82_1.jpg.296x216.jpg
20200208,闵行,春申,动迁房满五 税费少 中楼层采光好 有车位 南北通透,405万,2室2厅 | 81.34平米 | 南 北 | 精装 | 中楼层(共7层) | 1999年建 | 板楼,https://image1.ljcdn.com/310000-inspection/test-7beedff0-8554-4d35-bee7-0babe12a5221.png.296x216.jpg
20200208,闵行,春申,两房户型 中楼层 采光好 通风好 厨卫全明,215万,2室1厅 | 51.64平米 | 南 北 | 精装 | 中楼层(共6层) | 1998年建 | 板楼,https://image1.ljcdn.com/310000-inspection/prod-9d0f22cf-2d56-4c7f-974d-95b161f49b76.jpg.296x216.jpg
20200208,闵行,春申,中间楼层，不靠路，西边套，大一房，看房方便,218万,1室1厅 | 53.55平米 | 南 | 简装 | 中楼层(共6层) | 1995年建 | 板楼,https://image1.ljcdn.com/310000-inspection/pc1_uzaOn8gPO_1.jpg.296x216.jpg
20200208,闵行,春申,三开间朝南户型；带景观大阳台，拎包入住，高区视野好房主自荐,758万,2室2厅 | 107平米 | 南 | 精装 | 高楼层(共30层) | 2014年建 | 板楼,https://image1.ljcdn.com/310000-inspection/prod-d9b23ff9-3579-429d-98ff-a677bbb04d33.jpg.296x216.jpg
20200208,闵行,春申,满五唯一 自住新装修 边套全明 户型方正 视野开阔,269万,2室1厅 | 67.56平米 | 南 | 精装 | 高楼层(共6层) | 1994年建 | 板楼,https://image1.ljcdn.com/310000-inspection/prod-0350e665-c0ff-4577-9cda-dfc970bf3a60.jpg.296x216.jpg
20200208,闵行,春申,春申景城  南北通 万科物业 人车分流 带花园,699万,2室2厅 | 117.59平米 | 南 | 精装 | 低楼层(共17层) | 2007年建 | 板楼,https://image1.ljcdn.com/310000-inspection/pc1_6N01ys0YI_1.jpg.296x216.jpg
20200208,闵行,春申,双南户型  采光充足  不靠高架  主卧带阳台 非顶楼,323万,3室1厅 | 80.69平米 | 南 | 简装 | 高楼层(共6层) | 1995年建 | 板楼,https://image1.ljcdn.com/310000-inspection/pc1_A2ymXOGL4_1.jpg.296x216.jpg
20200208,闵行,春申,巴厘岛风情，景观位置，南北透，税费少！,920万,3室2厅 | 137.45平米 | 南 | 精装 | 低楼层(共25层) | 2011年建 | 板楼,https://image1.ljcdn.com/310000-inspection/pc1_k48SaaqiF_1.jpg.296x216.jpg
20200208,闵行,春申,湖景位置+装修好+采光无遮挡+房型好,660万,2室2厅 | 98.16平米 | 南 | 简装 | 低楼层(共17层) | 2005年建 | 板楼,https://image1.ljcdn.com/310000-inspection/pc1_4vg3OX7Aa_1.jpg.296x216.jpg
20200208,闵行,春申,房子满五年唯一，采光无遮挡，视野开阔，大复式房主自荐,630万,4室2厅 | 182.65平米 | 南 北 | 简装 | 高楼层(共6层) | 2003年建 | 板楼,https://image1.ljcdn.com/310000-inspection/pc1_m8WX2uLGA_1.jpg.296x216.jpg
20200208,闵行,春申,【中间楼层南北两房两卫大户型，一手动迁，诚意看】,381万,2室2厅 | 100.03平米 | 南 | 简装 | 中楼层(共6层) | 2001年建 | 板楼,https://image1.ljcdn.com/310000-inspection/pc1_k6opHHy6m_1.jpg.296x216.jpg
20200208,闵行,春申,中城绿苑，南北两房 满五唯一 产权清晰，业主诚售,543万,2室1厅 | 85.65平米 | 南 北 | 简装 | 中楼层(共14层) | 2005年建 | 板楼,https://image1.ljcdn.com/310000-inspection/pc1_udHAu7hfW_1.jpg.296x216.jpg
20200208,闵行,春申,满五年唯一 全明户型 楼层好 位置安静 通风好,303万,3室1厅 | 76.02平米 | 南 | 简装 | 中楼层(共6层) | 1995年建 | 板楼,https://image1.ljcdn.com/310000-inspection/pc1_oJ49KcEdf_1.jpg.296x216.jpg
20200208,闵行,春申,【空中花园】【大复式】【挑空厅改造空间大】,459万,4室2厅 | 122.97平米 | 南 | 简装 | 高楼层(共6层) | 2004年建 | 板楼,https://image1.ljcdn.com/310000-inspection/prod-4f774d24-6403-459e-9f71-69dd931fc0c9.png.296x216.jpg
20200208,闵行,春申,双南两房，户型方正，满五唯一，居家自住，采光好,330万,2室1厅 | 68.09平米 | 南 | 其他 | 高楼层(共6层) | 1998年建 | 板楼,https://image1.ljcdn.com/310000-inspection/pc1_slxVvQXmi_1.jpg.296x216.jpg
20200208,闵行,春申,绿地春申花园 2室2厅 666万,666万,2室2厅 | 101.89平米 | 南 | 精装 | 中楼层(共5层) | 2003年建 | 板楼,https://image1.ljcdn.com/310000-inspection/pc1_PdZBYpCdm_1.jpg.296x216.jpg
20200208,闵行,春申,五街坊+精装修+中间楼层+税费少+店长推荐,385万,2室1厅 | 69.83平米 | 南 | 精装 | 中楼层(共6层) | 1998年建 | 板楼,https://image1.ljcdn.com/310000-inspection/pc1_F0X1w4BRm_1.jpg.296x216.jpg
20200208,闵行,春申,次新小区 业主诚意出售  房型方正 环境好,380万,2室2厅 | 82.57平米 | 南 | 毛坯 | 低楼层(共9层) | 2015年建 | 板楼,https://image1.ljcdn.com/310000-inspection/prod-9834297f-d9c0-45d9-8560-de805b6d70f2.jpg.296x216.jpg
20200208,闵行,春申,满五年唯一免个税、远离马路、位置安静、采光无遮挡,286万,2室1厅 | 74.82平米 | 南 | 简装 | 高楼层(共6层) | 1995年建 | 板楼,https://image1.ljcdn.com/310000-inspection/prod-829239dd-c944-4486-b6cb-0c6ae5e527df.jpg.296x216.jpg
20200208,闵行,春申,虹梅南苑 两房一厅 居家装修 诚心出售,285万,2室1厅 | 71.59平米 | 南 | 简装 | 低楼层(共6层) | 1995年建 | 板楼,https://image1.ljcdn.com/310000-inspection/prod-649d7809-1772-461a-85a3-312491638814.jpg.296x216.jpg
20200208,闵行,春申,薇馨家园 2室1厅 320万,320万,2室1厅 | 83.07平米 | 南 | 简装 | 低楼层(共6层) | 1994年建 | 板楼,https://image1.ljcdn.com/310000-inspection/prod-03675b4a-be9a-41dd-a316-a3ddf8ad41b7.jpg.296x216.jpg
20200208,闵行,春申,精装修双南户型+附带家电家具+拎包入住+满五唯一,758万,2室2厅 | 108.7平米 | 南 | 精装 | 中楼层(共14层) | 2011年建 | 板楼,https://image1.ljcdn.com/310000-inspection/prod-aa360516-090a-47ae-a930-403176b75fcd.jpg.296x216.jpg
20200208,闵行,春申,高区：通透精装三室，次新房，使用少，位置安静!房主自荐,1130万,3室2厅 | 159.89平米 | 南 北 | 精装 | 高楼层(共30层) | 2014年建 | 板楼,https://image1.ljcdn.com/310000-inspection/prod-1fa10319-d034-4dcb-b4b1-60e0e484df69.jpg.296x216.jpg
20200208,闵行,春申,位置好带花园，房型正有储物间，一梯两户使用面积大,438万,2室2厅 | 101.81平米 | 南 | 精装 | 低楼层(共6层) | 2003年建 | 板楼,https://image1.ljcdn.com/310000-inspection/prod-64ad12e6-0885-4cff-934f-ff2898c2f8cd.jpg.296x216.jpg
20200208,闵行,春申,精装修，拎包入住，南北户型，采光视野不遮挡，房龄新,395万,2室2厅 | 93.58平米 | 南 | 精装 | 低楼层(共11层) | 2013年建 | 板楼,https://image1.ljcdn.com/310000-inspection/pc1_azoburUsG_1.jpg.296x216.jpg
20200208,闵行,春申,普乐三村 1室1厅 149万,149万,1室1厅 | 32.56平米 | 南 | 简装 | 高楼层(共6层) | 1995年建 | 板楼,https://image1.ljcdn.com/310000-inspection/pc1_Uvh63fPrk_1.jpg.296x216.jpg
20200208,闵行,春申,双露台，采光好，精装修，交通便，购物捷,810万,3室2厅 | 133.41平米 | 南 | 精装 | 高楼层(共6层) | 2002年建 | 板楼,https://image1.ljcdn.com/310000-inspection/prod-a0359ff4-109d-4050-928a-6abcd73fc510.jpg.296x216.jpg
20200208,闵行,春申,精装四房，户型正气，开发商统一装修,899万,4室2厅 | 151.62平米 | 南 北 | 精装 | 低楼层(共18层) | 2015年建 | 板楼,https://image1.ljcdn.com/310000-inspection/prod-d7bd3c3b-727d-48bf-93b2-b353b2e119f4.jpg.296x216.jpg
20200208,闵行,春申,【新小区户型正，双阳台双飘窗，一手动迁，诚意出售】,307万,2室2厅 | 85平米 | 南 北 | 其他 | 低楼层(共6层) | 2012年建 | 板楼,https://image1.ljcdn.com/310000-inspection/pc1_cjOvUFOvi_1.jpg.296x216.jpg
20200208,闵行,春申,房子是满五的，简单装修，诚心出售，,310万,3室1厅 | 87.39平米 | 南 | 简装 | 高楼层(共6层) | 1995年建 | 板楼,https://image1.ljcdn.com/310000-inspection/pc1_wHpcyT27K_1.jpg.296x216.jpg
20200208,闵行,春申,高兴花园 2室1厅 357万,357万,2室1厅 | 54.43平米 | 南 北 | 精装 | 低楼层(共6层) | 1996年建 | 板楼,https://image1.ljcdn.com/310000-inspection/pc1_J22m3oXwZ_1.jpg.296x216.jpg
20200208,闵行,春申,大两房，小区就一套，自住随时可看房主自荐,400万,2室2厅 | 102.48平米 | 南 | 精装 | 低楼层(共11层) | 2009年建 | 板楼,https://image1.ljcdn.com/310000-inspection/prod-4248b2f2-4d3a-408e-af86-1950333c31c8.jpg.296x216.jpg
20200208,闵行,春申,全新装修 带天井出售 厨卫全明 业主诚意,223万,1室1厅 | 46.46平米 | 南 北 | 简装 | 低楼层(共6层) | 1997年建 | 板楼,https://image1.ljcdn.com/310000-inspection/pc1_yJbw6t98M_1.jpg.296x216.jpg
20200208,闵行,春申,普乐三村 双南二房 一手动迁 业主置换诚意出售房主自荐,280万,2室1厅 | 75.23平米 | 南 | 简装 | 高楼层(共6层) | 1996年建 | 板楼,https://image1.ljcdn.com/310000-inspection/prod-153b5ba5-61c3-4306-936f-850fc0f24fe0.jpg.296x216.jpg
20200208,闵行,春申,独栋经典户型+满五年唯一+看房方便+业主诚意出售,263万,2室1厅 | 63.54平米 | 南 东 | 精装 | 高楼层(共6层) | 1995年建 | 板楼,https://image1.ljcdn.com/310000-inspection/prod-4944e5e5-127d-4fb3-8ff0-7066e976d0d6.jpg.296x216.jpg
20200208,闵行,春申,锦乐馨苑 房型正气 电梯房非底楼 小区环境好 诚意出售,280万,1室1厅 | 62平米 | 南 | 毛坯 | 低楼层(共16层) | 2015年建 | 板楼,https://image1.ljcdn.com/310000-inspection/prod-1d72144b-fd8f-447e-bef8-d9c9cbec64de.jpg.296x216.jpg
20200208,闵行,春申,锦乐馨苑 精装一房二厅 房型正气保养好 诚意出售,340万,1室2厅 | 71.12平米 | 南 | 精装 | 高楼层(共9层) | 2015年建 | 板楼,https://image1.ljcdn.com/310000-inspection/pc1_o0SFPMlUh_1.jpg.296x216.jpg
20200208,闵行,春申,虹梅南苑 两房朝南 一房朝北 诚心出售 价可谈,270万,3室2厅 | 78.25平米 | 南 北 | 简装 | 高楼层(共6层) | 1998年建 | 板楼,https://image1.ljcdn.com/310000-inspection/prod-e416aec8-8aa9-40d0-bc95-cb46110f29b5.jpg.296x216.jpg
20200208,闵行,春申,阳光充足，环境优雅安静，自主率高,825万,3室2厅 | 127.05平米 | 南 | 精装 | 中楼层(共6层) | 2002年建 | 板楼,https://image1.ljcdn.com/310000-inspection/pc1_0eZ7LyF2n_1.jpg.296x216.jpg
20200208,闵行,春申,位置安静，两房朝南，精装修拎包入住，诚意出售.,480万,2室2厅 | 82.16平米 | 南 | 精装 | 低楼层(共19层) | 2011年建 | 板楼,https://image1.ljcdn.com/310000-inspection/pc1_AwEzUjgx5_1.jpg.296x216.jpg
20200208,闵行,春申,景城南北通2卫大两房，中高楼层+采光视野好+上学方便,699万,2室2厅 | 106.78平米 | 南 | 简装 | 中楼层(共17层) | 2005年建 | 板楼,https://image1.ljcdn.com/310000-inspection/pc1_9DT5vLKZv_1.jpg.296x216.jpg
20200208,闵行,春申,春馨苑精装三房，带一个30平大阁楼，附带两个固定车位,530万,3室2厅 | 102.32平米 | 南 | 精装 | 高楼层(共6层) | 2003年建 | 板楼,https://image1.ljcdn.com/310000-inspection/pc1_RCZzmanU7_1.jpg.296x216.jpg
20200208,闵行,春申,春申标志性楼盘；装修好，户型好，次新房，拎包入住,1495万,3室2厅 | 202.02平米 | 南 | 精装 | 高楼层(共25层) | 2012年建 | 板楼,https://image1.ljcdn.com/310000-inspection/pc1_e8BTTaAE6_1.jpg.296x216.jpg
20200208,闵行,春申,一手动迁房，电梯房，南北通，精装修,345万,2室2厅 | 85.53平米 | 南 | 其他 | 低楼层(共13层) | 2013年建 | 板楼,https://image1.ljcdn.com/310000-inspection/pc1_YQxzcDhiv_1.jpg.296x216.jpg
20200208,闵行,春申,上海春城复式  满五唯一税少， 精装修，直看大绿地,918万,4室2厅 | 178.33平米 | 南 | 精装 | 高楼层(共9层) | 2000年建 | 板楼,https://image1.ljcdn.com/310000-inspection/pc1_0P9CdhXAy_1.jpg.296x216.jpg
20200208,闵行,春申,一梯两户 精装修可拎包入住 视野开阔 景观房 近德翠园,720万,3室2厅 | 111.05平米 | 东 南 | 精装 | 低楼层(共14层) | 2005年建 | 板楼,https://image1.ljcdn.com/310000-inspection/pc1_8Vt9FPz5E_1.jpg.296x216.jpg
20200208,闵行,春申,精装三房，高楼层，位置佳，临河位置，不靠路.,410万,3室1厅 | 83.12平米 | 南 | 精装 | 高楼层(共11层) | 2007年建 | 板楼,https://image1.ljcdn.com/310000-inspection/pc1_zBjER9cCx_1.jpg.296x216.jpg
20200208,闵行,春申,绿地春申花园 3室2厅 1250万,1250万,3室2厅 | 190.85平米 | 南 | 精装 | 高楼层(共11层) | 2004年建 | 板楼,https://image1.ljcdn.com/310000-inspection/pc1_hQFWYe2Zb_1.jpg.296x216.jpg
20200208,闵行,春申,位置好，户型方正，一梯两户高得房，小区停车方便房主自荐,810万,3室2厅 | 127.59平米 | 南 | 精装 | 高楼层(共6层) | 2003年建 | 板楼,https://image1.ljcdn.com/310000-inspection/pc1_lA47r6tnF_1.jpg.296x216.jpg
20200208,闵行,春申,四期安静位置，中间楼层采光好，房型方正一梯两户,430万,2室2厅 | 100.03平米 | 南 北 | 简装 | 中楼层(共6层) | 2003年建 | 板楼,https://image1.ljcdn.com/310000-inspection/pc1_rOe3xJqb6_1.jpg.296x216.jpg
20200208,闵行,春申,2010年次新房+4层电梯洋房+精装修带地暖+地下产权车,1020万,3室2厅 | 134.02平米 | 南 | 精装 | 低楼层(共4层) | 2010年建 | 板楼,https://image1.ljcdn.com/310000-inspection/pc1_rf5Z7KLSA_1.jpg.296x216.jpg
20200208,闵行,春申,春申景城湖畔林语 居家拎包入住，临湖安静优雅房主自荐,930万,3室2厅 | 132.01平米 | 南 | 精装 | 低楼层(共17层) | 2007年建 | 板楼,https://image1.ljcdn.com/310000-inspection/pc1_VeteNdQG2_1.jpg.296x216.jpg
20200208,闵行,春申,中海寰宇精装大三房，南北大三房。,858万,3室2厅 | 130平米 | 南 | 精装 | 低楼层(共18层) | 2015年建 | 板楼,https://image1.ljcdn.com/310000-inspection/pc1_qOusAHqHk_1.jpg.296x216.jpg
20200208,闵行,春申,一手动迁电梯房，税费少，门口地铁站，大户型，更宽敞,500万,3室2厅 | 124.25平米 | 南 | 毛坯 | 低楼层(共12层) | 2013年建 | 板楼,https://image1.ljcdn.com/310000-inspection/pc1_UIZHIznb8_1.jpg.296x216.jpg
20200208,闵行,春申,春申景城湖滨晨韵 2室2厅 750万,750万,2室2厅 | 106.4平米 | 南 | 简装 | 低楼层(共17层) | 2005年建 | 板楼,https://image1.ljcdn.com/310000-inspection/pc1_NcDEZ8ekv_1.jpg.296x216.jpg
20200208,闵行,春申,自住装修 通透户型 采光好 位置安静 产权清楚税费少,330万,2室1厅 | 68.23平米 | 南 | 精装 | 高楼层(共6层) | 1998年建 | 板楼,https://image1.ljcdn.com/310000-inspection/test-2f095212-3d0a-4fa7-9499-768df5830b77.png.296x216.jpg
20200208,闵行,春申,春申景城MIDTOWN 3室2厅 1449万,1449万,3室2厅 | 202平米 | 南 北 | 精装 | 低楼层(共25层)  | 板楼,https://image1.ljcdn.com/310000-inspection/prod-ce6d6234-0963-45eb-99ca-a019cb10f0af.jpg.296x216.jpg
20200208,闵行,春申,新上三房+税少+湖景房+高档园林式半人车分流小区,839万,3室2厅 | 123.74平米 | 南 北 | 精装 | 低楼层(共17层) | 2007年建 | 板楼,https://image1.ljcdn.com/310000-inspection/pc1_hZiOC8Wuy_1.jpg.296x216.jpg
20200208,闵行,春申,锦梅双南两房    房东诚意  店长推荐,555万,2室2厅 | 90.99平米 | 南 | 简装 | 低楼层(共19层) | 2010年建 | 板楼,https://image1.ljcdn.com/310000-inspection/pc1_YHJbICHC3_1.jpg.296x216.jpg
20200208,闵行,春申,2008年位置佳，两房两卫带阁楼，婚房装修拎包住,408万,2室2厅 | 100.69平米 | 南 | 精装 | 高楼层(共6层) | 2008年建 | 板楼,https://image1.ljcdn.com/310000-inspection/pc1_gQthEeVQ3_1.jpg.296x216.jpg
20200208,闵行,春申,银河新都 3室1厅 396万,396万,3室1厅 | 96.86平米 | 南 | 其他 | 高楼层(共12层) | 2006年建 | 板楼,https://image1.ljcdn.com/310000-inspection/prod-ac9f6656-8689-4a48-8f91-19f839c0c169.jpg.296x216.jpg
20200208,闵行,春申,中城大一房+厨卫全明+13平花园+户型正气+税少,345万,1室1厅 | 53.66平米 | 南 | 精装 | 低楼层(共11层) | 2005年建 | 板楼,https://image1.ljcdn.com/310000-inspection/pc1_Pkv60MJiL_1.jpg.296x216.jpg
20200208,闵行,春申,【双开间朝南，中间楼层，满五唯一，2004年，纯毛坯】,249万,1室1厅 | 62.53平米 | 南 | 毛坯 | 中楼层(共6层) | 2004年建 | 板楼,https://image1.ljcdn.com/310000-inspection/pc1_RZ3deq520_1.jpg.296x216.jpg
20200208,闵行,春申,新出高兴双南大两房诚意出售，税费少！,353万,2室1厅 | 76.97平米 | 南 | 简装 | 高楼层(共6层) | 1998年建 | 板楼,https://image1.ljcdn.com/310000-inspection/pc1_TrIG1w4o4_1.jpg.296x216.jpg
20200208,闵行,春申,精装两房，诚心出售，楼层好，配套齐全,410万,2室1厅 | 69.46平米 | 南 北 | 精装 | 低楼层(共6层) | 1999年建 | 板楼,https://image1.ljcdn.com/310000-inspection/pc1_k8xpSA3ta_1.jpg.296x216.jpg
20200208,闵行,春申,户型方正+满五唯一+看房方便+业主诚意出售,288万,2室1厅 | 75.46平米 | 南 | 简装 | 高楼层(共6层) | 1995年建 | 板楼,https://image1.ljcdn.com/310000-inspection/pc1_4TjewttYL_1.jpg.296x216.jpg
20200208,闵行,春申,莲花精致一房，看房方便，装修好。房主自荐,279万,1室1厅 | 50.79平米 | 南 | 精装 | 高楼层(共6层) | 1998年建 | 板楼,https://image1.ljcdn.com/310000-inspection/pc1_NDdGB9En5_1.jpg.296x216.jpg
20200208,闵行,春申,少有的边套全明户型，采光好，一楼带花园，使用面积大,355万,2室1厅 | 64.96平米 | 南 北 | 简装 | 低楼层(共6层) | 1997年建 | 板楼,https://image1.ljcdn.com/310000-inspection/pc1_cXl0rSzvn_1.jpg.296x216.jpg
20200208,闵行,春申,常兴家园 2室2厅 395万房主自荐,395万,2室2厅 | 64.89平米 | 南 | 精装 | 高楼层(共6层) | 1999年建 | 板楼,https://image1.ljcdn.com/310000-inspection/pc1_uUgzENovs_1.jpg.296x216.jpg
20200208,闵行,春申,采光充足，五年唯一，居家装修，诚意出售，看房方便,219万,2室1厅 | 63.28平米 | 西 | 简装 | 高楼层(共6层) | 1998年建 | 板楼,https://image1.ljcdn.com/310000-inspection/prod-824368c8-2071-4a0a-a413-0ae9c1de6d0a.jpg.296x216.jpg
20200208,闵行,春申,大一房*两房，采光佳，小区门口超市菜场交通便利.,198万,1室1厅 | 59.25平米 | 南 | 简装 | 高楼层(共6层) | 1998年建 | 板楼,https://image1.ljcdn.com/310000-inspection/prod-0a1a34c8-59c4-4041-9cf3-b284227aee57.jpg.296x216.jpg
20200208,闵行,春申,小区位置好，带有私家花园，停车便利，房型正气。,565万,2室2厅 | 92.98平米 | 南 | 精装 | 低楼层(共6层) | 2002年建 | 板楼,https://image1.ljcdn.com/310000-inspection/test-d31fb78b-d68c-4e81-9e4a-2f1a1f838728.png.296x216.jpg
20200208,闵行,春申,满五年唯一  一楼带院子  位置安静业主诚意售,260万,2室1厅 | 57.87平米 | 南 | 简装 | 低楼层(共6层) | 1994年建 | 板楼,https://image1.ljcdn.com/310000-inspection/prod-2565c813-6e6a-45fa-a9d5-7615164f373c.jpg.296x216.jpg
20200208,闵行,春申,位置安静，采光佳，交通生活便利.房主自荐,230万,2室1厅 | 58.39平米 | 南 北 | 简装 | 高楼层(共6层) | 1997年建 | 板楼,https://image1.ljcdn.com/310000-inspection/prod-86017b76-6f72-4e9a-a987-984d102958fe.jpg.296x216.jpg
20200208,闵行,春申,普乐三村 南北通两房，小区中间位置，中间楼层房主自荐,273万,2室1厅 | 67.62平米 | 南 | 精装 | 中楼层(共6层) | 1995年建 | 板楼,https://image1.ljcdn.com/310000-inspection/prod-d95dbf45-d2ee-429f-b24b-c15a3c9e8bad.jpg.296x216.jpg
20200208,闵行,春申,高兴花园南北动迁两房诚意出售！,380万,2室1厅 | 70.02平米 | 南 | 简装 | 中楼层(共6层) | 1998年建 | 板楼,https://image1.ljcdn.com/310000-inspection/pc1_EZlGVNDc1_1.jpg.296x216.jpg
20200208,闵行,春申,高兴花园二街坊，诚售两房，总价低，无增值税，采光好,335万,2室1厅 | 70.07平米 | 南 | 简装 | 高楼层(共6层) | 1997年建 | 板楼,https://image1.ljcdn.com/310000-inspection/prod-85fd4fd8-8eff-4465-a057-b0260e2c748f.jpg.296x216.jpg
20200208,闵行,春申,次新房楼层佳，婚房装修已改两房，交通便利诚意出售,365万,2室1厅 | 64平米 | 南 | 精装 | 中楼层(共19层) | 2011年建 | 板楼,https://image1.ljcdn.com/310000-inspection/prod-4168147a-78ee-4fe3-ae6d-733a6a982c54.jpg.296x216.jpg
20200208,闵行,春申,无个税，双南两房，采光无遮挡，视野开阔，近别墅小区,288万,2室1厅 | 75.16平米 | 南 | 简装 | 高楼层(共6层) | 1997年建 | 板楼,https://image1.ljcdn.com/310000-inspection/pc1_UW67gxvt8_1.jpg.296x216.jpg
20200208,闵行,春申,双南户型 客厅带采光窗户 功能间齐全 看房方便房主自荐,253万,2室1厅 | 69.49平米 | 南 | 简装 | 高楼层(共6层) | 1995年建 | 板楼,https://image1.ljcdn.com/310000-inspection/prod-e6c1fefa-8349-447e-a7af-e5c599c35037.jpg.296x216.jpg
20200208,闵行,春申,满五年唯一  两室两卫 一楼带花园 位置安静,420万,2室1厅 | 93.79平米 | 南 | 简装 | 低楼层(共6层) | 2002年建 | 板楼,https://image1.ljcdn.com/310000-inspection/prod-45d9ca4c-f026-485f-95be-fcd4cfb37213.jpg.296x216.jpg
20200208,闵行,春申,锦乐馨苑一房 房型正气 采购好 诚意出售,290万,1室1厅 | 62平米 | 南 | 毛坯 | 低楼层(共15层) | 2015年建 | 板楼,https://image1.ljcdn.com/310000-inspection/pc1_h63POT3xT_1.jpg.296x216.jpg
20200208,闵行,春申,蔷薇新村 一房一厅 居家装修 看房提前约,200万,1室1厅 | 44.29平米 | 南 | 其他 | 中楼层(共6层) | 1995年建 | 板楼,https://image1.ljcdn.com/310000-inspection/prod-877bdc49-aac3-4edb-849e-813763fb08d0.jpg.296x216.jpg
20200208,闵行,春申,顶楼复式4房，位置安静，视野开阔，业主诚售价格可谈,930万,4室3厅 | 176.66平米 | 南 | 精装 | 高楼层(共10层) | 2000年建 | 板楼,https://image1.ljcdn.com/310000-inspection/prod-a239e3ff-0c68-4b97-81b3-b76bc7a2a0b4.jpg.296x216.jpg
20200208,闵行,春申,精装修一房 位置安静不靠路 采光好  满五唯一,203万,1室1厅 | 49.26平米 | 南 | 精装 | 高楼层(共6层) | 1995年建 | 板楼,https://image1.ljcdn.com/310000-inspection/prod-7144291d-094f-4eac-9cf6-7e003e6e9e91.jpg.296x216.jpg
20200208,闵行,春申,产权车库，精装修拎包入住，视野好，诚意出售.,375万,1室2厅 | 64.46平米 | 南 | 精装 | 中楼层(共19层) | 2011年建 | 板楼,https://image1.ljcdn.com/310000-inspection/prod-caedcefb-e9f6-449b-b43c-c1fcf932a746.jpg.296x216.jpg
20200208,闵行,春申,蔷薇新村 满五 诚心出售 价可谈,225万,1室1厅 | 59.25平米 | 南 | 简装 | 高楼层(共6层) | 1998年建 | 板楼,https://image1.ljcdn.com/310000-inspection/pc1_46is8IR9V_1.jpg.296x216.jpg
20200208,闵行,春申,房型方正可小两室，带院子带储物间，位置安静,200万,2室1厅 | 49.8平米 | 南 | 简装 | 低楼层(共6层) | 1995年建 | 板楼,https://image1.ljcdn.com/310000-inspection/pc1_7X9rZpLkF_1.jpg.296x216.jpg
20200208,闵行,春申,动迁满五没有增值税，临河位置采光好，地铁近距离！,305万,2室2厅 | 72.94平米 | 南 | 毛坯 | 低楼层(共12层) | 2006年建 | 板楼,https://image1.ljcdn.com/310000-inspection/pc1_sJqtfG8dE_1.jpg.296x216.jpg
20200208,闵行,春申,【新出一楼带天井，南北边套全明，满五唯一，随时看】,243万,2室1厅 | 59.39平米 | 南 | 毛坯 | 低楼层(共6层) | 1997年建 | 板楼,https://image1.ljcdn.com/310000-inspection/pc1_HNIpYu8XI_1.jpg.296x216.jpg
20200208,闵行,春申,小区位置比较安静，主卧朝南的小户型楼层好，小高层,265万,1室1厅 | 49.69平米 | 南 | 精装 | 中楼层(共14层) | 2008年建 | 板楼,https://image1.ljcdn.com/310000-inspection/pc1_uBGMOybaa_1.jpg.296x216.jpg
20200208,闵行,春申,蔷薇新村 2室1厅 240万,240万,2室1厅 | 58.7平米 | 南 北 | 简装 | 低楼层(共6层) | 1995年建 | 板楼,https://image1.ljcdn.com/310000-inspection/pc1_9U9xUMWQa_1.jpg.296x216.jpg
20200208,闵行,春申,精装一房，万科物业，无抵押，业主诚意出售,393万,1室1厅 | 48.96平米 | 南 | 简装 | 低楼层(共17层) | 2005年建 | 板楼,https://image1.ljcdn.com/310000-inspection/pc1_3E99vxA7J_1.jpg.296x216.jpg
20200208,闵行,春申,温馨大一居 厨卫朝北全明 一梯两户,210万,1室1厅 | 51.7平米 | 南 | 简装 | 高楼层(共6层) | 1995年建 | 板楼,https://image1.ljcdn.com/310000-inspection/pc1_2AAsKLGNK_1.jpg.296x216.jpg
20200208,闵行,春申,蔷薇新村 2室1厅 298万,298万,2室1厅 | 72.27平米 | 南 | 其他 | 低楼层(共6层) | 1995年建 | 板楼,https://image1.ljcdn.com/310000-inspection/pc1_J4TCk6az6_1.jpg.296x216.jpg
20200208,闵行,春申,蔷薇新村 2室1厅 260万,260万,2室1厅 | 70.5平米 | 南 北 | 其他 | 中楼层(共6层) | 1998年建 | 板楼,https://image1.ljcdn.com/310000-inspection/pc1_c5Ag5DGg0_1.jpg.296x216.jpg
20200208,闵行,春申,正气两房+一梯两户+位置佳+业主诚意出售看房方便。,275万,2室1厅 | 70.79平米 | 南 | 简装 | 高楼层(共6层) | 1994年建 | 板楼,https://image1.ljcdn.com/310000-inspection/pc1_RTw2A6l8r_1.jpg.296x216.jpg
20200208,闵行,春申,精装修，采光充足，视野宽阔，业主诚意出售,535万,2室2厅 | 81.44平米 | 南 北 | 精装 | 低楼层(共17层) | 2005年建 | 板楼,https://image1.ljcdn.com/310000-inspection/pc1_y1fJeHXOX_1.jpg.296x216.jpg
20200208,闵行,春申,婚房精装修大二房 层高3.2米 边套全明 拎包入住,350万,2室2厅 | 94.9平米 | 南 | 精装 | 高楼层(共6层) | 1995年建 | 板楼,https://image1.ljcdn.com/310000-inspection/pc1_pZu7dd3k6_1.jpg.296x216.jpg
20200208,闵行,春申,房型方正使用面积大，带储物间，楼层好采光好,200万,1室1厅 | 49.75平米 | 南 | 简装 | 中楼层(共6层) | 1995年建 | 板楼,https://image1.ljcdn.com/310000-inspection/pc1_88eKgSjCb_1.jpg.296x216.jpg
20200208,闵行,春申,虹梅南苑 两房朝南 简单装修 诚心出售,280万,2室1厅 | 70.7平米 | 南 | 简装 | 低楼层(共6层) | 1997年建 | 板楼,https://image1.ljcdn.com/310000-inspection/pc1_GxkPV37lz_1.jpg.296x216.jpg
20200208,闵行,春申,小区安静位置，两房朝南带天井，孝心楼层，诚意出售.,285万,2室1厅 | 67.01平米 | 南 | 精装 | 低楼层(共6层) | 1995年建 | 板楼,https://image1.ljcdn.com/310000-inspection/pc1_STeS3djqi_1.jpg.296x216.jpg
20200208,闵行,春申,边套全明，采光充足，不靠高架，主卧带阳台,229万,1室1厅 | 56.79平米 | 南 | 简装 | 高楼层(共6层) | 1996年建 | 板楼,https://image1.ljcdn.com/310000-inspection/pc1_h4tw2kDHU_1.jpg.296x216.jpg
20200208,闵行,春申,位置安静，中楼层，精装修四年 采光好 无个税无增值税房主自荐,192万,1室1厅 | 41.4平米 | 南 | 精装 | 中楼层(共6层) | 1994年建 | 板楼,https://image1.ljcdn.com/310000-inspection/prod-40cf4fc8-1166-4f76-b560-147a82d6ddb3.jpg.296x216.jpg
20200208,闵行,春申,毛坯可自行装修，小区中间位置，楼层好，满五唯一,588万,2室2厅 | 94.59平米 | 南 | 毛坯 | 中楼层(共11层) | 2004年建 | 板楼,https://image1.ljcdn.com/310000-inspection/prod-e8713236-5512-470a-ad1a-99cbaac40fa6.jpg.296x216.jpg
20200208,闵行,春申,银河新都 2室1厅 320万,320万,2室1厅 | 74.13平米 | 南 | 简装 | 高楼层(共12层) | 2006年建 | 板楼,https://image1.ljcdn.com/310000-inspection/pc1_d5PulAAww_1.jpg.296x216.jpg
20200208,闵行,春申,鸟瞰的视野，车位充足，楼间距大，还有负责任的物业,285万,1室1厅 | 62.11平米 | 南 | 毛坯 | 高楼层(共15层) | 2015年建 | 板楼,https://image1.ljcdn.com/310000-inspection/prod-288be409-3e7d-424a-aa8c-7124c2e1886a.jpg.296x216.jpg
20200208,闵行,春申,春申景城湖滨晨韵 2室2厅 676万,676万,2室2厅 | 98.76平米 | 南 | 精装 | 中楼层(共16层) | 2005年建 | 板楼,https://image1.ljcdn.com/310000-inspection/pc1_mrqQ36UMB_1.jpg.296x216.jpg
20200208,闵行,春申,蔷薇新村 1室1厅 162万,162万,1室1厅 | 34.32平米 | 南 北 | 简装 | 低楼层(共6层) | 1995年建 | 板楼,https://image1.ljcdn.com/310000-inspection/pc1_Yng7yr7YU_1.jpg.296x216.jpg
20200208,闵行,春申,底楼带天井 老少皆宜 自住精装修 买进可拎包入住,378万,2室2厅 | 79.44平米 | 南 | 精装 | 低楼层(共6层) | 2000年建 | 板楼,https://image1.ljcdn.com/310000-inspection/prod-9f2f090f-830d-44d8-9133-7af2eab6a71a.jpg.296x216.jpg
20200208,闵行,春申,【免增值税 免个税】【温馨大一房】【厨卫带窗】,203万,1室1厅 | 56.13平米 | 南 | 精装 | 高楼层(共6层) | 1996年建 | 板楼,https://image1.ljcdn.com/310000-inspection/prod-41c581cd-810e-42ed-a19e-9caf00895245.jpg.296x216.jpg
20200208,闵行,春申,小区中间安静位置，带大阁楼实用面积大，房型方正,420万,2室2厅 | 101.86平米 | 南 北 | 简装 | 高楼层(共6层) | 2001年建 | 板楼,https://image1.ljcdn.com/310000-inspection/pc1_nWn47kiSq_1.jpg.296x216.jpg
20200208,闵行,春申,中间楼层 小区位置ZUI好的一栋 诚意出售房主自荐,669万,3室2厅 | 100.01平米 | 南 | 精装 | 低楼层(共18层) | 2015年建 | 板楼,https://image1.ljcdn.com/310000-inspection/pc1_Pff30t5rT_1.jpg.296x216.jpg
20200208,闵行,春申,小区安静位置中间楼层，房型正采光好，看房随时,400万,2室2厅 | 93.82平米 | 南 | 简装 | 中楼层(共6层) | 2002年建 | 板楼,https://image1.ljcdn.com/310000-inspection/pc1_2DRvwb7Cr_1.jpg.296x216.jpg
20200208,闵行,春申,景城二期稀有南北户型两房，客厅带落地窗，视野好,518万,2室1厅 | 70.47平米 | 南 | 精装 | 高楼层(共17层) | 2007年建 | 板楼,https://image1.ljcdn.com/310000-inspection/pc1_4RndfpwGC_1.jpg.296x216.jpg
20200208,闵行,春申,春城三期顶楼大复式，三开间朝南+阳光房大露台,1000万,3室2厅 | 169平米 | 南 | 精装 | 高楼层(共10层) | 2004年建 | 板楼,https://image1.ljcdn.com/310000-inspection/pc1_DVkmH7Lco_1.jpg.296x216.jpg
20200208,闵行,春申,中海寰宇天下 4室2厅 988万,988万,4室2厅 | 150.74平米 | 南 北 | 其他 | 低楼层(共18层) | 2015年建 | 板楼,https://image1.ljcdn.com/310000-inspection/prod-2493490a-3e9f-42c1-bb69-5a5ade919a24.jpg.296x216.jpg
20200208,闵行,春申,小区位置比较安静，主卧朝南的小户型楼层好，小高层,275万,1室1厅 | 58.09平米 | 南 | 精装 | 中楼层(共14层) | 2008年建 | 板楼,https://image1.ljcdn.com/310000-inspection/pc1_nFCHgNz4q_1.jpg.296x216.jpg
20200208,闵行,春申,动迁房+边套全明+楼层好+XUEQU未用,300万,1室1厅 | 47.71平米 | 南 | 简装 | 中楼层(共6层) | 1996年建 | 板楼,https://image1.ljcdn.com/310000-inspection/pc1_UVmtchXKZ_1.jpg.296x216.jpg
20200208,闵行,春申,联排随时看，客厅宽敞，全部落地窗，全天采光无遮挡房主自荐,1160万,3室2厅 | 201.3平米 | 南 | 精装 | 3层 | 2006年建 | 板楼 | 联排别墅,https://image1.ljcdn.com/310000-inspection/f445f191-4d5a-43fd-ac98-ec7567558512.jpg.296x216.jpg
20200208,闵行,春申,顶楼景观复式房视野一览无余 有产权车位 装修保养好,1188万,4室2厅 | 170.44平米 | 南 | 精装 | 高楼层(共17层) | 2005年建 | 板楼,https://image1.ljcdn.com/310000-inspection/a2914277-e372-4333-be6c-578b9523f119.jpg.296x216.jpg
20200208,闵行,春申,【复式-品质生活】【位置好有露台】【满五唯一】,566万,5室2厅 | 145.68平米 | 南 | 精装 | 高楼层(共6层) | 2004年建 | 板楼,https://image1.ljcdn.com/310000-inspection/50284f5b-76c3-4eb8-92f9-9017914f979e.jpg.296x216.jpg
20200208,闵行,春申,蔷薇新村两房朝南 采光好 位置佳 诚心出售,323万,2室2厅 | 90.65平米 | 南 北 | 简装 | 高楼层(共6层) | 1995年建 | 板楼,https://image1.ljcdn.com/shfdfs-image/20180125/9f8bafc0-3511-4424-8b78-7b1231fa3485.jpg.296x216.jpg
20200208,闵行,春申,《优》湖景房+高区景观南北两房+详细情况咨询维护人,658万,2室2厅 | 97.65平米 | 南 | 精装 | 高楼层(共15层) | 2005年建 | 板楼,https://image1.ljcdn.com/shfdfs-image/20160925/2ca33aed-41f3-493a-926b-92ca7c8622ec.jpg.296x216.jpg
20200208,闵行,春申,精装南北大三房  满五税少  采光好  房东自住,405万,3室2厅 | 86.98平米 | 南 | 简装 | 中楼层(共6层) | 1998年建 | 板楼,https://image1.ljcdn.com/shfdfs-image/20170403/7998ecbf-e690-4940-a071-8a3261218980.jpg.296x216.jpg
20200208,闵行,春申,南北通透房型正气！位置安静中间楼层！税费少诚意卖！房主自荐,380万,2室1厅 | 89平米 | 南 北 | 毛坯 | 高楼层(共6层) | 2008年建 | 板楼,https://image1.ljcdn.com/shfdfs-image/20171114/8fd131e9-419d-43fe-95b3-f767f8cda705.jpg.296x216.jpg
20200208,闵行,春申,南北户型大两房，位置安静采光好，南北双阳台无遮挡,766万,2室2厅 | 111平米 | 南 北 | 精装 | 高楼层(共25层) | 2011年建 | 板楼,https://image1.ljcdn.com/shfdfs-image/20160109/552eac49-14ec-4a03-b6b7-5bfdf98d70bf.jpg.296x216.jpg
20200208,闵行,春申,正气大一房 满五年唯一免个税 小区居中位置 看房随时,172万,1室1厅 | 41.4平米 | 南 | 简装 | 高楼层(共6层) | 1994年建 | 板楼,https://image1.ljcdn.com/shfdfs-image/20161003/8ce540d9-83de-441f-8004-4af3772203ec.jpg.296x216.jpg
20200208,闵行,春申,装修两年 四房朝南 超大客厅 开放式厨房,1380万,4室2厅 | 170.08平米 | 南 | 精装 | 高楼层(共17层) | 2005年建 | 板楼,https://image1.ljcdn.com/310000-inspection/3f317099-95a6-4eaa-9cd6-7777daa6a31d.jpg.296x216.jpg
20200208,闵行,春申,非顶楼，精装南北两房 位置安静 房型通透， 满五年,359万,2室2厅 | 85.17平米 | 南 | 精装 | 高楼层(共6层) | 2004年建 | 板楼,https://image1.ljcdn.com/shfdfs-image/20170207/a86d30ec-15f8-4bbc-8f65-23fd5c7de16c.jpg.296x216.jpg
20200208,闵行,春申,【边套全明大一房】【一梯两户】【景观楼层随时看房】,223万,1室1厅 | 56.07平米 | 南 | 精装 | 高楼层(共6层) | 2004年建 | 板楼,https://image1.ljcdn.com/shfdfs-image/20161205/bcf5448b-8bdb-4f7e-aa55-50c101bc84df.jpg.296x216.jpg
20200208,闵行,春申,一梯两户+*三房+户型正气+蔷薇五村+业主诚售,323万,2室2厅 | 90.65平米 | 南 | 简装 | 高楼层(共6层) | 1995年建 | 板楼,https://image1.ljcdn.com/shfdfs-image/20171018/09cd29af-4f46-4367-83a0-e06e83e5991a.jpg.296x216.jpg
20200208,闵行,春申,银都名墅，名人之墅，北进门南花园，全新装修采光无二,1998万,4室2厅 | 327.94平米 | 北 | 精装 | 3层 | 2004年建 | 板楼 | 双拼别墅,https://image1.ljcdn.com/shfdfs-image/20180111/ade50628-1880-4fda-b93c-bb08d60cc631.jpg.296x216.jpg
20200208,闵行,春申,地铁15号线 满五唯一无个税，独栋别墅  三房朝南,1800万,4室3厅 | 238.74平米 | 南 | 精装 | 2层 | 2005年建 | 板楼 | 独栋别墅,https://image1.ljcdn.com/310000-inspection/43f1f735-ae30-49e6-a2c9-41c089148f0c.jpg.296x216.jpg
20200208,闵行,春申,南花园，南临水，拎包入住，满5年唯一，税费低。,1849万,4室2厅 | 345.83平米 | 南 | 精装 | 3层 | 2003年建 | 板楼 | 双拼别墅,https://image1.ljcdn.com/310000-inspection/cb88923e-d01f-4f83-8b1b-29c84752885f.jpg.296x216.jpg
20200208,闵行,春申,蔷薇新村 两房朝南 位置安静 诚心出售,308万,2室2厅 | 84.52平米 | 南 | 毛坯 | 高楼层(共6层) | 1995年建 | 板楼,https://image1.ljcdn.com/shfdfs-image/20170418/d2dcf997-eae3-449a-a0ca-127926ee0213.jpg.296x216.jpg
20200208,闵行,春申,南北双飘窗 带21平院子 南北通风 位置安静,430万,2室1厅 | 82.19平米 | 南 | 精装 | 低楼层(共14层) | 2008年建 | 板楼,https://image1.ljcdn.com/shfdfs-image/20170709/de486149-f990-4252-8892-e3c60c344115.jpg.296x216.jpg
20200208,闵行,春申,联排大边套户型少有小区一共8套，门口停车位充足,1799万,4室2厅 | 377.58平米 | 南 | 精装 | 3层 | 2007年建 | 板楼 | 联排别墅,https://image1.ljcdn.com/310000-inspection/61abb8fc-00fe-460d-ba31-7b3ea81831eb.jpg.296x216.jpg
20200208,闵行,春申,两房户型 采光通风好 边套全明 交通便利 小区环境好,213万,2室1厅 | 51.8平米 | 南 | 简装 | 高楼层(共6层) | 1994年建 | 板楼,https://image1.ljcdn.com/310000-inspection/e0612f47-dfda-4a91-bc1f-304fdd2fed2a.jpg.296x216.jpg
20200208,闵行,春申,小区唯一一套带私家游泳池的房子，独栋,4000万,5室3厅 | 626.07平米 | 南 | 精装 | 3层 | 2005年建 | 板楼 | 独栋别墅,https://image1.ljcdn.com/310000-inspection/5fc24a54-e030-4d3a-924e-898079024652.jpg.296x216.jpg
20200208,闵行,春申,景城少有大三房，三开间朝南+大阳台+车位（价格另算）房主自荐,938万,3室2厅 | 138.93平米 | 南 北 | 精装 | 低楼层(共17层) | 2007年建 | 板楼,https://image1.ljcdn.com/310000-inspection/50ad6a0e-c4d8-41a8-8df4-0d4fb2248bd2.jpg.296x216.jpg
20200208,闵行,春申,户型两南一北，动迁房免增值税，产权清晰，无户口,500万,3室2厅 | 121.15平米 | 南 北 | 毛坯 | 低楼层(共11层) | 2011年建 | 板楼,https://image1.ljcdn.com/310000-inspection/04b3483c-9270-45af-8bad-aaf25794f889.jpg.296x216.jpg
20200208,闵行,春申,好房不等人！中间位置南花园南临水！精致装修！挑空厅,2080万,4室3厅 | 378平米 | 南 | 精装 | 3层 | 2005年建 | 板楼 | 双拼别墅,https://image1.ljcdn.com/310000-inspection/dd4b0627-a56c-49ce-bf44-e15e155082b9.jpg.296x216.jpg
20200208,闵行,春申,顶楼复式，满五唯一，南北通透，视野宽阔,1415万,5室2厅 | 224.65平米 | 南 北 | 精装 | 高楼层(共18层) | 2010年建 | 板楼,https://image1.ljcdn.com/310000-inspection/1248cd29-6185-4915-9fd2-f4bc924c376c.jpg.296x216.jpg
20200208,闵行,春申,近徐汇，万科品质，地下室99平没有上产证，露台15平,1445万,3室2厅 | 198.25平米 | 南 | 简装 | 3层 | 2008年建 | 板楼 | 联排别墅,https://image1.ljcdn.com/shfdfs-image/20150806/cfdc4997-d843-46ea-ab9b-4f3e02b30dcb.jpg.296x216.jpg
20200208,闵行,春申,虹梅高架旁 户户临水小区  南花园600平南临水,2500万,5室5厅 | 379.17平米 | 南 | 精装 | 3层 | 2003年建 | 板楼 | 独栋别墅,https://image1.ljcdn.com/shfdfs-image/20160816/5d35d56a-fe22-460e-9a3c-ce7963af97b0.jpg.296x216.jpg
20200208,闵行,春申,小区主力户型，顶楼复式，业主精装修自己住保养好房主自荐,770万,3室2厅 | 138.79平米 | 南 北 | 精装 | 高楼层(共5层) | 2002年建 | 板楼,https://image1.ljcdn.com/shfdfs-image/20151224/1f2ed152-0760-4212-b6b8-ecb65975a60d.jpg.296x216.jpg
20200208,闵行,春申,【必卖好房】强力推荐！新装修3年拎包入住！南临水！,2070万,4室2厅 | 378平米 | 南 | 精装 | 3层 | 2005年建 | 板楼 | 双拼别墅,https://image1.ljcdn.com/shfdfs-image/20171202/c9270745-feed-493d-b4d4-50d0d9a2bcab.jpg.296x216.jpg
20200208,闵行,春申,只此一套单价低破5万！六期电梯房！临大河！满二少税,2350万,4室3厅 | 470.55平米 | 南 | 毛坯 | 3层 | 2010年建 | 板楼 | 双拼别墅,https://image1.ljcdn.com/310000-inspection/6619c8f6-7b24-4b46-bf17-f8136482b873.jpg.296x216.jpg
20200208,闵行,春申,普乐三村 一梯二户中间楼层大二房 房型正气诚意出售房主自荐,340万,2室2厅 | 94.73平米 | 南 北 | 简装 | 中楼层(共6层) | 1996年建 | 板楼,https://image1.ljcdn.com/310000-inspection/8b266d9a-63d7-442a-9a7b-76a4e4611099.jpg.296x216.jpg
20200208,闵行,春申,别看它贵！但是它值！六期电梯房！南临水！看房有钥匙,3000万,4室2厅 | 481.89平米 | 南 | 毛坯 | 3层 | 2010年建 | 板楼 | 双拼别墅,https://image1.ljcdn.com/310000-inspection/rsp_pic_upload3bf0e8c1-4500-4fa6-b314-de6f70b93ddc.jpg.296x216.jpg
20200208,闵行,春申,本房满五唯一，免征个税，视野开阔，采光没问题。,1380万,6室2厅 | 283.82平米 | 南 北 | 其他 | 低楼层(共6层) | 2004年建 | 板楼,https://image1.ljcdn.com/310000-inspection/65807c71-f5fe-4a6b-b0f4-8dbd94327776.jpg.296x216.jpg
20200208,闵行,春申,顶楼大复式 精装修 房型正气 诚意出售 带大露台房主自荐,750万,5室2厅 | 177.07平米 | 南 | 精装 | 高楼层(共6层) | 2000年建 | 板楼,https://image1.ljcdn.com/310000-inspection/test-5e9302c8-ac9f-4944-b310-19ae2cff3cae.png.296x216.jpg
20200208,闵行,春申,近徐汇 占地900平 东北临活水 大户型霸气 位置好到爆,2680万,5室2厅 | 428.18平米 | 南 | 简装 | 3层 | 2003年建 | 板楼 | 独栋别墅,https://image1.ljcdn.com/310000-inspection/cc05c2e8-0c07-4f92-b496-709b032e09aa.jpg.296x216.jpg
20200208,闵行,春申,新上，中间楼层，边套全明，房改售房，全区推荐,339万,2室1厅 | 67.61平米 | 南 | 简装 | 中楼层(共6层) | 1996年建 | 板楼,https://image1.ljcdn.com/shfdfs-image/20170903/e6fda60f-16cd-485c-a4c6-f83d1b60fed8.jpg.296x216.jpg
20200208,闵行,春申,小区中间位置，装修保养很好，带有产权车位房主自荐,650万,2室2厅 | 91.38平米 | 南 | 精装 | 低楼层(共17层) | 2007年建 | 板楼,https://image1.ljcdn.com/shfdfs-image/20150308/0cb02a50-9358-499f-9672-f8774aafaddc.jpg.296x216.jpg
20200208,闵行,春申,近徐汇，纯别墅社区，万科物业，装修好，带地下室,1395万,3室2厅 | 197.78平米 | 南 | 精装 | 3层 | 2008年建 | 板楼 | 联排别墅,https://image1.ljcdn.com/310000-inspection/30208e01-565f-481c-844e-09fa288069a5.jpg.296x216.jpg
20200208,闵行,春申,一梯两户房型正气，装修保养好采光好，*两房！,320万,1室2厅 | 72.35平米 | 南 | 精装 | 高楼层(共6层) | 2000年建 | 板楼,https://image1.ljcdn.com/310000-inspection/prod-f2a54156-1007-484e-89c1-01c328946446.jpg.296x216.jpg
20200208,闵行,春申,都市宜家苑 5室2厅 610万,610万,5室2厅 | 143.55平米 | 南 | 其他 | 高楼层(共6层) | 2004年建 | 板楼,https://image1.ljcdn.com/310000-inspection/prod-869480d1-de0e-428a-9f0d-536549d49406.jpg.296x216.jpg
20200208,闵行,春申,都市宜家苑 4室3厅 579万,579万,4室3厅 | 143.55平米 | 南 | 其他 | 高楼层(共6层) | 2004年建 | 板楼,https://image1.ljcdn.com/310000-inspection/pc1_0HTegmU5H_1.jpg.296x216.jpg
20200208,闵行,春申,小区前排一楼复式 舒适安静 适合居住 业主诚心出售,997万,5室2厅 | 200.23平米 | 南 | 精装 | 低楼层(共10层) | 2000年建 | 板楼,https://image1.ljcdn.com/shfdfs-image/20160614/e4b185a2-7fee-4a22-b725-c80b3b36be28.jpg.296x216.jpg
20200208,闵行,春申,少有户型：双面邻水独栋 带中庭户型 737平花园 有钥匙,4680万,5室3厅 | 642.04平米 | 南 | 精装 | 3层 | 2005年建 | 板楼 | 独栋别墅,https://image1.ljcdn.com/310000-inspection/ccdf114b-b4d9-4974-94cd-bd2ee49260c2.jpg.296x216.jpg
20200208,闵行,春申,近徐汇，紧靠高尔夫练习场，视野开阔，占地1000多平,2475万,4室3厅 | 329平米 | 北 | 精装 | 2层 | 2001年建 | 板楼 | 独栋别墅,https://image1.ljcdn.com/shfdfs-image/20170929/d0a57514-36f4-45b1-918b-d729186c8b64.jpg.296x216.jpg
20200208,闵行,春申,徐汇南 森林别墅 天然氧吧 精装修拎包入住,2200万,4室2厅 | 415平米 | 南 | 精装 | 3层 | 2007年建 | 板楼 | 双拼别墅,https://image1.ljcdn.com/310000-inspection/4a3c46fc-e570-4159-be7e-af71e38a734e.jpg.296x216.jpg
20200208,闵行,春申,小区精装1房，业主诚意出售，看房方便,410万,1室1厅 | 49.04平米 | 南 | 精装 | 中楼层(共17层) | 2005年建 | 板楼,https://image1.ljcdn.com/shfdfs-image/20161010/b30b1c08-b2ff-4b94-bc31-7f6a26d8e0c7.jpg.296x216.jpg
20200208,闵行,春申,上海春城 2室2厅 750万,750万,2室2厅 | 123.15平米 | 南 | 简装 | 低楼层(共17层) | 2004年建 | 板楼,https://image1.ljcdn.com/310000-inspection/pc1_3MJmo7WFW_1.jpg.296x216.jpg
20200208,闵行,春申,离地铁300米，虹梅南路高架下口，大花园独栋，精装修,2500万,5室3厅 | 333.37平米 | 东 | 简装 | 2层 | 2001年建 | 板楼 | 独栋别墅,https://image1.ljcdn.com/310000-inspection/952037bd-a120-4e66-9c7a-7578c0b9494c.jpg.296x216.jpg
20200208,闵行,春申,惊喜不断！三期精装好房！拎包入住保养如新！诚邀品鉴,2200万,4室2厅 | 415平米 | 南 | 精装 | 3层 | 2007年建 | 板楼 | 双拼别墅,https://image1.ljcdn.com/310000-inspection/9f063177-d5f8-4c69-9afc-844fc6ed4e4b.jpg.296x216.jpg
20200208,闵行,春申,南花园南临水，业主自住，装修保养很棒，看房方便,2200万,4室3厅 | 398平米 | 南 北 | 精装 | 3层 | 2007年建 | 板楼 | 双拼别墅,https://image1.ljcdn.com/310000-inspection/5d2ed1fc-5e99-483f-aef4-72abe2aaa5d6.jpg.296x216.jpg
