20200208,浦东,梅园,梅园豪 宅仁恒品质电梯小复式，福外+建平，位置安静必看好房,838万,3室1厅 | 93.17平米 | 东 南 北 | 精装 | 高楼层(共18层) | 1997年建 | 塔楼,https://image1.ljcdn.com/310000-inspection/9185219d-432b-4004-a923-a42a9b4c5c17_1000.jpg.296x216.jpg
20200208,浦东,梅园,有钥匙 看房方便 业主诚意出售 陆家嘴商圈必看好房,514万,1室1厅 | 36.83平米 | 南 | 简装 | 高楼层(共6层) | 1993年建 | 板楼,https://image1.ljcdn.com/310000-inspection/prod-0575c7dd-c7d3-4aff-bc36-c1d611791e1b.jpg.296x216.jpg
20200208,浦东,梅园,厅高3.3 建平西 价格可谈 电梯必看好房,820万,3室2厅 | 162.27平米 | 南 北 | 简装 | 低楼层(共24层) | 1997年建 | 塔楼,https://image1.ljcdn.com/310000-inspection/pc1_XmEOqLmJG_1.jpg.296x216.jpg
20200208,浦东,梅园,双楠全明格局+满五唯一+位置安静楼层好+vip钥匙房！必看好房,585万,2室1厅 | 61.82平米 | 南 | 简装 | 高楼层(共5层) | 1995年建 | 板楼,https://image1.ljcdn.com/310000-inspection/pc1_VTXPX6POs_1.jpg.296x216.jpg
20200208,浦东,梅园,建平西门口，随时看房有车位，南北通户型总价低必看好房,1545万,3室2厅 | 166.3平米 | 南 | 精装 | 低楼层(共35层) | 2005年建 | 板楼,https://image1.ljcdn.com/310000-inspection/pc1_2pA96f3b7_1.jpg.296x216.jpg
20200208,浦东,梅园,高区通透大三房，西看陆家嘴三件套景观，满五唯一必看好房,1585万,3室2厅 | 168.1平米 | 南 | 精装 | 高楼层(共36层) | 2005年建 | 板楼,https://image1.ljcdn.com/310000-inspection/prod-36a1793d-d628-4656-a0eb-5bbdbabb8c91.jpg.296x216.jpg
20200208,浦东,梅园,三卧室朝南 随时可看 大三房 北滨江必看好房,1020万,3室2厅 | 171.1平米 | 南 | 简装 | 中楼层(共24层) | 1998年建 | 塔楼,https://image1.ljcdn.com/310000-inspection/pc1_nQXWOkxXw_1.jpg.296x216.jpg
20200208,浦东,梅园,总价低、普通住宅无增值税、出行方便，业主诚意出售必看好房,252万,1室1厅 | 39.08平米 | 南 | 简装 | 高楼层(共6层) | 1987年建 | 板楼,https://image1.ljcdn.com/310000-inspection/prod-caccab65-7e83-4f7f-8d9c-0d8aef3a5c93.jpg.296x216.jpg
20200208,浦东,梅园,70年产权住宅、满五年婚房精装 高区视野 边套全明采光必看好房,588万,1室1厅 | 68.87平米 | 南 西 | 精装 | 中楼层(共29层) | 2006年建 | 塔楼,https://image1.ljcdn.com/310000-inspection/pc1_VnP1uNv3E_1.jpg.296x216.jpg
20200208,浦东,梅园,双南居家装修，中间楼层精装修，拎包入住，价格可谈必看好房,535万,1室1厅 | 42.7平米 | 南 | 精装 | 中楼层(共6层) | 1994年建 | 板楼,https://image1.ljcdn.com/310000-inspection/pc1_AhqiuZSlu_1.jpg.296x216.jpg
20200208,浦东,梅园,满五唯一  一梯三户 南北两房 边套全明 随时看房必看好房,453万,2室1厅 | 46.02平米 | 南 | 精装 | 高楼层(共6层) | 1984年建 | 板楼,https://image1.ljcdn.com/310000-inspection/pc1_0LWwnyWUv_1.jpg.296x216.jpg
20200208,浦东,梅园,未来双轨交会，三地铁线，小区中间位置，诚意出售必看好房,328万,2室1厅 | 49.51平米 | 南 | 精装 | 中楼层(共6层) | 1987年建 | 板楼,https://image1.ljcdn.com/310000-inspection/pc1_OcofSAkyt_1.jpg.296x216.jpg
20200208,浦东,梅园,梅园三街坊 正气三房采光足 产权清晰 房东诚意售必看好房,630万,3室1厅 | 64.94平米 | 南 | 精装 | 高楼层(共6层) | 1985年建 | 板楼,https://image1.ljcdn.com/310000-inspection/prod-e02a190f-6b1a-4a8f-a690-6b121ff48ecd.jpg.296x216.jpg
20200208,浦东,梅园,满五唯一，楼层佳，一室一厅，产权清晰，边套全明户型必看好房,500万,1室1厅 | 37.72平米 | 南 | 简装 | 中楼层(共6层) | 1985年建 | 板楼,https://image1.ljcdn.com/310000-inspection/pc1_NE83l9Beh_1.jpg.296x216.jpg
20200208,浦东,梅园,梅五不靠路南北两居，急卖置换，看房提前预约必看好房,588万,2室1厅 | 51.5平米 | 南 北 | 简装 | 低楼层(共6层) | 1993年建 | 板楼,https://image1.ljcdn.com/310000-inspection/e42b0174-d035-4da4-9e97-f55ce2ee39ef_1000.jpg.296x216.jpg
20200208,浦东,梅园,南北两房，楼层视野好，业主诚意，看房方便必看好房,420万,2室1厅 | 52.95平米 | 南 | 简装 | 高楼层(共6层) | 1992年建 | 板楼,https://image1.ljcdn.com/310000-inspection/pc1_u8MyIxDYB_1.jpg.296x216.jpg
20200208,浦东,梅园,内环内标准一室户 高区景观楼层 户型方正必看好房,530万,1室2厅 | 68.93平米 | 西北 | 简装 | 高楼层(共28层) | 2006年建 | 塔楼,https://image1.ljcdn.com/310000-inspection/pc1_3iGjtlOQ7_1.jpg.296x216.jpg
20200208,浦东,梅园,梅园新村 低总价 中间安静位置 采光好  房东诚售必看好房,390万,1室0厅 | 27.49平米 | 南 | 精装 | 高楼层(共6层) | 1980年建 | 板楼,https://image1.ljcdn.com/310000-inspection/pc1_9Jw6a9EOX_1.jpg.296x216.jpg
20200208,浦东,梅园,此房满五年 老业主挂牌 居家装修   随时可签必看好房,490万,1室0厅 | 29.42平米 | 南 | 简装 | 高楼层(共6层) | 1985年建 | 板楼,https://image1.ljcdn.com/310000-inspection/bc842968-ced6-4d79-9fa9-94304eb251a0_1000.jpg.296x216.jpg
20200208,浦东,梅园,小区中间位置，双南两房，采光通风好，看房方便必看好房,533万,2室1厅 | 46.08平米 | 南 | 简装 | 高楼层(共6层)  | 板楼,https://image1.ljcdn.com/310000-inspection/665980db-ed3a-4592-b726-16e405d1ec0a_1000.jpg.296x216.jpg
20200208,浦东,梅园,全明户型，诚意出售，非顶楼，产权清晰必看好房,519万,1室1厅 | 38.93平米 | 南 | 精装 | 高楼层(共6层) | 1993年建 | 板楼,https://image1.ljcdn.com/310000-inspection/pc1_w5XtLDzXQ_1.jpg.296x216.jpg
20200208,浦东,梅园,满五唯一 双南两房 户型方正 中间楼层 诚意出售必看好房,572万,2室1厅 | 49.46平米 | 南 | 精装 | 高楼层(共6层) | 1988年建 | 板楼,https://image1.ljcdn.com/310000-inspection/pc1_MdApuFdbB_1.jpg.296x216.jpg
20200208,浦东,梅园,满五唯一，不靠马路，东边套南北通，2个卧室朝南必看好房,515万,3室1厅 | 61.11平米 | 南 | 简装 | 高楼层(共6层) | 1980年建 | 板楼,https://image1.ljcdn.com/310000-inspection/prod-671beaf0-b1f3-4256-aeb7-8f7faa3b8a36.jpg.296x216.jpg
20200208,浦东,梅园,大面积双南两房加双天井加附一个天井，只等你来！必看好房,679万,2室1厅 | 70.16平米 | 南 | 简装 | 低楼层(共5层) | 1992年建 | 板楼,https://image1.ljcdn.com/310000-inspection/prod-9a9a8b91-69c0-4398-8e24-67041eeab617.jpg.296x216.jpg
20200208,浦东,梅园,未用 房子位置好 诚售总价低 地铁交通2469号线必看好房,505万,1室0厅 | 36.8平米 | 南 | 毛坯 | 高楼层(共6层) | 1993年建 | 板楼,https://image1.ljcdn.com/310000-inspection/pc1_prl9xU0Du_2.jpg.296x216.jpg
20200208,浦东,梅园,浦东刚需，电梯房，守望陆家嘴，邻近世纪大道房主自荐,596万,2室1厅 | 72.26平米 | 南 | 精装 | 低楼层(共18层) | 1997年建 | 塔楼,https://image1.ljcdn.com/310000-inspection/pc1_Lhg0vZr0u.jpg.296x216.jpg
20200208,浦东,梅园,近地铁站，税费低，精装修大三房，好房诚售,1500万,3室2厅 | 204.89平米 | 南 | 精装 | 中楼层(共8层) | 1994年建 | 板楼,https://image1.ljcdn.com/310000-inspection/prod-37d03bdd-546d-4547-a39f-3d6b59fd675b.jpg.296x216.jpg
20200208,浦东,梅园,南北通户型，采光通风好，视野开阔，业主诚意房主自荐,455万,2室0厅 | 47.16平米 | 南 | 简装 | 高楼层(共5层) | 1987年建 | 板楼,https://image1.ljcdn.com/310000-inspection/prod-09dc10cf-2083-42b9-8b66-e54664adc6e7.jpg.296x216.jpg
20200208,浦东,梅园,此房满五年唯一，自住装修，方便出租，配套设施齐。,545万,2室0厅 | 47.51平米 | 南 | 简装 | 高楼层(共6层) | 1985年建 | 板楼,https://image1.ljcdn.com/310000-inspection/prod-3e2b085a-3d53-4692-9805-698f60012858.jpg.296x216.jpg
20200208,浦东,梅园,售后公房，小区中间位置中间楼层，采光好！诚意出售！,530万,1室1厅 | 42.84平米 | 南 | 简装 | 中楼层(共6层) | 1993年建 | 板楼,https://image1.ljcdn.com/310000-inspection/pc1_jtJrkFUfw.jpg.296x216.jpg
20200208,浦东,梅园,地铁口 业主诚意出售 楼层好 采光好 利用空间大,1050万,3室2厅 | 168平米 | 南 | 其他 | 低楼层(共24层) | 1997年建 | 塔楼,https://image1.ljcdn.com/310000-inspection/pc1_8LdhZhCmQ_1.jpg.296x216.jpg
20200208,浦东,梅园,高区次顶楼 无遮挡 采光好 次新房 户型棒,1550万,3室2厅 | 159.64平米 | 南 | 毛坯 | 高楼层(共29层)  | 板楼,https://image1.ljcdn.com/310000-inspection/prod-40e2edb5-9261-40c0-8cd0-17ae2321e67b.jpg.296x216.jpg
20200208,浦东,梅园,CBD景观绿地 经典四房 装修好 价格优,1900万,4室2厅 | 212.44平米 | 南 北 | 精装 | 低楼层(共37层) | 2005年建 | 板楼,https://image1.ljcdn.com/310000-inspection/prod-7a5b9a6b-163d-4a9d-ab38-e831060fc292.jpg.296x216.jpg
20200208,浦东,梅园,放心好房，景观房，大面积三房，南北三房，使用面积多,1020万,3室2厅 | 127.7平米 | 南 | 精装 | 高楼层(共6层) | 1999年建 | 板楼,https://image1.ljcdn.com/310000-inspection/test-8a1330b8-c93c-4c12-8a43-16f4c87ea075.png.296x216.jpg
20200208,浦东,梅园,唯一诚意出售复式 南北通格局 3+1户型  有车位房主自荐,1750万,3室2厅 | 199.77平米 | 南 北 | 精装 | 中楼层(共6层) | 2005年建 | 板楼,https://image1.ljcdn.com/310000-inspection/pc1_g2EeQuxIt_1.jpg.296x216.jpg
20200208,浦东,梅园,交通方便 边套全明 南北通 一梯三户 随时看房,485万,2室1厅 | 46.02平米 | 南 | 简装 | 低楼层(共6层) | 1984年建 | 板楼,https://image1.ljcdn.com/310000-inspection/pc1_3n17epIab_1.jpg.296x216.jpg
20200208,浦东,梅园,前排无遮挡 180°视野，看房方便，有本诚售。,3800万,4室2厅 | 239平米 | 北 | 精装 | 中楼层(共15层)  | 板楼,https://image1.ljcdn.com/310000-inspection/pc1_HDxrHKpf5_1.jpg.296x216.jpg
20200208,浦东,梅园,双南双天井的房子，满五唯一，看房方便,535万,2室1厅 | 47.43平米 | 南 | 毛坯 | 低楼层(共6层) | 1988年建 | 板楼,https://image1.ljcdn.com/310000-inspection/pc1_PWjM9eQIJ.jpg.296x216.jpg
20200208,浦东,梅园,未来双轨道交会  普通住宅 诚意出售 价格美丽,299万,1室1厅 | 44.09平米 | 南 | 简装 | 低楼层(共6层) | 1987年建 | 板楼,https://image1.ljcdn.com/310000-inspection/pc1_FTapOB8Wz_1.jpg.296x216.jpg
20200208,浦东,梅园,福外+建平西，电梯房，精装修带地暖,698万,2室1厅 | 72.5平米 | 南 | 精装 | 中楼层(共18层) | 1992年建 | 塔楼,https://image1.ljcdn.com/310000-inspection/pc1_J45oxa5Yf_1.jpg.296x216.jpg
20200208,浦东,梅园,2015年二次精装 拎包入住，高区景观视野佳 带车位,1150万,3室2厅 | 145.85平米 | 南 北 | 精装 | 高楼层(共27层) | 2006年建 | 板楼,https://image1.ljcdn.com/310000-inspection/pc1_zl43aKN83_1.jpg.296x216.jpg
20200208,浦东,梅园,双南两房，采光充足，房龄新，小区环境好，诚心出售,645万,2室2厅 | 66.28平米 | 南 | 精装 | 高楼层(共6层) | 1995年建 | 板楼,https://image1.ljcdn.com/310000-inspection/pc1_8h4hAq3dB_1.jpg.296x216.jpg
20200208,浦东,梅园,陆家嘴国际华城 2室2厅 998万,998万,2室2厅 | 122.78平米 | 南 | 精装 | 低楼层(共29层) | 2007年建 | 板楼,https://image1.ljcdn.com/310000-inspection/pc1_rERnGwkwT_1.jpg.296x216.jpg
20200208,浦东,梅园,小区中间位置 边套全明户型 采光好视野开阔，业主诚意,790万,2室1厅 | 111.94平米 | 南 东南 | 精装 | 高楼层(共23层) | 2003年建 | 板楼,https://image1.ljcdn.com/310000-inspection/prod-711f35e0-810e-4bf5-a486-3575b81fdc07.jpg.296x216.jpg
20200208,浦东,梅园,此房满五年税少名.额.未.用 不靠路 中位置 诚意出售,625万,2室1厅 | 62.38平米 | 南 | 精装 | 高楼层(共6层) | 1988年建 | 板楼,https://image1.ljcdn.com/310000-inspection/prod-fbe127ce-c713-4d12-bead-4dfb080b8f61.jpg.296x216.jpg
20200208,浦东,梅园,陆家嘴滨江板块   14，18号线准地铁口  诚意出售房主自荐,380万,2室1厅 | 54.96平米 | 南 | 精装 | 低楼层(共6层) | 1987年建 | 板楼,https://image1.ljcdn.com/310000-inspection/pc1_Mb3AToQ8a_1.jpg.296x216.jpg
20200208,浦东,梅园,小区中间位置，独立小院，精装修，福外旁，诚意出售,565万,2室1厅 | 50.55平米 | 南 | 精装 | 低楼层(共6层) | 1984年建 | 板楼,https://image1.ljcdn.com/310000-inspection/pc1_14Aa5r6YK_1.jpg.296x216.jpg
20200208,浦东,梅园,世纪大道，93年低总价两房，售后公房，只等你来！！房主自荐,535万,2室0厅 | 39.35平米 | 南 | 简装 | 高楼层(共6层) | 1993年建 | 板楼,https://image1.ljcdn.com/310000-inspection/pc1_Gh7CFWDbJ_1.jpg.296x216.jpg
20200208,浦东,梅园,小区中间位置不靠路  一梯两户  两南一北 大开间,648万,3室1厅 | 80.18平米 | 南 | 简装 | 高楼层(共5层) | 1983年建 | 板楼,https://image1.ljcdn.com/310000-inspection/prod-6be2a86c-cf71-45be-b191-90b4315192f3.jpg.296x216.jpg
20200208,浦东,梅园,老业主委托 高区正南2居室视野开阔采光充足,520万,2室1厅 | 79.37平米 | 南 | 精装 | 高楼层(共18层) | 1996年建 | 板楼,https://image1.ljcdn.com/310000-inspection/prod-a3abeaf2-7974-47ed-ab4d-27830b92c0e6.jpg.296x216.jpg
20200208,浦东,梅园,满五唯一 税费少 南北户型 楼层好 采光充足,570万,3室2厅 | 86.95平米 | 南 | 简装 | 中楼层(共6层) | 1988年建 | 板楼,https://image1.ljcdn.com/310000-inspection/pc1_9Et2eavRU_1.jpg.296x216.jpg
20200208,浦东,梅园,满五不唯一，产权清晰，户口好迁，顶楼采光好,760万,3室1厅 | 97.05平米 | 东南 | 精装 | 高楼层(共18层) | 1997年建 | 塔楼,https://image1.ljcdn.com/310000-inspection/pc1_xWuVcO0gZ_1.jpg.296x216.jpg
20200208,浦东,梅园,陆家嘴国际华城 全明两房 小区主楼位置 建西 地铁口,1180万,2室2厅 | 127.42平米 | 南 | 精装 | 高楼层(共36层) | 2006年建 | 板楼,https://image1.ljcdn.com/310000-inspection/pc1_AxNjwumxk_1.jpg.296x216.jpg
20200208,浦东,梅园,14  18号线准地铁 南北套型   税费少,388万,2室1厅 | 58.91平米 | 北 南 | 精装 | 中楼层(共6层) | 1987年建 | 板楼,https://image1.ljcdn.com/310000-inspection/pc1_EVXfAZxTa_1.jpg.296x216.jpg
20200208,浦东,梅园,高区 段江景 南北通透 地铁口 建平西校 满五唯一,1160万,3室2厅 | 138.47平米 | 北 南 | 精装 | 高楼层(共33层) | 2004年建 | 板楼,https://image1.ljcdn.com/310000-inspection/pc1_0z1E0Au1P_1.jpg.296x216.jpg
20200208,浦东,梅园,未用 南北通 带餐客厅 中间楼层不靠路 产权清晰,530万,3室1厅 | 59.88平米 | 南 北 | 简装 | 中楼层(共6层) | 1983年建 | 板楼,https://image1.ljcdn.com/310000-inspection/pc1_VoaVk8i8f_1.jpg.296x216.jpg
20200208,浦东,梅园,精装修双南两房，刚需户型，商圈成熟，交通便利,530万,2室1厅 | 45.61平米 | 南 | 精装 | 高楼层(共6层) | 1985年建 | 板楼,https://image1.ljcdn.com/310000-inspection/pc1_F2cMTfeoR.jpg.296x216.jpg
20200208,浦东,梅园,精装修 地铁口 满五唯一 税费少  房东诚意出售,605万,1室2厅 | 71.51平米 | 东南 | 精装 | 低楼层(共29层) | 2006年建 | 塔楼,https://image1.ljcdn.com/310000-inspection/pc1_kndOQsLJG_1.jpg.296x216.jpg
20200208,浦东,梅园,中间位置不靠路 飞机户型 正对小区绿化免个税,1640万,3室2厅 | 167.3平米 | 东 | 精装 | 低楼层(共35层) | 2005年建 | 板楼,https://image1.ljcdn.com/310000-inspection/pc1_74Qo38tID_1.jpg.296x216.jpg
20200208,浦东,梅园,光辉小区 1室1厅 530万,530万,1室1厅 | 42.89平米 | 南 | 简装 | 中楼层(共6层) | 1990年建 | 板楼,https://image1.ljcdn.com/310000-inspection/pc1_Ld0MMqI9n_1.jpg.296x216.jpg
20200208,浦东,梅园,满五年唯一 小区安静 全明通透户型 业主诚意出售,625万,2室1厅 | 59.23平米 | 南 | 精装 | 高楼层(共6层) | 1990年建 | 板楼,https://image1.ljcdn.com/310000-inspection/pc1_LG0VjBwrd_1.jpg.296x216.jpg
20200208,浦东,梅园,双轨道交会，全南两房    诚意出售   价格美丽,320万,2室1厅 | 48.27平米 | 南 | 精装 | 高楼层(共6层) | 1987年建 | 板楼,https://image1.ljcdn.com/310000-inspection/pc1_e5UFZNfpZ_1.jpg.296x216.jpg
20200208,浦东,梅园,近4/14号线 小区中间 非顶底楼 满五年无户口,400万,1室1厅 | 32.56平米 | 南 | 简装 | 中楼层(共6层) | 1984年建 | 板楼,https://image1.ljcdn.com/310000-inspection/pc1_bzp58GI7M_1.jpg.296x216.jpg
20200208,浦东,梅园,商品房社区 南北通透三居室 楼层高 视野好,1020万,3室2厅 | 132.75平米 | 南 北 | 精装 | 高楼层(共17层) | 2001年建 | 板楼,https://image1.ljcdn.com/310000-inspection/pc1_3QC6PBwYV_1.jpg.296x216.jpg
20200208,浦东,梅园,看完梅园街坊，必看松林小区，面积大，总价低，房龄新,568万,2室1厅 | 54.56平米 | 南 | 简装 | 高楼层(共5层) | 1995年建 | 板楼,https://image1.ljcdn.com/310000-inspection/prod-b147c93b-b2c2-47e6-b8dc-7b9d1265b960.jpg.296x216.jpg
20200208,浦东,梅园,全新4房 可给置换周期 户型方正 有钥匙 随时可看,2150万,4室2厅 | 213平米 | 南 | 精装 | 低楼层(共30层)  | 板楼,https://image1.ljcdn.com/310000-inspection/prod-02f7ddab-c43a-4894-8247-6a315a30b0ac.jpg.296x216.jpg
20200208,浦东,梅园,此房为南北两房，采光极很好，业主自住精装修,540万,2室0厅 | 48.04平米 | 南 | 其他 | 低楼层(共6层) | 1985年建 | 板楼,https://image1.ljcdn.com/310000-inspection/prod-4ee95325-92b0-4a70-aaaa-472551d3e4c1.jpg.296x216.jpg
20200208,浦东,梅园,全明户型，户型好，采光好，配套完善，小陆家嘴之称,1800万,4室2厅 | 193平米 | 南 北 | 毛坯 | 中楼层(共26层)  | 板楼,https://image1.ljcdn.com/310000-inspection/prod-afd27e31-c0db-4b3d-bb80-89413fbef895.jpg.296x216.jpg
20200208,浦东,梅园,世纪大道 精致小区 大两居户型方正 总高11楼小高层,900万,2室2厅 | 94平米 | 南 | 精装 | 中楼层(共11层) | 1999年建 | 板楼,https://image1.ljcdn.com/310000-inspection/prod-591b5371-31ad-43be-972f-ee6df335ad27.jpg.296x216.jpg
20200208,浦东,梅园,满五年、总价低、普通住宅无增值税，业主很诚意出售房主自荐,318万,1室1厅 | 46.16平米 | 南 | 精装 | 高楼层(共6层) | 1987年建 | 板楼,https://image1.ljcdn.com/310000-inspection/prod-7c8542dc-3b79-4085-9e19-00884ee79d32.jpg.296x216.jpg
20200208,浦东,梅园,梅园三街坊 正气三房采光足 见面可谈,620万,3室0厅 | 64.14平米 | 南 北 | 简装 | 高楼层(共6层) | 1984年建 | 板楼,https://image1.ljcdn.com/310000-inspection/prod-db74da1b-c798-48a1-97c1-83624510491d.jpg.296x216.jpg
20200208,浦东,梅园,壹号院高区看江景，精装修4房全新未用，随时约看！,3750万,4室2厅 | 232.24平米 | 南 | 精装 | 高楼层(共15层) | 2016年建 | 板楼,https://image1.ljcdn.com/310000-inspection/prod-3027d06c-0185-4d65-a749-d0ced66b0242.jpg.296x216.jpg
20200208,浦东,梅园,进才北，中间楼层，南北两房，业主诚意出售,450万,2室1厅 | 54.1平米 | 南 | 简装 | 低楼层(共6层) | 1992年建 | 板楼,https://image1.ljcdn.com/310000-inspection/pc1_OjiSzgDZG_1.jpg.296x216.jpg
20200208,浦东,梅园,梅园七街坊 1室1厅 500万,500万,1室1厅 | 40.44平米 | 南 | 精装 | 低楼层(共6层) | 1989年建 | 板楼,https://image1.ljcdn.com/310000-inspection/pc1_HvLXZfY0x_1.jpg.296x216.jpg
20200208,浦东,梅园,薪出  南北两房   茗额未用   产权清晰 世纪大道,550万,2室1厅 | 49.61平米 | 南 | 简装 | 高楼层(共6层) | 1991年建 | 板楼,https://image1.ljcdn.com/310000-inspection/prod-e783f423-641d-4d11-9d13-fc7d07fe63ec.jpg.296x216.jpg
20200208,浦东,梅园,精装修一房一厅，中间楼层，业主诚意出售，景观好,510万,1室1厅 | 73.84平米 | 东北 | 精装 | 低楼层(共31层) | 2003年建 | 塔楼,https://image1.ljcdn.com/310000-inspection/prod-60eee314-167a-4a39-8b5e-5568535b738b.jpg.296x216.jpg
20200208,浦东,梅园,处于陆家嘴交通要塞，北进北外滩，小区幽静不靠路,1680万,4室2厅 | 165.44平米 | 南 | 精装 | 高楼层(共25层) | 2002年建 | 板楼,https://image1.ljcdn.com/310000-inspection/pc1_kRc3WSNmT_1.jpg.296x216.jpg
20200208,浦东,梅园,小区中间位置 通透性好 动静分离 精装自住装修,1800万,3室2厅 | 198.64平米 | 南 | 精装 | 中楼层(共6层) | 2005年建 | 板楼,https://image1.ljcdn.com/310000-inspection/pc1_G067wDADU_1.jpg.296x216.jpg
20200208,浦东,梅园,海怡花园(浦东) 3室2厅 980万,980万,3室2厅 | 138.93平米 | 南 | 精装 | 中楼层(共11层) | 1997年建 | 板楼,https://image1.ljcdn.com/310000-inspection/pc1_vf6UNGqAb_1.jpg.296x216.jpg
20200208,浦东,梅园,精装修3房 小区花园位置 税费少 户型好 业主急售,490万,3室1厅 | 59.88平米 | 南 | 精装 | 高楼层(共6层) | 1983年建 | 板楼,https://image1.ljcdn.com/310000-inspection/pc1_vo6j78Bgv_1.jpg.296x216.jpg
20200208,浦东,梅园,06年商品房 住宅 一室一厅 电梯,620万,1室1厅 | 71.24平米 | 西南 | 精装 | 低楼层(共29层) | 2006年建 | 塔楼,https://image1.ljcdn.com/310000-inspection/pc1_AWzWsLbfo_1.jpg.296x216.jpg
20200208,浦东,梅园,建平未用，小区中间位置不靠路，看房方便，双南两房,457万,2室0厅 | 45.96平米 | 南 | 精装 | 高楼层(共6层) | 1980年建 | 板楼,https://image1.ljcdn.com/310000-inspection/pc1_T3zIFUV1p_3.jpg.296x216.jpg
20200208,浦东,梅园,滨江全明小户型，14号地铁线，潜力小房，配套渐完善,280万,1室1厅 | 42.77平米 | 南 北 | 简装 | 高楼层(共6层) | 1988年建 | 板楼,https://image1.ljcdn.com/310000-inspection/prod-b6370e9b-e641-4cd3-9795-c0394388a235.jpg.296x216.jpg
20200208,浦东,梅园,电梯大两房，近福外，建西，小区自带花园，出行方便,540万,2室1厅 | 50.98平米 | 东北 | 精装 | 高楼层(共16层) | 1989年建 | 塔楼,https://image1.ljcdn.com/310000-inspection/pc1_VpIGT07ZC_1.jpg.296x216.jpg
20200208,浦东,梅园,一梯两户 南北两房 业主自住 看房随时 诚意出售！！,590万,2室1厅 | 57.56平米 | 南 | 精装 | 中楼层(共13层) | 1989年建 | 板楼,https://image1.ljcdn.com/310000-inspection/prod-940ab234-e594-4392-89f4-081f22c612c3.jpg.296x216.jpg
20200208,浦东,梅园,电梯大一房+业主诚意出售+满五年+诚意出售,518万,1室1厅 | 49.53平米 | 南 | 简装 | 低楼层(共18层) | 1997年建 | 塔楼,https://image1.ljcdn.com/310000-inspection/prod-459bcfb4-04a2-4989-bac0-44af764406d2.jpg.296x216.jpg
20200208,浦东,梅园,此房满五年不唯一，中等装修，户型好，1997年房龄,760万,2室1厅 | 83.43平米 | 南 | 简装 | 中楼层(共5层) | 1995年建 | 板楼,https://image1.ljcdn.com/310000-inspection/prod-9bba53ba-2e92-4259-a382-50caf73d8904.jpg.296x216.jpg
20200208,浦东,梅园,梅园五街坊  全明大两房 产权清晰,610万,2室1厅 | 59.12平米 | 南 | 其他 | 高楼层(共6层) | 1993年建 | 板楼,https://image1.ljcdn.com/310000-inspection/pc1_NSgWeGlxw_1.jpg.296x216.jpg
20200208,浦东,梅园,此房满五年唯一，花园位置，双南户型,499万,2室1厅 | 56.87平米 | 南 | 精装 | 高楼层(共6层) | 1986年建 | 板楼,https://image1.ljcdn.com/310000-inspection/pc1_pNFhmszQ6_1.jpg.296x216.jpg
20200208,浦东,梅园,小区诚意卖的四房，全新房，带车位,2300万,4室2厅 | 172平米 | 南 北 | 精装 | 低楼层(共19层)  | 板楼,https://image1.ljcdn.com/310000-inspection/prod-428805a6-edef-43d6-956a-71b625924036.jpg.296x216.jpg
20200208,浦东,梅园,看房量多的高区飞机户型大三房，新小区毛坯房主自荐,1530万,3室1厅 | 159.5平米 | 南 | 毛坯 | 高楼层(共29层) | 2015年建 | 板楼,https://image1.ljcdn.com/310000-inspection/pc1_Q3BatMR8F_1.jpg.296x216.jpg
20200208,浦东,梅园,靠滨江公园 70年住宅小户型 全明结构 看花园洋房全景,545万,1室2厅 | 71.58平米 | 东南 | 简装 | 中楼层(共25层) | 2006年建 | 塔楼,https://image1.ljcdn.com/310000-inspection/prod-838df6f1-c184-4691-8a6a-17fb06a3d05c.jpg.296x216.jpg
20200208,浦东,梅园,一梯两户，边套全明，近地铁世纪大道站小区中间位置,540万,1室1厅 | 42.15平米 | 南 | 精装 | 高楼层(共6层) | 1993年建 | 板楼,https://image1.ljcdn.com/310000-inspection/pc1_DXKMf1ujx_1.jpg.296x216.jpg
20200208,浦东,梅园,梅园五街坊，南北大两房，户型正气。,640万,2室1厅 | 55.9平米 | 南 | 精装 | 低楼层(共6层) | 1991年建 | 板楼,https://image1.ljcdn.com/310000-inspection/pc1_U4LzZzJLa_1.jpg.296x216.jpg
20200208,浦东,梅园,中间中间位置 满五年唯一 精装修 采光好 户型好,502万,2室1厅 | 61.06平米 | 南 | 简装 | 高楼层(共6层) | 1981年建 | 板楼,https://image1.ljcdn.com/310000-inspection/pc1_YviMnpSws_1.jpg.296x216.jpg
20200208,浦东,梅园,内环内/北滨江板块/14，18号线准地铁口/满五不唯一房主自荐,280万,1室1厅 | 39.64平米 | 南 | 精装 | 中楼层(共6层) | 1988年建 | 板楼,https://image1.ljcdn.com/310000-inspection/pc1_KThTeoRUG_1.jpg.296x216.jpg
20200208,浦东,梅园,南北通透，精装婚房，拎包入住，随时看房房主自荐,515万,2室2厅 | 81.39平米 | 南 北 | 精装 | 高楼层(共6层) | 1998年建 | 板楼,https://image1.ljcdn.com/310000-inspection/prod-c1cef572-d38c-411a-888a-ba8871fec087.jpg.296x216.jpg
20200208,浦东,梅园,售后公房，满五唯一，税费少,房东诚心出售,578万,2室1厅 | 49.5平米 | 南 | 简装 | 高楼层(共6层) | 1995年建 | 板楼,https://image1.ljcdn.com/310000-inspection/prod-0c8043e1-add2-4138-9098-5cb396eb1700.jpg.296x216.jpg
20200208,浦东,梅园,浦东大道海事大学 中间层 南北2房  地铁  商场,332万,2室0厅 | 49.51平米 | 南 | 简装 | 中楼层(共6层) | 1987年建 | 板楼,https://image1.ljcdn.com/310000-inspection/prod-46474c34-20d7-4734-bd99-5228c5291a19.jpg.296x216.jpg
20200208,浦东,梅园,满五唯一；看房方便，到价签字；近地铁，,572万,3室1厅 | 70.01平米 | 南 | 简装 | 高楼层(共6层) | 1983年建 | 板楼,https://image1.ljcdn.com/310000-inspection/prod-7ccc0ffc-ba9d-42ed-b909-8c99388bbf8d.jpg.296x216.jpg
20200208,浦东,梅园,经典小三房 南北双阳台 户型好采光佳,1350万,3室2厅 | 132平米 | 南 | 精装 | 中楼层(共29层)  | 板楼,https://image1.ljcdn.com/310000-inspection/pc1_eJ5FcE2N8_1.jpg.296x216.jpg
20200208,浦东,梅园,一楼带地下室 使用面积大 采光好 从未住人随时看房,1190万,2室2厅 | 114平米 | 南 | 毛坯 | 低楼层(共16层)  | 板楼,https://image1.ljcdn.com/310000-inspection/pc1_czIw9XcA9_1.jpg.296x216.jpg
20200208,浦东,梅园,房子户型格局好，楼层高，视野好，采光充足,980万,3室2厅 | 123.04平米 | 南 | 简装 | 中楼层(共17层) | 2001年建 | 板楼,https://image1.ljcdn.com/310000-inspection/pc1_fKr19hqFj_1.jpg.296x216.jpg
20200208,浦东,梅园,满2年 100万装修全屋地暖 南北双阳台 保养好拎包入住,1500万,3室2厅 | 132平米 | 南 | 精装 | 低楼层(共32层)  | 板楼,https://image1.ljcdn.com/310000-inspection/pc1_fWB0bIrWn_1.jpg.296x216.jpg
20200208,浦东,梅园,建西未用 不靠路 非顶底 精装南北 离4 14号线地铁近,586万,2室1厅 | 61.99平米 | 南 | 精装 | 中楼层(共5层) | 1987年建 | 板楼,https://image1.ljcdn.com/310000-inspection/pc1_TiIT3t9du_1.jpg.296x216.jpg
20200208,浦东,梅园,南北全明三室，楼层好，采光前后无遮挡，诚售,730万,3室2厅 | 105.71平米 | 南 | 简装 | 中楼层(共6层) | 1993年建 | 板楼,https://image1.ljcdn.com/310000-inspection/pc1_7WcxKUdnU_1.jpg.296x216.jpg
20200208,浦东,梅园,景观双南两房，96年房龄，适宜居家兼顾上学，诚意出售房主自荐,698万,2室1厅 | 81.23平米 | 南 | 简装 | 中楼层(共15层)  | 塔楼,https://image1.ljcdn.com/310000-inspection/pc1_1w7xotk6M_1.jpg.296x216.jpg
20200208,浦东,梅园,地理位置优 教育楼近 房东诚售 交通方便 2.4.6.9号线,590万,1室0厅 | 43.91平米 | 南 | 简装 | 高楼层(共6层) | 1993年建 | 板楼,https://image1.ljcdn.com/310000-inspection/pc1_wZyM5mzpE_1.jpg.296x216.jpg
20200208,浦东,梅园,电梯房+视野开阔+采光好+单价低,550万,1室1厅 | 55.37平米 | 南 | 精装 | 中楼层(共15层)  | 塔楼,https://image1.ljcdn.com/310000-inspection/pc1_TlEsqQjgZ_1.jpg.296x216.jpg
20200208,浦东,梅园,南北户型，采光无遮挡，小区楼龄新，世外桃源的静谧房主自荐,860万,3室2厅 | 109平米 | 南 | 简装 | 高楼层(共5层) | 2003年建 | 板楼,https://image1.ljcdn.com/310000-inspection/pc1_E1z3mNZwR_1.jpg.296x216.jpg
20200208,浦东,梅园,南北通透 中间楼层 交通便利 教育的选择,630万,2室1厅 | 57.8平米 | 南 北 | 简装 | 中楼层(共6层) | 1991年建 | 板楼,https://image1.ljcdn.com/310000-inspection/pc1_eOputmInP_1.jpg.296x216.jpg
20200208,浦东,梅园,中间楼层，户型方正，装修好，可拎包入住,645万,2室2厅 | 92平米 | 南 北 | 精装 | 中楼层(共6层) | 1998年建 | 板楼,https://image1.ljcdn.com/310000-inspection/pc1_QVdREt53g_1.jpg.296x216.jpg
20200208,浦东,梅园,本房东南向的两室，装修保持的还可以的，节省购房成,650万,2室2厅 | 95.59平米 | 东南 | 简装 | 高楼层(共20层) | 1999年建 | 塔楼,https://image1.ljcdn.com/310000-inspection/pc1_pH5ZcdiEA_1.jpg.296x216.jpg
20200208,浦东,梅园,精装修 近4 14号线 不靠路 满五唯一 无户口 到价签字,435万,1室1厅 | 41.41平米 | 南 | 简装 | 低楼层(共6层) | 1987年建 | 板楼,https://image1.ljcdn.com/310000-inspection/pc1_RXoBlxCJw_1.jpg.296x216.jpg
20200208,浦东,梅园,精装南北两房+阳光房 +大露台，满五唯一，采光好房主自荐,610万,2室1厅 | 53.46平米 | 南 | 其他 | 中楼层(共5层) | 1993年建 | 板楼,https://image1.ljcdn.com/310000-inspection/pc1_P5keOTVZn_1.jpg.296x216.jpg
20200208,浦东,梅园,总价低，普通住宅，无增值税出行方便业主很诚意出售,315万,1室1厅 | 46.16平米 | 南 | 毛坯 | 高楼层(共6层) | 1987年建 | 板楼,https://image1.ljcdn.com/310000-inspection/test-b9dcd247-11fb-4184-8fef-a2adcb09f994.png.296x216.jpg
20200208,浦东,梅园,仁恒公寓 2室2厅 930万,930万,2室2厅 | 107.46平米 | 南 | 精装 | 低楼层(共18层) | 1997年建 | 塔楼,https://image1.ljcdn.com/310000-inspection/pc1_x6FrPORM1_1.jpg.296x216.jpg
20200208,浦东,梅园,建西地铁口 小区主楼位置 业主诚意出售 精装 价格可谈,1690万,3室2厅 | 180.96平米 | 南 | 精装 | 低楼层(共35层) | 2005年建 | 板楼,https://image1.ljcdn.com/310000-inspection/pc1_NL1vZlvuR_1.jpg.296x216.jpg
20200208,浦东,梅园,业主诚意出售 户型棒 精装修 满五唯一税费 看房方便,615万,2室2厅 | 62.38平米 | 南 北 | 精装 | 高楼层(共6层) | 1988年建 | 板楼,https://image1.ljcdn.com/310000-inspection/test-3dffbc6d-b76f-49be-85e3-00ec7e6e8a7f.png.296x216.jpg
20200208,浦东,梅园,中间位置大平层 双南两房采光好 有大露台,1800万,2室1厅 | 181.44平米 | 南 | 精装 | 中楼层(共6层) | 2005年建 | 板楼,https://image1.ljcdn.com/310000-inspection/prod-4f5aad82-d982-4a24-9473-57230cb4c128.jpg.296x216.jpg
20200208,浦东,梅园,刚需房源，优质户型，繁华地段，交通便利,585万,2室0厅 | 55.45平米 | 南 | 精装 | 中楼层(共6层) | 1985年建 | 板楼,https://image1.ljcdn.com/310000-inspection/prod-7f2d0fea-1bea-4618-9e76-34a725e8bf6c.jpg.296x216.jpg
20200208,浦东,梅园,双南两室，楼层视野好，业主诚意，看房方便,425万,2室1厅 | 53.95平米 | 南 | 简装 | 高楼层(共6层) | 1993年建 | 板楼,https://image1.ljcdn.com/310000-inspection/prod-7ffffa00-8941-4997-aa3c-b7d705244196.jpg.296x216.jpg
20200208,浦东,梅园,看完梅园街坊，必看松林小区，有阳台，房龄新，精装修房主自荐,610万,2室1厅 | 61.82平米 | 南 北 | 精装 | 低楼层(共5层) | 1995年建 | 板楼,https://image1.ljcdn.com/310000-inspection/prod-91ca222e-722f-4431-98eb-1b5b3eab5631.jpg.296x216.jpg
20200208,浦东,梅园,双南双天井，使用面积大，无浪费空间，自住看房好看,540万,2室1厅 | 45.66平米 | 南 | 简装 | 低楼层(共6层) | 1984年建 | 板楼,https://image1.ljcdn.com/310000-inspection/prod-faa14977-b613-4ce6-af38-b2f10f9c878e.jpg.296x216.jpg
20200208,浦东,梅园,一梯两户 满五年唯一 面积大 户型通透,620万,2室1厅 | 59.12平米 | 南 北 | 简装 | 低楼层(共6层) | 1993年建 | 板塔结合,https://image1.ljcdn.com/310000-inspection/prod-6291f72e-53ab-44e6-8f37-ff1e8925bce7.jpg.296x216.jpg
20200208,浦东,梅园,业主诚意出售，楼层好，三房朝南采光棒，利用空间大,1050万,3室2厅 | 171.1平米 | 南 | 精装 | 中楼层(共24层) | 1998年建 | 塔楼,https://image1.ljcdn.com/310000-inspection/prod-6487dfab-4c97-45ce-9860-5b1e8ae63be1.jpg.296x216.jpg
20200208,浦东,梅园,双东明户型 .中间楼层.不临街.精装修.产权清晰,560万,2室1厅 | 50.39平米 | 南 | 精装 | 中楼层(共6层) | 1984年建 | 板楼,https://image1.ljcdn.com/310000-inspection/prod-804bd719-6a56-41e9-b2c4-0c847c0441d5.jpg.296x216.jpg
20200208,浦东,梅园,本房户型房正，朝向东，建西，出门100米4号线地铁站,435万,1室1厅 | 56.4平米 | 南 | 精装 | 中楼层(共31层) | 2003年建 | 塔楼,https://image1.ljcdn.com/310000-inspection/pc1_ZTXCm5i70_2.jpg.296x216.jpg
20200208,浦东,梅园,松林小区双南两居+精装修+采光好+到价可签字,590万,2室1厅 | 62.8平米 | 南 | 精装 | 低楼层(共5层) | 1996年建 | 板楼,https://image1.ljcdn.com/310000-inspection/prod-76cda572-1b0b-4b34-b586-77fe74bfeebe.png.296x216.jpg
20200208,浦东,梅园,中间位置 满五年不唯一 采光好 户型好 总价低、,415万,1室0厅 | 31.7平米 | 南 | 简装 | 低楼层(共6层) | 1980年建 | 板楼,https://image1.ljcdn.com/310000-inspection/pc1_zi25jPla6_1.jpg.296x216.jpg
20200208,浦东,梅园,电梯房 随时看房，产权清晰 满五无大税 房东诚意出售,465万,1室1厅 | 54.15平米 | 南 | 简装 | 高楼层(共12层) | 1987年建 | 塔楼,https://image1.ljcdn.com/310000-inspection/pc1_3vJ0laLvb_1.jpg.296x216.jpg
20200208,浦东,梅园,梅园五街坊 2室1厅 570万,570万,2室1厅 | 55.69平米 | 南 | 简装 | 高楼层(共6层) | 1994年建 | 板塔结合,https://image1.ljcdn.com/310000-inspection/pc1_LkQEkdE3u_2.jpg.296x216.jpg
20200208,浦东,梅园,双南两房 采光充足 产权户口清晰 房东诚意出售,540万,2室1厅 | 48.69平米 | 南 | 精装 | 高楼层(共6层) | 1984年建 | 板楼,https://image1.ljcdn.com/310000-inspection/pc1_i7AhSu1lS_1.jpg.296x216.jpg
20200208,浦东,梅园,低楼层双南两房，低总价小区中间位置，诚意出售。,442万,2室1厅 | 44.37平米 | 南 | 毛坯 | 低楼层(共6层) | 1980年建 | 板楼,https://image1.ljcdn.com/310000-inspection/pc1_1W8PnBsrB_1.jpg.296x216.jpg
20200208,浦东,梅园,此房满五唯一，精装修的双南两室，方便看房。房主自荐,422万,2室1厅 | 52.9平米 | 南 | 精装 | 高楼层(共6层) | 1992年建 | 板楼,https://image1.ljcdn.com/310000-inspection/pc1_2tc5Ao9wO_1.jpg.296x216.jpg
20200208,浦东,梅园,小区中间位置，中间楼层，采光好，业主诚意出售,485万,1室1厅 | 33.63平米 | 南 | 精装 | 中楼层(共6层) | 1986年建 | 板楼,https://image1.ljcdn.com/310000-inspection/pc1_iXmBccdVO_1.jpg.296x216.jpg
20200208,浦东,梅园,陆家嘴板块，世纪大道地铁站口，中间楼层，婚房装修,610万,2室1厅 | 57.75平米 | 南 | 精装 | 低楼层(共6层) | 1989年建 | 板楼,https://image1.ljcdn.com/310000-inspection/042a0402-0428-467e-bcfe-9f6b2706224b_1000.jpg.296x216.jpg
20200208,浦东,梅园,大一房，主卧朝南采光佳，精装修，拎包入住,520万,1室1厅 | 41.13平米 | 南 | 精装 | 高楼层(共6层) | 1988年建 | 板楼,https://image1.ljcdn.com/310000-inspection/prod-d76d6c17-9b22-48f9-9c38-fd12435be8d0.jpg.296x216.jpg
20200208,浦东,梅园,钥匙房，看房方便；房改售房税费少 诚意出售,450万,2室1厅 | 42.75平米 | 南 | 简装 | 低楼层(共6层) | 1984年建 | 板楼,https://image1.ljcdn.com/310000-inspection/pc1_EeTvJlkrZ_1.jpg.296x216.jpg
20200208,浦东,梅园,源深梅园，高 端电梯，一室两厅，户型合理，满五唯一,650万,1室2厅 | 68.47平米 | 东 南 | 简装 | 低楼层(共24层) | 1999年建 | 板楼,https://image1.ljcdn.com/310000-inspection/prod-37c342a5-3ccb-46f8-9860-9b704d6e6f0b.jpg.296x216.jpg
20200208,浦东,梅园,源深体育 三室两厅两卫 户型合理 满五唯一诚意出售,1170万,3室2厅 | 144平米 | 南 | 精装 | 高楼层(共18层) | 1997年建 | 塔楼,https://image1.ljcdn.com/310000-inspection/prod-30c561c3-f78f-4643-af3c-290e102af538.jpg.296x216.jpg
20200208,浦东,梅园,业主诚意置换，395万价格可谈，看房方便,395万,1室1厅 | 31.33平米 | 南 | 其他 | 高楼层(共7层) | 1987年建 | 板楼,https://image1.ljcdn.com/310000-inspection/pc1_qUMsXb87D.jpg.296x216.jpg
20200208,浦东,梅园,70年产权住宅、满五省税、户型方正，楼层位置好。,535万,1室1厅 | 68.93平米 | 东南 | 精装 | 高楼层(共28层) | 2006年建 | 塔楼,https://image1.ljcdn.com/310000-inspection/pc1_h1h41VxmN.jpg.296x216.jpg
20200208,浦东,梅园,三房一厅，梅园板块，两南一北。看房方便，,650万,3室1厅 | 72平米 | 南 | 简装 | 高楼层(共6层) | 1986年建 | 板楼,https://image1.ljcdn.com/310000-inspection/test-59f1287b-b02a-4242-a5da-481d1d2ceb6a.png.296x216.jpg
20200208,浦东,梅园,陆家嘴铂金地段，一年精装，双南两房，有钥匙,570万,2室1厅 | 50.33平米 | 南 | 精装 | 高楼层(共6层) | 1989年建 | 板楼,https://image1.ljcdn.com/310000-inspection/test-c66b94fe-64b4-463e-8d15-94ab02df0e15.png.296x216.jpg
20200208,浦东,梅园,临滨江跑道，小区环境优美，全明户型，价格可谈房主自荐,264万,1室1厅 | 41.91平米 | 南 北 | 精装 | 高楼层(共6层) | 1987年建 | 板楼,https://image1.ljcdn.com/310000-inspection/pc1_pvL1Cjy98_1.jpg.296x216.jpg
20200208,浦东,梅园,尚海郦景 实际面积翻倍 复式 小区安静位置 100万装修房主自荐,1540万,4室4厅 | 140平米 | 南 北 | 精装 | 低楼层(共20层)  | 板楼,https://image1.ljcdn.com/310000-inspection/pc1_DUNSLuFmh_1.jpg.296x216.jpg
20200208,浦东,梅园,精装带地暖、2017年小区，270度落地窗看江景,1950万,3室2厅 | 168平米 | 南 | 精装 | 中楼层(共30层)  | 板楼,https://image1.ljcdn.com/310000-inspection/pc1_2tfRKkW3G_1.jpg.296x216.jpg
20200208,浦东,梅园,北靠花园+南靠幼儿园+中间楼层+房子唯一+看房方便,600万,2室0厅 | 51.78平米 | 南 | 简装 | 中楼层(共6层) | 1993年建 | 板楼,https://image1.ljcdn.com/310000-inspection/test-2dbcdb58-fd99-470d-8c8d-2f9ab26d5e8c.png.296x216.jpg
20200208,浦东,梅园,双南大两房 适合自住或出租 地段好 配套齐全 离地铁近,460万,2室1厅 | 53.16平米 | 南 | 简装 | 高楼层(共6层) | 1984年建 | 板楼,https://image1.ljcdn.com/310000-inspection/pc1_XxFXxoNmO_1.jpg.296x216.jpg
20200208,浦东,梅园,一楼带天井，南北户型，  满五唯一，看房基本都方便,460万,2室0厅 | 49.13平米 | 南 | 简装 | 低楼层(共6层) | 1980年建 | 板楼,https://image1.ljcdn.com/310000-inspection/pc1_AJRQKfBJP_1.jpg.296x216.jpg
20200208,浦东,梅园,电梯房，单价低，高层，无个税，采光好！！,565万,1室1厅 | 59.9平米 | 南 | 其他 | 高楼层(共16层)  | 塔楼,https://image1.ljcdn.com/310000-inspection/pc1_yQxcEmbic_1.jpg.296x216.jpg
20200208,浦东,梅园,前排高区江景大平层，双套房，全新未住人,4150万,4室1厅 | 252平米 | 南 | 精装 | 中楼层(共15层)  | 板楼,https://image1.ljcdn.com/310000-inspection/prod-2b2ed1c2-5549-40d4-98c9-9b1e28e3df7f.jpg.296x216.jpg
20200208,浦东,梅园,满五唯一  售后公房 居家装修  户型方正 诚意出售,738万,3室1厅 | 76.46平米 | 南 北 | 简装 | 高楼层(共6层) | 1989年建 | 板楼,https://image1.ljcdn.com/310000-inspection/prod-80ddca77-113e-4848-96b4-d40bef30bce5.jpg.296x216.jpg
20200208,浦东,梅园,新上架+一梯两户+南北通透+位置安静+精装修,630万,2室1厅 | 54.22平米 | 南 北 | 精装 | 高楼层(共4层) | 1994年建 | 板楼,https://image1.ljcdn.com/310000-inspection/prod-bb2b04fd-1c1a-4817-9b59-06704400f605.jpg.296x216.jpg
20200208,浦东,梅园,高区 通透户型 出门就是地铁口 看房方便,1940万,5室2厅 | 212平米 | 南 | 精装 | 高楼层(共36层) | 2005年建 | 板楼,https://image1.ljcdn.com/310000-inspection/pc1_RTy3C9QRH_1.jpg.296x216.jpg
20200208,浦东,梅园,小区主楼位置 大四房 精装带地暖 拎包入住,1970万,4室2厅 | 211.69平米 | 南 北 | 精装 | 低楼层(共37层) | 2005年建 | 板楼,https://image1.ljcdn.com/shfdfs-image/20170408/19b0cd5b-d178-4315-9eb8-056992a14233.jpg.296x216.jpg
20200208,浦东,梅园,南北通透，产权干净清晰，业主移民变现卖房，有租客！,1350万,3室2厅 | 145.52平米 | 暂无数据 | 简装 | 低楼层(共28层) | 2002年建 | 板楼,https://image1.ljcdn.com/shfdfs-image/20170525/c4a0b4d6-0782-48fc-a0c6-f8de810358db.jpg.296x216.jpg
20200208,浦东,梅园,源深梅园，自住大三房，适合三代自住，业主诚意出售,1200万,3室2厅 | 143.93平米 | 南 | 简装 | 高楼层(共24层) | 1999年建 | 板楼,https://image1.ljcdn.com/310000-inspection/77ae3baf-b19e-4eda-8057-44a44a287297.JPG.296x216.jpg
20200208,浦东,梅园,内环洋房  三层复式    动静分离   诚意出售,1600万,3室2厅 | 160平米 | 南 | 精装 | 高楼层(共6层) | 2005年建 | 板楼,https://image1.ljcdn.com/310000-inspection/3b5c35dc-1e78-469b-9284-dea13f0f6a08.JPG.296x216.jpg
20200208,浦东,梅园,全屋地暖空调含车位，3复4结构3+1户型不靠路.,1710万,3室2厅 | 196.76平米 | 南 | 精装 | 中楼层(共6层) | 2005年建 | 板楼,https://image1.ljcdn.com/310000-inspection/0ebee16f-2995-4a15-a9ee-8def74374ea0.JPG.296x216.jpg
20200208,浦东,梅园,14号线地铁口+高区+06年品质两房+看房方便！,840万,2室2厅 | 109.07平米 | 西南 | 精装 | 高楼层(共28层) | 2006年建 | 塔楼,https://image1.ljcdn.com/310000-inspection/test-779422df-ee2f-411c-b33b-316fb0fa4f88.png.296x216.jpg
20200208,浦东,梅园,满五唯一，诚意出售，近陆家嘴，楼层佳，光线好,565万,2室0厅 | 53.09平米 | 南 | 精装 | 高楼层(共6层) | 1986年建 | 板楼,https://image1.ljcdn.com/310000-inspection/pc1_mJ2YdLGRr.jpg.296x216.jpg
20200208,浦东,梅园,正规三房，中间位置不靠路，房东自己住，看房方便,530万,3室1厅 | 64.9平米 | 南 | 精装 | 高楼层(共6层) | 1982年建 | 板楼,https://image1.ljcdn.com/310000-inspection/ac4adab3-74ba-4987-8d7e-fa1f9c7ea442.jpg.296x216.jpg
20200208,浦东,梅园,近地铁二四六九，电梯明亮户型，满五诚售房主自荐,685万,3室1厅 | 97.05平米 | 东南 | 精装 | 中楼层(共18层) | 1997年建 | 塔楼,https://image1.ljcdn.com/310000-inspection/1a367729-b9a7-4ba3-a9fa-88daa1810590.JPG.296x216.jpg
20200208,浦东,梅园,未用 满五税少 中间位置三房加两天井 使用面积大,535万,3室1厅 | 59.8平米 | 南 | 简装 | 低楼层(共6层) | 1980年建 | 板楼,https://image1.ljcdn.com/310000-inspection/df9040a1-4297-461f-9c8c-10d232c5d5f5.jpg.296x216.jpg
20200208,浦东,梅园,近靠北滨江板块，高区景观房，前排一线江景，位置安静,1450万,4室2厅 | 173.39平米 | 南 北 | 精装 | 高楼层(共33层) | 2004年建 | 板楼,https://image1.ljcdn.com/310000-inspection/prod-7291d4df-14b1-4247-b09e-2a3590e446ab.jpg.296x216.jpg
20200208,浦东,梅园,三房朝南，明亮通透户型，付款方式好，有谈判空间房主自荐,899万,3室2厅 | 140.33平米 | 东南 | 精装 | 中楼层(共24层) | 2000年建 | 塔楼,https://image1.ljcdn.com/310000-inspection/prod-4e06ee08-513c-48d7-9315-2eb3e72da607.jpg.296x216.jpg
20200208,浦东,梅园,上海滩花园洋房 3室2厅 1800万,1800万,3室2厅 | 182平米 | 南 | 其他 | 中楼层(共6层) | 2005年建 | 板楼,https://image1.ljcdn.com/310000-inspection/pc1_Nv0DDWISN_1.jpg.296x216.jpg
20200208,浦东,梅园,三层大复式270度江景房，出门是地铁，直看陆家嘴全景,2600万,4室2厅 | 288.06平米 | 南 北 | 精装 | 高楼层(共23层) | 2002年建 | 板楼,https://image1.ljcdn.com/310000-inspection/dbb2f8f9-1eb2-4612-9147-0ae9fc7fca99.jpg.296x216.jpg
20200208,浦东,梅园,巨西小区内，品质小区，房东3年前精装修，看房方便,240万,2室1厅 | 43.23平米 | 南 | 精装 | 高楼层(共6层) | 1983年建 | 板楼,https://image1.ljcdn.com/310000-inspection/f8380426-92c7-48fb-93b1-0d81112bfa9c.JPG.296x216.jpg
20200208,浦东,梅园,内环内花园洋房 中间位置带花园 纯毛坯复式 看房随时,1850万,3室1厅 | 214.25平米 | 南 北 | 毛坯 | 低楼层(共6层) | 2005年建 | 板楼,https://image1.ljcdn.com/310000-inspection/6f1e39fa-7325-4734-9094-40bace068c37.JPG.296x216.jpg
20200208,浦东,梅园,房东诚意出售，看房方便，中间楼层，居家装修,1150万,3室2厅 | 138.8平米 | 南 | 简装 | 高楼层(共11层) | 2002年建 | 板楼,https://image1.ljcdn.com/310000-inspection/e489c24c-7f7b-4072-8df8-b982d9cd8e73.jpg.296x216.jpg
20200208,浦东,梅园,精装修 大三房，户型方正，业主诚意出售,668万,3室2厅 | 62.46平米 | 南 | 精装 | 低楼层(共6层) | 1984年建 | 板楼,https://image1.ljcdn.com/310000-inspection/prod-71b6b04b-3995-4d58-9ebb-a17b044a9606.jpg.296x216.jpg
20200208,浦东,梅园,2.4.6.9号线地铁口 交通方便 空中花园 有钥匙随时可看,1060万,3室2厅 | 130.12平米 | 北 | 简装 | 中楼层(共15层) | 1997年建 | 板楼,https://image1.ljcdn.com/shfdfs-image/20171127/b33d3787-337d-49af-bbfc-ac9476160537.jpg.296x216.jpg
20200208,浦东,梅园,两年前的新装修，保养很好，可以直接入住房主自荐,730万,3室1厅 | 76.2平米 | 南 | 精装 | 高楼层(共6层) | 1985年建 | 板楼,https://image1.ljcdn.com/310000-inspection/test-17c47cb6-2f7a-4627-8882-108349a81e53.png.296x216.jpg
20200208,浦东,梅园,内环内低总价，2020年底地铁14号18号双轨交汇。,280万,1室1厅 | 37.24平米 | 南 | 简装 | 低楼层(共6层) | 1987年建 | 板楼,https://image1.ljcdn.com/310000-inspection/pc1_LI6BbaC9o_1.jpg.296x216.jpg
20200208,浦东,梅园,内环内滨江沿线，低总价电梯两房房主自荐,520万,2室1厅 | 79.37平米 | 南 | 简装 | 中楼层(共18层) | 1994年建 | 板楼,https://image1.ljcdn.com/310000-inspection/pc1_06AmmQJsy_1.jpg.296x216.jpg
20200208,浦东,梅园,看一线黄浦江景品百年外滩繁华，万科翡翠系全地暖新风,2350万,4室2厅 | 213平米 | 南 | 精装 | 低楼层(共30层) | 2017年建 | 板楼,https://image1.ljcdn.com/310000-inspection/test-4b79e9ef-e9e8-4609-9ea6-cfb4224af04f.png.296x216.jpg
20200208,浦东,梅园,源深梅园，精致大三居，南北通方正，总高11楼小高层,1198万,3室2厅 | 135.16平米 | 南 | 精装 | 低楼层(共11层) | 1999年建 | 板楼,https://image1.ljcdn.com/310000-inspection/test-60781da9-4253-433b-893d-fac8e1419b96.jpg.296x216.jpg
20200208,浦东,梅园,北滨江 高区正三居 全明结构 三个阳台 带有产权车位,1065万,3室2厅 | 168.72平米 | 西南 | 简装 | 高楼层(共24层) | 1996年建 | 塔楼,https://image1.ljcdn.com/310000-inspection/pc1_EuDU7YoWS_1.jpg.296x216.jpg
20200208,浦东,梅园,小区后排安静无遮挡，总价低，楼层佳，看房方便,635万,2室2厅 | 95.59平米 | 南 东 | 简装 | 低楼层(共20层) | 1999年建 | 塔楼,https://image1.ljcdn.com/shfdfs-image/20170927/55be6316-76f2-49bf-a198-19499db7eb80.jpg.296x216.jpg
20200208,浦东,梅园,陆家嘴壹号院 4室2厅 3300万,3300万,4室2厅 | 239平米 | 南 北 | 精装 | 低楼层(共15层)  | 板楼,https://image1.ljcdn.com/310000-inspection/46b7f97f-d693-4553-80df-3d03a0c8c8e2.jpg.296x216.jpg
20200208,浦东,梅园,内环内电梯一室，离陆家嘴两站地铁，看房方便,320万,1室1厅 | 47.06平米 | 南 | 精装 | 高楼层(共18层) | 1994年建 | 板楼,https://image1.ljcdn.com/310000-inspection/prod-a471acb2-6e32-43ab-a86d-f1f8c7c2924c.jpg.296x216.jpg
20200208,浦东,梅园,业主诚意出售，内环内双南两房方正户型,720万,2室1厅 | 91.24平米 | 南 | 简装 | 中楼层(共18层) | 1999年建 | 塔楼,https://image1.ljcdn.com/310000-inspection/prod-b9355a79-2d23-4639-8e13-2098d59667c6.jpg.296x216.jpg
20200208,浦东,梅园,电梯房，浦东刚需，精装修，拎包入住,625万,2室1厅 | 72.26平米 | 南 | 精装 | 高楼层(共18层) | 1997年建 | 塔楼,https://image1.ljcdn.com/310000-inspection/prod-c5575787-64ce-4b06-9164-55b6743ff8f3.jpg.296x216.jpg
20200208,浦东,梅园,三卧朝南户型 采光佳 位置好 诚意出售,680万,3室1厅 | 73.27平米 | 南 | 简装 | 高楼层(共6层) | 1988年建 | 板塔结合,https://image1.ljcdn.com/x-se/hdic-frame/edb86d1d-17ac-481d-b09b-cd80bf0ff871.png.296x216.jpg
20200208,浦东,梅园,精装三房，业主诚意出售，看房方便，价格可谈,996万,3室2厅 | 166.16平米 | 南 | 精装 | 中楼层(共24层) | 2007年建 | 板楼,https://image1.ljcdn.com/310000-inspection/prod-93b89334-09f5-49c6-bcc5-7d21acf97469.jpg.296x216.jpg
20200208,浦东,梅园,售后公房满五年唯一，一梯两户全明通透，使用面积大,660万,2室1厅 | 55.9平米 | 南 | 精装 | 低楼层(共6层) | 1991年建 | 板楼,https://image1.ljcdn.com/310000-inspection/017899c6-0ccc-4b76-acb6-25fc81e25d90_1000.jpg.296x216.jpg
20200208,浦东,梅园,电梯三房 自住装修 拎包入住 地铁口100米,810万,3室1厅 | 86.23平米 | 南 | 精装 | 低楼层(共18层) | 1991年建 | 塔楼,https://image1.ljcdn.com/310000-inspection/pc1_KA93hDKKA_2.jpg.296x216.jpg
20200208,浦东,梅园,本房南北朝向户型通风性好，闹中取静的商品房小区,735万,2室2厅 | 85.6平米 | 南 | 精装 | 低楼层(共6层) | 2003年建 | 板楼,https://image1.ljcdn.com/310000-inspection/pc1_9A01VwwdA_1.jpg.296x216.jpg
20200208,浦东,梅园,房子是双南一北 中间位置 售后公房 看房方便房主自荐,730万,3室1厅 | 71.2平米 | 北 南 | 其他 | 低楼层(共6层) | 1986年建 | 板楼,https://image1.ljcdn.com/310000-inspection/pc1_LJMWbU9GM_1.jpg.296x216.jpg
20200208,浦东,梅园,刚刚降价，居家大两房，自住的选择，诚意出售看房方便,620万,2室1厅 | 55.22平米 | 南 北 | 其他 | 低楼层(共6层) | 1994年建 | 板楼,https://image1.ljcdn.com/310000-inspection/pc1_US7oXJRLx_1.jpg.296x216.jpg
20200208,浦东,梅园,双南两房 采光充足 产权户口清晰 房东诚意出售,555万,2室1厅 | 48.69平米 | 南 | 精装 | 低楼层(共6层) | 1984年建 | 板楼,https://image1.ljcdn.com/310000-inspection/pc1_DVP5svfHe_1.jpg.296x216.jpg
20200208,浦东,梅园,靠滨江，朝南户型采光好带有产权车位精装修,1100万,3室2厅 | 187.91平米 | 南 | 精装 | 中楼层(共25层) | 2007年建 | 塔楼,https://image1.ljcdn.com/310000-inspection/pc1_FpUG2qgjo_1.jpg.296x216.jpg
20200208,浦东,梅园,薪出房源，满五年不唯一，房东诚意出售,1500万,5室2厅 | 224.6平米 | 南 | 简装 | 高楼层(共23层) | 2003年建 | 板楼,https://image1.ljcdn.com/310000-inspection/pc1_P8Mu1GwJD_1.jpg.296x216.jpg
20200208,浦东,梅园,滨江一线江景 传世大宅 万科翡翠系列 精装从未入住过,4150万,4室1厅 | 383.91平米 | 西南 | 精装 | 中楼层(共27层)  | 板楼,https://image1.ljcdn.com/310000-inspection/test-94791a81-d532-43aa-b746-50177a581541.png.296x216.jpg
20200208,浦东,梅园,世纪大道 精装三房 宜家装修 现出租 租金11000,735万,3室1厅 | 84.68平米 | 南 | 精装 | 低楼层(共18层) | 1992年建 | 塔楼,https://image1.ljcdn.com/310000-inspection/c12996a1-b3f0-418c-8014-0a923d04130a.jpg.296x216.jpg
20200208,浦东,梅园,小区中间位置 低密度花园洋房 满五唯一精装自住装修,2800万,4室2厅 | 331.8平米 | 南 | 精装 | 低楼层(共6层) | 2005年建 | 板楼,https://image1.ljcdn.com/310000-inspection/0ffea815-c5c6-49da-b853-c81e0e9df8b0.JPG.296x216.jpg
20200208,浦东,梅园,满五不唯一，产权清晰， 高楼层，采光好，价格可谈,635万,2室1厅 | 57.91平米 | 南 | 简装 | 高楼层(共6层) | 1993年建 | 板楼,https://image1.ljcdn.com/310000-inspection/prod-7f7f40a1-2734-4458-8a23-a000c0db92fe.jpg.296x216.jpg
20200208,浦东,梅园,陆家嘴电梯高区精装大一房，居家舒适装修，前排无遮挡,588万,1室1厅 | 59.9平米 | 南 | 其他 | 高楼层(共16层)  | 塔楼,https://image1.ljcdn.com/310000-inspection/pc1_gcFNgb9Zy_1.jpg.296x216.jpg
20200208,浦东,梅园,精装一室户  总价低 诚意出售,375万,1室1厅 | 35.73平米 | 南 | 精装 | 高楼层(共6层) | 1987年建 | 板楼,https://image1.ljcdn.com/310000-inspection/pc1_7Ry12AfbB_1.jpg.296x216.jpg
20200208,浦东,梅园,卖完 出国 满五唯一 价格可谈,280万,1室1厅 | 42.29平米 | 南 | 简装 | 中楼层(共6层) | 1990年建 | 板楼,
20200208,浦东,梅园,近地铁世纪大道，2469号线，出行便利，陆家嘴内环内,590万,2室1厅 | 52.73平米 | 南 | 精装 | 高楼层(共6层) | 1994年建 | 板楼,https://image1.ljcdn.com/x-se/hdic-frame/2d259d7a-456e-48c1-94fe-02b536c46362.png.296x216.jpg
20200208,浦东,梅园,南北三房，满五唯一，税费少，户型方正，采光好,660万,3室1厅 | 58平米 | 南 北 | 其他 | 高楼层(共6层) | 1993年建 | 板楼,https://image1.ljcdn.com/310000-inspection/prod-f3964f4a-f088-4628-9a23-427e41878943.jpg.296x216.jpg
20200208,浦东,梅园,内环精装修的两室，诚意出售，小区位置不错，交通方便房主自荐,655万,2室2厅 | 95.59平米 | 西南 | 精装 | 低楼层(共20层) | 1999年建 | 塔楼,https://image1.ljcdn.com/310000-inspection/prod-542c3ec5-2c06-46f5-a5bd-27eafe33902c.jpg.296x216.jpg
20200208,浦东,梅园,大两房，主卧朝南采光佳，精装修，拎包入住,555万,2室1厅 | 55.08平米 | 南 | 精装 | 中楼层(共6层) | 1988年建 | 板塔结合,https://image1.ljcdn.com/x-se/hdic-frame/6ecdbac1-7bf1-4616-9ad7-5f4665cf5db3.png.296x216.jpg
20200208,浦东,梅园,272平大平层+270度全景房、一梯一户、现代精致装修,2999万,4室2厅 | 272平米 | 南 北 | 精装 | 低楼层(共29层) | 2017年建 | 板楼,https://image1.ljcdn.com/310000-inspection/69408a89-efd8-47fc-b6e1-3a4e6c932dad.JPG.296x216.jpg
20200208,浦东,梅园,新上架房源+位置安静+自住精装+中区楼层+产权清晰,610万,2室1厅 | 72.26平米 | 南 | 简装 | 低楼层(共18层) | 1997年建 | 塔楼,https://image1.ljcdn.com/x-se/hdic-frame/c296cb2a-7824-435b-a2d4-68f1d1276a8f.png.296x216.jpg
20200208,浦东,梅园,梅园六街坊 1室1厅 520万,520万,1室1厅 | 39.12平米 | 南 | 简装 | 高楼层(共6层) | 1993年建 | 板楼,https://image1.ljcdn.com/x-se/hdic-frame/b047ca43-9fcb-405b-b87c-4f09330a2a6e.png.296x216.jpg
20200208,浦东,梅园,北靠公园 首付225万 随时可签 精装修 户型好 单价低,520万,1室0厅 | 40.67平米 | 南 | 精装 | 高楼层(共6层) | 1994年建 | 板楼,https://image1.ljcdn.com/x-se/hdic-frame/de6d9ddc-e786-4441-9bfd-da7b1fda7fc9.png.296x216.jpg
20200208,浦东,梅园,70年住宅产权，统一精装修，宜住宜租，交通便利,420万,1室1厅 | 56.4平米 | 南 | 其他 | 低楼层(共31层) | 2003年建 | 塔楼,https://image1.ljcdn.com/x-se/hdic-frame/eb23a13c-64df-4677-b581-b79798b7fa4e.png.296x216.jpg
20200208,浦东,梅园,近世纪大道地铁站，双南双天井，满五唯一,545万,2室1厅 | 47.29平米 | 南 | 简装 | 低楼层(共6层) | 1988年建 | 板楼,
20200208,浦东,梅园,陆家嘴旁 满五唯一 精装修 诚意出售 地铁近,475万,2室1厅 | 51.34平米 | 南 | 精装 | 高楼层(共6层) | 1981年建 | 板楼,https://image1.ljcdn.com/x-se/hdic-frame/e98f8b7d-654e-4685-b277-78e66f9d8ff7.png.296x216.jpg
20200208,浦东,梅园,离江仅218米 北边空地 全江景大三房 4 14号线满五唯一,1260万,3室2厅 | 147.8平米 | 南 北 | 精装 | 低楼层(共29层) | 2002年建 | 板楼,
20200208,浦东,梅园,南北户型，满五唯一，看房随时，近浦东大道站房随时,480万,2室1厅 | 54.16平米 | 南 | 毛坯 | 中楼层(共6层) | 1984年建 | 板楼,
20200208,浦东,梅园,满五唯一 未用 中间楼层 双轨交汇 看房方便,440万,2室0厅 | 43.24平米 | 南 | 毛坯 | 中楼层(共6层) | 1984年建 | 板楼,https://image1.ljcdn.com/310000-inspection/pc1_gGLTtalOu_1.jpg.296x216.jpg
20200208,浦东,梅园,2楼楼层，小区中间位置，税少，300米到世纪大道地铁,530万,1室1厅 | 38.93平米 | 南 | 精装 | 低楼层(共6层) | 1993年建 | 板楼,https://image1.ljcdn.com/310000-inspection/rsp_pic_upload92ee05f4-71dc-4e97-952f-d314a82b4c4a.jpg.296x216.jpg
20200208,浦东,梅园,北滨江低单价大面积，改善的首要选择,830万,3室2厅 | 175.76平米 | 南 | 简装 | 中楼层(共33层) | 1996年建 | 塔楼,https://image1.ljcdn.com/310000-inspection/rsp_pic_upload667763a3-3a27-41e5-9033-5398c4e25bee.JPG.296x216.jpg
20200208,浦东,梅园,品质小区，户型方正，正规的全南户型，看房方便！诚售,420万,2室1厅 | 63.52平米 | 南 | 精装 | 高楼层(共6层) | 1998年建 | 板楼,https://image1.ljcdn.com/310000-inspection/7d3e1c2f-d138-4a4d-98d8-1aedb8b2e306.JPG.296x216.jpg
20200208,浦东,梅园,福山小区 三改两房 精装修 满五唯一,690万,2室2厅 | 92.98平米 | 南 | 精装 | 低楼层(共18层) | 1997年建 | 塔楼,https://image1.ljcdn.com/310000-inspection/328cfc23-f54d-4ff1-bbe2-36d3d1e5334e.JPG.296x216.jpg
20200208,浦东,梅园,采光充足 配套设施齐全 户型格局正气 交通便利,1200万,3室2厅 | 144平米 | 南 | 简装 | 中楼层(共18层) | 1997年建 | 塔楼,https://image1.ljcdn.com/310000-inspection/252150e4-4907-4e47-b917-352dd73dcdc2.jpg.296x216.jpg
20200208,浦东,梅园,壹号院前排大户型，精装修4房全新未用，随时约看！,3300万,4室2厅 | 239平米 | 南 北 | 精装 | 低楼层(共15层) | 2016年建 | 板楼,https://image1.ljcdn.com/310000-inspection/8d0f434f-a798-490a-9f3e-e9d570c4cc50.jpg.296x216.jpg
20200208,浦东,梅园,此房满五年精装修户型方正世纪大道地铁2 4 6 9四条线,720万,2室1厅 | 72.5平米 | 南 | 简装 | 中楼层(共18层) | 1992年建 | 塔楼,https://image1.ljcdn.com/310000-inspection/26c47881-a0b4-49ff-8d6c-f019ac201024.jpg.296x216.jpg
20200208,浦东,梅园,陈家门小区 三房房型正气 中间楼层 见面可谈,613万,3室1厅 | 77.14平米 | 南 | 毛坯 | 中楼层(共6层) | 1987年建 | 板楼,https://image1.ljcdn.com/310000-inspection/8d5d4c66-5918-48ae-9ecb-d3739581aac4.jpg.296x216.jpg
20200208,浦东,梅园,陆家嘴地段，不纯在限购的商品房江景房，总价低钥匙房,330万,1室1厅 | 56.58平米 | 南 | 精装 | 高楼层(共33层) | 2004年建 | 塔楼,https://image1.ljcdn.com/x-se/hdic-resblock/bb059659-ccbd-4251-b213-1007f357cece.jpg.296x216.jpg
20200208,浦东,梅园,高区 地铁口 滨江板块 带车位,830万,3室2厅 | 155.38平米 | 东北 北 | 简装 | 高楼层(共25层) | 2007年建 | 塔楼,https://image1.ljcdn.com/310000-inspection/3265689a-ff41-498f-a5ca-a14004b8aea9.JPG.296x216.jpg
20200208,浦东,梅园,陆家嘴板块 小户型 自己住 满五唯一,269万,1室1厅 | 40.42平米 | 南 | 简装 | 高楼层(共6层) | 1990年建 | 板楼,https://image1.ljcdn.com/310000-inspection/rsp_pic_upload3433081d-f520-4717-a211-4d7170a6170e.JPG.296x216.jpg
20200208,浦东,梅园,源深梅园高 端社区，稀有多层电梯两室，上学方便,1080万,2室2厅 | 103.01平米 | 南 | 简装 | 高楼层(共7层) | 1999年建 | 板楼,https://image1.ljcdn.com/x-se/310000-frame/0150d525-5bf4-4b0e-8208-f3a47ca0658f.png_600x450.png.296x216.jpg
20200208,浦东,梅园,环球广场 1房间1卫 180万,180万,1室0厅 | 64.34平米 | 西 | 简装 | 高楼层(共33层) | 1996年建 | 塔楼,https://image1.ljcdn.com/x-se/hdic-frame/prod-3a1f0bb8-474b-420f-a482-e4cf2490b4af.png.296x216.jpg
20200208,浦东,梅园,内环内 低价 电梯一房，可看江景 税费各付,400万,1室1厅 | 68.23平米 | 东 | 精装 | 中楼层(共33层) | 1996年建 | 塔楼,https://image1.ljcdn.com/x-se/310000-frame/ddcf5ccd-d221-44d8-bd50-1024f3fab041.jpg.296x216.jpg
20200208,浦东,梅园,中间楼层可自住 未用 低税 有钥匙 诚意售,430万,2室1厅 | 50.94平米 | 南 北 | 简装 | 低楼层(共6层) | 1992年建 | 板楼,
20200208,浦东,梅园,万科翡翠滨江(一期) 4室2厅 2500万,2500万,4室2厅 | 213平米 | 南 北 | 精装 | 中楼层(共30层)  | 板楼,
20200208,浦东,梅园,环球广场 6房间2卫 505万,505万,4室2厅 | 225.66平米 | 南 | 其他 | 低楼层(共27层) | 1996年建 | 塔楼,https://image1.ljcdn.com/x-se/hdic-resblock/be3656c8-c042-4741-812d-6a2893386dce.jpg.296x216.jpg
20200208,浦东,梅园,飞机户型三房，毛坯房可以根据格局改动，位置安静！,1449万,3室2厅 | 138平米 | 南 北 | 精装 | 低楼层(共18层)  | 板楼,
20200208,浦东,梅园,万源晶典 2房间1卫 280万,280万,1室1厅 | 56.58平米 | 南 | 精装 | 低楼层(共33层) | 2004年建 | 塔楼,https://image1.ljcdn.com/x-se/hdic-frame/40ee3163-c16c-44fe-bee2-33385dd3aa51.png.296x216.jpg
20200208,浦东,梅园,前排，江景房，稀有出售，未住过人,3880万,4室2厅 | 238.68平米 | 南 北 | 精装 | 中楼层(共15层)  | 板楼,
20200208,浦东,梅园,商品房住宅 三房 北滨江 电梯入户,828万,3室2厅 | 155.38平米 | 南 | 简装 | 中楼层(共25层) | 2007年建 | 塔楼,https://image1.ljcdn.com/x-se/hdic-frame/7312b3d9-6c7d-438f-a5cb-2f6055863e47.png.296x216.jpg
20200208,浦东,梅园,电梯两房，适合自住，（店长推荐），电梯房，采光优！,580万,2室1厅 | 60.66平米 | 南 北 | 简装 | 低楼层(共18层) | 1992年建 | 塔楼,https://image1.ljcdn.com/x-se/hdic-frame/583f1a4b-2b78-4ca8-b847-c2edaf25a768.png.296x216.jpg
20200208,浦东,梅园,边套全明 南北户型，看房随时，近浦东大道站,400万,1室1厅 | 37.11平米 | 南 | 其他 | 高楼层(共6层) | 1983年建 | 板楼,https://image1.ljcdn.com/x-se/hdic-frame/0596fb79-df35-4f2e-a1f2-bbd4e4bfa75b.png.296x216.jpg
20200208,浦东,梅园,房东诚意卖 满五唯一 税费少 滨江板块,890万,3室2厅 | 175.76平米 | 北 | 简装 | 低楼层(共33层) | 1996年建 | 塔楼,https://image1.ljcdn.com/x-se/hdic-frame/363d828a-e5bb-452d-b7b1-8209a2d146cd.png.296x216.jpg
20200208,浦东,梅园,南北通透复式结构，楼层高 视野好，有露台,1480万,4室2厅 | 204平米 | 南 北 | 简装 | 高楼层(共11层) | 2001年建 | 板楼,https://image1.ljcdn.com/x-se/310000-frame/0a552a97-f1ab-43c6-8d8c-6f2611688518.jpg.296x216.jpg
20200208,浦东,梅园,价格实惠+业主诚意卖+交通方便+近滨江,430万,2室1厅 | 48.62平米 | 南 | 精装 | 中楼层(共6层) | 1987年建 | 板楼,
20200208,浦东,梅园,采光很好，南北通透，户型方正全明，紧靠滨江绿化带，,1334万,3室2厅 | 145平米 | 南 北 | 简装 | 中楼层(共11层) | 2002年建 | 板楼,https://image1.ljcdn.com/x-se/310000-frame/0ec101dc-94a4-4453-8c27-9c1eed77a3ed.PNG.296x216.jpg
20200208,浦东,梅园,内环内滨江边近地铁双南精装电梯房,475万,2室1厅 | 73.42平米 | 南 | 简装 | 高楼层(共18层) | 1996年建 | 板楼,https://image1.ljcdn.com/x-se/hdic-frame/8be2e086-3823-46c3-9b46-ba6c994ade16.png.296x216.jpg
20200208,浦东,梅园,一梯两户 南北两房 两南一北 诚意出售！！,780万,3室1厅 | 76平米 | 北 | 简装 | 高楼层(共6层) | 1989年建 | 板楼,https://image1.ljcdn.com/x-se/hdic-frame/3d3c29f0-efb6-45bc-af82-e67e75f6d756.png.296x216.jpg
20200208,浦东,梅园,翡翠滨江前排一线江景 全新4房，陆家嘴zui人气壕宅,4200万,4室2厅 | 383.91平米 | 南 | 精装 | 低楼层(共27层)  | 板楼,
