20200208,浦东,周浦,南北通 2+1 西边套 带前后双阳台和大小飘窗 看房预约必看好房,388万,2室2厅 | 91.57平米 | 南 北 | 精装 | 低楼层(共18层) | 2009年建 | 板塔结合,https://image1.ljcdn.com/310000-inspection/prod-af158422-9421-4313-944c-8520b5969efe.jpg.296x216.jpg
20200208,浦东,周浦,南北通透，品质小区，居住舒适，交通便利。必看好房,285万,2室2厅 | 78.21平米 | 南 北 | 精装 | 中楼层(共14层) | 2007年建 | 板楼,https://image1.ljcdn.com/310000-inspection/pc1_w0MR5DSnd_1.jpg.296x216.jpg
20200208,浦东,周浦,高层沿河位置，满五年唯一税费少，户型缺少必看好房,266万,1室1厅 | 76.75平米 | 南 | 精装 | 高楼层(共18层) | 2008年建 | 板楼,https://image1.ljcdn.com/310000-inspection/pc1_PiPeSHK0q_1.jpg.296x216.jpg
20200208,浦东,周浦,此房满五唯一税费少，电梯中楼层，看房方便。必看好房,455万,3室2厅 | 126.62平米 | 南 | 精装 | 中楼层(共18层) | 2009年建 | 板楼,https://image1.ljcdn.com/310000-inspection/pc1_O86fJbU50_1.jpg.296x216.jpg
20200208,浦东,周浦,绿地南北通两房 位置好 采光无遮挡 满五唯一 诚心卖必看好房,430万,2室2厅 | 88.04平米 | 南 北 | 精装 | 低楼层(共14层) | 2010年建 | 板楼,https://image1.ljcdn.com/310000-inspection/pc1_HYAYoVYHO_1.jpg.296x216.jpg
20200208,浦东,周浦,一房一厅精装修 满五年唯一 看房方便 诚心出售必看好房,170万,1室1厅 | 54.17平米 | 南 | 精装 | 高楼层(共6层) | 2006年建 | 板楼,https://image1.ljcdn.com/310000-inspection/prod-09dcf0ee-1703-45f3-ac59-e70ba29b3182.jpg.296x216.jpg
20200208,浦东,周浦,大一房，好改，诚心出售，随时看房必看好房,219万,1室2厅 | 69.7平米 | 南 | 毛坯 | 低楼层(共12层)  | 板楼,https://image1.ljcdn.com/310000-inspection/pc1_PiA8CfI0K_1.jpg.296x216.jpg
20200208,浦东,周浦,一手毛坯  随时可看 满五唯一  诚意出售必看好房,286万,2室2厅 | 77.45平米 | 南 | 毛坯 | 高楼层(共6层) | 2006年建 | 板楼,https://image1.ljcdn.com/310000-inspection/pc1_IuR7PwQ9E_1.jpg.296x216.jpg
20200208,浦东,周浦,满五唯一，南北通，中间楼层，位置好，自住装修必看好房,315万,2室2厅 | 84.2平米 | 南 北 | 精装 | 中楼层(共6层) | 2006年建 | 板楼,https://image1.ljcdn.com/310000-inspection/pc1_ScYCSKyAa_1.jpg.296x216.jpg
20200208,浦东,周浦,刚需18号线商品房，毛坯房可随心装修，中间楼层采光足必看好房,240万,2室1厅 | 74.04平米 | 南 | 毛坯 | 高楼层(共14层)  | 板楼,https://image1.ljcdn.com/310000-inspection/pc1_lKUuGDf7b_1.jpg.296x216.jpg
20200208,浦东,周浦,圣鑫苑电梯顶楼带阁楼(20多平），看房方便，满五唯一必看好房,410万,3室2厅 | 99平米 | 南 北 | 精装 | 高楼层(共11层) | 2008年建 | 板楼,https://image1.ljcdn.com/310000-inspection/prod-bd0b2f6a-31f9-4ee4-8fee-281d46f2b83e.jpg.296x216.jpg
20200208,浦东,周浦,安阁苑 近18号线 一手动迁 免增值税 精装大两房必看好房,248万,2室1厅 | 72.63平米 | 南 | 精装 | 中楼层(共6层) | 2006年建 | 板楼,https://image1.ljcdn.com/310000-inspection/pc1_AuDZCo5yp_1.jpg.296x216.jpg
20200208,浦东,周浦,房屋如画  景如镜 上观繁星 下观花 无缝接驳CBD必看好房,305万,1室1厅 | 63.71平米 | 南 | 精装 | 低楼层(共18层) | 2009年建 | 板塔结合,https://image1.ljcdn.com/310000-inspection/pc1_TN6izCQdy_1.jpg.296x216.jpg
20200208,浦东,周浦,印象春城 精装修 满五年唯一 业主诚心出售随时看房必看好房,430万,2室2厅 | 89.43平米 | 南 北 | 精装 | 中楼层(共18层) | 2011年建 | 板塔结合,https://image1.ljcdn.com/310000-inspection/pc1_POZDHhnab_1.jpg.296x216.jpg
20200208,浦东,周浦,高品质小区 花园位置11.16号线双轨交通 高区景观楼层必看好房,300万,1室1厅 | 63.71平米 | 南 | 精装 | 中楼层(共18层) | 2009年建 | 板塔结合,https://image1.ljcdn.com/310000-inspection/pc1_aSeDK4usZ_1.jpg.296x216.jpg
20200208,浦东,周浦,中虹佳园，电梯南北通，中间楼层，业主动迁诚意出售。必看好房,270万,2室1厅 | 85.61平米 | 南 北 | 精装 | 中楼层(共14层) | 2007年建 | 板楼,https://image1.ljcdn.com/310000-inspection/pc1_02i1yocyi_1.jpg.296x216.jpg
20200208,浦东,周浦,圣鑫苑2011年小区，满五年不唯一，随时看房，价格可谈必看好房,300万,2室1厅 | 78平米 | 南 北 | 精装 | 高楼层(共14层) | 2008年建 | 板楼,https://image1.ljcdn.com/310000-inspection/pc1_Z0uC5IFcH_1.jpg.296x216.jpg
20200208,浦东,周浦,高区景观房，视野开阔，闹中取静，环境优美必看好房,632万,3室2厅 | 118平米 | 南 | 精装 | 高楼层(共18层)  | 板楼,https://image1.ljcdn.com/310000-inspection/prod-8969ae15-069b-47c7-8df9-84cd21806171.jpg.296x216.jpg
20200208,浦东,周浦,小区中间，南临河，没有遮挡，精装修20万，拎包入住必看好房,363万,3室2厅 | 104平米 | 南 北 | 精装 | 中楼层(共12层) | 2006年建 | 板楼,https://image1.ljcdn.com/310000-inspection/pc1_fiU4vkeuV_1.jpg.296x216.jpg
20200208,浦东,周浦,明天华城 2室2厅 425万必看好房,425万,2室2厅 | 83.86平米 | 南 | 精装 | 低楼层(共20层) | 2014年建 | 板楼,https://image1.ljcdn.com/310000-inspection/pc1_RCHTDIsav_1.jpg.296x216.jpg
20200208,浦东,周浦,安阁苑一楼带天井、楼下是地下车库、满五年唯一必看好房,335万,3室2厅 | 91.18平米 | 南 北 | 简装 | 低楼层(共11层) | 2006年建 | 板楼,https://image1.ljcdn.com/310000-inspection/prod-c58ea45f-06ee-46b6-9a76-dec6f245e439.jpg.296x216.jpg
20200208,浦东,周浦,菱翔苑   南北通 两房   看房 方便必看好房,445万,2室1厅 | 112.86平米 | 南 北 | 精装 | 高楼层(共12层) | 2006年建 | 板楼,https://image1.ljcdn.com/310000-inspection/b81f34cb-480e-4a46-a2cf-70853755468b.JPG.296x216.jpg
20200208,浦东,周浦,层高5米，分割两层。原始动迁。看房方便可随时必看好房,249万,2室1厅 | 70.91平米 | 南 北 | 毛坯 | 高楼层(共6层) | 2008年建 | 板楼,https://image1.ljcdn.com/shfdfs-image/20160617/48da6cd4-149c-4e28-b6f8-57d37ac2e26f.jpg.296x216.jpg
20200208,浦东,周浦,印象春城 A1南北通 满五唯一 税费少 中间楼层 拎包住,440万,2室2厅 | 89平米 | 南 北 | 精装 | 低楼层(共18层) | 2011年建 | 板塔结合,https://image1.ljcdn.com/310000-inspection/prod-4626f0ed-e0b1-4b63-9d25-a95159d975eb.jpg.296x216.jpg
20200208,浦东,周浦,精装御沁园大平层，临18号线，临万达广场，视野开阔房主自荐,998万,4室2厅 | 201.2平米 | 南 北 | 精装 | 高楼层(共21层) | 2014年建 | 板楼,https://image1.ljcdn.com/310000-inspection/dffbe3a6-a156-437b-b241-10be942dad16.JPG.296x216.jpg
20200208,浦东,周浦,13年小区 汇枫公寓大两房 一南一北 采光充足 无遮挡,285万,2室1厅 | 76.94平米 | 南 北 | 毛坯 | 高楼层(共17层) | 2013年建 | 板楼,https://image1.ljcdn.com/310000-inspection/prod-3b8aad0e-0fa4-4dc2-a02e-9694fbbe19ca.jpg.296x216.jpg
20200208,浦东,周浦,安阁苑两房，沈梅路地铁1.3公里，诚心出售,255万,2室1厅 | 71.55平米 | 南 北 | 毛坯 | 低楼层(共6层) | 2006年建 | 板楼,https://image1.ljcdn.com/310000-inspection/prod-b91d5fe5-9e19-4591-8f73-7ba63a785a97.jpg.296x216.jpg
20200208,浦东,周浦,满五唯一房型正 中层精装南北通 好女嫁好君好房待好主房主自荐,275万,2室2厅 | 84.82平米 | 南 北 | 精装 | 中楼层(共5层) | 1994年建 | 板楼,https://image1.ljcdn.com/310000-inspection/prod-6eee247d-a818-45dd-b9fa-3f74de0ebd99.jpg.296x216.jpg
20200208,浦东,周浦,满四年唯一，顶楼带阁楼，产权清晰，随时可以入住。房主自荐,390万,3室2厅 | 114.84平米 | 南 北 | 精装 | 高楼层(共5层) | 1998年建 | 板楼,https://image1.ljcdn.com/310000-inspection/prod-23dd71d2-fd82-488a-b9ca-ae2c52560d55.jpg.296x216.jpg
20200208,浦东,周浦,安阁苑精装修两房 拎包入住  楼层好 诚心出售房主自荐,262万,2室1厅 | 71.97平米 | 南 北 | 精装 | 中楼层(共4层) | 2006年建 | 板楼,https://image1.ljcdn.com/310000-inspection/prod-2948ef87-78fd-4b1d-9b46-f6495b8480ea.jpg.296x216.jpg
20200208,浦东,周浦,西边套 一房 简欧精装修  高层采光好 装修两年 保养好房主自荐,300万,1室2厅 | 63.77平米 | 南 | 精装 | 高楼层(共16层) | 2011年建 | 板塔结合,https://image1.ljcdn.com/310000-inspection/test-5162b022-91e5-49e9-80df-de3bd5c6ad43.png.296x216.jpg
20200208,浦东,周浦,小区面湖位置，南北通四房，朝南三房湖景！,870万,4室2厅 | 162平米 | 南 | 精装 | 高楼层(共18层) | 2014年建 | 板楼,https://image1.ljcdn.com/310000-inspection/pc1_8SyOfomrD_1.jpg.296x216.jpg
20200208,浦东,周浦,满五唯一 税费少 南北通大两房  婚房装修 拎包入住,430万,2室2厅 | 100.48平米 | 南 | 精装 | 低楼层(共14层) | 2010年建 | 板楼,https://image1.ljcdn.com/310000-inspection/prod-2c7c9b28-c6a6-437a-a171-ff42493c054d.jpg.296x216.jpg
20200208,浦东,周浦,关岳路，大三室带花园，精装修，满五唯一税低房主自荐,400万,3室2厅 | 120.9平米 | 南 北 | 精装 | 低楼层(共6层) | 2004年建 | 板楼,https://image1.ljcdn.com/310000-inspection/prod-cd81399b-c817-445d-8ca6-3479ea05b487.jpg.296x216.jpg
20200208,浦东,周浦,商品动迁房增值税及附加税免征，装修好可以拎包即住,305万,2室2厅 | 87.99平米 | 南 北 | 精装 | 高楼层(共6层) | 1994年建 | 板楼,https://image1.ljcdn.com/310000-inspection/test-8efbdca5-d52a-4a9d-96bd-eaf94a2f1a86.png.296x216.jpg
20200208,浦东,周浦,御沁园精装修大三房，东边套卧室有转角大飘窗，采光好,690万,3室2厅 | 145.9平米 | 南 | 精装 | 中楼层(共20层) | 2013年建 | 板楼,https://image1.ljcdn.com/310000-inspection/prod-01179a46-5bb7-4be5-a43a-1f49640d90a3.jpg.296x216.jpg
20200208,浦东,周浦,沈默花苑 3室2厅 580万,580万,3室2厅 | 132.06平米 | 南 北 | 精装 | 低楼层(共11层) | 2008年建 | 板楼,https://image1.ljcdn.com/310000-inspection/prod-51bc243d-68e3-4c4c-a997-e30f85db1546.jpg.296x216.jpg
20200208,浦东,周浦,周浦镇繁华地段，诚意出售，看房方便，楼层好，位置好,320万,2室1厅 | 81.47平米 | 南 | 精装 | 高楼层(共11层) | 2009年建 | 板楼,https://image1.ljcdn.com/310000-inspection/prod-558c47f0-cae8-4dc0-8834-e593529867ad.jpg.296x216.jpg
20200208,浦东,周浦,南北通精装修两房 诚意出售 随时看房,407.7万,2室2厅 | 94.96平米 | 南 北 | 精装 | 低楼层(共6层) | 2009年建 | 板楼,https://image1.ljcdn.com/310000-inspection/prod-eca1af24-ead9-4db7-bdbe-944b254d1e3b.jpg.296x216.jpg
20200208,浦东,周浦,九龙仓2期 本区中轴线位置，高区视野无遮挡，诚售,760万,4室2厅 | 130.24平米 | 南 北 | 其他 | 高楼层(共18层)  | 板楼,https://image1.ljcdn.com/310000-inspection/8ab9528a-8fe0-4bf7-be20-9d6ad5137117.JPG.296x216.jpg
20200208,浦东,周浦,电梯次顶层，楼层好，满五唯一，无个税,260万,1室1厅 | 56.25平米 | 南 | 精装 | 高楼层(共12层) | 2006年建 | 板楼,https://image1.ljcdn.com/310000-inspection/prod-6af60391-111c-4cd0-be2f-ff3d603c6bd0.jpg.296x216.jpg
20200208,浦东,周浦,房子比较适合自住，临河位置，出行方便，阳光照射,460万,3室2厅 | 120.78平米 | 南 | 毛坯 | 低楼层(共6层) | 2005年建 | 板楼,https://image1.ljcdn.com/310000-inspection/test-bbf637b9-759e-40a3-be35-0a5eb85fd6f9.png.296x216.jpg
20200208,浦东,周浦,楼梯中层，二手买进价高税少，南北通透，业主诚售,420万,3室2厅 | 123.13平米 | 南 北 | 简装 | 中楼层(共5层) | 2006年建 | 板楼,https://image1.ljcdn.com/310000-inspection/prod-4166a3e4-f534-4e00-8666-e439fa12161c.jpg.296x216.jpg
20200208,浦东,周浦,高得房率91%，满五唯一增阳台，小区央座，买入价高,420万,2室2厅 | 92.28平米 | 南 | 精装 | 低楼层(共18层) | 2011年建 | 板塔结合,https://image1.ljcdn.com/310000-inspection/pc1_p4ykjcjTU_1.jpg.296x216.jpg
20200208,浦东,周浦,东上海毒家好房南北通 业主诚心卖房 看房有钥匙,399万,2室2厅 | 91.57平米 | 南 北 | 毛坯 | 低楼层(共14层) | 2010年建 | 板楼,https://image1.ljcdn.com/310000-inspection/prod-590355fe-dcb9-450b-8c33-8def11de64ad.jpg.296x216.jpg
20200208,浦东,周浦,欣欣家园南北通大两房 诚意出售看房方便,320万,2室2厅 | 93.46平米 | 南 北 | 简装 | 高楼层(共6层) | 2000年建 | 板楼,https://image1.ljcdn.com/310000-inspection/prod-247173bb-95c0-4f1d-8247-50117e1fc86a.jpg.296x216.jpg
20200208,浦东,周浦,南北通大两室，中楼层，满二税少，有钥匙，随时看,360万,2室2厅 | 94.62平米 | 南 北 | 简装 | 中楼层(共14层) | 2009年建 | 板楼,https://image1.ljcdn.com/310000-inspection/pc1_zjffQydcA_1.jpg.296x216.jpg
20200208,浦东,周浦,笋盘推荐：三期小三房，满两年，采光好，税费少,435万,3室1厅 | 101.12平米 | 南 | 毛坯 | 低楼层(共18层)  | 板楼,https://image1.ljcdn.com/310000-inspection/prod-011e9c1b-7b1d-4c6e-9367-2b1eb969e447.jpg.296x216.jpg
20200208,浦东,周浦,三期，南北，精装，一梯一户，安全性高,615万,3室1厅 | 126平米 | 南 北 | 简装 | 低楼层(共21层)  | 板楼,https://image1.ljcdn.com/310000-inspection/pc1_Ch3PvIxMm_1.jpg.296x216.jpg
20200208,浦东,周浦,高层通透可揽月 小桥流水可见鱼 梦幻人家醉红尘房主自荐,295万,2室2厅 | 88.5平米 | 南 北 | 精装 | 中楼层(共5层) | 2004年建 | 板楼,https://image1.ljcdn.com/310000-inspection/pc1_o0DZjDPEu_1.jpg.296x216.jpg
20200208,浦东,周浦,南北正通大平层，高楼层中区，成功人士的选择！,935万,4室2厅 | 206平米 | 南 | 毛坯 | 中楼层(共21层)  | 板楼,https://image1.ljcdn.com/310000-inspection/prod-4392f20f-5ca2-46ec-9de4-6c3824a90f4f.jpg.296x216.jpg
20200208,浦东,周浦,双南户型、位置安静、不靠马路、看房随时，急售好房,243万,2室1厅 | 76.7平米 | 南 | 毛坯 | 低楼层(共11层) | 2006年建 | 板楼,https://image1.ljcdn.com/310000-inspection/prod-a9db54fc-75f4-486c-9ae9-07b41b735aaf.jpg.296x216.jpg
20200208,浦东,周浦,中装原始三房，看房方便，一手动迁，满五唯一,330万,3室1厅 | 95.34平米 | 南 北 | 其他 | 低楼层(共16层) | 2013年建 | 板楼,https://image1.ljcdn.com/310000-inspection/pc1_aJPLBGhq8_1.jpg.296x216.jpg
20200208,浦东,周浦,九大安心、楼层好、满五唯一、业主诚心出售,380万,2室2厅 | 96.43平米 | 南 | 简装 | 低楼层(共6层) | 2006年建 | 板楼,https://image1.ljcdn.com/310000-inspection/prod-10f0d6b3-1419-48ab-9f0b-165b75466731.jpg.296x216.jpg
20200208,浦东,周浦,瑞阳苑大一房，居住舒适，空间大，18号线沈梅路,205万,1室2厅 | 67.08平米 | 南 | 简装 | 低楼层(共14层) | 2007年建 | 板楼,https://image1.ljcdn.com/310000-inspection/prod-ce155fc3-0407-41cf-9a9b-196970643734.jpg.296x216.jpg
20200208,浦东,周浦,绿地景汇佳苑 中层三房 看房方便 诚意出售,555万,3室2厅 | 119.2平米 | 南 | 简装 | 中楼层(共21层) | 2014年建 | 板楼,https://image1.ljcdn.com/310000-inspection/pc1_xzqj5AZCP_1.jpg.296x216.jpg
20200208,浦东,周浦,绿地景汇佳苑 三房两卫  随时看房 诚意出售,530万,3室2厅 | 118平米 | 暂无数据 | 毛坯 | 低楼层(共21层) | 2014年建 | 板楼,https://image1.ljcdn.com/310000-inspection/prod-e9452e98-8b51-48ec-8b1b-3b0eeed84e0d.jpg.296x216.jpg
20200208,浦东,周浦,御沁园 此房满两年，业主诚意出售，价格可谈,480万,3室2厅 | 96.94平米 | 南 | 毛坯 | 高楼层(共21层) | 2013年建 | 板楼,https://image1.ljcdn.com/310000-inspection/pc1_uPAw8ElkK_1.jpg.296x216.jpg
20200208,浦东,周浦,此房满五唯一，毛坯三房，户型正气，价格美丽,485万,3室2厅 | 130.33平米 | 南 北 | 毛坯 | 中楼层(共11层) | 2006年建 | 板楼,https://image1.ljcdn.com/310000-inspection/pc1_KHdttTQkK_1.jpg.296x216.jpg
20200208,浦东,周浦,绿地东上海，飞机户型，临河，好位置好楼层诚意售,595万,3室2厅 | 123.53平米 | 南 北 | 精装 | 中楼层(共14层) | 2007年建 | 板楼,https://image1.ljcdn.com/310000-inspection/pc1_D6oIrm044_1.jpg.296x216.jpg
20200208,浦东,周浦,果园一村   精装三房  南北户型   满五年   诚意出售,380万,3室2厅 | 100.51平米 | 南 北 | 精装 | 高楼层(共6层) | 1995年建 | 板楼,https://image1.ljcdn.com/310000-inspection/pc1_58k9zCHUk_1.jpg.296x216.jpg
20200208,浦东,周浦,满五唯一，简装两房，临河位置，诚意出售。房主自荐,288万,2室2厅 | 76.72平米 | 南 | 精装 | 中楼层(共18层) | 2008年建 | 板楼,https://image1.ljcdn.com/310000-inspection/pc1_nVR7C35jL_1.jpg.296x216.jpg
20200208,浦东,周浦,一手动迁大三房，两南一北，户型正气！,370万,3室2厅 | 104.65平米 | 南 北 | 毛坯 | 中楼层(共5层) | 2007年建 | 板楼,https://image1.ljcdn.com/310000-inspection/pc1_bfjRrijCw_1.jpg.296x216.jpg
20200208,浦东,周浦,精装三房，税费少，采光视野好，看房随时，诚心出售,440万,3室2厅 | 101.12平米 | 南 北 | 精装 | 低楼层(共18层) | 2016年建 | 板楼,https://image1.ljcdn.com/310000-inspection/pc1_nCpi3HByi_1.jpg.296x216.jpg
20200208,浦东,周浦,周东二村，楼层好，有钥匙 产权清晰 满五年 税费少,255万,3室1厅 | 79平米 | 南 | 简装 | 中楼层(共6层) | 1994年建 | 板楼,https://image1.ljcdn.com/310000-inspection/prod-2713a32e-bc54-4617-b7fc-88f4bc40af27.jpg.296x216.jpg
20200208,浦东,周浦,开发商统一装修标准，有车位另算， 带地暖 拎包入住,725万,4室2厅 | 130平米 | 南 北 | 其他 | 低楼层(共18层) | 2016年建 | 板楼,https://image1.ljcdn.com/310000-inspection/prod-8c53e045-1523-4143-a018-13c582b0d25a.jpg.296x216.jpg
20200208,浦东,周浦,中虹佳园，一楼方便老人小孩出行，满五唯一，税少房主自荐,340万,3室2厅 | 104.48平米 | 南 北 | 其他 | 低楼层(共5层) | 2007年建 | 板楼,https://image1.ljcdn.com/310000-inspection/prod-127341e6-e057-4a86-bb3d-0b6a25146e58.jpg.296x216.jpg
20200208,浦东,周浦,汇丽苑精装三房，带阁楼有阳光房，空间大好房房主自荐,350万,3室2厅 | 77.01平米 | 南 北 | 精装 | 高楼层(共6层) | 2006年建 | 板楼,https://image1.ljcdn.com/310000-inspection/prod-fc6ad939-45bf-4afa-9c1f-fb3e4080bb3e.jpg.296x216.jpg
20200208,浦东,周浦,绿地大平层 带车位 满五唯一 房东自住 拎包入住,920万,4室2厅 | 201.1平米 | 南 北 | 精装 | 低楼层(共18层) | 2012年建 | 板楼,https://image1.ljcdn.com/310000-inspection/prod-94e605ec-3887-4f2d-a7d6-3d306ee0e59d.jpg.296x216.jpg
20200208,浦东,周浦,私密小户型，南北通风，景观好，毛坯房设计多样,205万,1室1厅 | 58.91平米 | 南 | 毛坯 | 高楼层(共5层)  | 板楼,https://image1.ljcdn.com/310000-inspection/pc1_wXGO7t8cA_1.jpg.296x216.jpg
20200208,浦东,周浦,欧风家园大两房 一南一北 空气通透，采光充足,255万,2室2厅 | 75.96平米 | 南 北 | 毛坯 | 低楼层(共5层)  | 板楼,https://image1.ljcdn.com/310000-inspection/pc1_tV6yrJonw_1.jpg.296x216.jpg
20200208,浦东,周浦,欧风家园毛坯一房，楼层佳采光好，户型方正。,203万,1室1厅 | 58.49平米 | 南 | 毛坯 | 中楼层(共5层) | 2006年建 | 板楼,https://image1.ljcdn.com/310000-inspection/pc1_kyxKSzO8x_1.jpg.296x216.jpg
20200208,浦东,周浦,小区中间位置，好楼层，南北通两室，置换出售,263万,2室1厅 | 73.94平米 | 南 | 毛坯 | 中楼层(共6层) | 2006年建 | 板楼,https://image1.ljcdn.com/310000-inspection/prod-54ab68b1-5979-4c5a-9da2-7c2c90264c74.jpg.296x216.jpg
20200208,浦东,周浦,一梯一户 前后无遮挡 采光充足  满五唯一,580万,3室2厅 | 133.64平米 | 东 西 | 毛坯 | 中楼层(共18层) | 2007年建 | 板楼,https://image1.ljcdn.com/310000-inspection/pc1_zqHsSohdR_1.jpg.296x216.jpg
20200208,浦东,周浦,印象少有大两房 114平 业主诚心出售 精装修 随时看房,525万,2室2厅 | 114平米 | 南 北 | 精装 | 低楼层(共18层) | 2011年建 | 板塔结合,https://image1.ljcdn.com/310000-inspection/test-52857bc6-bc28-4ed1-94c6-d7423f6531fa.png.296x216.jpg
20200208,浦东,周浦,瑞阳苑南北通透飞机户型，业主诚意卖，价可谈,260万,2室1厅 | 75.13平米 | 南 北 | 毛坯 | 低楼层(共11层) | 2007年建 | 板楼,https://image1.ljcdn.com/310000-inspection/test-930a020f-e64b-4a93-b603-2d606b73c37c.png.296x216.jpg
20200208,浦东,周浦,前后无遮挡 南北户型 看房随时。,255万,2室1厅 | 71.85平米 | 南 | 简装 | 低楼层(共5层) | 2006年建 | 板楼,https://image1.ljcdn.com/310000-inspection/prod-5abdc01f-3bd1-4a17-8b7a-373d2cfc0f4a.jpg.296x216.jpg
20200208,浦东,周浦,惠浦公寓 南北通 大两房 楼层佳 位置好 诚意售,400万,2室2厅 | 99.89平米 | 南 | 简装 | 中楼层(共6层) | 2003年建 | 板楼,https://image1.ljcdn.com/310000-inspection/prod-6f2485d8-0f43-4166-9c31-c358fc5d55e0.jpg.296x216.jpg
20200208,浦东,周浦,中金海棠湾，房源满两年，含车位，大露台60平,620万,3室2厅 | 142.54平米 | 南 | 精装 | 低楼层(共18层)  | 板楼,https://image1.ljcdn.com/310000-inspection/pc1_h6p8hMGIv_1.jpg.296x216.jpg
20200208,浦东,周浦,周浦圣鑫苑 精装三房 南北通 税费少 配套齐全 急售房主自荐,469万,3室2厅 | 130平米 | 南 北 | 精装 | 低楼层(共11层) | 2006年建 | 板楼,https://image1.ljcdn.com/310000-inspection/pc1_DzjhAkzM1_1.jpg.296x216.jpg
20200208,浦东,周浦,动迁 满五唯一 户型采光都比较好 近18号线沈梅东口子,435万,3室2厅 | 121.49平米 | 南 北 | 精装 | 高楼层(共5层) | 2007年建 | 板楼,https://image1.ljcdn.com/310000-inspection/pc1_WqlTjJGMn_1.jpg.296x216.jpg
20200208,浦东,周浦,三开间朝南 人车分流 品质小区,460万,2室2厅 | 89.03平米 | 南 | 精装 | 中楼层(共21层) | 2014年建 | 板楼,https://image1.ljcdn.com/310000-inspection/pc1_vYE6FB7Dz_1.jpg.296x216.jpg
20200208,浦东,周浦,繁荣安居正规三房，十二大安心承诺保驾护航,380万,3室2厅 | 122.77平米 | 南 | 简装 | 低楼层(共5层) | 2006年建 | 板楼,https://image1.ljcdn.com/310000-inspection/pc1_e5APS2zNa_1.jpg.296x216.jpg
20200208,浦东,周浦,圣鑫苑满五年两房，随时看房，价格可谈。,360万,2室2厅 | 102.97平米 | 南 | 简装 | 中楼层(共6层) | 2009年建 | 板楼,https://image1.ljcdn.com/310000-inspection/pc1_xjktDRL9X_1.jpg.296x216.jpg
20200208,浦东,周浦,动迁房满五年税费少 诚心出售 价格好谈 看房预约,210万,1室1厅 | 58.5平米 | 南 | 毛坯 | 高楼层(共5层) | 2006年建 | 板楼,https://image1.ljcdn.com/310000-inspection/prod-c424b070-6da5-49c8-bac9-632189280e08.jpg.296x216.jpg
20200208,浦东,周浦,此房可以远望陆家嘴，东方明珠，,900万,4室2厅 | 203.37平米 | 南 | 毛坯 | 高楼层(共21层) | 2014年建 | 板楼,https://image1.ljcdn.com/310000-inspection/test-a116c63f-d90b-4a55-968f-89c8d79e892b.png.296x216.jpg
20200208,浦东,周浦,圣鑫苑四期，飞机户型，自住精装修，满五唯一免个税,410万,2室2厅 | 92.62平米 | 北 南 | 精装 | 低楼层(共13层) | 2011年建 | 板楼,https://image1.ljcdn.com/310000-inspection/prod-c40c91cd-b86c-4c73-bae5-bcb03a3d2986.jpg.296x216.jpg
20200208,浦东,周浦,本周必卖！满五唯一，南北通临河，拎包入住产权车位,680万,3室2厅 | 138.46平米 | 南 北 | 精装 | 低楼层(共14层) | 2010年建 | 板楼,https://image1.ljcdn.com/310000-inspection/prod-c22f5d22-e04f-4dd9-b175-abd176146630.jpg.296x216.jpg
20200208,浦东,周浦,圣鑫苑 四期自住装修 带地暖 满五年唯一地段位置优质,370万,2室2厅 | 93.97平米 | 南 北 | 精装 | 低楼层(共11层) | 2011年建 | 板楼,https://image1.ljcdn.com/310000-inspection/test-c99739f5-49ec-4673-9162-78213490f5cb.png.296x216.jpg
20200208,浦东,周浦,南北大两房，动迁满五唯一，成熟社区，诚意出售,315万,2室2厅 | 94.43平米 | 南 北 | 简装 | 低楼层(共14层) | 2009年建 | 板楼,https://image1.ljcdn.com/310000-inspection/prod-673aaae0-f831-4b65-888a-17dc11f15ded.jpg.296x216.jpg
20200208,浦东,周浦,安阁苑一楼带天井，业主诚心出售，房主自荐,230万,2室1厅 | 65.33平米 | 南 | 精装 | 低楼层(共5层) | 2006年建 | 板楼,https://image1.ljcdn.com/310000-inspection/prod-aa2e811e-1e25-4916-a69e-0bd8922f11dc.jpg.296x216.jpg
20200208,浦东,周浦,年家浜路两房，楼层好，地段不错，看房方便，随时看,230万,2室1厅 | 58.05平米 | 南 | 精装 | 中楼层(共6层) | 1992年建 | 板楼,https://image1.ljcdn.com/310000-inspection/prod-8529b89f-9a13-47bf-bae3-6f3fc023ca8f.jpg.296x216.jpg
20200208,浦东,周浦,精装修+近地铁+南北通飞机户型+楼层好+得房率高,385万,3室2厅 | 104.48平米 | 南 北 | 精装 | 中楼层(共5层) | 2007年建 | 板楼,https://image1.ljcdn.com/310000-inspection/prod-16e9cf25-ad28-468a-b6fc-4bf1c8c38d07.jpg.296x216.jpg
20200208,浦东,周浦,中虹佳园心上三房、房东诚心出售、一手动迁、税费少,338万,3室2厅 | 93.12平米 | 南 北 | 精装 | 低楼层(共6层) | 2007年建 | 板楼,https://image1.ljcdn.com/310000-inspection/pc1_QE9nMp46D_1.jpg.296x216.jpg
20200208,浦东,周浦,安阁苑精装两房，中等楼层，采光好，业主诚心出售。,258万,2室1厅 | 70平米 | 南 | 精装 | 中楼层(共6层) | 2006年建 | 板楼,https://image1.ljcdn.com/310000-inspection/pc1_TPO0ehtAd_1.jpg.296x216.jpg
20200208,浦东,周浦,一手动迁，一楼带天井，业主诚心出售！,250万,2室2厅 | 71.67平米 | 南 | 毛坯 | 低楼层(共5层) | 2006年建 | 板楼,https://image1.ljcdn.com/310000-inspection/pc1_bRWaHsYSf_1.jpg.296x216.jpg
20200208,浦东,周浦,此房满五，精装 楼层好，采光好，配套齐全，交通便利,460万,2室2厅 | 109.01平米 | 南 北 | 精装 | 高楼层(共14层) | 2009年建 | 板楼,https://image1.ljcdn.com/310000-inspection/pc1_7cnjkuuhy_1.jpg.296x216.jpg
20200208,浦东,周浦,满五唯一 税费少  精装南北通 高层  看房有钥匙,340万,2室2厅 | 85.9平米 | 南 | 简装 | 高楼层(共14层) | 2008年建 | 板楼,https://image1.ljcdn.com/310000-inspection/pc1_ENLQQVZ28_1.jpg.296x216.jpg
20200208,浦东,周浦,一手动迁满五唯一 ，位置好，采光好，通风好,235万,2室1厅 | 71.85平米 | 南 | 毛坯 | 低楼层(共5层) | 2006年建 | 板楼,https://image1.ljcdn.com/310000-inspection/pc1_cXf06aDD4_1.jpg.296x216.jpg
20200208,浦东,周浦,18号线沈梅路站1.3公里，三轨交汇，交通出行便利房主自荐,255万,2室1厅 | 72.83平米 | 南 北 | 精装 | 低楼层(共6层) | 2006年建 | 板楼,https://image1.ljcdn.com/310000-inspection/pc1_la10va9d3_1.jpg.296x216.jpg
20200208,浦东,周浦,2014年竣工 南北通风 2房朝南 满二年  总价低,400万,2室2厅 | 96平米 | 南 北 | 毛坯 | 低楼层(共21层) | 2014年建 | 板楼,https://image1.ljcdn.com/310000-inspection/pc1_tQxCqzVJd_1.jpg.296x216.jpg
20200208,浦东,周浦,2008年商品房 楼层好 视野宽阔，采光充足 交通便利,260万,1室1厅 | 65.87平米 | 南 | 简装 | 中楼层(共12层) | 2008年建 | 板楼,https://image1.ljcdn.com/310000-inspection/pc1_bIBAoVDWp_1.jpg.296x216.jpg
20200208,浦东,周浦,精装修，钥匙房，看房方便，楼层好,266万,2室1厅 | 71.22平米 | 南 | 精装 | 低楼层(共6层) | 2007年建 | 板楼,https://image1.ljcdn.com/310000-inspection/pc1_W4uOuweOr_1.jpg.296x216.jpg
20200208,浦东,周浦,汇腾南苑 1室1厅 196万,196万,1室1厅 | 52平米 | 南 | 简装 | 低楼层(共14层) | 2007年建 | 板楼,https://image1.ljcdn.com/310000-inspection/pc1_Vf9HGqW63_1.jpg.296x216.jpg
20200208,浦东,周浦,南北通透，临河位置，楼层好，采光充足,450万,2室2厅 | 91.65平米 | 南 北 | 精装 | 中楼层(共14层) | 2010年建 | 板楼,https://image1.ljcdn.com/310000-inspection/pc1_6e9vtdUw5_1.jpg.296x216.jpg
20200208,浦东,周浦,繁荣安居精品小户型  一室一厅一卫 低楼层 出行方便,219万,1室1厅 | 55.98平米 | 南 | 简装 | 低楼层(共5层) | 2006年建 | 板楼,https://image1.ljcdn.com/310000-inspection/pc1_6X6wIJnKc_1.jpg.296x216.jpg
20200208,浦东,周浦,距离18号线口800米  南北通户型，有沈梅东路商YE 可看,267万,2室1厅 | 86.17平米 | 南 | 精装 | 高楼层(共14层) | 2007年建 | 板楼,https://image1.ljcdn.com/310000-inspection/prod-8f8e3f30-9c15-4465-8fc2-f42d0f6e0b84.jpg.296x216.jpg
20200208,浦东,周浦,2008年的商品房，近菜市场，公交枢纽出行方便,225万,2室1厅 | 74.58平米 | 南 | 精装 | 低楼层(共14层)  | 板楼,https://image1.ljcdn.com/310000-inspection/prod-a78d0081-4ebe-450c-9505-c0749cebfe88.jpg.296x216.jpg
20200208,浦东,周浦,汇丽苑＋精装修三房 实木地板 产权清晰 看房方便,425万,3室2厅 | 115.41平米 | 南 北 | 精装 | 低楼层(共12层) | 2006年建 | 板楼,https://image1.ljcdn.com/310000-inspection/prod-92331d10-abf9-4567-8452-144d21b2da12.jpg.296x216.jpg
20200208,浦东,周浦,汇丽苑 中装三房 配套成熟 税费少 诚意出售,445万,3室2厅 | 122.85平米 | 南 | 简装 | 低楼层(共6层) | 2005年建 | 板楼,https://image1.ljcdn.com/310000-inspection/prod-d86098c2-74a0-4f8b-875f-1bf5360817cb.jpg.296x216.jpg
20200208,浦东,周浦,印象三房 三期临花园 西边套 带车位 诚心购买价格可议,589万,3室2厅 | 130.96平米 | 南 西 北 | 精装 | 低楼层(共18层) | 2011年建 | 板塔结合,https://image1.ljcdn.com/310000-inspection/prod-845794b0-1036-42a5-aca0-504ee524ced4.jpg.296x216.jpg
20200208,浦东,周浦,带产权车位 格局好，精装房，随时可入住带,560万,3室2厅 | 110平米 | 南 | 精装 | 低楼层(共18层) | 2016年建 | 板楼,https://image1.ljcdn.com/310000-inspection/pc1_zQjMARo9m_1.jpg.296x216.jpg
20200208,浦东,周浦,高品质小区，南北通户型，精装大三房,620万,3室2厅 | 113.04平米 | 东 南 北 | 其他 | 中楼层(共18层)  | 板楼,https://image1.ljcdn.com/310000-inspection/pc1_9rYrkczcP_1.jpg.296x216.jpg
20200208,浦东,周浦,圣鑫苑 2室2厅 290万,290万,2室2厅 | 76.44平米 | 南 | 精装 | 高楼层(共11层) | 2009年建 | 板楼,https://image1.ljcdn.com/310000-inspection/pc1_pyK6dcGJw_1.jpg.296x216.jpg
20200208,浦东,周浦,复式房 6个房间 2个大露台 实用性高,530万,6室3厅 | 111.67平米 | 南 北 | 精装 | 高楼层(共6层) | 2003年建 | 板楼,https://image1.ljcdn.com/310000-inspection/pc1_HUlUsL4Qq_1.jpg.296x216.jpg
20200208,浦东,周浦,三期洋房墅质精装50万，位置好不靠路，看房联系维护人房主自荐,650万,3室2厅 | 147平米 | 南 北 | 精装 | 低楼层(共7层) | 2016年建 | 板楼,https://image1.ljcdn.com/310000-inspection/pc1_smXE0Pqpn_1.jpg.296x216.jpg
20200208,浦东,周浦,满五唯一 精装修 南北通透 采光好房主自荐,360万,2室2厅 | 94.57平米 | 南 北 | 其他 | 低楼层(共11层) | 2006年建 | 板楼,https://image1.ljcdn.com/310000-inspection/pc1_XctSo5y8r_1.jpg.296x216.jpg
20200208,浦东,周浦,满五年 两房朝南 一房朝北 房子楼层好，采光充足,430万,3室2厅 | 119.96平米 | 南 北 | 其他 | 中楼层(共6层) | 2005年建 | 板楼,https://image1.ljcdn.com/310000-inspection/pc1_LMAAG8WLK_1.jpg.296x216.jpg
20200208,浦东,周浦,桃园新城中虹佳园 3室1厅 330万,330万,3室1厅 | 94.25平米 | 南 北 | 简装 | 低楼层(共6层) | 2007年建 | 板楼,https://image1.ljcdn.com/310000-inspection/pc1_VjxYNqoyl_1.jpg.296x216.jpg
20200208,浦东,周浦,视野宽阔 房型方正 通风好 采光好 房东诚意出售,470万,3室2厅 | 118.41平米 | 南 | 其他 | 高楼层(共14层) | 2009年建 | 板楼,https://image1.ljcdn.com/310000-inspection/pc1_xOQCVkoKe_1.jpg.296x216.jpg
20200208,浦东,周浦,仅有契税，减低您的购房成本!划算,468万,2室2厅 | 95.22平米 | 南 北 | 简装 | 高楼层(共14层) | 2010年建 | 板楼,https://image1.ljcdn.com/310000-inspection/pc1_biHX7poAa_1.jpg.296x216.jpg
20200208,浦东,周浦,周东二村大面积108平，满五唯一，自住装修,390万,4室2厅 | 108.21平米 | 南 | 其他 | 低楼层(共6层) | 1994年建 | 板楼,https://image1.ljcdn.com/310000-inspection/pc1_ZQzSC3y1K_1.jpg.296x216.jpg
20200208,浦东,周浦,急售|18号轨交|近万达|免个税|南北通|楼层高|价格可谈房主自荐,597万,3室2厅 | 119.84平米 | 南 北 | 精装 | 高楼层(共14层) | 2007年建 | 板楼,https://image1.ljcdn.com/310000-inspection/pc1_i6qnkBFQF_1.jpg.296x216.jpg
20200208,浦东,周浦,东上海精装三房 前后无遮挡 临河 采光充足,675万,3室2厅 | 138.46平米 | 南 北 | 精装 | 中楼层(共14层) | 2010年建 | 板楼,https://image1.ljcdn.com/310000-inspection/pc1_XC706Ba1A_1.jpg.296x216.jpg
20200208,浦东,周浦,近万达 三轨沿线  交通方便 配套成熟 随时看房,475万,3室2厅 | 129.78平米 | 南 北 | 精装 | 高楼层(共11层) | 2008年建 | 板楼,https://image1.ljcdn.com/310000-inspection/pc1_euetrtYHb_1.jpg.296x216.jpg
20200208,浦东,周浦,房型方正 通风好 采光好 房东诚意出售,满五不唯一,420万,3室2厅 | 116.22平米 | 南 | 其他 | 低楼层(共14层) | 2009年建 | 板楼,https://image1.ljcdn.com/310000-inspection/pc1_0vMGybtZ3_1.jpg.296x216.jpg
20200208,浦东,周浦,明天华城 4室2厅 730万,730万,4室2厅 | 143.12平米 | 南 北 | 简装 | 中楼层(共15层) | 2011年建 | 板楼,https://image1.ljcdn.com/310000-inspection/pc1_wnuGAETD3_1.jpg.296x216.jpg
20200208,浦东,周浦,汇腾南苑 2室1厅 280万,280万,2室1厅 | 82平米 | 南 | 精装 | 低楼层(共14层) | 2007年建 | 板楼,https://image1.ljcdn.com/310000-inspection/pc1_pgJzamY0i_1.jpg.296x216.jpg
20200208,浦东,周浦,菱翔苑 大三房  精装修  南北通,625万,3室2厅 | 142.91平米 | 南 | 精装 | 高楼层(共8层) | 2009年建 | 板楼,https://image1.ljcdn.com/310000-inspection/pc1_X7z9wL9dX_1.jpg.296x216.jpg
20200208,浦东,周浦,此房为南北通三房!地理位置优越!看房方便,430万,3室2厅 | 112平米 | 南 | 精装 | 高楼层(共5层) | 2004年建 | 板楼,https://image1.ljcdn.com/310000-inspection/pc1_SCPGKLePm_1.jpg.296x216.jpg
20200208,浦东,周浦,中虹佳园，楼层采光好，动迁满五小区近18号线800米。,410万,3室2厅 | 112.02平米 | 南 | 其他 | 中楼层(共5层) | 2007年建 | 板楼,https://image1.ljcdn.com/310000-inspection/pc1_3bxmRWOl3_1.jpg.296x216.jpg
20200208,浦东,周浦,周浦高品质小区 地铁临距离 小户型三房,535万,3室2厅 | 102.5平米 | 南 | 简装 | 低楼层(共18层)  | 板楼,https://image1.ljcdn.com/310000-inspection/pc1_kAgweDLG0_1.jpg.296x216.jpg
20200208,浦东,周浦,印象春城 精装修 户型好 价格便宜 业主置换 诚心急售,680万,3室2厅 | 136.17平米 | 南 北 | 精装 | 高楼层(共18层) | 2011年建 | 板塔结合,https://image1.ljcdn.com/310000-inspection/pc1_ecQ55z46P_1.jpg.296x216.jpg
20200208,浦东,周浦,周浦医院旁，近万达广场，交通便利，配套成熟,257万,2室2厅 | 75.49平米 | 南 | 毛坯 | 高楼层(共14层)  | 板楼,https://image1.ljcdn.com/310000-inspection/test-dd3b9980-cb0e-4656-ae86-3fe559ce9479.png.296x216.jpg
20200208,浦东,周浦,临湖景观双南户型，精装修拎包入住。满二唯一税费少,420万,2室2厅 | 89平米 | 南 | 精装 | 低楼层(共20层) | 2014年建 | 板楼,https://image1.ljcdn.com/310000-inspection/pc1_6hWmtRlda_1.jpg.296x216.jpg
20200208,浦东,周浦,欧风家园正气一房，交通便利，生活舒适,194万,1室1厅 | 53.81平米 | 南 | 简装 | 高楼层(共6层)  | 板楼,https://image1.ljcdn.com/310000-inspection/prod-07e80a17-5f75-4bb2-a15b-385609467ff3.jpg.296x216.jpg
20200208,浦东,周浦,满五唯一 房型正 高层精装南北通 花草树木之间得好房,310万,2室2厅 | 79.07平米 | 南 北 | 精装 | 中楼层(共5层) | 2004年建 | 板楼,https://image1.ljcdn.com/310000-inspection/pc1_NrYPvFvzL_1.jpg.296x216.jpg
20200208,浦东,周浦,满五年不唯一，一楼有垫高，不潮，方便老人小孩出入,255万,2室2厅 | 79.15平米 | 南 北 | 简装 | 低楼层(共6层) | 2007年建 | 板楼,https://image1.ljcdn.com/310000-inspection/pc1_uMlFnoctl_1.jpg.296x216.jpg
20200208,浦东,周浦,动迁满五年，近地铁，楼层好，全南户型，楼栋位置好,285万,2室2厅 | 82.42平米 | 南 | 毛坯 | 高楼层(共11层) | 2006年建 | 板楼,https://image1.ljcdn.com/310000-inspection/pc1_7UtaOaV64_1.jpg.296x216.jpg
20200208,浦东,周浦,南北通 自住装修两房，动迁满五唯一，税费少，采光好,280万,2室1厅 | 69.79平米 | 东 南 北 | 精装 | 高楼层(共6层) | 2006年建 | 板楼,https://image1.ljcdn.com/310000-inspection/pc1_PQssFJNl3_1.jpg.296x216.jpg
20200208,浦东,周浦,瑞阳苑大一房，满五唯一临沈梅路，18号线辐射小区,198万,1室1厅 | 59.94平米 | 南 | 精装 | 低楼层(共11层) | 2007年建 | 板楼,https://image1.ljcdn.com/310000-inspection/pc1_scI7T03pV_1.jpg.296x216.jpg
20200208,浦东,周浦,临河位置 税费少 南北通透  婚房装修,349万,2室2厅 | 83.03平米 | 南 北 | 精装 | 中楼层(共6层) | 2008年建 | 板楼,https://image1.ljcdn.com/310000-inspection/pc1_1Y3db1wXg_1.jpg.296x216.jpg
20200208,浦东,周浦,瑞阳苑，品质小区，交通便利，生活舒适。,275万,2室1厅 | 75.99平米 | 南 | 精装 | 中楼层(共11层) | 2007年建 | 板楼,https://image1.ljcdn.com/310000-inspection/pc1_lU14iG9q1_1.jpg.296x216.jpg
20200208,浦东,周浦,安阁苑满五唯一阳台河景精装大阁楼超大空间 带露台房主自荐,273万,2室1厅 | 68.57平米 | 南 北 | 精装 | 高楼层(共6层) | 2006年建 | 板楼,https://image1.ljcdn.com/310000-inspection/pc1_edCcKozqo_1.jpg.296x216.jpg
20200208,浦东,周浦,满五年不唯一 采光好 楼层好 精装修 诚心出售,420万,2室1厅 | 87.99平米 | 南 | 简装 | 中楼层(共16层) | 2009年建 | 板塔结合,https://image1.ljcdn.com/310000-inspection/pc1_Gtm5WqXqf_1.jpg.296x216.jpg
20200208,浦东,周浦,近地铁，满五唯一，视野开阔，精装修带阁楼，采光好房主自荐,259万,2室1厅 | 70.57平米 | 南 | 精装 | 高楼层(共5层) | 2006年建 | 板楼,https://image1.ljcdn.com/310000-inspection/pc1_RHvUKj5zA_1.jpg.296x216.jpg
20200208,浦东,周浦,桃园新城中虹佳园   装修电梯一房，有地下车库可以看,182万,1室1厅 | 57.76平米 | 南 | 精装 | 低楼层(共14层) | 2007年建 | 板楼,https://image1.ljcdn.com/310000-inspection/pc1_OSQbvgm59_1.jpg.296x216.jpg
20200208,浦东,周浦,印象春城 双南自住精装 中间楼层 拎包入住 楼间距大,395万,2室2厅 | 87.99平米 | 南 | 精装 | 高楼层(共18层) | 2011年建 | 板塔结合,https://image1.ljcdn.com/310000-inspection/pc1_X3M5wCCEP_1.jpg.296x216.jpg
20200208,浦东,周浦,近地铁，动迁满五年，全南户型，楼层好，采光充足,285万,2室2厅 | 82.03平米 | 南 | 毛坯 | 低楼层(共12层) | 2006年建 | 板楼,https://image1.ljcdn.com/310000-inspection/pc1_2J12MGBC8_1.jpg.296x216.jpg
20200208,浦东,周浦,明天华城 2室2厅 450万,450万,2室2厅 | 97平米 | 南 | 精装 | 低楼层(共17层) | 2014年建 | 板楼,https://image1.ljcdn.com/310000-inspection/pc1_qGUCgL767_1.jpg.296x216.jpg
20200208,浦东,周浦,繁荣安居南北两房，精装修，好房子等待您的到来,330万,2室1厅 | 82平米 | 南 | 精装 | 中楼层(共6层) | 2006年建 | 板楼,https://image1.ljcdn.com/310000-inspection/pc1_Xb8e7w0vx_1.jpg.296x216.jpg
20200208,浦东,周浦,瑞阳苑A区电梯两房，一梯两户型，一手动迁免增值税,275万,2室2厅 | 75.13平米 | 南 北 | 毛坯 | 中楼层(共11层) | 2007年建 | 板楼,https://image1.ljcdn.com/310000-inspection/pc1_ezqSJ5KiT_1.jpg.296x216.jpg
20200208,浦东,周浦,两房两厅一卫大两房    闹中取静房主自荐,300万,2室2厅 | 96.83平米 | 南 | 简装 | 高楼层(共6层) | 1994年建 | 板楼,https://image1.ljcdn.com/310000-inspection/test-b275a14a-1817-4b55-8957-3cf1c9ce1739.png.296x216.jpg
20200208,浦东,周浦,双轨交汇，周浦英伦小区 环境优美 密度低 适宜居家,440万,3室1厅 | 104.26平米 | 南 | 精装 | 低楼层(共18层)  | 板楼,https://image1.ljcdn.com/310000-inspection/test-b772f144-5cb2-4b38-a60c-b1eac8f28117.png.296x216.jpg
20200208,浦东,周浦,中间楼层  满五唯一   看房方便 带装修 固定车位房主自荐,297万,2室2厅 | 80.3平米 | 南 | 精装 | 中楼层(共6层) | 1995年建 | 板楼,https://image1.ljcdn.com/310000-inspection/prod-5d1aded3-e4ff-495d-aa70-1ae1e9be3a56.jpg.296x216.jpg
20200208,浦东,周浦,朝南的一居室，采光充足，诚意出售房主自荐,177万,1室1厅 | 53.41平米 | 南 | 简装 | 高楼层(共6层) | 2006年建 | 板楼,https://image1.ljcdn.com/310000-inspection/prod-df15a47c-c02d-4db0-9b07-9053a3127db5.jpg.296x216.jpg
20200208,浦东,周浦,高品质小区，卧室转角大飘窗，满二唯一税费少,630万,3室2厅 | 146.58平米 | 南 | 毛坯 | 低楼层(共21层)  | 板楼,https://image1.ljcdn.com/310000-inspection/prod-bd889669-f31d-43f8-bbfa-d97f7ca45a8e.jpg.296x216.jpg
20200208,浦东,周浦,绿地二期  南北通户型 总价低  近万达 看房有钥匙,640万,3室2厅 | 144.07平米 | 南 北 | 毛坯 | 中楼层(共18层) | 2010年建 | 板楼,https://image1.ljcdn.com/310000-inspection/pc1_6lcfyp7sE_1.jpg.296x216.jpg
20200208,浦东,周浦,次新小区，看房方便，税费少楼层好，户型正，交通便利,380万,2室2厅 | 97.5平米 | 南 | 简装 | 高楼层(共18层) | 2008年建 | 板楼,https://image1.ljcdn.com/310000-inspection/prod-de144e77-5315-446b-b936-2b60b5faa0d7.jpg.296x216.jpg
20200208,浦东,周浦,绿地精装两房 南北通格局 双阳台 看房方便,425万,2室2厅 | 91.57平米 | 南 北 | 精装 | 低楼层(共14层) | 2010年建 | 板楼,https://image1.ljcdn.com/310000-inspection/prod-954cf4ee-a09b-4cbb-9db8-837ced7bb11d.jpg.296x216.jpg
20200208,浦东,周浦,圣鑫苑4期，带产权车位精装修，三开间朝南，南北通透,415万,2室2厅 | 93平米 | 南 北 | 精装 | 低楼层(共11层) | 2011年建 | 板楼,https://image1.ljcdn.com/310000-inspection/test-855d908c-bbbd-4ccb-970a-cd5138212210.png.296x216.jpg
20200208,浦东,周浦,近万达，精装修，三房房东诚意出售,340万,3室1厅 | 96.83平米 | 南 北 | 精装 | 中楼层(共6层) | 1994年建 | 板楼,https://image1.ljcdn.com/310000-inspection/test-e30a969d-6fc6-4d3a-85e7-8534c4942b3a.png.296x216.jpg
20200208,浦东,周浦,产权清晰有车位  河畔佳园 诚意出售,370万,2室2厅 | 88.5平米 | 南 | 简装 | 低楼层(共15层) | 2011年建 | 板塔结合,https://image1.ljcdn.com/310000-inspection/prod-3ddc7245-1c71-479c-ad49-6c286fa5f6d0.jpg.296x216.jpg
20200208,浦东,周浦,高品质小区，三开间朝南，精装大三房，业主诚售,540万,3室1厅 | 89.01平米 | 南 | 其他 | 高楼层(共18层)  | 板楼,https://image1.ljcdn.com/310000-inspection/pc1_XePBUjXJi_1.jpg.296x216.jpg
20200208,浦东,周浦,精装二改三 三开间朝南 南北通透 可拎包入住 诚意出售,360万,3室2厅 | 101.97平米 | 南 北 | 精装 | 中楼层(共6层) | 2009年建 | 板楼,https://image1.ljcdn.com/310000-inspection/pc1_cogRbs1KS_1.jpg.296x216.jpg
20200208,浦东,周浦,绿地东上海一期 精装修，位置好 高楼层,540万,2室2厅 | 113.81平米 | 南 北 | 精装 | 高楼层(共18层) | 2007年建 | 板楼,https://image1.ljcdn.com/310000-inspection/test-4f2e93af-1fe1-4616-93f1-8c3734f77d43.png.296x216.jpg
20200208,浦东,周浦,沈默花苑，精装两房，房东诚意出售,330万,2室2厅 | 85.04平米 | 南 | 简装 | 低楼层(共8层) | 2008年建 | 板楼,https://image1.ljcdn.com/310000-inspection/pc1_LynJpqh8e_1.jpg.296x216.jpg
20200208,浦东,周浦,免增值税 个税 带阁楼 露台  楼上正常层高,360万,4室1厅 | 82平米 | 南 北 | 简装 | 高楼层(共6层) | 2006年建 | 板楼,https://image1.ljcdn.com/310000-inspection/prod-79f2a151-5823-47c6-afdf-efe00cf210d0.jpg.296x216.jpg
20200208,浦东,周浦,繁荣安居两房 房东诚意出售  楼层好 采光好,275万,2室1厅 | 68平米 | 南 | 精装 | 高楼层(共6层) | 2006年建 | 板楼,https://image1.ljcdn.com/310000-inspection/prod-5ea6f0d1-a276-4092-b5ad-54502ffd3d39.jpg.296x216.jpg
20200208,浦东,周浦,南北通户型 每天采光很好 阳台很大 业主诚心出售,610万,3室2厅 | 133.76平米 | 东 西 | 毛坯 | 中楼层(共18层) | 2007年建 | 板楼,https://image1.ljcdn.com/310000-inspection/prod-e8170e0a-a5b8-4fc1-afb7-ba820e9af1db.jpg.296x216.jpg
20200208,浦东,周浦,海通新村 2室2厅 298万,298万,2室2厅 | 87.48平米 | 南 | 精装 | 高楼层(共6层) | 1994年建 | 板楼,https://image1.ljcdn.com/310000-inspection/pc1_LJJiwtmm6_1.jpg.296x216.jpg
20200208,浦东,周浦,一手动迁，近地铁，高楼层，无遮挡！,275万,2室1厅 | 74.5平米 | 南 | 简装 | 高楼层(共16层) | 2013年建 | 板楼,https://image1.ljcdn.com/310000-inspection/pc1_BJaS5H8I4_1.jpg.296x216.jpg
20200208,浦东,周浦,户型正气 小区环境好 交通便利 出入方便,270万,2室2厅 | 77.85平米 | 南 | 简装 | 低楼层(共5层) | 2006年建 | 板楼,https://image1.ljcdn.com/310000-inspection/pc1_tQBKa4MHm_1.jpg.296x216.jpg
20200208,浦东,周浦,精装一房，温馨一居室，刚需小两口的人生起步之选,210万,1室1厅 | 59.55平米 | 南 | 简装 | 低楼层(共14层) | 2007年建 | 板楼,https://image1.ljcdn.com/310000-inspection/pc1_LOwWJNmES_1.jpg.296x216.jpg
20200208,浦东,周浦,一手动迁，满五年，前后无遮挡一房,185万,1室1厅 | 53.87平米 | 南 | 毛坯 | 中楼层(共5层) | 2006年建 | 板楼,https://image1.ljcdn.com/310000-inspection/pc1_uQnyb43q7_1.jpg.296x216.jpg
20200208,浦东,周浦,印象春城 总价低满五年唯一税费少 精装修业主诚心,350万,2室2厅 | 87.99平米 | 南 | 简装 | 低楼层(共18层) | 2009年建 | 板塔结合,https://image1.ljcdn.com/310000-inspection/pc1_sPNri0QrM_1.jpg.296x216.jpg
20200208,浦东,周浦,精装修，温馨小两居，置换诚意，可谈，寻找有缘人房主自荐,250万,2室1厅 | 71.32平米 | 南 | 精装 | 低楼层(共5层) | 2006年建 | 板楼,https://image1.ljcdn.com/310000-inspection/pc1_5FJu1WnF2_1.jpg.296x216.jpg
20200208,浦东,周浦,汇腾东苑 2室1厅 300万,300万,2室1厅 | 82.54平米 | 南 | 精装 | 中楼层(共14层) | 2007年建 | 板楼,https://image1.ljcdn.com/310000-inspection/pc1_CeQsUBZQb_1.jpg.296x216.jpg
20200208,浦东,周浦,满五唯一  两房朝南 采光视野好 精装修 有车位 另算,405万,2室2厅 | 88.23平米 | 南 | 精装 | 高楼层(共18层) | 2011年建 | 板塔结合,https://image1.ljcdn.com/310000-inspection/pc1_KojjYlOnA_1.jpg.296x216.jpg
20200208,浦东,周浦,装修双南在售户型，税费少，直接拎包入住,285万,2室1厅 | 74.64平米 | 南 | 其他 | 中楼层(共16层) | 2013年建 | 板楼,https://image1.ljcdn.com/310000-inspection/pc1_tC2aANqM9_1.jpg.296x216.jpg
20200208,浦东,周浦,房屋满五唯一  税费少 低楼层  出入便利房主自荐,252万,2室2厅 | 71.67平米 | 南 | 精装 | 低楼层(共6层) | 2006年建 | 板楼,https://image1.ljcdn.com/310000-inspection/pc1_qFtranOKQ_1.jpg.296x216.jpg
20200208,浦东,周浦,印象一房 中间楼层 无抵押 无贷款 变现 价格可议,310万,1室2厅 | 63.71平米 | 南 | 简装 | 中楼层(共18层) | 2009年建 | 板塔结合,https://image1.ljcdn.com/310000-inspection/pc1_ketuiGaW0_1.jpg.296x216.jpg
20200208,浦东,周浦,欧风家园 1室1厅 194万,194万,1室1厅 | 53.74平米 | 南 | 精装 | 高楼层(共6层)  | 板楼,https://image1.ljcdn.com/310000-inspection/pc1_3QR6ME7cU_1.jpg.296x216.jpg
20200208,浦东,周浦,两房朝南带大花园 近万达 进地铁 交通便利购物方便,330万,2室1厅 | 79.7平米 | 南 北 | 精装 | 低楼层(共6层) | 1997年建 | 板楼,https://image1.ljcdn.com/310000-inspection/pc1_xsdIy33OP_1.jpg.296x216.jpg
20200208,浦东,周浦,周浦繁华地段，近万达 交通方便 ，三轨沿线，,350万,2室2厅 | 90平米 | 南 北 | 毛坯 | 中楼层(共6层) | 2006年建 | 板楼,https://image1.ljcdn.com/310000-inspection/pc1_g2n2VWCJZ_1.jpg.296x216.jpg
20200208,浦东,周浦,明天华城 三期 双南两房 中间楼层 诚意出售,430万,2室2厅 | 89.98平米 | 南 | 简装 | 低楼层(共17层) | 2014年建 | 板楼,https://image1.ljcdn.com/310000-inspection/pc1_nmTwxDIIh_1.jpg.296x216.jpg
20200208,浦东,周浦,圣鑫苑 电梯精装一房 景观楼层 配套齐全 急售,260万,1室1厅 | 58.43平米 | 南 | 精装 | 高楼层(共18层) | 2008年建 | 板楼,https://image1.ljcdn.com/310000-inspection/pc1_m6z9QRXrm_1.jpg.296x216.jpg
20200208,浦东,周浦,满4年，税费少，低楼层，出入方便,253万,2室1厅 | 71.85平米 | 南 北 | 精装 | 低楼层(共5层) | 2006年建 | 板楼,https://image1.ljcdn.com/310000-inspection/pc1_vGkJsWad2_1.jpg.296x216.jpg
20200208,浦东,周浦,小区花园位子，电梯高区大两房，精装修，诚心出售,298万,2室1厅 | 82.63平米 | 南 | 精装 | 高楼层(共12层)  | 板楼,https://image1.ljcdn.com/310000-inspection/pc1_b645plmE5_1.jpg.296x216.jpg
20200208,浦东,周浦,满五唯一，精装修，南北正通，采光好，楼层好。,262万,2室2厅 | 75.08平米 | 南 北 | 精装 | 中楼层(共12层) | 2008年建 | 板楼,https://image1.ljcdn.com/310000-inspection/pc1_42tp9eqiQ_1.jpg.296x216.jpg
20200208,浦东,周浦,澧溪两房 全明户型 电梯高层 视野开阔,440万,2室2厅 | 105平米 | 南 | 精装 | 中楼层(共19层) | 2011年建 | 板楼,https://image1.ljcdn.com/310000-inspection/pc1_dh9n7nq3t_1.jpg.296x216.jpg
20200208,浦东,周浦,龙泽家园   精装两房    满五唯一   位置好房主自荐,345万,2室2厅 | 68.45平米 | 南 北 | 精装 | 中楼层(共6层) | 2007年建 | 板楼,https://image1.ljcdn.com/310000-inspection/pc1_TUvA3kvsp_1.jpg.296x216.jpg
20200208,浦东,周浦,印象春城 满五唯一税费少 精装修 中间楼层 随时可看,388万,2室1厅 | 87.9平米 | 南 | 精装 | 中楼层(共18层) | 2009年建 | 板塔结合,https://image1.ljcdn.com/310000-inspection/pc1_BZxX2TCsC_1.jpg.296x216.jpg
20200208,浦东,周浦,瑞和苑 1室1厅 195万,195万,1室1厅 | 54.45平米 | 南 北 | 毛坯 | 中楼层(共14层) | 2008年建 | 板楼,https://image1.ljcdn.com/310000-inspection/pc1_dgsyZDrVW_1.jpg.296x216.jpg
20200208,浦东,周浦,桃园新城中城苑 1室1厅 185万,185万,1室1厅 | 54.2平米 | 南 北 | 精装 | 中楼层(共5层) | 2006年建 | 板楼,https://image1.ljcdn.com/310000-inspection/pc1_wQEzdG5Qk_1.jpg.296x216.jpg
20200208,浦东,周浦,楼层好，采光好，南北·通户型，一手动迁,280万,2室1厅 | 75.57平米 | 南 | 其他 | 高楼层(共16层) | 2013年建 | 板楼,https://image1.ljcdn.com/310000-inspection/pc1_0rgiGD8pN_1.jpg.296x216.jpg
20200208,浦东,周浦,汇丽苑 精装两房 采光无遮挡 税费少 带花园 jin地铁,310万,2室2厅 | 75.63平米 | 南 北 | 其他 | 低楼层(共6层) | 2006年建 | 板楼,https://image1.ljcdn.com/310000-inspection/pc1_6KiAxAWqN_1.jpg.296x216.jpg
20200208,浦东,周浦,绿地东上海二期 2室2厅 459万,459万,2室2厅 | 91.35平米 | 南 北 | 其他 | 高楼层(共14层) | 2010年建 | 板楼,https://image1.ljcdn.com/310000-inspection/pc1_05g2HhtWR_1.jpg.296x216.jpg
20200208,浦东,周浦,周浦新村 3室1厅 315万,315万,3室1厅 | 89.6平米 | 南 | 简装 | 高楼层(共5层) | 1998年建 | 板楼,https://image1.ljcdn.com/310000-inspection/prod-bdcbc6e0-293e-432a-a494-011705f4543d.jpg.296x216.jpg
20200208,浦东,周浦,13年小区  汇枫公寓 电梯楼的底楼 出行方便,190万,1室1厅 | 56.95平米 | 南 | 简装 | 低楼层(共17层) | 2013年建 | 板楼,https://image1.ljcdn.com/310000-inspection/pc1_63gH5S2xu_1.jpg.296x216.jpg
20200208,浦东,周浦,电梯两居室，南北通户型，带装修，动迁税少,340万,2室2厅 | 90.51平米 | 南 北 | 简装 | 低楼层(共11层) | 2008年建 | 板楼,https://image1.ljcdn.com/310000-inspection/prod-39ebe316-5b49-469b-94e5-d51a0abad150.jpg.296x216.jpg
20200208,浦东,周浦,小区中间位置，整体格局南北通透。业主诚意卖,245万,2室1厅 | 71.32平米 | 南 北 | 简装 | 低楼层(共5层) | 2006年建 | 板楼,https://image1.ljcdn.com/310000-inspection/pc1_KKnNf5n6g_1.jpg.296x216.jpg
20200208,浦东,周浦,南北通低总价，价格好谈，中Y空调，地暖，满五唯一！,588万,3室2厅 | 132.71平米 | 南 | 精装 | 低楼层(共14层) | 2010年建 | 板楼,https://image1.ljcdn.com/310000-inspection/pc1_iyTjH2mMn_1.jpg.296x216.jpg
20200208,浦东,周浦,绿地东上海3期，一梯一户，可接受置换，高区景观层,660万,3室2厅 | 126平米 | 南 北 | 简装 | 高楼层(共21层)  | 板楼,https://image1.ljcdn.com/310000-inspection/pc1_c3I6aYujq_1.jpg.296x216.jpg
20200208,浦东,周浦,御沁园(公寓) 3室2厅 800万,800万,3室2厅 | 163.94平米 | 南 北 | 毛坯 | 高楼层(共19层)  | 板楼,https://image1.ljcdn.com/310000-inspection/pc1_nTJmEJ5sP_1.jpg.296x216.jpg
20200208,浦东,周浦,汇康公寓 3室2厅 490万,490万,3室2厅 | 114.12平米 | 南 | 其他 | 高楼层(共6层) | 2005年建 | 板楼,https://image1.ljcdn.com/310000-inspection/pc1_0gPEDhBdb_1.jpg.296x216.jpg
20200208,浦东,周浦,高品质小区，通风好，采光好正气,818万,3室2厅 | 173.35平米 | 南 | 简装 | 中楼层(共21层) | 2014年建 | 板楼,https://image1.ljcdn.com/310000-inspection/pc1_mvLy4FEgP_1.jpg.296x216.jpg
20200208,浦东,周浦,周康板块，精装大两房，品质生活，静待有缘人！,400万,2室2厅 | 102.37平米 | 南 | 简装 | 低楼层(共8层) | 2008年建 | 板楼,https://image1.ljcdn.com/310000-inspection/prod-d71a98d7-97d8-4b8a-9945-243d2d453e3d.jpg.296x216.jpg
20200208,浦东,周浦,精致小两房，没有个税，南北通户型 看房方便房主自荐,350万,2室1厅 | 72.8平米 | 南 | 精装 | 高楼层(共6层) | 2006年建 | 板楼,https://image1.ljcdn.com/310000-inspection/prod-b1de475e-6bab-4c0f-867e-b17a4d0ed6bf.jpg.296x216.jpg
20200208,浦东,周浦,楼层好，视野开，采光充足，绿地2012年交付的商品房,560万,3室2厅 | 120.11平米 | 南 | 毛坯 | 中楼层(共21层) | 2014年建 | 板楼,https://image1.ljcdn.com/310000-inspection/pc1_RQDbTv1t4_1.jpg.296x216.jpg
20200208,浦东,周浦,精装修，房子楼层不高不低不靠马路，无增值税诚心出售,310万,3室1厅 | 84.85平米 | 南 | 精装 | 中楼层(共5层) | 1994年建 | 板楼,https://image1.ljcdn.com/310000-inspection/prod-cc2bf1bb-42a3-48e5-942b-6f533a001610.jpg.296x216.jpg
20200208,浦东,周浦,绿地高品质小区  大4房 适合一家3代人居住,840万,4室2厅 | 181.23平米 | 南 | 精装 | 中楼层(共12层) | 2012年建 | 板楼,https://image1.ljcdn.com/310000-inspection/prod-975b64fb-2a9b-4a6f-8a4e-87f97b44d4c2.jpg.296x216.jpg
20200208,浦东,周浦,业主二手买进，税费少，多层三楼，楼层位置好,435万,4室2厅 | 129.74平米 | 南 北 | 精装 | 中楼层(共5层) | 1998年建 | 板楼,https://image1.ljcdn.com/310000-inspection/prod-8b2869a3-ee49-4697-9789-4ccb63390ad0.jpg.296x216.jpg
20200208,浦东,周浦,品质小区 高层南北通 11和16号线双轨交通 带车位房主自荐,435万,2室2厅 | 91.2平米 | 南 北 | 精装 | 高楼层(共18层) | 2009年建 | 板塔结合,https://image1.ljcdn.com/310000-inspection/prod-e936c3e6-910c-4380-99de-46fec768dae5.jpg.296x216.jpg
20200208,浦东,周浦,高得房率三房  楼层好  户型正气  一梯两户,335万,3室2厅 | 94.48平米 | 南 | 简装 | 高楼层(共6层) | 2006年建 | 板楼,https://image1.ljcdn.com/310000-inspection/prod-f2b7f550-da89-4515-afc3-2eac883758e5.jpg.296x216.jpg
20200208,浦东,周浦,价格可议 南北通风2+1户型 凤凰楼层  阳光无限好,430万,2室2厅 | 89平米 | 南 北 | 毛坯 | 中楼层(共16层) | 2011年建 | 板塔结合,https://image1.ljcdn.com/310000-inspection/test-e4cd249f-b81d-44ca-b89a-7bdd130c37c8.png.296x216.jpg
20200208,浦东,周浦,安阁苑双南户型、一手动迁满五唯一，精装修，诚意出售,260万,2室2厅 | 76.53平米 | 南 北 | 精装 | 中楼层(共4层) | 2006年建 | 板楼,https://image1.ljcdn.com/310000-inspection/prod-0dcd9470-c83c-4727-bad7-016fc468da90.jpg.296x216.jpg
20200208,浦东,周浦,绿地3期次新房 一梯一户 精装地暖 原木风格 拎包入住,650万,3室2厅 | 126.8平米 | 南 北 | 精装 | 低楼层(共21层)  | 板楼,https://image1.ljcdn.com/310000-inspection/pc1_DEKiFeaIe_1.jpg.296x216.jpg
20200208,浦东,周浦,楼层好，满两年，买进价300多万税费少，物业好房主自荐,435万,2室2厅 | 99.72平米 | 南 北 | 简装 | 中楼层(共18层)  | 板楼,https://image1.ljcdn.com/310000-inspection/prod-494f0718-73d6-4cfd-9967-4b395b39ce4a.jpg.296x216.jpg
20200208,浦东,周浦,安阁苑电梯房、中间楼层、满五年唯一，税费少,250万,2室1厅 | 76.7平米 | 南 | 毛坯 | 中楼层(共11层) | 2006年建 | 板楼,https://image1.ljcdn.com/310000-inspection/prod-cbc2c224-6bbc-46c7-8200-0537b827ead4.jpg.296x216.jpg
20200208,浦东,周浦,龙泽家园 总价低 经济小两房！,290万,2室1厅 | 59.74平米 | 南 | 简装 | 中楼层(共6层) | 2007年建 | 板楼,https://image1.ljcdn.com/310000-inspection/pc1_1q6xAO8G6_1.jpg.296x216.jpg
20200208,浦东,周浦,繁荣安居新上架房源，九大安心服务承诺为您保驾护航,230万,1室1厅 | 58.16平米 | 南 | 毛坯 | 高楼层(共11层) | 2012年建 | 板楼,https://image1.ljcdn.com/310000-inspection/pc1_qB3ELoeIj_1.jpg.296x216.jpg
20200208,浦东,周浦,印象春城 2室1厅 395万,395万,2室1厅 | 88.1平米 | 南 | 简装 | 中楼层(共18层) | 2011年建 | 板塔结合,https://image1.ljcdn.com/310000-inspection/pc1_okjsIUDzt_1.jpg.296x216.jpg
20200208,浦东,周浦,经典飞机户型。原始动迁，业主诚意出售，装修全部给,315万,2室2厅 | 94.59平米 | 南 | 简装 | 低楼层(共5层) | 2006年建 | 板楼,https://image1.ljcdn.com/310000-inspection/prod-261d83ce-cbd8-4a06-80b1-c35325148d04.jpg.296x216.jpg
20200208,浦东,周浦,出门就是公交车站，有配套永乐广场，万达广场,202万,1室1厅 | 46平米 | 南 | 毛坯 | 中楼层(共5层) | 1994年建 | 板楼,https://image1.ljcdn.com/310000-inspection/prod-f57e317a-3a4e-4eb5-a826-0bfa6c6bcd25.jpg.296x216.jpg
20200208,浦东,周浦,繁华地段 交通方便  满五年  中间楼层  诚意出售,390万,3室2厅 | 118.3平米 | 南 | 精装 | 中楼层(共6层) | 2000年建 | 板楼,https://image1.ljcdn.com/310000-inspection/pc1_EjdI7Wi9y_1.jpg.296x216.jpg
20200208,浦东,周浦,三轨交汇，中金二期精装小三房，带zhongyang空调,425万,3室2厅 | 94.77平米 | 南 北 | 精装 | 低楼层(共8层) | 2013年建 | 板楼,https://image1.ljcdn.com/310000-inspection/pc1_h02Gybwdh_1.jpg.296x216.jpg
20200208,浦东,周浦,中虹佳园大三房两卫，户型正精装修，中间楼层看房方便,410万,3室2厅 | 112.02平米 | 南 | 精装 | 中楼层(共5层) | 2007年建 | 板楼,https://image1.ljcdn.com/310000-inspection/pc1_WnyE9FBxV_1.jpg.296x216.jpg
20200208,浦东,周浦,绿地东上海 全明户型 满五唯一 婚房装修诚心卖,420万,2室2厅 | 92.62平米 | 南 | 精装 | 低楼层(共18层) | 2010年建 | 板楼,https://image1.ljcdn.com/310000-inspection/pc1_FuSykpSHI_1.jpg.296x216.jpg
20200208,浦东,周浦,圣鑫苑精装修两房，户型正气，配套齐全,350万,2室1厅 | 100.29平米 | 南 | 精装 | 低楼层(共18层) | 2008年建 | 板楼,https://image1.ljcdn.com/310000-inspection/pc1_BmaZa1p6j_1.jpg.296x216.jpg
20200208,浦东,周浦,满五唯一 精装修 拎包入住···,560万,3室2厅 | 118.14平米 | 南 | 精装 | 低楼层(共21层) | 2014年建 | 板楼,https://image1.ljcdn.com/310000-inspection/pc1_9ZBw0fyBn_1.jpg.296x216.jpg
20200208,浦东,周浦,明天华城三期，户型南北通，人工湖湖景房，交通便利,680万,3室2厅 | 149平米 | 南 北 | 毛坯 | 低楼层(共18层) | 2014年建 | 板楼,https://image1.ljcdn.com/310000-inspection/pc1_S3YHBcVM8_1.jpg.296x216.jpg
20200208,浦东,周浦,精装修，满五年唯一税费少，南北户型正气格局好,388万,2室2厅 | 99.32平米 | 南 | 精装 | 低楼层(共18层) | 2008年建 | 板楼,https://image1.ljcdn.com/310000-inspection/pc1_vfkmZe4lH_1.jpg.296x216.jpg
20200208,浦东,周浦,周康板块，靠地铁，一楼带地下室，带花园。看房有钥匙,800万,3室1厅 | 360平米 | 南 | 毛坯 | 低楼层(共20层) | 2013年建 | 板楼,https://image1.ljcdn.com/310000-inspection/prod-4baf1df3-c871-4ab1-bcac-d3fa1166f8ea.jpg.296x216.jpg
20200208,浦东,周浦,南北通透，全明户型，格局比较好，自住精装修保养较好,430万,2室2厅 | 89平米 | 南 北 | 简装 | 低楼层(共17层) | 2012年建 | 板楼,https://image1.ljcdn.com/310000-inspection/prod-f51ecf19-bc1b-479b-802b-f25fb8d59cb2.jpg.296x216.jpg
20200208,浦东,周浦,景观楼层，户型正，价格美丽，采光充足前后没有遮挡,373万,2室2厅 | 99.11平米 | 南 | 精装 | 高楼层(共11层) | 2008年建 | 板楼,https://image1.ljcdn.com/310000-inspection/prod-2e4ca4ec-bcde-4497-89b9-b70c9b26efeb.jpg.296x216.jpg
20200208,浦东,周浦,汇腾南苑 2室1厅 280万,280万,2室1厅 | 82平米 | 南 | 简装 | 低楼层(共14层) | 2007年建 | 板楼,https://image1.ljcdn.com/310000-inspection/pc1_CM26HaRPk_1.jpg.296x216.jpg
20200208,浦东,周浦,印象春城高层双南户型 视野楼层好 税费少,388万,2室1厅 | 88.23平米 | 南 | 精装 | 中楼层(共18层) | 2011年建 | 板塔结合,https://image1.ljcdn.com/310000-inspection/prod-eb882e2a-92db-4b2f-961f-8e9e95662d11.jpg.296x216.jpg
20200208,浦东,周浦,业主婚房装修，满五年不唯一，价格合适家电可议,465万,3室2厅 | 130.98平米 | 南 北 | 精装 | 中楼层(共5层) | 2005年建 | 板楼,https://image1.ljcdn.com/310000-inspection/test-a147243a-de1d-4456-a31c-4c55705b9ea3.png.296x216.jpg
20200208,浦东,周浦,满两年 楼层好 采光好 精装修 拎包入住 诚心出售,309万,1室1厅 | 64平米 | 南 | 精装 | 中楼层(共16层) | 2011年建 | 板塔结合,https://image1.ljcdn.com/310000-inspection/prod-64239999-bfc7-4375-9d59-d8126752ed78.jpg.296x216.jpg
20200208,浦东,周浦,多层复式有更多空间可以自由发挥，一层价格二层享受,350万,6室1厅 | 103平米 | 南 北 | 简装 | 高楼层(共6层) | 1997年建 | 板楼,https://image1.ljcdn.com/310000-inspection/prod-5f4dcc25-68c0-473f-ab23-1a41699e4a87.jpg.296x216.jpg
20200208,浦东,周浦,南郊花园(公寓) 2室2厅 415万,415万,2室2厅 | 92.81平米 | 南 北 | 精装 | 高楼层(共6层) | 2005年建 | 板楼,https://image1.ljcdn.com/310000-inspection/prod-3fb0eb5b-849b-4b88-861e-9869ece0b4ee.jpg.296x216.jpg
20200208,浦东,周浦,此房满五年唯一 小区中间位置，精装！,475万,3室1厅 | 103.59平米 | 南 | 精装 | 高楼层(共6层) | 2011年建 | 板楼,https://image1.ljcdn.com/310000-inspection/prod-01a71c27-9633-43be-9c63-5628451039fe.jpg.296x216.jpg
20200208,浦东,周浦,电梯两房 户型方正 房东诚心出售,442万,2室2厅 | 100.6平米 | 南 | 精装 | 低楼层(共12层) | 2006年建 | 板楼,https://image1.ljcdn.com/310000-inspection/prod-813fe670-277e-4eba-8d22-0a5f4222ead5.jpg.296x216.jpg
20200208,浦东,周浦,小户型，总价低，电梯房，满五税少，小区中间位置,220万,1室1厅 | 57.51平米 | 南 | 毛坯 | 低楼层(共11层) | 2009年建 | 板楼,https://image1.ljcdn.com/310000-inspection/prod-640fc546-5dde-4433-9790-4d2aeb90f176.jpg.296x216.jpg
20200208,浦东,周浦,此房源一楼带花园  一房朝南 一房朝北 南北通透,310万,2室2厅 | 75.15平米 | 南 北 | 简装 | 低楼层(共6层) | 2006年建 | 板楼,https://image1.ljcdn.com/310000-inspection/pc1_zMgaEMIQP_1.jpg.296x216.jpg
20200208,浦东,周浦,周东一村 满五年 楼层好 产权清晰 看房方便 税费少,185万,2室1厅 | 51平米 | 东 | 简装 | 中楼层(共6层) | 1983年建 | 板楼,https://image1.ljcdn.com/310000-inspection/prod-755e7b55-f64e-4da1-afc8-5e65e1c95933.jpg.296x216.jpg
20200208,浦东,周浦,一手动迁，无增值税，毛坯房，好装修,395万,3室2厅 | 109.37平米 | 南 | 毛坯 | 高楼层(共6层) | 2006年建 | 板楼,https://image1.ljcdn.com/310000-inspection/prod-64b6bebf-ec40-40e6-bfd8-85981c8a439c.jpg.296x216.jpg
20200208,浦东,周浦,明天华城 一手动迁 多层  得房率高,370万,2室2厅 | 84.57平米 | 南 北 | 毛坯 | 中楼层(共6层) | 2011年建 | 板楼,https://image1.ljcdn.com/310000-inspection/prod-5cb66393-1ff4-407d-a879-6adc56d3a977.jpg.296x216.jpg
20200208,浦东,周浦,东上海精装三房 前后无遮挡 采光充足 附带50平大露台,640万,3室2厅 | 133.64平米 | 东 西 | 精装 | 低楼层(共18层) | 2007年建 | 板楼,https://image1.ljcdn.com/310000-inspection/prod-9b030627-b192-4a49-b770-84df969a6780.jpg.296x216.jpg
20200208,浦东,周浦,小区中间位置，不靠路；中间楼层 ，采光视野好,650万,3室2厅 | 139平米 | 北 南 | 简装 | 中楼层(共7层)  | 板楼,https://image1.ljcdn.com/310000-inspection/pc1_BQm9EfFhX_1.jpg.296x216.jpg
20200208,浦东,周浦,安阁苑正气大一房 楼层佳  满五唯一税少 看房随时,184万,1室1厅 | 54平米 | 南 | 简装 | 低楼层(共6层) | 2006年建 | 板楼,https://image1.ljcdn.com/310000-inspection/prod-adcd4498-9dc6-48dc-a332-6f185d6f7f43.jpg.296x216.jpg
20200208,浦东,周浦,安阁苑 南北通两房 多层2楼 满五唯一 看房随时,246万,2室1厅 | 71平米 | 南 | 简装 | 低楼层(共6层) | 2006年建 | 板楼,https://image1.ljcdn.com/310000-inspection/pc1_lXzajrONo_1.jpg.296x216.jpg
20200208,浦东,周浦,万达旁，没有个税，旁边就是南郊花园别墅,390万,2室2厅 | 92.09平米 | 南 | 简装 | 低楼层(共6层) | 2005年建 | 板楼,https://image1.ljcdn.com/310000-inspection/pc1_GV7Ruk1H2_1.jpg.296x216.jpg
20200208,浦东,周浦,商品房大一房，纯毛坯可自己装修,187万,1室1厅 | 54.45平米 | 南 | 毛坯 | 高楼层(共14层) | 2008年建 | 板楼,https://image1.ljcdn.com/310000-inspection/pc1_j8oNYHvWp_1.jpg.296x216.jpg
20200208,浦东,周浦,明天华城 2室2厅 475万,475万,2室2厅 | 88.88平米 | 南 | 简装 | 中楼层(共14层) | 2011年建 | 板楼,https://image1.ljcdn.com/310000-inspection/pc1_jO2bOpiQx_1.jpg.296x216.jpg
20200208,浦东,周浦,南北通，双阳台，功能齐全，交通便利。,255万,2室1厅 | 74.58平米 | 南 | 精装 | 中楼层(共14层) | 2008年建 | 板楼,https://image1.ljcdn.com/310000-inspection/pc1_rL0o67OJE_1.jpg.296x216.jpg
20200208,浦东,周浦,印象春城 A1南北户型 带地下产权车位 随时可以看房,430万,2室2厅 | 89.23平米 | 南 北 | 毛坯 | 中楼层(共18层) | 2009年建 | 板塔结合,https://image1.ljcdn.com/310000-inspection/pc1_ntKnRXVHm_1.jpg.296x216.jpg
20200208,浦东,周浦,有钥匙 临河景观 随时可以看 业主诚意出售,255万,1室1厅 | 58.43平米 | 南 | 精装 | 中楼层(共18层) | 2008年建 | 板楼,https://image1.ljcdn.com/310000-inspection/pc1_Zg6NEONX2_1.jpg.296x216.jpg
20200208,浦东,周浦,景观房源，景观楼层，装修不错，边套一房，户型正气,265万,1室1厅 | 62.99平米 | 南 | 精装 | 中楼层(共18层) | 2008年建 | 板楼,https://image1.ljcdn.com/310000-inspection/pc1_2tKZ7NF8G_1.jpg.296x216.jpg
20200208,浦东,周浦,商品大一房，采光明亮，业主诚心出售,190万,1室2厅 | 55.25平米 | 南 | 简装 | 低楼层(共14层) | 2008年建 | 板楼,https://image1.ljcdn.com/310000-inspection/pc1_cMVLmX6ze_1.jpg.296x216.jpg
20200208,浦东,周浦,凤凰层楼层位置好 满五年唯一无个税,400万,2室2厅 | 88.1平米 | 南 | 精装 | 高楼层(共18层) | 2011年建 | 板塔结合,https://image1.ljcdn.com/310000-inspection/pc1_FGpO6zjIl_1.jpg.296x216.jpg
20200208,浦东,周浦,近万达 18号线周浦站 全明户型,430万,2室2厅 | 97.91平米 | 南 | 简装 | 中楼层(共6层) | 2003年建 | 板楼,https://image1.ljcdn.com/310000-inspection/pc1_hJ7kxVzxm_1.jpg.296x216.jpg
20200208,浦东,周浦,顶楼带阁楼，中等装修，诚心出售，随时看,215万,1室1厅 | 53.76平米 | 南 | 精装 | 高楼层(共6层)  | 板楼,https://image1.ljcdn.com/310000-inspection/pc1_B5ghG1B48_1.jpg.296x216.jpg
20200208,浦东,周浦,繁荣华庭 南北通 大三房 看房随时 诚意出售,530万,3室2厅 | 109.95平米 | 南 | 简装 | 低楼层(共18层) | 2016年建 | 板楼,https://image1.ljcdn.com/310000-inspection/pc1_hzsUS5msw_1.jpg.296x216.jpg
20200208,浦东,周浦,南临河带大花园，居家精装修两房,265万,2室1厅 | 71.98平米 | 北 南 | 精装 | 低楼层(共4层) | 2006年建 | 板楼,https://image1.ljcdn.com/310000-inspection/prod-e4173294-aacc-4caf-afd4-eac4d230a305.jpg.296x216.jpg
20200208,浦东,周浦,电梯房满五年 采光充足 地理环境佳,326万,2室2厅 | 82.99平米 | 东南 | 简装 | 低楼层(共11层) | 2010年建 | 塔楼,https://image1.ljcdn.com/310000-inspection/prod-c2871f19-4cd4-4d0b-9bab-001665c361c9.jpg.296x216.jpg
20200208,浦东,周浦,满五唯一，视野宽阔，独栋临河，业主诚心出售,360万,2室1厅 | 88.37平米 | 南 | 精装 | 低楼层(共18层) | 2011年建 | 板塔结合,https://image1.ljcdn.com/310000-inspection/prod-4e770d24-3233-44ab-82e9-514a18f97c8b.jpg.296x216.jpg
20200208,浦东,周浦,九大安心、保驾护航）一楼出入方便、满⑤唯一随时看,220万,2室1厅 | 57平米 | 南 北 | 简装 | 低楼层(共5层) | 2006年建 | 板楼,https://image1.ljcdn.com/310000-inspection/prod-bfbabb5c-1a91-4dba-b1fd-5e0917fa4aae.jpg.296x216.jpg
20200208,浦东,周浦,房子小房型，交通便利，满五唯一，看房随时,155万,2室1厅 | 50.16平米 | 南 北 | 简装 | 高楼层(共6层) | 1983年建 | 板楼,https://image1.ljcdn.com/310000-inspection/prod-1ba80777-d64e-4556-9c5c-7fe8cd2d3e5f.jpg.296x216.jpg
20200208,浦东,周浦,南北通两房  满五年唯一  税费少,420万,2室2厅 | 90.76平米 | 南 | 毛坯 | 低楼层(共12层) | 2012年建 | 板楼,https://image1.ljcdn.com/310000-inspection/pc1_KoeAuwxCB_1.jpg.296x216.jpg
20200208,浦东,周浦,周浦镇 满五年 原始三房带阁楼 阁楼俩房间 出门菜市场,340万,3室1厅 | 99平米 | 南 | 精装 | 高楼层(共6层) | 1998年建 | 板楼,https://image1.ljcdn.com/310000-inspection/prod-31c0599c-843c-4691-b27f-6eca754abec5.jpg.296x216.jpg
20200208,浦东,周浦,安康新村 三开间朝南 南北通 精装修 采光好,315万,2室2厅 | 85.12平米 | 南 | 简装 | 中楼层(共5层) | 1995年建 | 板楼,https://image1.ljcdn.com/310000-inspection/prod-75fc15af-33a8-46af-ad20-9835ba30a8f5.jpg.296x216.jpg
20200208,浦东,周浦,精装两房，经济实惠，固定车位，居家适宜，诚心出售,295万,2室2厅 | 75.83平米 | 南 | 精装 | 高楼层(共6层) | 1997年建 | 板楼,https://image1.ljcdn.com/310000-inspection/prod-d87b007a-3c8f-487a-9922-54ccde9a67c3.jpg.296x216.jpg
20200208,浦东,周浦,采光好视野好，小区中间，闹中取静。,460万,2室1厅 | 96.27平米 | 南 | 精装 | 中楼层(共21层) | 2014年建 | 板楼,https://image1.ljcdn.com/310000-inspection/pc1_7lNBHdU3C_1.jpg.296x216.jpg
20200208,浦东,周浦,一手动迁，税费少，带花园，位置好，不靠路，满五,375万,3室1厅 | 103.95平米 | 南 | 毛坯 | 低楼层(共6层) | 2008年建 | 板楼,https://image1.ljcdn.com/310000-inspection/pc1_yDPJNk4zh_1.jpg.296x216.jpg
20200208,浦东,周浦,双轨交汇，精装修+zhongyang空调，有钥匙看实房房主自荐,560万,3室2厅 | 118平米 | 南 | 精装 | 高楼层(共18层)  | 板楼,https://image1.ljcdn.com/310000-inspection/pc1_Kvz4E27FV_1.jpg.296x216.jpg
20200208,浦东,周浦,满二年，房东想尽快出售，价格可以谈，看房有钥匙,610万,3室1厅 | 128平米 | 南 | 精装 | 低楼层(共18层) | 2016年建 | 板楼,https://image1.ljcdn.com/310000-inspection/pc1_a95IH29CZ_1.jpg.296x216.jpg
20200208,浦东,周浦,安康新村，精装两房，拎包入住，无户口,265万,2室1厅 | 84.82平米 | 南 | 精装 | 中楼层(共5层) | 1994年建 | 板楼,https://image1.ljcdn.com/310000-inspection/pc1_orBhXXVA8_1.jpg.296x216.jpg
20200208,浦东,周浦,圣鑫苑 2室2厅 365万,365万,2室2厅 | 92.24平米 | 南 | 精装 | 中楼层(共18层) | 2012年建 | 板楼,https://image1.ljcdn.com/310000-inspection/pc1_dCGrpSQmX_1.jpg.296x216.jpg
20200208,浦东,周浦,业主自住精装修 附带一个固定车位,520万,3室2厅 | 124.01平米 | 南 | 精装 | 高楼层(共6层) | 2009年建 | 板楼,https://image1.ljcdn.com/310000-inspection/pc1_iBRrb5xwo_1.jpg.296x216.jpg
20200208,浦东,周浦,景观湖位置，50万装修，保养比较好。,750万,4室1厅 | 142.11平米 | 南 | 精装 | 高楼层(共9层) | 2014年建 | 板楼,https://image1.ljcdn.com/310000-inspection/pc1_k4gnqY35O_1.jpg.296x216.jpg
20200208,浦东,周浦,飞机户型，南北通三开间朝南，采光通风好，房龄新,398万,2室2厅 | 109.92平米 | 南 | 精装 | 低楼层(共18层) | 2009年建 | 板楼,https://image1.ljcdn.com/310000-inspection/pc1_o391lK2Jc_1.jpg.296x216.jpg
20200208,浦东,周浦,圣鑫苑 3室2厅 545万,545万,3室2厅 | 124.08平米 | 南 | 精装 | 低楼层(共14层) | 2011年建 | 板楼,https://image1.ljcdn.com/310000-inspection/pc1_UEIlt1rhL_1.jpg.296x216.jpg
20200208,浦东,周浦,安康新村 自住精装两房 满五年唯一 税费少,395万,2室2厅 | 97.16平米 | 南 | 精装 | 中楼层(共5层) | 2005年建 | 板楼,https://image1.ljcdn.com/310000-inspection/pc1_nW7lyPzMm_1.jpg.296x216.jpg
20200208,浦东,周浦,经典飞机户型。满五年唯一，业主诚意出售，装修全部,365万,3室2厅 | 94.56平米 | 南 北 | 精装 | 中楼层(共5层) | 2006年建 | 板楼,https://image1.ljcdn.com/310000-inspection/pc1_EV7ozDPJT_1.jpg.296x216.jpg
20200208,浦东,周浦,原始三房，三面采光，楼层佳，出门就有公交站,265万,3室1厅 | 78.9平米 | 南 | 简装 | 中楼层(共6层) | 1995年建 | 板楼,https://image1.ljcdn.com/310000-inspection/pc1_G4iUMq8E9_1.jpg.296x216.jpg
20200208,浦东,周浦,满五唯一，精装修，三开间朝南，南北通透,523万,3室2厅 | 130.81平米 | 南 北 | 精装 | 高楼层(共18层) | 2009年建 | 板楼,https://image1.ljcdn.com/310000-inspection/pc1_AY17RcwGD_1.jpg.296x216.jpg
20200208,浦东,周浦,御沁园(公寓) 3室2厅 800万,800万,3室2厅 | 161.3平米 | 南 | 简装 | 高楼层(共21层)  | 板楼,https://image1.ljcdn.com/310000-inspection/pc1_BPYTRNc9a_1.jpg.296x216.jpg
20200208,浦东,周浦,御沁园(公寓) 3室2厅 880万,880万,3室2厅 | 175.15平米 | 南 | 精装 | 高楼层(共21层)  | 板楼,https://image1.ljcdn.com/310000-inspection/pc1_adRboParv_1.jpg.296x216.jpg
20200208,浦东,周浦,70万装修全实木家具，高层三居，带全屋空调，随时能看,660万,3室2厅 | 131.28平米 | 南 北 | 精装 | 高楼层(共18层) | 2011年建 | 板塔结合,https://image1.ljcdn.com/310000-inspection/pc1_ocnJ3ZNdB_1.jpg.296x216.jpg
20200208,浦东,周浦,菱翔苑 3室2厅 565万,565万,3室2厅 | 136.43平米 | 南 | 毛坯 | 中楼层(共14层) | 2009年建 | 板楼,https://image1.ljcdn.com/310000-inspection/pc1_WticKXA9K_1.jpg.296x216.jpg
20200208,浦东,周浦,一手动迁  税费少   精装修   可拎包入住,445万,3室2厅 | 124.27平米 | 南 | 精装 | 高楼层(共6层) | 2006年建 | 板楼,https://image1.ljcdn.com/310000-inspection/pc1_aebY0suXu_1.jpg.296x216.jpg
20200208,浦东,周浦,圣鑫苑三开间朝南130平标准飞机户型,490万,3室2厅 | 130.81平米 | 南 北 | 精装 | 中楼层(共18层) | 2009年建 | 板楼,https://image1.ljcdn.com/310000-inspection/pc1_OskGSS4mt_1.jpg.296x216.jpg
20200208,浦东,周浦,安阁苑新出三房，满五不唯一，业主诚心出售,339万,3室1厅 | 92.39平米 | 南 | 其他 | 中楼层(共5层) | 2006年建 | 板楼,https://image1.ljcdn.com/310000-inspection/pc1_TWSOg9Xcc_1.jpg.296x216.jpg
20200208,浦东,周浦,汇丽苑 3室2厅 420万,420万,3室2厅 | 117平米 | 东南 南 | 其他 | 高楼层(共6层) | 2005年建 | 板楼,https://image1.ljcdn.com/310000-inspection/pc1_Y4IQm0j1y_1.jpg.296x216.jpg
20200208,浦东,周浦,门口就有地铁，房东急卖，诚意出售满五唯一,270万,2室1厅 | 74.5平米 | 南 | 简装 | 低楼层(共17层) | 2013年建 | 板楼,https://image1.ljcdn.com/310000-inspection/pc1_51aEE5t1B_1.jpg.296x216.jpg
20200208,浦东,周浦,一梯两户，满五唯一，瑞和苑稀有户型，可拎包入住。,258万,2室2厅 | 75.08平米 | 南 北 | 简装 | 中楼层(共12层)  | 板楼,https://image1.ljcdn.com/310000-inspection/pc1_tNpGpBZLt_1.jpg.296x216.jpg
20200208,浦东,周浦,2012年小区，物业完善，环境优美，房型方正，急售,425万,2室1厅 | 93.21平米 | 南 北 | 精装 | 中楼层(共11层) | 2011年建 | 板楼,https://image1.ljcdn.com/310000-inspection/prod-e62c829e-4020-485b-a8dc-c8884a0cae33.jpg.296x216.jpg
20200208,浦东,周浦,月初上架房源，精装修一房，南北通透。业主诚意出售,212万,1室1厅 | 63平米 | 南 北 | 精装 | 低楼层(共5层) | 2006年建 | 板楼,https://image1.ljcdn.com/310000-inspection/prod-c002147d-96c8-4c4d-8282-424726d5707d.jpg.296x216.jpg
20200208,浦东,周浦,汇康公寓 多层三房 精装修 满五唯一,465万,3室2厅 | 114.9平米 | 南 | 其他 | 低楼层(共9层) | 2005年建 | 板楼,https://image1.ljcdn.com/310000-inspection/prod-afcbbf40-7301-47af-84ea-8d9c6709793e.jpg.296x216.jpg
20200208,浦东,周浦,三轨沿线 交通方便 配套成熟 物业完善 看房随时 急售,435万,3室2厅 | 119.96平米 | 南 北 | 精装 | 中楼层(共6层) | 2005年建 | 板楼,https://image1.ljcdn.com/310000-inspection/prod-53013aa3-63ae-4226-bd77-58cbff50f365.jpg.296x216.jpg
20200208,浦东,周浦,精装修  中间楼层  满五年  诚意出售 看房方便,320万,2室1厅 | 77.98平米 | 南 | 精装 | 中楼层(共6层) | 2006年建 | 板楼,https://image1.ljcdn.com/310000-inspection/test-275f203f-63eb-4000-90df-f5464eaa087a.png.296x216.jpg
20200208,浦东,周浦,精装修两房，中间楼层，满五唯一,280万,2室1厅 | 72.24平米 | 南 北 | 精装 | 中楼层(共5层) | 2007年建 | 板楼,https://image1.ljcdn.com/310000-inspection/pc1_coWiSQXr7_1.jpg.296x216.jpg
20200208,浦东,周浦,繁荣安居两房 房东诚意出售 房型方正,270万,2室1厅 | 68.53平米 | 南 | 简装 | 低楼层(共6层) | 2006年建 | 板楼,https://image1.ljcdn.com/310000-inspection/prod-d03ca258-15fa-4a88-b077-e5d2c64815e0.jpg.296x216.jpg
20200208,浦东,周浦,精装修保养好满五唯一没有个税小区配套成熟产权清晰房主自荐,220万,2室1厅 | 61.74平米 | 南 | 精装 | 中楼层(共5层) | 2004年建 | 板楼,https://image1.ljcdn.com/310000-inspection/pc1_c02T0XM8L_1.jpg.296x216.jpg
20200208,浦东,周浦,小资情调，折射后现代生活，临河而居，演绎浪漫风情。,220万,1室1厅 | 51.8平米 | 南 | 精装 | 中楼层(共6层) | 2008年建 | 板楼,https://image1.ljcdn.com/310000-inspection/pc1_eY1cr0IuC_1.jpg.296x216.jpg
20200208,浦东,周浦,带阁楼阳光房三轨沿线， 繁华地段交通方便，配套成熟,262万,2室2厅 | 51.55平米 | 南 北 | 精装 | 高楼层(共6层) | 2012年建 | 板楼,https://image1.ljcdn.com/310000-inspection/pc1_x7vz41Ba5_1.jpg.296x216.jpg
20200208,浦东,周浦,样板房精装修。通风采光好，满五年税费少,450万,2室2厅 | 90.71平米 | 南 | 精装 | 低楼层(共16层) | 2011年建 | 板楼,https://image1.ljcdn.com/310000-inspection/pc1_UmJOSd6OD_1.jpg.296x216.jpg
20200208,浦东,周浦,印象双南户型，高层采光好，无遮挡，视野好，位置佳,388万,2室1厅 | 87.99平米 | 南 | 精装 | 中楼层(共16层) | 2009年建 | 板塔结合,https://image1.ljcdn.com/310000-inspection/pc1_KZDHQfi4t_1.jpg.296x216.jpg
20200208,浦东,周浦,繁荣华庭 次新小区 到地铁方便 户型正气,415万,2室2厅 | 95平米 | 南 | 简装 | 低楼层(共15层) | 2016年建 | 板楼,https://image1.ljcdn.com/310000-inspection/pc1_mSn5WbxkF_1.jpg.296x216.jpg
20200208,浦东,周浦,印象一房，精装修，满五唯一，带产权车位,320万,1室1厅 | 64.18平米 | 南 | 精装 | 中楼层(共16层) | 2011年建 | 板塔结合,https://image1.ljcdn.com/310000-inspection/pc1_3uZJNLQtP_1.jpg.296x216.jpg
20200208,浦东,周浦,南风进出不折曲 闭卧阳台伴日落 安逸舒适家人陪,530万,2室2厅 | 114.08平米 | 南 北 | 精装 | 中楼层(共16层) | 2009年建 | 板塔结合,https://image1.ljcdn.com/310000-inspection/pc1_0YxZehIGZ_1.jpg.296x216.jpg
20200208,浦东,周浦,满五唯一，精装修，南北通户型，业主诚意出售,260万,2室1厅 | 70.47平米 | 南 | 精装 | 低楼层(共6层) | 2006年建 | 板楼,https://image1.ljcdn.com/310000-inspection/pc1_i3N164cfw_1.jpg.296x216.jpg
20200208,浦东,周浦,瑞阳苑，品质小区，房东诚心出售，看房方便,197万,1室1厅 | 59.94平米 | 南 北 | 简装 | 低楼层(共11层) | 2007年建 | 板楼,https://image1.ljcdn.com/310000-inspection/pc1_9lIXPSH6s_1.jpg.296x216.jpg
20200208,浦东,周浦,瑞阳苑A区，电梯南北两房，一梯两户，沿地铁18号线,286万,2室2厅 | 75.99平米 | 南 | 精装 | 中楼层(共11层) | 2007年建 | 板楼,https://image1.ljcdn.com/310000-inspection/pc1_E9QYffgX2_1.jpg.296x216.jpg
20200208,浦东,周浦,瑞阳苑A区，电梯高层1房，视野采光好，满五年唯一,215万,1室1厅 | 54.8平米 | 南 | 精装 | 高楼层(共11层) | 2007年建 | 板楼,https://image1.ljcdn.com/310000-inspection/pc1_71kxWlH2I_1.jpg.296x216.jpg
20200208,浦东,周浦,此房满五唯一  精装修  南北通格局 采光好,470万,2室2厅 | 88.29平米 | 南 | 精装 | 中楼层(共18层) | 2011年建 | 板楼,https://image1.ljcdn.com/310000-inspection/pc1_HmT23PEZ9_1.jpg.296x216.jpg
20200208,浦东,周浦,瑞阳苑，品质小区，交通便利，居住舒适,210万,1室1厅 | 54.8平米 | 南 | 简装 | 低楼层(共11层) | 2007年建 | 板楼,https://image1.ljcdn.com/310000-inspection/pc1_Y5dV2aspO_1.jpg.296x216.jpg
20200208,浦东,周浦,临河景观房，非底楼，诚心出售，税费少,230万,1室1厅 | 58.43平米 | 南 | 精装 | 低楼层(共18层) | 2008年建 | 板楼,https://image1.ljcdn.com/310000-inspection/prod-ccb8894a-57fb-43a8-a60c-4a188c564912.jpg.296x216.jpg
20200208,浦东,周浦,此房满五二分之一唯一，看房有钥匙，随时看,168万,1室1厅 | 43.71平米 | 南 | 简装 | 中楼层(共6层) | 1994年建 | 板楼,https://image1.ljcdn.com/310000-inspection/prod-50db86f7-157b-4cf3-bde1-a2e1a617f004.jpg.296x216.jpg
20200208,浦东,周浦,近万达 品质小区 自住装修 业主诚心出售方便看房,400万,2室2厅 | 89.63平米 | 南 | 精装 | 中楼层(共6层) | 2005年建 | 板楼,https://image1.ljcdn.com/310000-inspection/prod-25a3df7f-6b87-4772-bd5d-0a2d5cec8d0c.jpg.296x216.jpg
20200208,浦东,周浦,满五唯一，精致装修，看房方便，,226万,1室1厅 | 63.18平米 | 南 | 精装 | 中楼层(共5层) | 2006年建 | 板楼,https://image1.ljcdn.com/310000-inspection/prod-02112f7f-b8cc-4d53-9e64-3bccff82d9ac.jpg.296x216.jpg
20200208,浦东,周浦,房子满五唯一  位于小区临河位置，前后视野宽阔无遮挡,605万,3室2厅 | 123.53平米 | 南 北 | 简装 | 高楼层(共14层) | 2007年建 | 板楼,https://image1.ljcdn.com/310000-inspection/prod-571281b1-bb6c-4e2e-b44b-a66333954133.jpg.296x216.jpg
20200208,浦东,周浦,八大安心、保驾护航）此房楼梯3楼、小上海步行街旁,235万,2室1厅 | 74.32平米 | 暂无数据 | 简装 | 中楼层(共6层) | 1996年建 | 板楼,https://image1.ljcdn.com/310000-inspection/test-ec58f249-aeb2-4eb2-82be-4b639b2c1497.png.296x216.jpg
20200208,浦东,周浦,一楼带院子    使用面积大    可以种花   养草,355万,2室2厅 | 86平米 | 南 | 简装 | 低楼层(共5层) | 2003年建 | 板楼,https://image1.ljcdn.com/310000-inspection/test-8ed38c5d-b29c-41ec-b540-3f2bd166c098.png.296x216.jpg
20200208,浦东,周浦,安阁苑带阁楼、阁楼已经做好、使用面积大、自住装修,278万,2室2厅 | 71.55平米 | 南 | 精装 | 高楼层(共6层) | 2006年建 | 板楼,https://image1.ljcdn.com/310000-inspection/prod-05545f12-c621-42a9-b2bf-3c54573565af.jpg.296x216.jpg
20200208,浦东,周浦,汇丽苑+精装三房+楼层好+临河位置,435万,3室2厅 | 122.15平米 | 南 | 简装 | 高楼层(共6层) | 2005年建 | 板楼,https://image1.ljcdn.com/310000-inspection/prod-0861bf4c-3ece-420a-94b1-1365e7f5c537.jpg.296x216.jpg
20200208,浦东,周浦,小高层中区，南北通透户型，看房方便，诚意出售,300万,2室1厅 | 77.92平米 | 南 北 | 精装 | 中楼层(共5层) | 1995年建 | 板楼,https://image1.ljcdn.com/310000-inspection/pc1_gu6vmafv6_1.jpg.296x216.jpg
20200208,浦东,周浦,瑞和苑精装两房，全南户型，业主诚心出售！！！！,245万,2室1厅 | 74.04平米 | 南 | 精装 | 低楼层(共14层) | 2008年建 | 板楼,https://image1.ljcdn.com/310000-inspection/prod-bc56b9b5-074c-44d3-a447-86cdc9cb1e35.jpg.296x216.jpg
