20200208,浦东,康桥,城中花园，三房毛坯出售，高楼层 ，看房有钥匙必看好房,513万,3室2厅 | 143平米 | 南 | 毛坯 | 中楼层(共16层) | 2006年建 | 板楼,https://image1.ljcdn.com/310000-inspection/prod-2d3e5d8c-a8f7-436f-baba-7310542a57d1.jpg.296x216.jpg
20200208,浦东,康桥,无增值税；全南户型；精装修；有钥匙必看好房,309万,2室2厅 | 80.13平米 | 南 | 精装 | 中楼层(共11层) | 2008年建 | 板楼,https://image1.ljcdn.com/310000-inspection/prod-405d277a-9201-4575-9d40-dde8f40c6849.jpg.296x216.jpg
20200208,浦东,康桥,景观楼层，总价低，业主置换，诚意出售，随时看房必看好房,259万,2室2厅 | 79.63平米 | 南 | 毛坯 | 高楼层(共14层) | 2008年建 | 板楼,https://image1.ljcdn.com/310000-inspection/prod-d4891df8-cb49-4dbb-b847-6c503aae0c25.jpg.296x216.jpg
20200208,浦东,康桥,汤巷馨村(二期) 1室1厅 242万必看好房,242万,1室1厅 | 60.81平米 | 南 | 精装 | 中楼层(共14层) | 2010年建 | 板楼,https://image1.ljcdn.com/310000-inspection/pc1_El8BCHdFU_1.jpg.296x216.jpg
20200208,浦东,康桥,海尚康庭 双南两居室   格局方正  小区位置佳必看好房,262万,2室1厅 | 74.09平米 | 南 | 精装 | 中楼层(共11层) | 2008年建 | 板楼,https://image1.ljcdn.com/310000-inspection/pc1_bU7y1LZTb_1.jpg.296x216.jpg
20200208,浦东,康桥,总价低，业主诚心出售，一手动迁必看好房,255万,2室2厅 | 79.96平米 | 南 | 毛坯 | 低楼层(共14层) | 2010年建 | 板楼,https://image1.ljcdn.com/310000-inspection/pc1_2yJzdYJN1_1.jpg.296x216.jpg
20200208,浦东,康桥,满五唯一，诚心出售，高素质人群居住必看好房,260万,2室2厅 | 80.88平米 | 南 北 | 简装 | 中楼层(共5层) | 2008年建 | 板楼,https://image1.ljcdn.com/310000-inspection/pc1_WixLLK7AX_1.jpg.296x216.jpg
20200208,浦东,康桥,电梯两房带阁楼和露台 满五年唯一 南北通透户型方正必看好房,440万,2室2厅 | 89.66平米 | 南 北 | 简装 | 高楼层(共14层) | 2004年建 | 板楼,https://image1.ljcdn.com/310000-inspection/pc1_CHIJvSYFo_1.jpg.296x216.jpg
20200208,浦东,康桥,满四年唯一，全明户型，格局方正，无抵押，诚心出售必看好房,275万,2室1厅 | 75平米 | 南 | 精装 | 低楼层(共14层) | 2010年建 | 板楼,https://image1.ljcdn.com/310000-inspection/pc1_sDvHIM2ED_1.jpg.296x216.jpg
20200208,浦东,康桥,精装修带地暖  秀溪小两房温馨有爱  诚心出售必看好房,365万,2室1厅 | 68.8平米 | 南 | 精装 | 高楼层(共15层) | 2012年建 | 板楼,https://image1.ljcdn.com/310000-inspection/test-9735137a-e8d1-40f0-b5c0-432e5b764c26.png.296x216.jpg
20200208,浦东,康桥,精装修 拎包入住 看房随时 有钥匙必看好房,365万,2室2厅 | 84.25平米 | 南 | 精装 | 中楼层(共6层) | 2006年建 | 板楼,https://image1.ljcdn.com/310000-inspection/pc1_2NsHpQN3m_1.jpg.296x216.jpg
20200208,浦东,康桥,满五唯一 业主自住保养好 省税费必看好房,505万,3室2厅 | 142.29平米 | 南 | 精装 | 中楼层(共16层) | 2006年建 | 板楼,https://image1.ljcdn.com/310000-inspection/pc1_KXfUbjYn3_1.jpg.296x216.jpg
20200208,浦东,康桥,纯商品房，精装修，南北通户型，随时看房，买进价格高必看好房,280万,2室2厅 | 77.62平米 | 南 | 精装 | 低楼层(共14层) | 2008年建 | 板楼,https://image1.ljcdn.com/310000-inspection/pc1_muVFhNfX7_1.jpg.296x216.jpg
20200208,浦东,康桥,康桥宝邸精装两房中间楼层满五唯一无个税必看好房,285万,2室2厅 | 75.37平米 | 南 北 | 精装 | 中楼层(共6层) | 2007年建 | 板楼,https://image1.ljcdn.com/310000-inspection/pc1_PtpvQYuOF_1.jpg.296x216.jpg
20200208,浦东,康桥,带固定车位 电梯高区 花园位置 满五唯一必看好房,420万,2室2厅 | 92.49平米 | 南 北 | 精装 | 高楼层(共11层) | 2006年建 | 板楼,https://image1.ljcdn.com/310000-inspection/pc1_wuGVbpdQP_1.jpg.296x216.jpg
20200208,浦东,康桥,小面积三房，南北通透房型好，近地铁万达必看好房,430万,3室2厅 | 97.22平米 | 南 北 | 精装 | 低楼层(共6层) | 2006年建 | 板楼,https://image1.ljcdn.com/310000-inspection/pc1_kUdfVu8e3_1.jpg.296x216.jpg
20200208,浦东,康桥,小区中间位置，非顶楼，采光好，视野好，房东好必看好房,259万,2室2厅 | 72.54平米 | 南 | 精装 | 高楼层(共6层) | 2009年建 | 板楼,https://image1.ljcdn.com/310000-inspection/pc1_X0WS2wc6t_1.jpg.296x216.jpg
20200208,浦东,康桥,业主急售 18号沪南站 南北通顶楼复式 央位可观湖景必看好房,374万,3室2厅 | 78.09平米 | 南 北 | 精装 | 高楼层(共7层) | 2004年建 | 板楼,https://image1.ljcdn.com/310000-inspection/pc1_52SLMtZ7f_1.jpg.296x216.jpg
20200208,浦东,康桥,楼层好位置好采光前后无遮挡，看房方便。必看好房,365万,2室2厅 | 81.43平米 | 南 | 精装 | 低楼层(共5层) | 2005年建 | 板楼,https://image1.ljcdn.com/310000-inspection/test-1ce9de6f-0d89-46af-b161-4b926bc6ed9d.png.296x216.jpg
20200208,浦东,康桥,电梯高层 精装修  税费少 诚心出售必看好房,216万,1室1厅 | 56.7平米 | 南 | 简装 | 中楼层(共14层) | 2008年建 | 板楼,https://image1.ljcdn.com/310000-inspection/pc1_DtrnGfKiB_1.jpg.296x216.jpg
20200208,浦东,康桥,近地铁商品动迁 正气3房 小区中间位置  楼层好钥匙房必看好房,370万,3室2厅 | 93.93平米 | 南 | 毛坯 | 高楼层(共6层) | 2008年建 | 板楼,https://image1.ljcdn.com/310000-inspection/pc1_BHw1Cvwvz_1.jpg.296x216.jpg
20200208,浦东,康桥,2012年秀溪公寓，带产权车位精装带地暖小三房，诚意卖必看好房,470万,3室2厅 | 103.07平米 | 南 北 | 精装 | 低楼层(共16层) | 2012年建 | 板楼,https://image1.ljcdn.com/310000-inspection/pc1_P5NsXkHrg_1.jpg.296x216.jpg
20200208,浦东,康桥,昱龙家园 1室1厅 207万必看好房,207万,1室1厅 | 59.48平米 | 南 | 精装 | 中楼层(共14层) | 2007年建 | 板楼,https://image1.ljcdn.com/310000-inspection/prod-803eb241-f9af-4bd0-a319-cdb78a1cf582.jpg.296x216.jpg
20200208,浦东,康桥,2013年 秀溪公寓  三房二卫 满五唯一 装修4年 方便看必看好房,470万,3室2厅 | 96.93平米 | 南 | 精装 | 低楼层(共16层) | 2012年建 | 板楼,https://image1.ljcdn.com/310000-inspection/pc1_PeJpn2uMB_1.jpg.296x216.jpg
20200208,浦东,康桥,达城家园 正气一房 全南采光 看房方便必看好房,200万,1室1厅 | 54.83平米 | 南 | 精装 | 高楼层(共11层) | 2008年建 | 板楼,https://image1.ljcdn.com/310000-inspection/pc1_ugebrJvnk_1.jpg.296x216.jpg
20200208,浦东,康桥,海尚康庭 精装一房 房东置换 诚心急售  本月必卖必看好房,214万,1室1厅 | 56.25平米 | 南 | 精装 | 中楼层(共5层) | 2008年建 | 板楼,https://image1.ljcdn.com/310000-inspection/prod-0e6caa38-2204-494a-8299-345ca0994116.jpg.296x216.jpg
20200208,浦东,康桥,2010年动迁房，产权清晰，满五年，看房方便，无抵押必看好房,275万,2室2厅 | 75平米 | 南 | 毛坯 | 中楼层(共14层) | 2010年建 | 板楼,https://image1.ljcdn.com/310000-inspection/pc1_r3sBZ3NZJ_1.jpg.296x216.jpg
20200208,浦东,康桥,万达旁 电梯高层 满五年唯一景观好必看好房,395万,2室2厅 | 90.07平米 | 南 | 精装 | 高楼层(共14层) | 2007年建 | 板楼,https://image1.ljcdn.com/310000-inspection/prod-76cbf068-bd83-47aa-9055-fbf4437cf75e.jpg.296x216.jpg
20200208,浦东,康桥,南北格局，房东想年前把房子卖掉 50平大花园 税费各付必看好房,468万,3室2厅 | 126.75平米 | 南 | 简装 | 低楼层(共6层) | 2003年建 | 板楼,https://image1.ljcdn.com/x-se/hdic-frame/01829d02-d81a-4929-be02-f66bd67516f8.png.296x216.jpg
20200208,浦东,康桥,中邦城市、品质小区、正气三房户型、有钥匙、看房便利,605万,3室2厅 | 132.15平米 | 南 北 | 毛坯 | 低楼层(共16层) | 2008年建 | 板楼,https://image1.ljcdn.com/310000-inspection/rsp_pic_upload96459078-697a-43b8-b627-3b344b798057.jpg.296x216.jpg
20200208,浦东,康桥,海尚康庭，满五年唯一精装修，南北通看房方便配套全,275万,2室2厅 | 73.36平米 | 南 | 精装 | 中楼层(共6层) | 2008年建 | 板楼,https://image1.ljcdn.com/310000-inspection/prod-8f27c37f-d655-4b27-8be6-887c3ad16390.jpg.296x216.jpg
20200208,浦东,康桥,经典南北户型；中间楼层；老少皆宜，配套完善,325万,2室2厅 | 75.75平米 | 南 北 | 简装 | 中楼层(共5层) | 2008年建 | 板楼,https://image1.ljcdn.com/310000-inspection/prod-8d69a0be-9240-4ca5-bb15-c414fcf1dbe6.jpg.296x216.jpg
20200208,浦东,康桥,一期，房子二次装修的，保养好，南花园整齐,2500万,3室2厅 | 313平米 | 南 | 精装 | 2层 | 2004年建 | 板楼 | 独栋别墅,https://image1.ljcdn.com/310000-inspection/prod-69990798-9820-408a-850a-724ddc58b1c4.jpg.296x216.jpg
20200208,浦东,康桥,18沪南站+07年商品房+南北通+120平大露台+诚心出售,265万,1室2厅 | 50.25平米 | 南 北 | 精装 | 中楼层(共5层) | 2007年建 | 板楼,https://image1.ljcdn.com/310000-inspection/prod-3833d242-1be6-4e59-8cff-965b6673390d.jpg.296x216.jpg
20200208,浦东,康桥,《九大安心，保驾护航》南北通透，业主置换，随时看房房主自荐,265万,2室2厅 | 72.54平米 | 南 北 | 精装 | 高楼层(共14层) | 2008年建 | 板楼,https://image1.ljcdn.com/310000-inspection/test-56429567-5cef-4ba3-ae17-5b904df4ca7a.png.296x216.jpg
20200208,浦东,康桥,精装两房总价低，户型南北通，满五年,395万,2室2厅 | 97.94平米 | 南 | 精装 | 低楼层(共12层) | 2008年建 | 板楼,https://image1.ljcdn.com/310000-inspection/prod-825f4bcf-7e96-4a35-96a4-dd4ee5a9fcbc.jpg.296x216.jpg
20200208,浦东,康桥,海尚康庭精装大三房，满五年不唯一，户型采光好,385万,3室2厅 | 99.52平米 | 南 | 简装 | 中楼层(共5层) | 2008年建 | 板楼,https://image1.ljcdn.com/310000-inspection/prod-ede246eb-b598-4420-9585-192ab8dfb338.jpg.296x216.jpg
20200208,浦东,康桥,万科提香别墅独栋带大花园，看房随时可以看,3000万,4室3厅 | 381.7平米 | 南 | 精装 | 2层 | 2004年建 | 板楼 | 独栋别墅,https://image1.ljcdn.com/310000-inspection/prod-9d73725e-10a4-4119-85c7-fadfb99d2176.jpg.296x216.jpg
20200208,浦东,康桥,小区位置好，楼层好，采光好，提前预约好看房,268万,2室1厅 | 73.69平米 | 南 | 毛坯 | 低楼层(共6层) | 2006年建 | 板楼,https://image1.ljcdn.com/x-se/hdic-frame/standard_e08dd1ee-4985-4c0c-a0a7-8ff6eac98c7c.png.296x216.jpg
20200208,浦东,康桥,小区安静位置两房，户型方正，随时看房，业主诚意出售,368万,2室2厅 | 96平米 | 南 | 毛坯 | 低楼层(共12层) | 2011年建 | 板楼,https://image1.ljcdn.com/310000-inspection/pc1_FvDJSf8jL_1.jpg.296x216.jpg
20200208,浦东,康桥,周浦康桥电梯两房，南北两居室 有钥匙随时能看,300万,2室2厅 | 80.44平米 | 南 北 | 毛坯 | 低楼层(共14层) | 2007年建 | 板楼,https://image1.ljcdn.com/310000-inspection/prod-87460a3a-812c-410f-bef1-a08969acb810.jpg.296x216.jpg
20200208,浦东,康桥,城中花园 三开间朝南 采光无遮挡,410万,2室2厅 | 102.69平米 | 南 | 简装 | 中楼层(共16层) | 2006年建 | 板楼,https://image1.ljcdn.com/310000-inspection/prod-a9a4eb19-a698-4adc-835d-8d51255c64ec.jpg.296x216.jpg
20200208,浦东,康桥,老业主委托，诚心卖，户型好，价格好沟通,235万,2室1厅 | 69.16平米 | 南 北 | 精装 | 低楼层(共14层) | 2010年建 | 板楼,https://image1.ljcdn.com/310000-inspection/test-47bffaee-6b41-4468-98bd-eb9b69bbefaa.png.296x216.jpg
20200208,浦东,康桥,秀溪公寓  2012年房子 满四年 毛坯 南北通,378万,3室2厅 | 100.69平米 | 南 | 毛坯 | 低楼层(共16层) | 2012年建 | 板楼,https://image1.ljcdn.com/310000-inspection/test-0d5010c1-0236-4a44-9cb6-e73e6399df8d.png.296x216.jpg
20200208,浦东,康桥,康桥宝邸大一房，全南全明户型，房型方正 小区位置佳,225万,1室2厅 | 61平米 | 南 | 毛坯 | 低楼层(共11层) | 2007年建 | 板楼,https://image1.ljcdn.com/310000-inspection/test-08924e8a-5bba-44ca-950f-430fda26827b.png.296x216.jpg
20200208,浦东,康桥,房东已经把钥匙给我了，精装修 全面光线很好 看房随时,385万,2室2厅 | 93.09平米 | 南 | 精装 | 高楼层(共12层) | 2006年建 | 板楼,https://image1.ljcdn.com/310000-inspection/test-409e6ab0-5dd1-4c66-9c02-05f212d5f5cf.png.296x216.jpg
20200208,浦东,康桥,一手动迁 户型正气 看房随时，税费少,300万,2室2厅 | 76.51平米 | 南 | 毛坯 | 中楼层(共11层) | 2007年建 | 板楼,https://image1.ljcdn.com/310000-inspection/prod-e90678e3-8292-41be-8d24-e4517889f61d.jpg.296x216.jpg
20200208,浦东,康桥,达城锦园  精装3房 楼层好 视野好 房东诚心置换,372万,3室2厅 | 97.79平米 | 西 | 精装 | 中楼层(共11层) | 2010年建 | 板楼,https://image1.ljcdn.com/310000-inspection/test-f722df9d-6f2d-40b5-a63c-937162f1a589.png.296x216.jpg
20200208,浦东,康桥,房东上海首套房，用心装修，喜欢阁楼的看过来,279万,2室2厅 | 72.27平米 | 南 | 精装 | 高楼层(共6层) | 2009年建 | 板楼,https://image1.ljcdn.com/310000-inspection/pc1_VdBm73Zjn_1.jpg.296x216.jpg
20200208,浦东,康桥,多层叁楼+阳光刺眼+精装修拎包入住+满五年唯一税费少,385万,2室2厅 | 80.3平米 | 南 北 | 精装 | 中楼层(共6层) | 2005年建 | 板楼,https://image1.ljcdn.com/310000-inspection/prod-bd3a9dc5-e7b9-4052-95e2-8de3f595f444.jpg.296x216.jpg
20200208,浦东,康桥,精装大两房，带阁楼，满五年唯一,390万,2室2厅 | 107.59平米 | 南 北 | 精装 | 高楼层(共6层) | 2006年建 | 板楼,https://image1.ljcdn.com/310000-inspection/prod-d870726b-2448-4e8a-8b8f-24bba8bb3f4c.jpg.296x216.jpg
20200208,浦东,康桥,此房房源满五年总高16楼的6楼买进价210万有钥匙！,400万,2室2厅 | 103.57平米 | 南 | 精装 | 中楼层(共16层) | 2006年建 | 板楼,https://image1.ljcdn.com/310000-inspection/pc1_jvfH1eHDI_1.jpg.296x216.jpg
20200208,浦东,康桥,房子是满5年唯一的 差额增值税 个人所得税免征 契税。,380万,2室2厅 | 80.95平米 | 南 | 精装 | 中楼层(共6层) | 2007年建 | 板楼,https://image1.ljcdn.com/310000-inspection/pc1_y619gik1W_1.jpg.296x216.jpg
20200208,浦东,康桥,康桥宝邸 精装两房 满五唯一  电梯中间楼层,320万,2室2厅 | 82.89平米 | 南 | 精装 | 中楼层(共14层) | 2007年建 | 板楼,https://image1.ljcdn.com/310000-inspection/pc1_WPaGrzF45_1.jpg.296x216.jpg
20200208,浦东,康桥,城中花园 2室2厅 400万,400万,2室2厅 | 103.26平米 | 南 | 精装 | 中楼层(共16层) | 2006年建 | 板楼,https://image1.ljcdn.com/310000-inspection/pc1_e2UZwnxfJ_1.jpg.296x216.jpg
20200208,浦东,康桥,大一房+一手动迁免增税+都超南户+配套成熟，万科物业,310万,1室2厅 | 69.2平米 | 南 | 简装 | 低楼层(共26层) | 2014年建 | 板楼,https://image1.ljcdn.com/310000-inspection/prod-db1c07a4-479d-4b5c-9248-4bcedd67dad8.jpg.296x216.jpg
20200208,浦东,康桥,阁楼已做 房间  满五年唯一 南北通 拎包入住 诚心,303万,2室2厅 | 72.9平米 | 南 北 | 精装 | 高楼层(共5层) | 2008年建 | 板楼,https://image1.ljcdn.com/310000-inspection/prod-9d7a424c-c078-4ec8-afb0-8c2fbffd47d1.jpg.296x216.jpg
20200208,浦东,康桥,全南户型，精装修，增值税费少，看房方便,330万,3室2厅 | 82.84平米 | 南 | 精装 | 中楼层(共14层) | 2010年建 | 板楼,https://image1.ljcdn.com/310000-inspection/prod-9aafd0a6-5cab-4335-853d-e32c0080e709.jpg.296x216.jpg
20200208,浦东,康桥,11+12楼复式房，小区中间位置景观房税费少有租赁车库房主自荐,798万,4室2厅 | 191.59平米 | 南 | 精装 | 高楼层(共12层) | 2005年建 | 板楼,https://image1.ljcdn.com/310000-inspection/prod-5e77a0ca-631f-4824-ab9c-db8ec8f39a92.jpg.296x216.jpg
20200208,浦东,康桥,满五年唯一，万科物业，功能小三房，园林设计理念房主自荐,548万,3室2厅 | 114平米 | 南 北 | 简装 | 中楼层(共8层) | 2006年建 | 板楼,https://image1.ljcdn.com/310000-inspection/prod-fc93d236-8972-4e80-b3b3-3546e4980c6c.jpg.296x216.jpg
20200208,浦东,康桥,顶楼复，自住装修，采光充足，看房方便,880万,4室2厅 | 235平米 | 南 | 精装 | 高楼层(共12层) | 2006年建 | 板楼,https://image1.ljcdn.com/310000-inspection/pc1_MG5U1TMPb_1.jpg.296x216.jpg
20200208,浦东,康桥,精装修三房，看房方便，总价低，楼层好！房主自荐,380万,3室2厅 | 104.58平米 | 南 北 | 精装 | 中楼层(共14层) | 2006年建 | 板楼,https://image1.ljcdn.com/310000-inspection/test-fd304b08-32f7-4b15-a42c-332af91ec53a.png.296x216.jpg
20200208,浦东,康桥,此房满五唯一，南北户型，中间楼层，空关 有钥匙,398万,2室2厅 | 100.47平米 | 南 | 精装 | 中楼层(共16层) | 2006年建 | 板楼,https://image1.ljcdn.com/310000-inspection/pc1_8PKMxjeFd_1.jpg.296x216.jpg
20200208,浦东,康桥,业主诚心出售好房 空关看房方便,378万,2室2厅 | 99.95平米 | 南 | 精装 | 低楼层(共16层) | 2006年建 | 板楼,https://image1.ljcdn.com/310000-inspection/pc1_oTSiSUtCN_1.jpg.296x216.jpg
20200208,浦东,康桥,多层叁楼+满五唯一+阳光刺眼+南北通透+位置好诚意售,505万,3室2厅 | 114平米 | 南 北 | 毛坯 | 中楼层(共6层) | 2004年建 | 板楼,https://image1.ljcdn.com/310000-inspection/pc1_CYZoKHt9N_1.jpg.296x216.jpg
20200208,浦东,康桥,主卧客厅朝南，舒适感佳，诚意出售，无增值附加税。房主自荐,405万,2室2厅 | 97.55平米 | 南 北 | 精装 | 低楼层(共12层) | 2006年建 | 板楼,https://image1.ljcdn.com/310000-inspection/pc1_dUqJwF2T0_1.jpg.296x216.jpg
20200208,浦东,康桥,美林小城 2室1厅 273万,273万,2室1厅 | 58.1平米 | 南 | 精装 | 高楼层(共6层) | 2007年建 | 板楼,https://image1.ljcdn.com/310000-inspection/pc1_HqX5RQ0Fp_1.jpg.296x216.jpg
20200208,浦东,康桥,地段好，近万达，房型好，复式复式，带露台有钥匙钥匙,520万,5室3厅 | 121.37平米 | 南 北 | 简装 | 高楼层(共6层) | 2004年建 | 板楼,https://image1.ljcdn.com/310000-inspection/prod-b62f6b98-e66d-4f7d-844a-fc8c7bb70b41.jpg.296x216.jpg
20200208,浦东,康桥,康桥宝邸 一手动迁 无增值税 业主急售 价格可谈,360万,3室2厅 | 102.72平米 | 南 | 精装 | 低楼层(共11层) | 2007年建 | 板楼,https://image1.ljcdn.com/310000-inspection/prod-5f10c81c-4f30-4df1-91ab-7bc972189f1b.jpg.296x216.jpg
20200208,浦东,康桥,满五唯一，全天采光，南北通透！,299万,2室2厅 | 70.47平米 | 南 北 | 简装 | 低楼层(共6层) | 2004年建 | 板楼,https://image1.ljcdn.com/310000-inspection/pc1_BBKdBslzH_1.jpg.296x216.jpg
20200208,浦东,康桥,锦园动迁满五年一房，业主诚心出售！价格可谈！,218万,1室1厅 | 54.72平米 | 南 | 精装 | 中楼层(共14层) | 2010年建 | 板楼,https://image1.ljcdn.com/310000-inspection/test-7396e3cf-68fa-4539-a255-c02e33ac5935.png.296x216.jpg
20200208,浦东,康桥,城中花园大两房107平大阳台精装修中间位置不靠路,440万,2室2厅 | 106.89平米 | 南 | 精装 | 低楼层(共12层) | 2005年建 | 板楼,https://image1.ljcdn.com/310000-inspection/prod-896d33de-7026-4f0c-a9cf-a9b2406628ce.jpg.296x216.jpg
20200208,浦东,康桥,商品房小区 普通住宅满两年 税费少 方便看,205万,1室1厅 | 56.38平米 | 南 | 精装 | 低楼层(共14层) | 2008年建 | 板楼,https://image1.ljcdn.com/310000-inspection/test-819163bf-91c7-4be4-a4d7-9f9e7569ed42.png.296x216.jpg
20200208,浦东,康桥,康桥宝邸 顶楼带阁楼 花园位置 看房有钥匙 随时看房房主自荐,299万,2室2厅 | 75.47平米 | 南 北 | 毛坯 | 高楼层(共6层) | 2007年建 | 板楼,https://image1.ljcdn.com/310000-inspection/pc1_cpcW0CK2Y_1.jpg.296x216.jpg
20200208,浦东,康桥,一手动迁满五唯一 南北格局 电梯中层 临河 景观好,303万,2室2厅 | 83.13平米 | 南 | 毛坯 | 中楼层(共14层) | 2007年建 | 板楼,https://image1.ljcdn.com/310000-inspection/pc1_xbHQ0RzPx_1.jpg.296x216.jpg
20200208,浦东,康桥,东门位置，价格便宜，南北通透格局，楼间距大视野宽阔房主自荐,320万,2室2厅 | 77.71平米 | 南 北 | 简装 | 低楼层(共6层) | 2004年建 | 板楼,https://image1.ljcdn.com/310000-inspection/pc1_yPxF58f2H_1.jpg.296x216.jpg
20200208,浦东,康桥,海尚康庭 简装 双南户型 房东诚心出售 近11号线线,260万,2室1厅 | 71.78平米 | 南 | 简装 | 中楼层(共14层) | 2008年建 | 板楼,https://image1.ljcdn.com/310000-inspection/pc1_wgx6LHvko_1.jpg.296x216.jpg
20200208,浦东,康桥,城中顶楼复式带大露台（空中别墅) 置换优选店长推荐,850万,4室2厅 | 230.84平米 | 南 | 精装 | 高楼层(共12层) | 2006年建 | 板楼,https://image1.ljcdn.com/310000-inspection/prod-95471204-399d-47b6-a4b7-f577e69b474c.jpg.296x216.jpg
20200208,浦东,康桥,大三房，南北通透，不靠路，随时看房,410万,3室2厅 | 125.67平米 | 南 北 | 简装 | 低楼层(共5层) | 2006年建 | 板楼,https://image1.ljcdn.com/310000-inspection/prod-ab805c14-b1d6-4356-a89e-a0930e1c74de.jpg.296x216.jpg
20200208,浦东,康桥,18号沪南路站，绿地品质，南北通2居，央位湖景房,305万,2室2厅 | 71平米 | 南 北 | 精装 | 低楼层(共6层) | 2004年建 | 板楼,https://image1.ljcdn.com/310000-inspection/pc1_Fr8EtWpaW_1.jpg.296x216.jpg
20200208,浦东,康桥,海尚康庭 户型好改 诚心出售 看房提前预约,270万,2室2厅 | 81.19平米 | 南 北 | 简装 | 低楼层(共5层) | 2008年建 | 板楼,https://image1.ljcdn.com/310000-inspection/pc1_nzQLge3ME_1.jpg.296x216.jpg
20200208,浦东,康桥,小区位置好，楼层好，采光好，提前预约好看房,266万,2室2厅 | 73.69平米 | 南 北 | 精装 | 高楼层(共6层) | 2006年建 | 板楼,https://image1.ljcdn.com/310000-inspection/pc1_6kA1K3fq7_1.jpg.296x216.jpg
20200208,浦东,康桥,大阳台 满五税费 精装修 前面没有遮挡,380万,2室1厅 | 96.03平米 | 南 | 精装 | 低楼层(共12层) | 2006年建 | 板楼,https://image1.ljcdn.com/310000-inspection/pc1_L3BCgA3FS_1.jpg.296x216.jpg
20200208,浦东,康桥,此房自住精装修 位置好 业主诚心出售 带长租车位,530万,3室2厅 | 134.11平米 | 南 | 精装 | 低楼层(共16层) | 2006年建 | 板楼,https://image1.ljcdn.com/310000-inspection/pc1_knVceVtyy_1.jpg.296x216.jpg
20200208,浦东,康桥,全南户型，16号和11号双地铁交规，拎包即可住,278万,2室2厅 | 77.17平米 | 南 | 精装 | 中楼层(共11层) | 2009年建 | 板楼,https://image1.ljcdn.com/310000-inspection/pc1_aotPfHgCa_1.jpg.296x216.jpg
20200208,浦东,康桥,昱龙家园少有电梯两房，自住装修保养好，房东诚心出售,285万,2室1厅 | 79.6平米 | 南 | 精装 | 高楼层(共14层) | 2007年建 | 板楼,https://image1.ljcdn.com/310000-inspection/pc1_uupxINlis_1.jpg.296x216.jpg
20200208,浦东,康桥,20万精装 楼层位置好 近11号秀沿路站,280万,2室2厅 | 72.5平米 | 南 北 | 精装 | 高楼层(共6层) | 2010年建 | 板楼,https://image1.ljcdn.com/310000-inspection/pc1_FCdcAojTk_1.jpg.296x216.jpg
20200208,浦东,康桥,昱龙顶楼带阁楼房源，自住装修保养好，满五唯一。,280万,2室2厅 | 73.31平米 | 南 | 精装 | 高楼层(共6层) | 2006年建 | 板楼,https://image1.ljcdn.com/310000-inspection/pc1_uY3tcCgOU_1.jpg.296x216.jpg
20200208,浦东,康桥,中邦城市 2室2厅 423万,423万,2室2厅 | 98平米 | 南 | 精装 | 低楼层(共12层) | 2006年建 | 板楼,https://image1.ljcdn.com/310000-inspection/prod-d6bcbc46-3cf0-4375-b8c8-8da4d1f20d39.jpg.296x216.jpg
20200208,浦东,康桥,想要一个家，不要太贵的家，刚需小两房，价格可谈房主自荐,245万,2室2厅 | 72.77平米 | 南 北 | 毛坯 | 低楼层(共6层) | 2009年建 | 板楼,https://image1.ljcdn.com/310000-inspection/pc1_XqRgJyoxX_1.jpg.296x216.jpg
20200208,浦东,康桥,小区临河位置，楼层好，采光棒，税费少,195万,1室1厅 | 54.86平米 | 南 | 毛坯 | 高楼层(共14层) | 2006年建 | 板楼,https://image1.ljcdn.com/310000-inspection/test-2a4a6a7e-7f34-451a-bcb8-65fe4dc16723.png.296x216.jpg
20200208,浦东,康桥,万达 永乐 旁  电梯高区 南北视野开阔,420万,2室2厅 | 95.58平米 | 南 北 | 毛坯 | 高楼层(共14层) | 2006年建 | 板楼,https://image1.ljcdn.com/310000-inspection/pc1_pBI9ziZNa_1.jpg.296x216.jpg
20200208,浦东,康桥,双卫生间，满五唯一，可做2+1，拎包入住，采光好房主自荐,429万,2室2厅 | 106.02平米 | 南 | 简装 | 低楼层(共12层) | 2006年建 | 板楼,https://image1.ljcdn.com/310000-inspection/pc1_2PT4H6pTq_1.jpg.296x216.jpg
20200208,浦东,康桥,南北通电梯两房+满五唯一+随时看房+诚心出售+采光好,408万,2室2厅 | 93.68平米 | 南 北 | 精装 | 中楼层(共13层) | 2007年建 | 板楼,https://image1.ljcdn.com/310000-inspection/test-5e0b6b94-d8fc-4b84-aadf-8c124c51d3a6.png.296x216.jpg
20200208,浦东,康桥,18号沪南站 绿地南北通大三房 户型方正 小区央位,445万,3室2厅 | 114平米 | 南 北 | 简装 | 低楼层(共6层) | 2004年建 | 板楼,https://image1.ljcdn.com/310000-inspection/prod-2b1ce7ec-249f-4670-84d8-5e259e7ec3fc.jpg.296x216.jpg
20200208,浦东,康桥,文怡苑 新小区 楼间距大 刚需2房房主自荐,269万,2室1厅 | 77.04平米 | 南 | 简装 | 低楼层(共12层) | 2011年建 | 板楼,https://image1.ljcdn.com/310000-inspection/pc1_FZu3FLopB_1.jpg.296x216.jpg
20200208,浦东,康桥,大三房、总价低，税费少，2015年的次新校区,450万,3室2厅 | 128平米 | 南 | 毛坯 | 低楼层(共15层) | 2014年建 | 板楼,https://image1.ljcdn.com/310000-inspection/pc1_OtSieJlav_1.jpg.296x216.jpg
20200208,浦东,康桥,城中花园，精装两房，满五税费少 小区中间房子,435万,2室2厅 | 105.06平米 | 南 | 精装 | 中楼层(共12层) | 2005年建 | 板楼,https://image1.ljcdn.com/310000-inspection/prod-01f88636-4876-4578-baaf-ff8c1abe2e97.jpg.296x216.jpg
20200208,浦东,康桥,康桥宝邸 婚装装修满两年  诚心出售 价格还可谈房主自荐,377万,3室2厅 | 101.2平米 | 南 北 | 精装 | 低楼层(共14层) | 2007年建 | 板楼,https://image1.ljcdn.com/310000-inspection/prod-5d218852-b8db-4ee6-937c-525f76d23ad4.jpg.296x216.jpg
20200208,浦东,康桥,九大安心，保驾护航，南北户型，楼层好，采光好,335万,2室2厅 | 95.52平米 | 南 | 精装 | 低楼层(共14层) | 2010年建 | 板楼,https://image1.ljcdn.com/310000-inspection/prod-35be0237-caa2-4427-98ad-c8bad3d7e5d4.jpg.296x216.jpg
20200208,浦东,康桥,电梯高区 南北双阳台 采光好 通风好 万科物业装修好,542万,2室2厅 | 104.26平米 | 南 北 | 精装 | 高楼层(共18层) | 2008年建 | 板楼,https://image1.ljcdn.com/310000-inspection/pc1_l9RHzi9XV_1.jpg.296x216.jpg
20200208,浦东,康桥,次顶楼，高区精装南北通两房。满五唯一！,398万,2室2厅 | 93.8平米 | 南 北 | 精装 | 高楼层(共12层) | 2006年建 | 板楼,https://image1.ljcdn.com/310000-inspection/pc1_3wTVcLY1e_1.jpg.296x216.jpg
20200208,浦东,康桥,锦园上架2房，环境优，楼层好，位置好,298万,2室1厅 | 78.82平米 | 南 | 毛坯 | 低楼层(共14层) | 2010年建 | 板楼,https://image1.ljcdn.com/310000-inspection/pc1_IWqxxYjzv_1.jpg.296x216.jpg
20200208,浦东,康桥,《康桥宝邸》《一手动迁》《户型正气》《好采光通风》,290万,2室2厅 | 74.79平米 | 南 | 毛坯 | 高楼层(共6层) | 2007年建 | 板楼,https://image1.ljcdn.com/310000-inspection/pc1_ThVQnPIOr_1.jpg.296x216.jpg
20200208,浦东,康桥,南北通格局，中间楼层，采光好，楼梯房 得房率大 安静,198万,1室1厅 | 50.4平米 | 南 | 毛坯 | 中楼层(共6层) | 2009年建 | 板楼,https://image1.ljcdn.com/310000-inspection/pc1_GFQNlJwxu_1.jpg.296x216.jpg
20200208,浦东,康桥,十二大安心服务承诺，保驾护航，南北通户型，楼层好,263万,2室2厅 | 72.63平米 | 南 | 毛坯 | 中楼层(共5层) | 2009年建 | 板楼,https://image1.ljcdn.com/310000-inspection/pc1_ZFrswO7sC_1.jpg.296x216.jpg
20200208,浦东,康桥,满五年唯一，看房方便，2010年小区，S3高架，11号线房主自荐,259万,2室2厅 | 72.2平米 | 南 北 | 毛坯 | 低楼层(共6层) | 2010年建 | 板楼,https://image1.ljcdn.com/310000-inspection/pc1_LGDFnDfTP_1.jpg.296x216.jpg
20200208,浦东,康桥,精装修一房，刚需必选，看房方便，价格可谈,210万,1室1厅 | 59.5平米 | 南 | 精装 | 高楼层(共11层) | 2006年建 | 板楼,https://image1.ljcdn.com/310000-inspection/prod-70d01888-c323-4c1f-8fcd-f6702bf36164.jpg.296x216.jpg
20200208,浦东,康桥,康桥宝邸 满五年唯一 免个税 位置好 中间楼层,282万,2室2厅 | 74.5平米 | 南 北 | 精装 | 低楼层(共6层) | 2007年建 | 板楼,https://image1.ljcdn.com/310000-inspection/prod-53b1a603-e344-46ae-a4a8-c56372af43ba.jpg.296x216.jpg
20200208,浦东,康桥,昱龙家园装修保养好一房，高楼层采光好,215万,1室1厅 | 59.48平米 | 南 | 精装 | 中楼层(共14层) | 2007年建 | 板楼,https://image1.ljcdn.com/310000-inspection/prod-92c1cfba-504d-49cd-9e77-dda24c3a4063.jpg.296x216.jpg
20200208,浦东,康桥,新上两房 中层一房朝南 一房朝北 南北通,363万,2室2厅 | 84.25平米 | 南 北 | 简装 | 中楼层(共6层) | 2006年建 | 板楼,https://image1.ljcdn.com/310000-inspection/pc1_UPgDMKNwD_1.jpg.296x216.jpg
20200208,浦东,康桥,城中带露台小三房 自带阳光房 中等装修  房东诚心出售,500万,3室2厅 | 108.37平米 | 南 | 精装 | 高楼层(共16层) | 2006年建 | 板楼,https://image1.ljcdn.com/310000-inspection/prod-d6076a1b-f25c-4a24-b9ab-84fca262fdfe.jpg.296x216.jpg
20200208,浦东,康桥,近大润发 大三房户型正 配套完善  位置好 万科物业,675万,3室1厅 | 139.13平米 | 南 | 精装 | 低楼层(共16层) | 2006年建 | 板楼,https://image1.ljcdn.com/310000-inspection/pc1_CuTT6EAZo_1.jpg.296x216.jpg
20200208,浦东,康桥,小区中间位置，中间楼层，南北通全明，满五年唯一,398万,2室2厅 | 104.35平米 | 南 | 简装 | 中楼层(共12层) | 2005年建 | 板楼,https://image1.ljcdn.com/310000-inspection/pc1_I6Z3LXCvz_1.jpg.296x216.jpg
20200208,浦东,康桥,2012年交房的小三房自住精装修带产权车位拎包入住,465万,3室1厅 | 91.62平米 | 南 | 精装 | 低楼层(共16层) | 2012年建 | 板楼,https://image1.ljcdn.com/310000-inspection/pc1_6gXeU8sx6_1.jpg.296x216.jpg
20200208,浦东,康桥,南北通大三房，满五唯一减税，楼层佳，位置也比较好,380万,3室2厅 | 99.52平米 | 南 北 | 精装 | 中楼层(共5层) | 2008年建 | 板楼,https://image1.ljcdn.com/310000-inspection/pc1_PxJ9NAABh_1.jpg.296x216.jpg
20200208,浦东,康桥,满五唯一，一楼带花园，近18号线周浦站,380万,2室2厅 | 95.28平米 | 南 | 精装 | 低楼层(共6层) | 2003年建 | 板楼,https://image1.ljcdn.com/310000-inspection/pc1_Mp3PUTjvW_1.jpg.296x216.jpg
20200208,浦东,康桥,中邦高层两房 满五唯一 精装修 采光好,499万,2室2厅 | 98.34平米 | 南 | 精装 | 中楼层(共14层) | 2008年建 | 板楼,https://image1.ljcdn.com/310000-inspection/pc1_oJhk5PKwx_1.jpg.296x216.jpg
20200208,浦东,康桥,临湖多层两房，看房方便，满五唯一。,390万,2室2厅 | 81.48平米 | 南 | 简装 | 高楼层(共6层) | 2004年建 | 板楼,https://image1.ljcdn.com/310000-inspection/pc1_742Z2JKD8_1.jpg.296x216.jpg
20200208,浦东,康桥,总价低 满五唯一 位置 不靠马路看房方便,399万,2室2厅 | 97.68平米 | 南 | 简装 | 中楼层(共12层) | 2006年建 | 板楼,https://image1.ljcdn.com/310000-inspection/pc1_kntm1SOEH_1.jpg.296x216.jpg
20200208,浦东,康桥,达城家园 3室1厅 375万,375万,3室1厅 | 96.01平米 | 南 | 精装 | 低楼层(共14层) | 2008年建 | 板楼,https://image1.ljcdn.com/310000-inspection/pc1_00OhDr4z7_1.jpg.296x216.jpg
20200208,浦东,康桥,目前出租，简单装修，南北通两房，看房方便,313万,2室2厅 | 75.8平米 | 南 北 | 简装 | 低楼层(共6层) | 2008年建 | 板楼,https://image1.ljcdn.com/310000-inspection/pc1_rsPsvYQ4z_1.jpg.296x216.jpg
20200208,浦东,康桥,飞机户型电梯大三房，中间楼层冬，暖夏凉宜家宜居,562万,3室2厅 | 117.28平米 | 南 北 | 精装 | 中楼层(共13层) | 2004年建 | 板楼,https://image1.ljcdn.com/310000-inspection/pc1_7qZd5n6GX_1.jpg.296x216.jpg
20200208,浦东,康桥,房型正气，南北通 可以做花园 采光好,480万,3室2厅 | 115.53平米 | 南 | 精装 | 低楼层(共14层) | 2006年建 | 板楼,https://image1.ljcdn.com/310000-inspection/pc1_BgGSI6E8G_1.jpg.296x216.jpg
20200208,浦东,康桥,装修保养好，小区中间位置，满五唯一，业主诚心出售,525万,3室2厅 | 111.96平米 | 南 | 精装 | 中楼层(共13层) | 2004年建 | 板楼,https://image1.ljcdn.com/310000-inspection/pc1_R6vI2cEiJ_1.jpg.296x216.jpg
20200208,浦东,康桥,双秀西园，一手动迁，南北通透三房，中间楼层，,520万,3室2厅 | 129.45平米 | 南 北 | 精装 | 中楼层(共6层) | 2008年建 | 板楼,https://image1.ljcdn.com/310000-inspection/pc1_nuNK9kGvo_1.jpg.296x216.jpg
20200208,浦东,康桥,海尚乐苑 2室2厅 297万,297万,2室2厅 | 78.48平米 | 南 北 | 精装 | 低楼层(共14层) | 2010年建 | 板楼,https://image1.ljcdn.com/310000-inspection/pc1_2YCpoqidi_1.jpg.296x216.jpg
20200208,浦东,康桥,诚意急卖置换业主，满五唯一，南北向两房价格可谈,410万,2室2厅 | 97.64平米 | 南 北 | 简装 | 中楼层(共12层) | 2005年建 | 板楼,https://image1.ljcdn.com/310000-inspection/pc1_pgeeXtHGx_1.jpg.296x216.jpg
20200208,浦东,康桥,十二大安心服务承诺，保驾护航，精装两房，楼层好,259万,2室2厅 | 71.97平米 | 南 | 精装 | 低楼层(共6层) | 2009年建 | 板楼,https://image1.ljcdn.com/310000-inspection/pc1_yZNtColAn_1.jpg.296x216.jpg
20200208,浦东,康桥,自住精装修，南北通户型，靠小区出口，满五唯一,270万,2室1厅 | 74.55平米 | 南 | 精装 | 低楼层(共14层) | 2008年建 | 板楼,https://image1.ljcdn.com/310000-inspection/pc1_d2aYnLEIq_1.jpg.296x216.jpg
20200208,浦东,康桥,近东门不沿街，出行方便，买入价高，税费少，精装修,350万,2室2厅 | 75.63平米 | 南 北 | 精装 | 低楼层(共6层) | 2004年建 | 板楼,https://image1.ljcdn.com/310000-inspection/pc1_qv6sywRF4_1.jpg.296x216.jpg
20200208,浦东,康桥,秀溪公寓精装四房，有地暖，满五唯一，有固定车位,600万,4室2厅 | 122平米 | 南 | 精装 | 中楼层(共16层) | 2012年建 | 板楼,https://image1.ljcdn.com/310000-inspection/pc1_GJfQQE2lw_1.jpg.296x216.jpg
20200208,浦东,康桥,次顶楼三室两卫精装装修业主诚心出售,490万,3室2厅 | 103.13平米 | 南 | 精装 | 高楼层(共16层) | 2012年建 | 板楼,https://image1.ljcdn.com/310000-inspection/pc1_tp8RAX8oF_1.jpg.296x216.jpg
20200208,浦东,康桥,飞机户型大三房两卫，业主诚心出售，装修保养好,550万,3室2厅 | 117.29平米 | 南 | 精装 | 低楼层(共14层) | 2004年建 | 板楼,https://image1.ljcdn.com/310000-inspection/pc1_dXmyJ1TN5_1.jpg.296x216.jpg
20200208,浦东,康桥,海尚康庭 3室1厅 370万,370万,3室1厅 | 99.07平米 | 南 北 | 毛坯 | 高楼层(共5层) | 2008年建 | 板楼,https://image1.ljcdn.com/310000-inspection/pc1_f6gMllGTy_1.jpg.296x216.jpg
20200208,浦东,康桥,满五年唯一，全明户型，格局方正，无抵押，诚心出售,312万,2室2厅 | 78.34平米 | 南 | 精装 | 中楼层(共14层) | 2010年建 | 板楼,https://image1.ljcdn.com/310000-inspection/pc1_xfCqpVvVf_1.jpg.296x216.jpg
20200208,浦东,康桥,康桥宝邸 精装两房 业主换房 诚意出售,285万,2室2厅 | 74.5平米 | 南 北 | 精装 | 低楼层(共6层) | 2007年建 | 板楼,https://image1.ljcdn.com/310000-inspection/pc1_z1IfuNnvX_1.jpg.296x216.jpg
20200208,浦东,康桥,房东自己住的，看房方便，小区花园位置,255万,2室2厅 | 73.65平米 | 南 北 | 其他 | 低楼层(共6层) | 2007年建 | 板楼,https://image1.ljcdn.com/310000-inspection/pc1_Bdnox5rzH_1.jpg.296x216.jpg
20200208,浦东,康桥,文怡苑大一房，已经改成小两房，看房有钥匙，价格可谈,290万,2室1厅 | 77.04平米 | 南 | 毛坯 | 低楼层(共12层) | 2011年建 | 板楼,https://image1.ljcdn.com/310000-inspection/test-5488b2c9-1c1e-4dcf-b25a-22a73ede1446.png.296x216.jpg
20200208,浦东,康桥,海尚康庭 毛坯两房 业主诚意出售 看房有钥匙随时看房,280万,2室1厅 | 80平米 | 南 | 毛坯 | 中楼层(共5层) | 2008年建 | 板楼,https://image1.ljcdn.com/310000-inspection/test-60388dd2-c394-43b3-94dd-6562c0ccae35.png.296x216.jpg
20200208,浦东,康桥,精装修，户型正气，视野广，业主诚心出售,340万,2室1厅 | 87.56平米 | 南 | 精装 | 高楼层(共6层) | 2010年建 | 板楼,https://image1.ljcdn.com/310000-inspection/test-f48b910b-4e22-408c-9cc3-2c4d71c057ad.png.296x216.jpg
20200208,浦东,康桥,满五年唯一+业主诚意出售+看房随时+通透户型,355万,2室2厅 | 76.85平米 | 南 | 简装 | 中楼层(共13层) | 2004年建 | 板楼,https://image1.ljcdn.com/310000-inspection/prod-f1a6a0ad-ebdf-4a46-94ca-f08484f7aab5.jpg.296x216.jpg
20200208,浦东,康桥,精装带阁楼，满五唯一无个税，业主诚意出售，价格可谈房主自荐,313万,2室2厅 | 74.79平米 | 南 北 | 精装 | 高楼层(共6层) | 2007年建 | 板楼,https://image1.ljcdn.com/310000-inspection/pc1_QSnwPBidP_1.jpg.296x216.jpg
20200208,浦东,康桥,电梯低层  户型方正  小区环境好 业主诚心出售房主自荐,220万,1室2厅 | 60.99平米 | 南 | 精装 | 低楼层(共14层) | 2007年建 | 板楼,https://image1.ljcdn.com/310000-inspection/pc1_oBleQeuGI_1.jpg.296x216.jpg
20200208,浦东,康桥,昱龙低总价，低单价两房，动迁少税费。。,245万,2室2厅 | 73.56平米 | 南 北 | 精装 | 低楼层(共6层) | 2006年建 | 板楼,https://image1.ljcdn.com/310000-inspection/pc1_yHtZ4l2TJ_1.jpg.296x216.jpg
20200208,浦东,康桥,康桥宝邸 精装两居室 看房随时 动迁没有增值税,290万,2室2厅 | 74.5平米 | 南 | 精装 | 低楼层(共6层) | 2007年建 | 板楼,https://image1.ljcdn.com/310000-inspection/pc1_ENbqTPMHZ_1.jpg.296x216.jpg
20200208,浦东,康桥,电梯房高楼层，动迁房，没有增值税，看房方便,235万,1室1厅 | 55平米 | 南 | 简装 | 高楼层(共13层) | 2011年建 | 板楼,https://image1.ljcdn.com/310000-inspection/pc1_Wk9TWPSiA_1.jpg.296x216.jpg
20200208,浦东,康桥,昱龙家园少有的楼梯精装修两，一手动迁，满五唯一，房主自荐,268万,2室2厅 | 73.69平米 | 南 北 | 精装 | 中楼层(共6层) | 2006年建 | 板楼,https://image1.ljcdn.com/310000-inspection/pc1_6R2LUZyFO_1.jpg.296x216.jpg
20200208,浦东,康桥,月苑一改二的小两房，税少，精装拎包住，阳光暖,209万,2室1厅 | 51平米 | 南 | 精装 | 高楼层(共6层) | 2009年建 | 板楼,https://image1.ljcdn.com/310000-inspection/prod-ce1ea52e-1639-4d2c-9f54-69663ee51fe4.jpg.296x216.jpg
20200208,浦东,康桥,海尚康庭 一房精装 满五年唯一 无个税 业主诚意出售房主自荐,208万,1室2厅 | 56.03平米 | 南 | 精装 | 低楼层(共5层) | 2008年建 | 板楼,https://image1.ljcdn.com/310000-inspection/prod-379a4a57-849a-4243-a6d6-8614ec0173b3.jpg.296x216.jpg
20200208,浦东,康桥,精装两房 顶楼带阁楼 满五不唯一税费少 业主诚意出售,315万,2室2厅 | 74.61平米 | 南 | 精装 | 高楼层(共6层) | 2007年建 | 板楼,https://image1.ljcdn.com/310000-inspection/prod-750fe060-3241-41eb-9d6c-6b0c1259fdfd.jpg.296x216.jpg
20200208,浦东,康桥,小区临河位置  精装修 诚心出售 方便看,280万,2室2厅 | 75.42平米 | 南 | 精装 | 中楼层(共14层) | 2010年建 | 板楼,https://image1.ljcdn.com/310000-inspection/pc1_wRLhTUcF1_1.jpg.296x216.jpg
20200208,浦东,康桥,南北通2+1户型 采光好 户型正 随时看房 诚意出售,515万,3室2厅 | 102.84平米 | 南 | 毛坯 | 低楼层(共15层) | 2008年建 | 板楼,https://image1.ljcdn.com/310000-inspection/prod-41cc1c1c-9885-4193-bc48-9d4a1afd9641.jpg.296x216.jpg
20200208,浦东,康桥,康桥宝邸 新上三房 看房方便 业主诚意出售,379万,3室2厅 | 101.88平米 | 南 北 | 精装 | 低楼层(共14层) | 2007年建 | 板楼,https://image1.ljcdn.com/310000-inspection/prod-d98a3ef1-bf87-4d2c-9bed-ca5994737334.jpg.296x216.jpg
20200208,浦东,康桥,房子满五税费少 看房子方便 有钥匙,383万,2室2厅 | 93.96平米 | 南 | 简装 | 高楼层(共12层) | 2006年建 | 板楼,https://image1.ljcdn.com/310000-inspection/pc1_B91BjDxB2_1.jpg.296x216.jpg
20200208,浦东,康桥,2014年次新房 免增值税  高层景观房 边套采光好,494万,3室2厅 | 108.82平米 | 南 | 毛坯 | 中楼层(共26层) | 2014年建 | 板楼,https://image1.ljcdn.com/310000-inspection/prod-0e74fc35-f1f5-4c78-9200-749018582cf7.jpg.296x216.jpg
20200208,浦东,康桥,电梯南北通三房  有钥匙 诚心售,350万,3室2厅 | 96.01平米 | 南 北 | 简装 | 低楼层(共14层) | 2008年建 | 板楼,https://image1.ljcdn.com/310000-inspection/prod-0ba1ebc1-3b11-46ed-a5df-47f08ec4c430.jpg.296x216.jpg
20200208,浦东,康桥,业主诚心出售 看房提前预约  价格实惠,395万,2室2厅 | 96.14平米 | 南 | 简装 | 中楼层(共12层) | 2006年建 | 板楼,https://image1.ljcdn.com/310000-inspection/prod-3ec32563-dade-48f5-b604-f29c582e3cb9.jpg.296x216.jpg
20200208,浦东,康桥,顶楼带阁楼 精装修 已做好 业主诚心出售,310万,2室1厅 | 73.18平米 | 南 | 精装 | 高楼层(共5层) | 2008年建 | 板楼,https://image1.ljcdn.com/310000-inspection/prod-340fb1e5-03d0-4d53-97cd-5499351b79ea.jpg.296x216.jpg
20200208,浦东,康桥,周康景色，净收眼底，高层景观，你值得拥有,295万,2室2厅 | 75.68平米 | 南 | 精装 | 高楼层(共14层) | 2010年建 | 板楼,https://image1.ljcdn.com/310000-inspection/pc1_l7LJBHf0S_1.jpg.296x216.jpg
20200208,浦东,康桥,格局改动很不错，自住精装修，业主置换，诚售！,338万,2室1厅 | 82.24平米 | 南 | 精装 | 中楼层(共14层) | 2010年建 | 板楼,https://image1.ljcdn.com/310000-inspection/prod-e2c28058-98dd-4cb9-8eaf-e7d2c0a0cbb9.jpg.296x216.jpg
20200208,浦东,康桥,南北通双阳台两房，楼层好位置佳，业主诚心出售,409万,2室2厅 | 104.35平米 | 南 | 精装 | 低楼层(共12层) | 2005年建 | 板楼,https://image1.ljcdn.com/310000-inspection/prod-bb943268-efcd-48c2-965f-ae59c027bbf9.jpg.296x216.jpg
20200208,浦东,康桥,大三房， 18号旁，南北通透，两南一北双阳台， 带一层,465万,3室2厅 | 129.3平米 | 南 北 | 精装 | 高楼层(共6层) | 2008年建 | 板楼,https://image1.ljcdn.com/310000-inspection/prod-4524bf4b-d244-49ec-bff8-aa12d7cf3f13.jpg.296x216.jpg
20200208,浦东,康桥,文怡苑 2房全新精装 景观楼层 看房有钥匙,388万,2室2厅 | 97.52平米 | 南 北 | 精装 | 中楼层(共12层) | 2011年建 | 板楼,https://image1.ljcdn.com/310000-inspection/prod-57980361-09c8-4af3-9c4a-e8d48323176e.jpg.296x216.jpg
20200208,浦东,康桥,城中花园 3室2厅 600万,600万,3室2厅 | 111.82平米 | 南 | 精装 | 高楼层(共10层) | 2006年建 | 板楼,https://image1.ljcdn.com/310000-inspection/pc1_gDFPd9Zpe_1.jpg.296x216.jpg
20200208,浦东,康桥,康湾苑大两房精装修 南北通透 北面临河 一手动迁 税少,350万,2室2厅 | 90.57平米 | 南 北 | 精装 | 低楼层(共12层) | 2009年建 | 板楼,https://image1.ljcdn.com/310000-inspection/test-5c13fd84-281f-4ce6-82f2-5e755ba6fda3.png.296x216.jpg
20200208,浦东,康桥,180多万买进的，房东诚心出售，价格可谈房主自荐,188万,1室1厅 | 54.93平米 | 南 | 简装 | 低楼层(共14层) | 2006年建 | 板楼,https://image1.ljcdn.com/310000-inspection/prod-801ab9c4-7c8e-48ff-8b2a-bf5b958d429d.jpg.296x216.jpg
20200208,浦东,康桥,中邦城市园 万科物业 近大润发 精致一房 一手动迁,299万,1室1厅 | 61.3平米 | 南 北 | 精装 | 低楼层(共14层) | 2014年建 | 板楼,https://image1.ljcdn.com/310000-inspection/prod-8735732e-1a0d-448e-b5be-1db2e0e1edd4.jpg.296x216.jpg
20200208,浦东,康桥,一房南北通户型，税少，房东诚心急售，看房提前联系,202万,1室1厅 | 51.41平米 | 南 | 简装 | 高楼层(共6层) | 2009年建 | 板楼,https://image1.ljcdn.com/310000-inspection/prod-485a8b3b-2a5b-45aa-9a98-0ae69a19805b.jpg.296x216.jpg
20200208,浦东,康桥,房子装修的很好，现在自住，诚心出售，看房方便,205万,1室1厅 | 54.85平米 | 南 | 精装 | 中楼层(共14层) | 2006年建 | 板楼,https://image1.ljcdn.com/310000-inspection/prod-d30b7e49-7a49-4161-9890-ce311a622c8d.jpg.296x216.jpg
20200208,浦东,康桥,精装修，保养好，诚心出售，看房方便，产权清晰。房主自荐,225万,1室1厅 | 58.41平米 | 南 | 精装 | 低楼层(共14层) | 2010年建 | 板楼,https://image1.ljcdn.com/310000-inspection/prod-e542d54b-511d-48a5-9568-358c8356223e.jpg.296x216.jpg
20200208,浦东,康桥,中邦城市、小户型、低总价 诚心出售、地铁就在门口房主自荐,360万,1室2厅 | 66.69平米 | 南 | 简装 | 中楼层(共18层) | 2008年建 | 板楼,https://image1.ljcdn.com/310000-inspection/prod-f954b82c-9704-4e01-a2b9-7853667c2493.jpg.296x216.jpg
20200208,浦东,康桥,双秀西园 电梯两房一手动迁，税费少,319万,2室2厅 | 79.84平米 | 南 | 其他 | 中楼层(共11层) | 2008年建 | 板楼,https://image1.ljcdn.com/310000-inspection/pc1_elQQuwDt2_1.jpg.296x216.jpg
20200208,浦东,康桥,康桥宝邸 南北通三居室 房东自住 随时可看,398万,3室2厅 | 100.84平米 | 南 | 精装 | 中楼层(共14层) | 2007年建 | 板楼,https://image1.ljcdn.com/310000-inspection/test-750d6d22-4c5f-458d-8065-e63c0f8be71a.png.296x216.jpg
20200208,浦东,康桥,多层复式四房，有露台，喜欢花草的业主很适合,460万,4室2厅 | 107.5平米 | 南 北 | 简装 | 高楼层(共6层) | 2006年建 | 板楼,https://image1.ljcdn.com/310000-inspection/prod-6f7bb8fa-4b38-42dc-9927-e0fc2d9fdfc5.jpg.296x216.jpg
20200208,浦东,康桥,业主精装修很少住  保养好   房子优质户型好,766万,4室2厅 | 191.71平米 | 南 | 精装 | 高楼层(共12层) | 2006年建 | 板楼,https://image1.ljcdn.com/310000-inspection/pc1_hpbrMxqDR_1.jpg.296x216.jpg
20200208,浦东,康桥,格局好，全明户型，户型正气，房东诚意出售房主自荐,340万,2室1厅 | 80平米 | 南 | 精装 | 高楼层(共6层) | 2003年建 | 板楼,https://image1.ljcdn.com/310000-inspection/prod-0f0725c9-dd8b-4382-a601-dcab5d33cefc.jpg.296x216.jpg
20200208,浦东,康桥,近生态园，视野好，南北双阳台，业主诚心出售,330万,2室2厅 | 85.57平米 | 南 北 | 毛坯 | 中楼层(共14层) | 2010年建 | 板楼,https://image1.ljcdn.com/310000-inspection/pc1_tlZTu14Gv_1.jpg.296x216.jpg
20200208,浦东,康桥,楼层好，位置好，精装修，诚心出售,215万,1室1厅 | 54.68平米 | 南 | 简装 | 低楼层(共14层) | 2010年建 | 板楼,https://image1.ljcdn.com/310000-inspection/pc1_U5HSgYH6y_1.jpg.296x216.jpg
20200208,浦东,康桥,一手动迁，满五年唯一，中间楼层，纯毛坯，随意装修,330万,2室1厅 | 82.89平米 | 南 北 | 简装 | 高楼层(共14层) | 2007年建 | 板楼,https://image1.ljcdn.com/310000-inspection/pc1_8exJRffsO_1.jpg.296x216.jpg
20200208,浦东,康桥,2008年商品房，房子满二年，精装修，产权清晰，四楼,200万,1室1厅 | 54.92平米 | 南 | 精装 | 低楼层(共14层) | 2008年建 | 板楼,https://image1.ljcdn.com/310000-inspection/pc1_tBLDVpETu_1.jpg.296x216.jpg
20200208,浦东,康桥,商品动迁房小区新上精装2房，近地铁，邻商圈房主自荐,292万,2室2厅 | 75.83平米 | 南 | 精装 | 低楼层(共14层) | 2010年建 | 板楼,https://image1.ljcdn.com/310000-inspection/pc1_oFyzZC2Ih_1.jpg.296x216.jpg
20200208,浦东,康桥,锦园新挂牌新装修2房，保养好，诚心出售！房主自荐,287万,2室2厅 | 72.99平米 | 南 | 精装 | 低楼层(共14层) | 2010年建 | 板楼,https://image1.ljcdn.com/310000-inspection/pc1_yb2S3bOvt_1.jpg.296x216.jpg
20200208,浦东,康桥,万科物业、大润发、一手动迁税费少，次顶楼，采光棒,275万,1室1厅 | 61.3平米 | 南 | 毛坯 | 高楼层(共14层) | 2014年建 | 板楼,https://image1.ljcdn.com/310000-inspection/pc1_0VCUj0rvb_1.jpg.296x216.jpg
20200208,浦东,康桥,达城锦园中装两房，一手动迁，满五唯一，税费少,268万,2室2厅 | 72.99平米 | 南 | 简装 | 中楼层(共14层) | 2010年建 | 板楼,https://image1.ljcdn.com/310000-inspection/pc1_kTNQIMmTp_1.jpg.296x216.jpg
20200208,浦东,康桥,康桥月苑 一室一厅 随时看房 业主诚心出售,198万,1室1厅 | 53.61平米 | 南 | 简装 | 低楼层(共14层) | 2010年建 | 板楼,https://image1.ljcdn.com/310000-inspection/pc1_9piy1iVoH_1.jpg.296x216.jpg
20200208,浦东,康桥,精装2房加阁楼。楼间距大，无建筑物遮挡房主自荐,295万,2室2厅 | 72.84平米 | 南 | 精装 | 高楼层(共5层) | 2008年建 | 板楼,https://image1.ljcdn.com/310000-inspection/pc1_4gQ0M3svl_1.jpg.296x216.jpg
20200208,浦东,康桥,沪南站，小区央位，精装修，满五唯一,350万,2室2厅 | 77.44平米 | 南 北 | 精装 | 低楼层(共6层) | 2004年建 | 板楼,https://image1.ljcdn.com/310000-inspection/pc1_TTVTrOb1Z_1.jpg.296x216.jpg
20200208,浦东,康桥,满五，婚房装修，业主诚心出售，中高楼层,225万,1室1厅 | 58.62平米 | 南 | 精装 | 中楼层(共14层) | 2008年建 | 板楼,https://image1.ljcdn.com/310000-inspection/pc1_z62QSZR0Y_1.jpg.296x216.jpg
20200208,浦东,康桥,康桥中邦大都会，精装修一房 中y空调带地暖房龄新,380万,1室2厅 | 73.32平米 | 南 | 精装 | 低楼层(共23层) | 2016年建 | 板楼,https://image1.ljcdn.com/310000-inspection/prod-6045104a-df85-4cc9-a2ea-11a626da5cef.jpg.296x216.jpg
20200208,浦东,康桥,楼层好，户型正气，采光无影响，功能区分开，很实用,418万,2室2厅 | 92平米 | 南 | 精装 | 高楼层(共14层) | 2007年建 | 板楼,https://image1.ljcdn.com/310000-inspection/pc1_FoS1S1QhS_1.jpg.296x216.jpg
20200208,浦东,康桥,近大润发 南北采光好 正气大三房 万科物业 装修好,630万,3室2厅 | 129.99平米 | 南 | 精装 | 中楼层(共16层) | 2006年建 | 板楼,https://image1.ljcdn.com/310000-inspection/pc1_7eZeTf0hW_1.jpg.296x216.jpg
20200208,浦东,康桥,三开间朝南 （有60平米大花园） 采光好配套设施齐全,460万,3室2厅 | 129.25平米 | 南 | 精装 | 低楼层(共6层) | 2003年建 | 板楼,https://image1.ljcdn.com/310000-inspection/pc1_N6DDgh9aH_1.jpg.296x216.jpg
20200208,浦东,康桥,万科物业+2014次新房+一手动迁税少+南北正气+采光棒,500万,3室2厅 | 103.14平米 | 南 北 | 毛坯 | 高楼层(共22层) | 2014年建 | 板楼,https://image1.ljcdn.com/310000-inspection/pc1_ryJH3Jr1l_1.jpg.296x216.jpg
20200208,浦东,康桥,海尚乐苑+16号线+11号线+迪士尼商圈,203万,2室1厅 | 58.95平米 | 南 | 毛坯 | 低楼层(共14层) | 2010年建 | 板楼,https://image1.ljcdn.com/310000-inspection/prod-c8b3f736-ff64-468e-8266-6ab3d2ba0fed.jpg.296x216.jpg
20200208,浦东,康桥,采光视野通风都好，动迁不唯一税少，毛坯好改,305万,2室1厅 | 78.7平米 | 南 北 | 毛坯 | 中楼层(共14层) | 2010年建 | 板楼,https://image1.ljcdn.com/310000-inspection/pc1_xCqD1pDpy_1.jpg.296x216.jpg
20200208,浦东,康桥,三房两卫 满五唯一 面朝花园。,472万,3室2厅 | 112平米 | 南 北 | 毛坯 | 中楼层(共6层) | 2006年建 | 板楼,https://image1.ljcdn.com/310000-inspection/pc1_4hr84LEv2_1.jpg.296x216.jpg
20200208,浦东,康桥,海尚康庭  品牌家具家电 迪士尼辐射圈急售,230万,1室1厅 | 58.04平米 | 南 | 精装 | 低楼层(共14层) | 2008年建 | 板楼,https://image1.ljcdn.com/310000-inspection/prod-478e40dd-3e69-43db-8ab0-b31287214868.jpg.296x216.jpg
20200208,浦东,康桥,海尚康庭 两房 迪士尼辐射圈双轨房东诚心出售,250万,2室2厅 | 75.11平米 | 南 | 简装 | 低楼层(共14层) | 2008年建 | 板楼,https://image1.ljcdn.com/310000-inspection/pc1_aEzp2WHST_1.jpg.296x216.jpg
20200208,浦东,康桥,双秀西苑三房两厅一卫挂牌420万价格可谈带花园,420万,3室2厅 | 104.65平米 | 南 | 简装 | 低楼层(共6层) | 2008年建 | 板楼,https://image1.ljcdn.com/310000-inspection/prod-0e8c929f-47a3-4d33-bcdb-961413dc3922.jpg.296x216.jpg
20200208,浦东,康桥,中邦大都会 2室1厅 507万,507万,2室1厅 | 92.32平米 | 南 | 精装 | 低楼层(共27层) | 2016年建 | 板楼,https://image1.ljcdn.com/310000-inspection/pc1_unIF5WrQ2_1.jpg.296x216.jpg
20200208,浦东,康桥,十二大安心服务承诺，保驾护航，南北通户型,249万,2室2厅 | 71.94平米 | 南 | 精装 | 低楼层(共6层) | 2009年建 | 板楼,https://image1.ljcdn.com/310000-inspection/pc1_JBWkWuNWg_1.jpg.296x216.jpg
20200208,浦东,康桥,双南高区，诚意出售，希少户型，视野开阔,525万,3室2厅 | 106.35平米 | 南 | 精装 | 高楼层(共14层) | 2008年建 | 板楼,https://image1.ljcdn.com/310000-inspection/prod-fb432c46-1e1a-4ba8-8ddf-48c0368ad00b.jpg.296x216.jpg
20200208,浦东,康桥,南北通格局，户型正气，房东诚意出售,375万,2室2厅 | 108平米 | 南 | 简装 | 高楼层(共6层) | 2003年建 | 板楼,https://image1.ljcdn.com/310000-inspection/prod-bce07ee3-cbab-464d-bfcd-d21ea898425d.jpg.296x216.jpg
20200208,浦东,康桥,此房一手动迁满五唯一 南北通户型 看房随时 近地铁,280万,2室1厅 | 78.48平米 | 南 北 | 毛坯 | 低楼层(共14层) | 2010年建 | 板楼,https://image1.ljcdn.com/310000-inspection/prod-5a590c21-baef-448d-b4a9-b4a213a933f1.jpg.296x216.jpg
20200208,浦东,康桥,电梯大两房，好改多一个房间，楼层好，视野好,275万,2室2厅 | 81.5平米 | 南 | 毛坯 | 中楼层(共11层) | 2006年建 | 板楼,https://image1.ljcdn.com/310000-inspection/pc1_WCSaLdNdC_1.jpg.296x216.jpg
20200208,浦东,康桥,康桥宝邸 精装两居室 高楼层 采光好 位置佳 看房方便房主自荐,299万,2室1厅 | 74.79平米 | 南 | 精装 | 高楼层(共6层) | 2007年建 | 板楼,https://image1.ljcdn.com/310000-inspection/prod-6f6cb9ae-e329-4bba-96cc-f9f5f2e7ea0a.jpg.296x216.jpg
20200208,浦东,康桥,秀溪公寓，精装，高区，三房两厅两卫，2012年小区！,475万,3室2厅 | 96.7平米 | 南 | 精装 | 中楼层(共16层) | 2012年建 | 板楼,https://image1.ljcdn.com/310000-inspection/pc1_mldLXYUJF_1.jpg.296x216.jpg
20200208,浦东,康桥,海尚康庭 一房精装 满五年唯一 无个税 业主诚意出售,215万,1室2厅 | 58.62平米 | 南 | 精装 | 低楼层(共14层) | 2008年建 | 板楼,https://image1.ljcdn.com/310000-inspection/pc1_hsQ5SAHpP_1.jpg.296x216.jpg
20200208,浦东,康桥,阁楼空间大，买进价高，税费低，拎包入住,460万,4室2厅 | 108.79平米 | 南 | 精装 | 高楼层(共6层) | 2006年建 | 板楼,https://image1.ljcdn.com/310000-inspection/prod-64896ae9-a873-472e-859d-ba47c4b74489.jpg.296x216.jpg
20200208,浦东,康桥,小区中间位置，户型正气，诚心出售,395万,2室2厅 | 113.56平米 | 南 | 精装 | 中楼层(共5层) | 2006年建 | 板楼,https://image1.ljcdn.com/310000-inspection/prod-57b27004-a791-47ff-8beb-9b86a87d0233.jpg.296x216.jpg
20200208,浦东,康桥,阳光刺眼+位置好楼层好+毛坯随意装修+不靠路诚售,385万,2室2厅 | 80.64平米 | 南 北 | 毛坯 | 低楼层(共6层) | 2004年建 | 板楼,https://image1.ljcdn.com/310000-inspection/pc1_RokixogSj_1.jpg.296x216.jpg
20200208,浦东,康桥,婚房装修，位置好，楼层好，满五年唯一,250万,1室1厅 | 56.15平米 | 南 | 精装 | 中楼层(共6层) | 2008年建 | 板楼,https://image1.ljcdn.com/310000-inspection/prod-ee67bb82-57df-44fe-a3d2-43175e261e71.jpg.296x216.jpg
20200208,浦东,康桥,16楼的11楼不靠马路自住精装修拎包即可入住位置好,420万,2室2厅 | 100.07平米 | 南 | 精装 | 中楼层(共16层) | 2006年建 | 板楼,https://image1.ljcdn.com/310000-inspection/prod-76bcf278-ed0e-484c-8ba6-67f01b59f6f0.jpg.296x216.jpg
20200208,浦东,康桥,康桥 好地段 南北通两房 精装修 可以拎包入住,480万,2室2厅 | 98.5平米 | 南 北 | 精装 | 低楼层(共10层) | 2006年建 | 板楼,https://image1.ljcdn.com/310000-inspection/pc1_2mKxV0Sej_1.jpg.296x216.jpg
20200208,浦东,康桥,电梯高层 采光好房型正 靠地铁,305万,2室2厅 | 64.75平米 | 南 北 | 精装 | 低楼层(共14层) | 2005年建 | 板楼,https://image1.ljcdn.com/310000-inspection/prod-5b9fbc52-23a3-4e24-b90e-8b1715c336bc.jpg.296x216.jpg
20200208,浦东,康桥,1、小区环境好，交通方便，空气清新,298万,3室1厅 | 102.43平米 | 南 | 简装 | 高楼层(共6层) | 2002年建 | 板楼,https://image1.ljcdn.com/310000-inspection/pc1_iw5km5hJR_1.jpg.296x216.jpg
20200208,浦东,康桥,住公寓的品质，享别墅的环境，大两房，通风好！,590万,2室2厅 | 132平米 | 南 | 精装 | 中楼层(共4层) | 2003年建 | 板楼,https://image1.ljcdn.com/310000-inspection/prod-7fad5ea0-e5dc-464f-9418-5af504fbf21c.jpg.296x216.jpg
20200208,浦东,康桥,电梯高区 精装修 南北通三房 拎包即可入住,370万,3室2厅 | 96.01平米 | 南 | 精装 | 中楼层(共14层) | 2008年建 | 板楼,https://image1.ljcdn.com/310000-inspection/prod-31434e2b-35dc-4f20-bfe5-1a5e75d4cb18.jpg.296x216.jpg
20200208,浦东,康桥,店长精选房源 热门户型带大阳台 位置好楼层好 税费低,415万,2室2厅 | 104.44平米 | 南 北 | 精装 | 中楼层(共12层) | 2006年建 | 板楼,https://image1.ljcdn.com/310000-inspection/prod-ba6f762b-63cf-41de-aca7-89f41f8f5a6d.jpg.296x216.jpg
20200208,浦东,康桥,美林小城  电梯高区  近万达 靠地tie kou,480万,3室2厅 | 105.25平米 | 南 | 简装 | 高楼层(共14层) | 2005年建 | 板楼,https://image1.ljcdn.com/310000-inspection/prod-db94145e-3e9e-4a1e-9ebf-93daa8067c6d.jpg.296x216.jpg
20200208,浦东,康桥,18号线沪南路站+飞机南北通三房+业主诚心+绿意盎然,450万,3室2厅 | 100.21平米 | 南 北 | 简装 | 高楼层(共6层) | 2004年建 | 板楼,https://image1.ljcdn.com/310000-inspection/prod-45b35bee-960f-4110-b206-eec750dbf44f.jpg.296x216.jpg
20200208,浦东,康桥,康桥宝邸 新鲜三房 无增值税 户型正气 看房方便,390万,3室2厅 | 100.84平米 | 南 北 | 毛坯 | 低楼层(共14层) | 2007年建 | 板楼,https://image1.ljcdn.com/310000-inspection/pc1_chYXaMU8N_1.jpg.296x216.jpg
20200208,浦东,康桥,城中经典户型两房两卫 采光好 大阳台 诚意出售,425万,2室2厅 | 106.02平米 | 南 | 其他 | 低楼层(共12层) | 2006年建 | 板楼,https://image1.ljcdn.com/310000-inspection/pc1_Wms6HIOLm_1.jpg.296x216.jpg
20200208,浦东,康桥,2008年商品房，经典一居室，小区环境优美，诚心出售,208万,1室1厅 | 56.38平米 | 南 | 毛坯 | 低楼层(共14层) | 2008年建 | 板楼,https://image1.ljcdn.com/310000-inspection/pc1_yC5ZU3SSX_1.jpg.296x216.jpg
20200208,浦东,康桥,十二大安心，保驾护航》房型两房南北通，有钥匙随时看,255万,2室1厅 | 73.33平米 | 南 | 简装 | 低楼层(共5层) | 2008年建 | 板楼,https://image1.ljcdn.com/310000-inspection/pc1_zmdtmgd78_1.jpg.296x216.jpg
20200208,浦东,康桥,达城锦园新精装1室，业主急售，看房方便，税费少,210万,1室2厅 | 54.68平米 | 南 | 精装 | 低楼层(共14层) | 2010年建 | 板楼,https://image1.ljcdn.com/310000-inspection/prod-6c2a6bf3-476f-4ca6-b4c2-7a728212bd6a.jpg.296x216.jpg
20200208,浦东,康桥,2010年动迁房，产权清晰，视野开阔，满五年，好看房,225万,1室1厅 | 59平米 | 南 | 毛坯 | 高楼层(共14层) | 2010年建 | 板楼,https://image1.ljcdn.com/310000-inspection/prod-af603b10-f90b-4f76-a57a-6d0a6fc4c3cf.jpg.296x216.jpg
20200208,浦东,康桥,康桥宝邸 电梯中层 毛坯三房  出门公交 近地铁,390万,3室2厅 | 102平米 | 南 北 | 毛坯 | 中楼层(共14层) | 2007年建 | 板楼,https://image1.ljcdn.com/310000-inspection/prod-f613f6e1-e976-4d9f-b4b6-dd7200cc5e29.jpg.296x216.jpg
20200208,浦东,康桥,业主诚意出售  看房随时!!!!!!!!,530万,3室2厅 | 121.98平米 | 南 | 精装 | 高楼层(共6层) | 2004年建 | 板楼,https://image1.ljcdn.com/310000-inspection/prod-91ef3c21-632f-4164-921d-54fe59fbe06c.jpg.296x216.jpg
20200208,浦东,康桥,真实图片，真是在售，真实房源，假一赔百,390万,2室2厅 | 107.57平米 | 南 | 精装 | 中楼层(共6层) | 2006年建 | 板楼,https://image1.ljcdn.com/310000-inspection/pc1_rQUTHfiVO_1.jpg.296x216.jpg
20200208,浦东,康桥,南北直通格局，采光好，楼层好，配套设施齐，看房方便,450万,2室2厅 | 105.67平米 | 南 | 毛坯 | 高楼层(共10层) | 2008年建 | 板楼,https://image1.ljcdn.com/310000-inspection/prod-676029bf-58a0-4330-b895-42aebda1138c.jpg.296x216.jpg
20200208,浦东,康桥,万科物业，品质小区，出行方便（自驾或绿色均可）,535万,3室2厅 | 105.71平米 | 南 | 简装 | 低楼层(共16层) | 2008年建 | 板楼,https://image1.ljcdn.com/310000-inspection/pc1_ZQqQ7a112_1.jpg.296x216.jpg
20200208,浦东,康桥,一手动迁，万达旁，税费低，采光足，交通便利,367万,2室2厅 | 105平米 | 南 北 | 精装 | 低楼层(共10层) | 2008年建 | 板楼,https://image1.ljcdn.com/310000-inspection/prod-f3d4a7b0-4eb7-4e36-bb9f-b078b24f84d0.jpg.296x216.jpg
20200208,浦东,康桥,11号地铁口 动迁税费少 带阁楼 南北通透格局 楼层好,450万,2室2厅 | 106.82平米 | 南 北 | 精装 | 高楼层(共9层) | 2008年建 | 板楼,https://image1.ljcdn.com/310000-inspection/pc1_ABUFWRGLa_1.jpg.296x216.jpg
20200208,浦东,康桥,电梯三室，飞机房型，双阳台，看房方便！,530万,3室2厅 | 117.24平米 | 南 北 | 简装 | 中楼层(共14层) | 2004年建 | 板楼,https://image1.ljcdn.com/310000-inspection/pc1_3uzsIzlh4_1.jpg.296x216.jpg
20200208,浦东,康桥,此房满五唯一，南北户型，中间位支自住精装修,390万,2室2厅 | 100.05平米 | 南 | 精装 | 低楼层(共16层) | 2006年建 | 板楼,https://image1.ljcdn.com/310000-inspection/pc1_zvCXQsG3R_1.jpg.296x216.jpg
20200208,浦东,康桥,中邦二期 2+1户型、诚心出售、景观位置、低总价,495万,3室2厅 | 102.37平米 | 南 | 精装 | 高楼层(共18层) | 2008年建 | 板楼,https://image1.ljcdn.com/310000-inspection/pc1_yc1ehWROf_1.jpg.296x216.jpg
20200208,浦东,康桥,小区中间位置满五唯一税费低 精装修业主自住 看房方便,520万,3室2厅 | 142.4平米 | 南 | 精装 | 中楼层(共16层) | 2006年建 | 板楼,https://image1.ljcdn.com/310000-inspection/pc1_xJN8weunv_1.jpg.296x216.jpg
20200208,浦东,康桥,海尚康庭  婚房装修，户型方正，位置楼层佳，诚心出售,285万,2室2厅 | 73.31平米 | 南 | 精装 | 中楼层(共5层) | 2008年建 | 板楼,https://image1.ljcdn.com/310000-inspection/pc1_psywSDAye_1.jpg.296x216.jpg
20200208,浦东,康桥,小区中间位置 带一个大花园总高8层 采光一点也不影响,490万,3室2厅 | 117.11平米 | 南 | 简装 | 低楼层(共8层) | 2006年建 | 板楼,https://image1.ljcdn.com/310000-inspection/pc1_idqVC8kj5_1.jpg.296x216.jpg
20200208,浦东,康桥,美林小城 3室2厅 500万,500万,3室2厅 | 118.42平米 | 南 北 | 精装 | 低楼层(共14层) | 2006年建 | 板楼,https://image1.ljcdn.com/310000-inspection/pc1_6H4EQxREN_1.jpg.296x216.jpg
20200208,浦东,康桥,近大润发 大阳台入户 户型正 配套完善  万科物业,620万,3室2厅 | 139.15平米 | 南 | 精装 | 中楼层(共16层) | 2006年建 | 板楼,https://image1.ljcdn.com/310000-inspection/pc1_OFFM5IUYn_1.jpg.296x216.jpg
20200208,浦东,康桥,采光佳，位置好，房东诚意出售！,600万,2室2厅 | 126.8平米 | 南 | 简装 | 中楼层(共4层) | 2003年建 | 板楼,https://image1.ljcdn.com/310000-inspection/pc1_jrZ98UGDn_1.jpg.296x216.jpg
20200208,浦东,康桥,电梯高区 南北双阳台 采光好 通风好 万科物业装修好,535万,2室2厅 | 104.26平米 | 南 | 简装 | 中楼层(共18层) | 2008年建 | 板楼,https://image1.ljcdn.com/310000-inspection/pc1_dmmKYYd4O_1.jpg.296x216.jpg
20200208,浦东,康桥,此房满五唯一 税费少 采光好 交通便利 位置好不拥挤,580万,3室2厅 | 143平米 | 南 | 其他 | 低楼层(共16层) | 2006年建 | 板楼,https://image1.ljcdn.com/310000-inspection/pc1_C5KB9r1qD_1.jpg.296x216.jpg
20200208,浦东,康桥,中邦城市 原始三房 户型正气 小区环境好 万科物业,590万,3室2厅 | 113.74平米 | 南 | 精装 | 中楼层(共12层) | 2006年建 | 板楼,https://image1.ljcdn.com/310000-inspection/pc1_dIZtursoO_1.jpg.296x216.jpg
20200208,浦东,康桥,一手动迁 免增值税 可做阁楼 交通便利,293万,2室2厅 | 75平米 | 南 北 | 毛坯 | 高楼层(共6层) | 2007年建 | 板楼,https://image1.ljcdn.com/310000-inspection/pc1_VBDHqiOEQ_1.jpg.296x216.jpg
20200208,浦东,康桥,满五年唯一+户型好+业主诚意出售+视野好,405万,2室2厅 | 93.08平米 | 南 北 | 精装 | 低楼层(共14层) | 2004年建 | 板楼,https://image1.ljcdn.com/310000-inspection/pc1_ac3JNZIVa_1.jpg.296x216.jpg
20200208,浦东,康桥,横沔三房 精装自住 看房方便 诚心出售,400万,3室2厅 | 116.7平米 | 南 | 精装 | 高楼层(共6层) | 2000年建 | 板楼,https://image1.ljcdn.com/310000-inspection/pc1_lIAQMO40t_1.jpg.296x216.jpg
20200208,浦东,康桥,三开间朝南，南北通户型，自住装修，满五唯一免个税房主自荐,398万,3室1厅 | 98.88平米 | 南 北 | 精装 | 中楼层(共5层) | 2008年建 | 板楼,https://image1.ljcdn.com/310000-inspection/pc1_tIXOTIFLW_1.jpg.296x216.jpg
20200208,浦东,康桥,康桥宝邸 南北两房  精装修拎包入住 看房预约,290万,2室2厅 | 75平米 | 南 北 | 精装 | 低楼层(共6层) | 2007年建 | 板楼,https://image1.ljcdn.com/310000-inspection/pc1_SkbbCunqJ_1.jpg.296x216.jpg
20200208,浦东,康桥,户型独特，业主诚意出售，三房朝南,610万,3室2厅 | 133.82平米 | 南 | 简装 | 低楼层(共18层) | 2006年建 | 板楼,https://image1.ljcdn.com/310000-inspection/pc1_D3s20uXs5_1.jpg.296x216.jpg
20200208,浦东,康桥,次新房 配套完善 小区自带泳池 前后楼栋距大,470万,2室2厅 | 92.18平米 | 南 | 精装 | 低楼层(共27层) | 2016年建 | 板楼,https://image1.ljcdn.com/310000-inspection/pc1_FsBu6xT9C_1.jpg.296x216.jpg
20200208,浦东,康桥,电梯中间楼层，精装修，保养好，可拎包入住，随时可看,405万,3室2厅 | 101.57平米 | 南 北 | 精装 | 中楼层(共14层) | 2007年建 | 板楼,https://image1.ljcdn.com/310000-inspection/pc1_3J5JFzzs0_1.jpg.296x216.jpg
20200208,浦东,康桥,月苑大两房，适合给老人买，出行方便，业主诚心出售的房主自荐,265万,2室2厅 | 78.2平米 | 南 | 精装 | 低楼层(共11层) | 2009年建 | 板楼,https://image1.ljcdn.com/310000-inspection/pc1_J7vfLlHiQ_1.jpg.296x216.jpg
20200208,浦东,康桥,康桥宝邸  精装修带阁楼  满五唯一税费少,330万,2室1厅 | 78平米 | 南 北 | 精装 | 高楼层(共6层) | 2007年建 | 板楼,https://image1.ljcdn.com/310000-inspection/pc1_9rmvdUWF8_1.jpg.296x216.jpg
20200208,浦东,康桥,南北正通，一南一北，南北双阳台，业主诚意出售,510万,2室2厅 | 104.26平米 | 南 北 | 精装 | 低楼层(共18层) | 2008年建 | 板楼,https://image1.ljcdn.com/310000-inspection/pc1_PVDULjzjS_1.jpg.296x216.jpg
20200208,浦东,康桥,自住精装南北通两房 楼层好位置佳 诚意出售,430万,2室2厅 | 106.27平米 | 南 | 精装 | 低楼层(共12层) | 2005年建 | 板楼,https://image1.ljcdn.com/310000-inspection/pc1_Z3d4h1Tws_1.jpg.296x216.jpg
20200208,浦东,康桥,三开间朝南 （有60平米大花园） 采光好配套设施齐全,455万,3室2厅 | 129.25平米 | 南 北 | 简装 | 低楼层(共6层) | 2003年建 | 板楼,https://image1.ljcdn.com/310000-inspection/pc1_1TyVBJ06b_1.jpg.296x216.jpg
20200208,浦东,康桥,城中花园 2室2厅 425万,425万,2室2厅 | 100平米 | 南 北 | 精装 | 中楼层(共16层) | 2006年建 | 板楼,https://image1.ljcdn.com/310000-inspection/pc1_2KZVkHTGG_1.jpg.296x216.jpg
20200208,浦东,康桥,十二大安心，保驾护航）满五唯一，业主诚售，随时看,280万,2室2厅 | 81.47平米 | 南 | 精装 | 低楼层(共14层) | 2008年建 | 板楼,https://image1.ljcdn.com/310000-inspection/pc1_5EZ13tElC_1.jpg.296x216.jpg
20200208,浦东,康桥,双秀北园精装修大两房    18号地铁+3个广场环抱,428万,2室1厅 | 99.54平米 | 南 | 精装 | 高楼层(共6层) | 2003年建 | 板楼,https://image1.ljcdn.com/310000-inspection/pc1_mq8wDI36K_1.jpg.296x216.jpg
20200208,浦东,康桥,海尚康庭 2室1厅 265万,265万,2室1厅 | 74.91平米 | 南 | 精装 | 低楼层(共14层) | 2008年建 | 板楼,https://image1.ljcdn.com/310000-inspection/pc1_lKKMw2be7_1.jpg.296x216.jpg
20200208,浦东,康桥,康桥宝邸 2室2厅 290万,290万,2室2厅 | 74.68平米 | 南 | 精装 | 低楼层(共6层) | 2007年建 | 板楼,https://image1.ljcdn.com/310000-inspection/pc1_txauuHwQV_1.jpg.296x216.jpg
20200208,浦东,康桥,东门位置，出行方便，全明户型采光好，业主诚意,560万,3室2厅 | 118.05平米 | 南 北 | 简装 | 低楼层(共13层) | 2004年建 | 板楼,https://image1.ljcdn.com/310000-inspection/pc1_HMKTpewFW_1.jpg.296x216.jpg
20200208,浦东,康桥,康桥月苑 南北通户型  采光好  业主诚心出售,255万,2室2厅 | 71.97平米 | 南 北 | 简装 | 低楼层(共6层) | 2009年建 | 板楼,https://image1.ljcdn.com/310000-inspection/pc1_gOysX552o_1.jpg.296x216.jpg
20200208,浦东,康桥,阳光刺眼+精装全配+南北通透+飞机户型+位置好诚意售,515万,3室2厅 | 111.65平米 | 南 北 | 精装 | 低楼层(共14层) | 2004年建 | 板楼,https://image1.ljcdn.com/310000-inspection/pc1_8YdVDXrNn_1.jpg.296x216.jpg
20200208,浦东,康桥,康桥月苑新上的两房，一手动迁的，南北通，楼层好房主自荐,263万,2室2厅 | 72.27平米 | 南 北 | 毛坯 | 中楼层(共6层) | 2009年建 | 板楼,https://image1.ljcdn.com/310000-inspection/prod-e6f59284-868f-4618-877c-e5d82fe6767c.jpg.296x216.jpg
20200208,浦东,康桥,城中带产权车位，精装南北通，中间楼层，2房,415万,2室2厅 | 104.47平米 | 南 | 简装 | 中楼层(共12层) | 2006年建 | 板楼,https://image1.ljcdn.com/310000-inspection/pc1_EOOBkTsVs_1.jpg.296x216.jpg
20200208,浦东,康桥,动迁税少 出门地铁口  经典简装小户型  采光充足,235万,1室1厅 | 53.62平米 | 南 | 简装 | 低楼层(共14层) | 2008年建 | 板楼,https://image1.ljcdn.com/310000-inspection/pc1_d76Dx3W2p_1.jpg.296x216.jpg
20200208,浦东,康桥,楼栋在中间位置，中间楼层，房型好，利用率高,230万,1室1厅 | 58.95平米 | 南 | 简装 | 中楼层(共14层) | 2010年建 | 板楼,https://image1.ljcdn.com/310000-inspection/pc1_Vlt16S05D_1.jpg.296x216.jpg
20200208,浦东,康桥,海尚康庭 业主自住精装修 中间楼层 大阳台,225万,1室1厅 | 56.25平米 | 南 | 精装 | 中楼层(共5层) | 2008年建 | 板楼,https://image1.ljcdn.com/310000-inspection/pc1_NqjddXmfP_1.jpg.296x216.jpg
20200208,浦东,康桥,康桥宝邸顶楼带阁楼 精装修 动迁无增值税,310万,2室2厅 | 74.61平米 | 南 北 | 精装 | 高楼层(共6层) | 2007年建 | 板楼,https://image1.ljcdn.com/310000-inspection/prod-36f0f206-1d22-4140-8919-186ec3df6832.jpg.296x216.jpg
20200208,浦东,康桥,精装两房一楼带花园，可以直接入住，诚心出售,355万,2室1厅 | 84.49平米 | 南 | 简装 | 低楼层(共6层) | 2006年建 | 板楼,https://image1.ljcdn.com/310000-inspection/prod-13e0528a-3a54-490c-992a-524236066297.jpg.296x216.jpg
20200208,浦东,康桥,店长精选房源 热门户型带大阳台 位置好楼层好 税费低,435万,2室2厅 | 106.12平米 | 南 | 精装 | 中楼层(共12层) | 2006年建 | 板楼,https://image1.ljcdn.com/310000-inspection/pc1_AHXxoWhYO_1.jpg.296x216.jpg
20200208,浦东,康桥,此房满五唯一，税费少, 精装修, 拎包入住,485万,3室2厅 | 115.21平米 | 南 北 | 精装 | 低楼层(共13层) | 2007年建 | 板楼,https://image1.ljcdn.com/310000-inspection/pc1_EGpSFsIFn_1.jpg.296x216.jpg
20200208,浦东,康桥,户型方正 精装修 一改二 高层采光好 适合年轻人过渡,225万,2室0厅 | 58.62平米 | 南 | 精装 | 高楼层(共14层) | 2008年建 | 板楼,https://image1.ljcdn.com/310000-inspection/test-d4987f74-1305-4bc9-ad5a-408ddd185fa6.png.296x216.jpg
20200208,浦东,康桥,康桥月苑 2室2厅 266万,266万,2室2厅 | 72.27平米 | 南 | 毛坯 | 中楼层(共6层) | 2009年建 | 板楼,https://image1.ljcdn.com/310000-inspection/pc1_Ovp8AGHlK_1.jpg.296x216.jpg
20200208,浦东,康桥,精装南北通的一房，新婚小两口的居家之选,210万,1室2厅 | 51.41平米 | 南 | 精装 | 中楼层(共6层) | 2009年建 | 板楼,https://image1.ljcdn.com/310000-inspection/pc1_XnP4pdvNa_1.jpg.296x216.jpg
20200208,浦东,康桥,18号沪南站 绿地南北通 精装2居保养好 观湖景 近东门,370万,2室2厅 | 78平米 | 南 北 | 精装 | 高楼层(共6层) | 2004年建 | 板楼,https://image1.ljcdn.com/310000-inspection/pc1_aumAKghqC_1.jpg.296x216.jpg
20200208,浦东,康桥,达城锦园新挂2房，业主诚心出售！一手动迁满5年,283万,2室2厅 | 72.99平米 | 南 | 毛坯 | 中楼层(共14层) | 2010年建 | 板楼,https://image1.ljcdn.com/310000-inspection/prod-344475f3-7f11-400c-8f06-18a5841d1d9a.jpg.296x216.jpg
20200208,浦东,康桥,南北通一房 双阳台，得房率大 装修自住保养好，税费少,228万,1室2厅 | 57.57平米 | 南 | 精装 | 低楼层(共6层) | 2010年建 | 板楼,https://image1.ljcdn.com/310000-inspection/prod-721679ee-c9d8-4dc1-97af-aa2d5dce5dc5.jpg.296x216.jpg
20200208,浦东,康桥,房东自主，看房方便，户型正气，动迁房税费少,250万,1室1厅 | 59.91平米 | 南 | 精装 | 低楼层(共18层) | 2014年建 | 板楼,https://image1.ljcdn.com/310000-inspection/prod-9c81b6d2-0607-4c90-b37d-745a5d48b84c.jpg.296x216.jpg
20200208,浦东,康桥,满五年唯一，万科物业，诚意售价可谈。,480万,3室2厅 | 117.35平米 | 南 北 | 精装 | 低楼层(共16层) | 2006年建 | 板楼,https://image1.ljcdn.com/310000-inspection/prod-decfd8bb-8a0b-40d3-bc3a-aa8793a00f82.jpg.296x216.jpg
20200208,浦东,康桥,金三银四楼层好，满五唯一税费低，诚意出售,280万,1室1厅 | 55.83平米 | 南 | 精装 | 中楼层(共6层) | 2007年建 | 板楼,https://image1.ljcdn.com/310000-inspection/prod-6f68719a-fdec-4142-8bd1-13003a86c4ab.jpg.296x216.jpg
20200208,浦东,康桥,精装修 次新小区 户型正气 南北正通 一手动迁,490万,3室2厅 | 112.81平米 | 南 | 精装 | 中楼层(共15层) | 2014年建 | 板楼,https://image1.ljcdn.com/310000-inspection/prod-46a5fb59-a1db-41a3-8acb-cfb88ee7b754.jpg.296x216.jpg
20200208,浦东,康桥,一手动迁，税少，高楼层，景观房，视野好,340万,2室2厅 | 83.57平米 | 南 北 | 精装 | 高楼层(共14层) | 2010年建 | 板楼,https://image1.ljcdn.com/310000-inspection/prod-77186e3c-e5b6-41db-aa79-d2f62e1f9250.jpg.296x216.jpg
20200208,浦东,康桥,海尚康庭  南北通两房 看房方便 诚心出售,250万,2室1厅 | 73.11平米 | 南 | 简装 | 低楼层(共6层) | 2008年建 | 板楼,https://image1.ljcdn.com/310000-inspection/pc1_yDkk8uxhq_1.jpg.296x216.jpg
20200208,浦东,康桥,中邦 三房 万科物业 小区中间位置 采光好 还安静,615万,3室2厅 | 129.97平米 | 南 | 精装 | 高楼层(共16层) | 2006年建 | 板楼,https://image1.ljcdn.com/310000-inspection/test-1382b4fb-3a9d-45d6-b55e-cbc58720599f.png.296x216.jpg
20200208,浦东,康桥,此房满五年，小区中间位置进出方便，中间楼层！,400万,2室2厅 | 97.96平米 | 南 | 精装 | 低楼层(共12层) | 2006年建 | 板楼,https://image1.ljcdn.com/310000-inspection/test-ba0d079b-2686-4ccb-9ac2-bc176922509a.png.296x216.jpg
20200208,浦东,康桥,品质小区 景观房 满五唯一免个税  一房,365万,1室1厅 | 66.69平米 | 南 | 精装 | 高楼层(共18层) | 2008年建 | 板楼,https://image1.ljcdn.com/310000-inspection/prod-08c05dd1-1b47-473d-8587-f62994c94916.jpg.296x216.jpg
20200208,浦东,康桥,精装修两年，电梯中间楼层，看房方便房主自荐,360万,2室2厅 | 90.13平米 | 南 | 精装 | 中楼层(共12层) | 2007年建 | 板楼,https://image1.ljcdn.com/310000-inspection/prod-81c2ba4b-16cb-4636-a8db-0c508bff5b61.jpg.296x216.jpg
20200208,浦东,康桥,商品动迁税少 电梯带阁楼    户型正气 视野开阔  急售,375万,2室2厅 | 98.72平米 | 南 | 简装 | 高楼层(共12层) | 2011年建 | 板楼,https://image1.ljcdn.com/310000-inspection/prod-95326841-525e-4645-ad94-c9f3e021145d.jpg.296x216.jpg
20200208,浦东,康桥,精装修，看房方便，楼层视野开阔，产权清晰，无抵押,235万,1室1厅 | 59平米 | 南 | 精装 | 高楼层(共14层) | 2010年建 | 板楼,https://image1.ljcdn.com/310000-inspection/prod-631c50c0-db6f-41c9-94fa-555bb47f98f0.jpg.296x216.jpg
20200208,浦东,康桥,康桥半岛国际公寓 精装两房 配套方便 居住舒适,355万,2室2厅 | 83.13平米 | 南 | 精装 | 中楼层(共22层) | 2010年建 | 板楼,https://image1.ljcdn.com/310000-inspection/pc1_XaID2HQC1_1.jpg.296x216.jpg
20200208,浦东,康桥,楼层好，户型正气，采光无影响，功能区分开，满五唯一,395万,2室2厅 | 89.54平米 | 南 | 简装 | 中楼层(共14层) | 2006年建 | 板楼,https://image1.ljcdn.com/310000-inspection/prod-1be55ed4-c2d6-439e-973b-3ae235a91b86.jpg.296x216.jpg
20200208,浦东,康桥,动迁满五年唯一 税少 南北通 格局好,307万,2室2厅 | 78.55平米 | 南 北 | 简装 | 中楼层(共14层) | 2010年建 | 板楼,https://image1.ljcdn.com/310000-inspection/pc1_M3EiIB0jp_1.jpg.296x216.jpg
20200208,浦东,康桥,电梯高层南北通 临河近地铁 诚心卖,310万,2室1厅 | 79平米 | 南 北 | 简装 | 高楼层(共14层) | 2010年建 | 板楼,https://image1.ljcdn.com/310000-inspection/pc1_c44we6hKD_1.jpg.296x216.jpg
20200208,浦东,康桥,一手动迁 税费较少 南北通 中间位置 S3高架 11号线,255万,2室2厅 | 72.2平米 | 南 北 | 毛坯 | 高楼层(共6层) | 2010年建 | 板楼,https://image1.ljcdn.com/310000-inspection/pc1_cQr4zkema_1.jpg.296x216.jpg
20200208,浦东,康桥,海尚康庭一改二，中间楼层，保养佳,220万,1室2厅 | 58.62平米 | 南 | 精装 | 中楼层(共14层) | 2008年建 | 板楼,https://image1.ljcdn.com/310000-inspection/pc1_F0Jkft4DG_1.jpg.296x216.jpg
20200208,浦东,康桥,海尚康庭  电梯一房，精装修 户型方正,220万,1室1厅 | 58.6平米 | 南 | 精装 | 低楼层(共14层) | 2008年建 | 板楼,https://image1.ljcdn.com/310000-inspection/pc1_TT5ywKO76_1.jpg.296x216.jpg
20200208,浦东,康桥,中邦城市园 1室1厅 282万,282万,1室1厅 | 66.19平米 | 南 | 其他 | 高楼层(共26层) | 2014年建 | 板楼,https://image1.ljcdn.com/310000-inspection/pc1_rSpFY2FXD_1.jpg.296x216.jpg
20200208,浦东,康桥,户型正气，通风性好，视野广，精装修，业主诚心出售,313万,2室1厅 | 80.97平米 | 南 | 简装 | 低楼层(共6层) | 2010年建 | 板楼,https://image1.ljcdn.com/310000-inspection/pc1_e7Rxe4M4X_1.jpg.296x216.jpg
20200208,浦东,康桥,满五唯一税费少 自住装修带车位 楼层好位置佳诚意出售,370万,2室2厅 | 90.6平米 | 南 | 精装 | 高楼层(共12层) | 2009年建 | 板楼,https://image1.ljcdn.com/310000-inspection/pc1_qSzWRGjHm_1.jpg.296x216.jpg
20200208,浦东,康桥,十二大安心服务承诺，保驾护航，南北通户型，楼层好,265万,2室1厅 | 71.97平米 | 南 | 精装 | 中楼层(共6层) | 2009年建 | 板楼,https://image1.ljcdn.com/310000-inspection/pc1_O1p7BBE1P_1.jpg.296x216.jpg
20200208,浦东,康桥,沪南站小区央位，，税费少，保养好，中间楼层,365万,2室1厅 | 76.69平米 | 南 | 其他 | 低楼层(共12层) | 2004年建 | 板楼,https://image1.ljcdn.com/310000-inspection/pc1_8qSAzs091_1.jpg.296x216.jpg
20200208,浦东,康桥,楼层好，业主诚心出售，价格可谈,230万,1室1厅 | 55.71平米 | 南 | 毛坯 | 中楼层(共5层) | 2008年建 | 板楼,https://image1.ljcdn.com/310000-inspection/pc1_gfcsafcrQ_1.jpg.296x216.jpg
20200208,浦东,康桥,满五唯一，11号线和16号线1.5公里，诚心出售,260万,2室1厅 | 74.55平米 | 南 北 | 简装 | 中楼层(共14层) | 2008年建 | 板楼,https://image1.ljcdn.com/310000-inspection/pc1_JMZxPaKhy_1.jpg.296x216.jpg
20200208,浦东,康桥,此房源满五年，产权清晰，两条地铁沿线，小区位置佳房主自荐,295万,2室2厅 | 77.62平米 | 南 北 | 简装 | 中楼层(共14层) | 2008年建 | 板楼,https://image1.ljcdn.com/310000-inspection/pc1_8ySypmRZk_1.jpg.296x216.jpg
20200208,浦东,康桥,视野开阔，得房率高，业主诚心出售,265万,2室1厅 | 72.54平米 | 南 | 精装 | 中楼层(共14层) | 2008年建 | 板楼,https://image1.ljcdn.com/310000-inspection/pc1_0mSBMvn2I_1.jpg.296x216.jpg
20200208,浦东,康桥,文怡苑 1室1厅  全南户型 双阳台,233万,1室1厅 | 55平米 | 南 | 精装 | 低楼层(共13层) | 2011年建 | 板楼,https://image1.ljcdn.com/310000-inspection/prod-f99ead1b-5bbb-4ea1-b48f-f4c5f6224efd.jpg.296x216.jpg
20200208,浦东,康桥,一手动迁，南北通透，纯毛坯，采光好,335万,2室2厅 | 87平米 | 南 北 | 毛坯 | 高楼层(共6层) | 2008年建 | 板楼,https://image1.ljcdn.com/310000-inspection/pc1_NtfrIkMlE_1.jpg.296x216.jpg
20200208,浦东,康桥,地铁口，南北通户型，多层得房率高，诚意出售,370万,2室2厅 | 81.48平米 | 南 | 简装 | 低楼层(共6层) | 2005年建 | 板楼,https://image1.ljcdn.com/310000-inspection/prod-65d39e33-7a46-4c0b-b06d-3bb209bd455a.jpg.296x216.jpg
20200208,浦东,康桥,万科物业  双南全明户型 通透 采光好 楼层好 税少,409万,2室1厅 | 82.55平米 | 南 北 | 毛坯 | 中楼层(共26层) | 2014年建 | 板楼,https://image1.ljcdn.com/310000-inspection/prod-14976c87-4b64-4e32-87c5-b7e745340ade.jpg.296x216.jpg
20200208,浦东,康桥,商品动迁 房 2014年次新小区 交通便利 无压力,270万,1室1厅 | 61.3平米 | 南 | 简装 | 低楼层(共14层) | 2014年建 | 板楼,https://image1.ljcdn.com/310000-inspection/prod-12ce70e9-01a1-4e5b-b387-69f5038e6608.jpg.296x216.jpg
20200208,浦东,康桥,海尚康庭 电梯高层三房 采光开阔 诚心出售,370万,3室2厅 | 99.5平米 | 南 北 | 简装 | 高楼层(共13层) | 2008年建 | 板楼,https://image1.ljcdn.com/310000-inspection/pc1_fdnAGa8Xa_1.jpg.296x216.jpg
20200208,浦东,康桥,经典小一居室，毛坯房，业主诚心出售，价格好谈。,229万,1室1厅 | 58.41平米 | 南 | 毛坯 | 高楼层(共14层) | 2010年建 | 板楼,https://image1.ljcdn.com/310000-inspection/prod-7d8f8d3c-d391-4792-94b0-12a97e1f3b79.jpg.296x216.jpg
20200208,浦东,康桥,三房朝南 复式房 业主诚售 看房方便,450万,4室2厅 | 86.51平米 | 南 | 精装 | 高楼层(共6层) | 2003年建 | 板楼,https://image1.ljcdn.com/310000-inspection/prod-b28c0658-e74b-4499-9548-9c644b1aa304.jpg.296x216.jpg
20200208,浦东,康桥,城中花园大三房，满五唯一税费少房主自荐,585万,3室2厅 | 154平米 | 南 北 | 简装 | 中楼层(共16层) | 2006年建 | 板楼,https://image1.ljcdn.com/310000-inspection/pc1_D3mEWv6cq_1.jpg.296x216.jpg
20200208,浦东,康桥,此房南北通透，生活配套齐，自住精装修，诚意卖,455万,2室2厅 | 98.34平米 | 南 北 | 精装 | 低楼层(共14层) | 2008年建 | 板楼,https://image1.ljcdn.com/310000-inspection/prod-a77c5fa3-6f0a-4255-a606-9723c917510c.jpg.296x216.jpg
20200208,浦东,康桥,精装一室户，中间楼层，靠河边位置,208万,1室1厅 | 55.01平米 | 南 | 精装 | 高楼层(共14层) | 2008年建 | 板楼,https://image1.ljcdn.com/310000-inspection/prod-cffcff9f-9f42-43e6-b222-9b72efc40c80.jpg.296x216.jpg
20200208,浦东,康桥,一房南北通，精装，温馨，一房南北通,215万,1室1厅 | 51.41平米 | 南 | 精装 | 高楼层(共6层) | 2009年建 | 板楼,https://image1.ljcdn.com/310000-inspection/prod-451b13b2-e773-4c80-b2a3-2028e73596b7.jpg.296x216.jpg
20200208,浦东,康桥,国际公寓70年产权精装三房，好物业，好房！,580万,3室2厅 | 120.61平米 | 南 | 精装 | 低楼层(共22层) | 2010年建 | 板楼,https://image1.ljcdn.com/310000-inspection/pc1_OFH8irkLx_1.jpg.296x216.jpg
20200208,浦东,康桥,楼间距开阔+婚房装修+业主诚意出售+视野很好,370万,2室1厅 | 78.1平米 | 南 | 精装 | 高楼层(共6层) | 2004年建 | 板楼,https://image1.ljcdn.com/310000-inspection/test-d898db95-aead-445f-9075-4e6cc09fd290.png.296x216.jpg
20200208,浦东,康桥,经济小三房，三开间朝南，靠经小区东门口,458万,3室2厅 | 101.8平米 | 南 北 | 简装 | 中楼层(共6层) | 2005年建 | 板楼,https://image1.ljcdn.com/310000-inspection/prod-b4aad318-5995-4d96-81ab-ad6c5710c461.jpg.296x216.jpg
20200208,浦东,康桥,一楼做花园+小区央位+精装全配+满五年+南北通透采光好,432万,3室2厅 | 114.35平米 | 南 北 | 精装 | 低楼层(共6层) | 2004年建 | 板楼,https://image1.ljcdn.com/310000-inspection/prod-c3a46a26-7bc3-4cfe-9bbf-275701179929.jpg.296x216.jpg
20200208,浦东,康桥,电梯高区双南户型 楼层视野俱佳 看房方便,279万,2室1厅 | 81.58平米 | 南 | 精装 | 高楼层(共14层) | 2008年建 | 板楼,https://image1.ljcdn.com/310000-inspection/pc1_q4VKxLBLC_1.jpg.296x216.jpg
20200208,浦东,康桥,近地铁精装一室户，全明好户型，交通便利,234万,1室2厅 | 59平米 | 南 | 精装 | 中楼层(共14层) | 2010年建 | 板楼,https://image1.ljcdn.com/310000-inspection/pc1_YAstDwTlz_1.jpg.296x216.jpg
20200208,浦东,康桥,业主二手买进  省税装修好 看房方便 业主诚心出售,415万,2室2厅 | 100.47平米 | 南 | 精装 | 中楼层(共16层) | 2006年建 | 板楼,https://image1.ljcdn.com/310000-inspection/pc1_bxEZTY6oP_1.jpg.296x216.jpg
20200208,浦东,康桥,满五唯一，精装修，诚心出售，看中可谈,265万,2室1厅 | 74.55平米 | 南 | 精装 | 低楼层(共14层) | 2008年建 | 板楼,https://image1.ljcdn.com/310000-inspection/pc1_iS7wauk9L_1.jpg.296x216.jpg
20200208,浦东,康桥,康桥宝邸小区景观房，天然氧吧在旁边，延年益寿,287万,2室1厅 | 75.47平米 | 南 北 | 精装 | 高楼层(共6层) | 2007年建 | 板楼,https://image1.ljcdn.com/310000-inspection/prod-780dc3c6-9358-4039-9e45-4001461e5102.jpg.296x216.jpg
20200208,浦东,康桥,海尚康庭 2室2厅 219万,219万,2室2厅 | 58.62平米 | 南 | 精装 | 高楼层(共14层) | 2008年建 | 板楼,https://image1.ljcdn.com/310000-inspection/pc1_Sv9hnygSP_1.jpg.296x216.jpg
20200208,浦东,康桥,电梯大两房  满五唯一 诚心出售,425万,2室2厅 | 97.21平米 | 南 北 | 精装 | 低楼层(共14层) | 2005年建 | 板楼,https://image1.ljcdn.com/310000-inspection/pc1_fCxgAVNez_1.jpg.296x216.jpg
20200208,浦东,康桥,万达边 南北通2房  满五年唯一 税费少,360万,2室2厅 | 80.56平米 | 南 | 精装 | 中楼层(共5层) | 2005年建 | 板楼,https://image1.ljcdn.com/310000-inspection/pc1_AeiGobYPA_1.jpg.296x216.jpg
20200208,浦东,康桥,康桥板块少有美式别墅，朝南大花园，我最喜欢的别墅,2700万,4室2厅 | 382.01平米 | 东南 南 | 精装 | 低楼层(共2层) | 2003年建 | 板楼,https://image1.ljcdn.com/310000-inspection/rsp_pic_upload48791a69-5084-42b7-a952-51844f488d5b.jpg.296x216.jpg
20200208,浦东,康桥,房东诚心出售 现有租客 价格看中可以谈位置不错,1430万,5室3厅 | 268.04平米 | 南 | 简装 | 低楼层(共3层) | 2001年建 | 板楼,https://image1.ljcdn.com/shfdfs-image/20170607/4f411ef5-5eae-488e-889e-728d081bc2a1.jpg.296x216.jpg
20200208,浦东,康桥,汤巷 距离张江近 楼层采光好 满五 税 费 少,259万,2室1厅 | 72.65平米 | 南 | 毛坯 | 中楼层(共6层) | 1999年建 | 板楼,https://image1.ljcdn.com/shfdfs-image/20170325/cf1d6734-0f6d-4b04-85c4-42aa790a0562.jpg.296x216.jpg
20200208,浦东,康桥,业主诚意出售，价钱可谈，自住精装修，中间独栋,1360万,4室3厅 | 252.13平米 | 南 | 精装 | 低楼层(共2层) | 2003年建 | 板楼,https://image1.ljcdn.com/shfdfs-image/20171202/0a8cce8d-717b-4294-8e1f-caf230f771e3.jpg.296x216.jpg
20200208,浦东,康桥,绿宝园美式独栋别墅，精装修，大花园！,2550万,5室2厅 | 382平米 | 南 | 精装 | 低楼层(共2层) | 2003年建 | 板楼,https://image1.ljcdn.com/310000-inspection/8c023458-e383-416a-b972-45cd1566cbd6.jpg.296x216.jpg
20200208,浦东,康桥,商场旁，18号线地铁口，正宗南北通透大三房，两卫。,510万,3室2厅 | 136.58平米 | 南 北 | 毛坯 | 高楼层(共6层) | 2004年建 | 板楼,https://image1.ljcdn.com/shfdfs-image/20171226/9d915f33-51d8-47fc-9089-838ed3068710.jpg.296x216.jpg
20200208,浦东,康桥,装修满二年，自住保养，买进的，税费少业主置换,275万,2室2厅 | 72.27平米 | 南 | 精装 | 高楼层(共6层) | 2010年建 | 板楼,https://image1.ljcdn.com/310000-inspection/test-017d809e-93bb-4f71-b290-adb50f723446.png.296x216.jpg
20200208,浦东,康桥,南北通，视野宽阔，双露台、交通便利，有钥匙,900万,3室2厅 | 161.97平米 | 南 | 简装 | 低楼层(共3层) | 2002年建 | 板楼,https://image1.ljcdn.com/shfdfs-image/20171215/153b1ed4-4b86-4f51-9a3f-e9c2c655d5c4.jpg.296x216.jpg
20200208,浦东,康桥,双轨交通，精装两房，满两年，小区环境优美，诚心出售,275万,2室2厅 | 80.88平米 | 南 北 | 精装 | 中楼层(共5层) | 2008年建 | 板楼,https://image1.ljcdn.com/310000-inspection/f2ee5b28-5ea9-49c1-a3f8-656d94ae048b.jpg.296x216.jpg
20200208,浦东,康桥,精装修 业主诚心出售 拎包入住 装修新潮房主自荐,980万,5室2厅 | 254.91平米 | 南 | 精装 | 低楼层(共12层) | 2006年建 | 板楼,https://image1.ljcdn.com/shfdfs-image/20180115/ec74e13b-5f22-4665-b437-aa99921d384b.jpg.296x216.jpg
20200208,浦东,康桥,业主诚意出售，三层独栋边套，精装修！满五年,1400万,4室2厅 | 240.82平米 | 南 | 精装 | 低楼层(共3层) | 2005年建 | 板楼,https://image1.ljcdn.com/310000-inspection/rsp_pic_upload9dde0fcf-4865-4cbf-81c7-c2e010d8ff04.jpg.296x216.jpg
20200208,浦东,康桥,独栋别墅花园住宅，花园大，停车方便！,1180万,3室2厅 | 203.53平米 | 南 | 毛坯 | 低楼层(共3层) | 2007年建 | 板楼,https://image1.ljcdn.com/310000-inspection/4a73c5b6-e7f3-4704-8395-e05eca978c8c.jpg.296x216.jpg
20200208,浦东,康桥,九大安心，保驾护航，南北户型，楼层好，采光好,280万,2室2厅 | 78.67平米 | 南 | 精装 | 中楼层(共14层) | 2010年建 | 板楼,https://image1.ljcdn.com/shfdfs-image/20171203/200f9269-b134-43f7-a7a1-02379c3140f5.jpg.296x216.jpg
20200208,浦东,康桥,达城锦园2房，南北通户型，楼层采光通风效果佳,293万,2室2厅 | 77.95平米 | 南 北 | 毛坯 | 中楼层(共14层) | 2010年建 | 板楼,https://image1.ljcdn.com/310000-inspection/test-1ef575f9-cc0c-4175-870a-df29d62b7512.png.296x216.jpg
20200208,浦东,康桥,三层独栋别墅，看房方便，房东诚意出售,1230万,4室2厅 | 227.64平米 | 南 | 精装 | 低楼层(共3层) | 2001年建 | 板楼,https://image1.ljcdn.com/310000-inspection/e1c90134-07dc-4fa7-a453-155636356971.jpg.296x216.jpg
20200208,浦东,康桥,昱龙家园超高性价三房，顶楼带阁楼,320万,3室1厅 | 93.65平米 | 暂无数据 | 简装 | 高楼层(共6层) | 2006年建 | 板楼,https://image1.ljcdn.com/310000-inspection/ecd18598-946c-4f59-a17a-4ea51ce64ca9.jpg.296x216.jpg
20200208,浦东,康桥,康桥半岛 店长主推房源 坐落位置佳采光好带超大南花园房主自荐,970万,3室2厅 | 179.76平米 | 南 | 简装 | 低楼层(共3层) | 2001年建 | 板楼,https://image1.ljcdn.com/310000-inspection/3f4079a7-f0c0-432d-b66a-3518bb9ae524.jpg.296x216.jpg
20200208,浦东,康桥,康桥半岛四期密苏里假日公寓4楼复5楼带双露台房主自荐,820万,3室2厅 | 163.83平米 | 南 | 精装 | 高楼层(共4层) | 2004年建 | 板楼,https://image1.ljcdn.com/310000-inspection/38631e51-65b4-4c47-b97f-ad1eaebc53c0.jpg.296x216.jpg
20200208,浦东,康桥,康桥半岛五期别墅 两层独栋 精心装修 业主急售,1400万,4室2厅 | 252.13平米 | 南 | 精装 | 低楼层(共2层) | 2004年建 | 板楼,https://image1.ljcdn.com/310000-inspection/150d0d97-9236-42bc-9743-ccaa80c315f0.jpg.296x216.jpg
20200208,浦东,康桥,别墅区内的住宅，舒适度高，低密度！业主诚意出售,608万,3室2厅 | 126.97平米 | 南 | 精装 | 中楼层(共4层) | 2003年建 | 板楼,https://image1.ljcdn.com/shfdfs-image/20170301/ccf3858a-432c-4ec6-b494-667097e8bfb6.jpg.296x216.jpg
20200208,浦东,康桥,周浦东3房 精装高区 不靠路 税少方便看,360万,3室1厅 | 85.73平米 | 南 北 | 精装 | 高楼层(共14层) | 2010年建 | 板楼,https://image1.ljcdn.com/310000-inspection/874e4971-5746-4b4f-b938-1585e77d2ada.jpg.296x216.jpg
20200208,浦东,康桥,两层独栋，南花园随时看房，业主急售,1300万,3室2厅 | 211.76平米 | 南 | 精装 | 低楼层(共2层) | 2002年建 | 板楼,https://image1.ljcdn.com/shfdfs-image/20170923/b4b5f034-9d52-434b-8496-93c2d1cace0a.jpg.296x216.jpg
20200208,浦东,康桥,新盘！位置好，北进门南花园800平，装修好，随时看房,3400万,5室2厅 | 351.15平米 | 南 | 精装 | 2层 | 2004年建 | 板楼 | 独栋别墅,https://image1.ljcdn.com/310000-inspection/6cc4fc5f-7c34-494c-9ee3-0a5245fba0d7.jpg.296x216.jpg
20200208,浦东,康桥,装修好，户口一个人看房随时方便！,480万,3室2厅 | 115.53平米 | 南 北 | 精装 | 低楼层(共14层) | 2006年建 | 板楼,https://image1.ljcdn.com/310000-inspection/rsp_pic_upload20417cec-22f9-412a-9fe6-963ce4ec079a.jpg.296x216.jpg
20200208,浦东,康桥,四期诚意出售独栋别墅，小区中间位置，随时看房,1280万,4室2厅 | 252.13平米 | 南 | 毛坯 | 低楼层(共2层) | 2003年建 | 板楼,https://image1.ljcdn.com/310000-inspection/99cb935b-0b6a-406d-88c8-da9b2e709ddc.jpg.296x216.jpg
