20200208,浦东,杨思前滩,杨思前滩+南北通户型+满五唯一税费少+楼层好采光好必看好房,360万,2室2厅 | 67.15平米 | 南 | 精装 | 中楼层(共6层) | 2000年建 | 板楼,https://image1.ljcdn.com/310000-inspection/pc1_KvCNLSgDP_1.jpg.296x216.jpg
20200208,浦东,杨思前滩,杨思前滩+CBD+三轨交汇+满五唯一+中间楼层+随时看房必看好房,610万,3室2厅 | 98.2平米 | 南 | 精装 | 中楼层(共5层) | 1999年建 | 板楼,https://image1.ljcdn.com/310000-inspection/pc1_ZHGMyx0TP_1.jpg.296x216.jpg
20200208,浦东,杨思前滩,杨思前滩+CBD+三轨交汇+满五唯一+诚意出售必看好房,702万,3室2厅 | 108.22平米 | 南 | 精装 | 低楼层(共6层) | 2001年建 | 板楼,https://image1.ljcdn.com/310000-inspection/pc1_5LHTPWTfl_1.jpg.296x216.jpg
20200208,浦东,杨思前滩,杨思前滩+南杨小区+8号线杨思+楼层佳+采光通风好必看好房,204万,1室1厅 | 41.89平米 | 南 | 精装 | 中楼层(共6层) | 1995年建 | 板楼,https://image1.ljcdn.com/310000-inspection/pc1_Lyoj48NMe_1.jpg.296x216.jpg
20200208,浦东,杨思前滩,杨思前滩+近地铁+中环边+南北大两房+中间楼层+诚意卖必看好房,588万,2室2厅 | 96.13平米 | 南 | 简装 | 中楼层(共6层) | 2004年建 | 板楼,https://image1.ljcdn.com/310000-inspection/prod-f27d5119-fca6-4759-ac2b-9052b19dbaeb.jpg.296x216.jpg
20200208,浦东,杨思前滩,杨思前滩+门店主推房+满五唯一+小区中间位置必看好房,287万,1室1厅 | 61.09平米 | 南 | 毛坯 | 中楼层(共11层) | 2006年建 | 板楼,https://image1.ljcdn.com/310000-inspection/pc1_4DWDuw6vF_1.jpg.296x216.jpg
20200208,浦东,杨思前滩,杨思前滩＋中间楼层＋地铁口＋花园位置＋有钥匙必看好房,280万,2室1厅 | 55平米 | 南 | 其他 | 中楼层(共6层) | 1995年建 | 板楼,https://image1.ljcdn.com/310000-inspection/pc1_bZo2liSnQ_1.jpg.296x216.jpg
20200208,浦东,杨思前滩,杨思前滩 +8号线杨思+一梯两户+位置好+非顶楼+钥匙房必看好房,200万,1室1厅 | 39.93平米 | 南 | 简装 | 高楼层(共6层) | 1995年建 | 板楼,https://image1.ljcdn.com/310000-inspection/pc1_wqubrLNQB_1.jpg.296x216.jpg
20200208,浦东,杨思前滩,杨思前滩＋2房朝南＋厅南北通＋不沿街＋楼层好＋靠河必看好房,642万,3室2厅 | 83.19平米 | 南 | 简装 | 高楼层(共6层) | 1999年建 | 板楼,https://image1.ljcdn.com/310000-inspection/pc1_aa7FHhhWK_1.jpg.296x216.jpg
20200208,浦东,杨思前滩,杨思前滩+精装两室+花园+位置好必看好房,557万,2室2厅 | 84.71平米 | 南 | 精装 | 低楼层(共6层) | 2001年建 | 板楼,https://image1.ljcdn.com/310000-inspection/pc1_BKyfT6yeI_1.jpg.296x216.jpg
20200208,浦东,杨思前滩,杨思前滩+近杨思站+精装修+全明户型+满五唯一+随时看必看好房,320万,2室1厅 | 61.47平米 | 南 北 | 精装 | 低楼层(共6层) | 1994年建 | 板楼,https://image1.ljcdn.com/310000-inspection/pc1_wfizcXkcD_1.jpg.296x216.jpg
20200208,浦东,杨思前滩,杨思前滩+八号线杨思站+业主诚意出售+看房随时必看好房,230万,1室1厅 | 46.4平米 | 南 | 毛坯 | 低楼层(共6层) | 1993年建 | 板楼,https://image1.ljcdn.com/310000-inspection/test-e46892d2-b9cf-4bcb-a500-cb25481611a9.png.296x216.jpg
20200208,浦东,杨思前滩,杨思前滩+三轨交汇+精装一房+拎包入住+总价低+近地铁必看好房,183万,1室1厅 | 40.75平米 | 南 | 精装 | 高楼层(共6层) | 1992年建 | 板楼,https://image1.ljcdn.com/310000-inspection/5bd1bec9-e054-4334-9901-ca85134aeebc_1000.jpg.296x216.jpg
20200208,浦东,杨思前滩,前滩+飞机户型+位置佳+采光好+满五唯一+格局好+诚意售必看好房,660万,3室2厅 | 97.32平米 | 南 | 简装 | 高楼层(共6层) | 1999年建 | 板楼,https://image1.ljcdn.com/310000-inspection/prod-c0a6feba-d54c-49c1-8ac3-a7d3562db0fd.jpg.296x216.jpg
20200208,浦东,杨思前滩,杨思前滩+税费低+精装修+双南全明两房+业主自住必看好房,385万,2室1厅 | 76.66平米 | 南 | 精装 | 高楼层(共6层) | 2006年建 | 板楼,https://image1.ljcdn.com/310000-inspection/prod-937c5e17-258d-47e3-b0b7-607f99eeabba.jpg.296x216.jpg
20200208,浦东,杨思前滩,杨思前滩，一手动迁免增值税，配套齐全，诚意出售必看好房,278万,1室1厅 | 50.55平米 | 南 北 | 简装 | 低楼层(共11层) | 2008年建 | 板楼,https://image1.ljcdn.com/310000-inspection/pc1_MszhN1yM0_1.jpg.296x216.jpg
20200208,浦东,杨思前滩,杨思前滩＋精装一房＋满五唯一＋8号线杨思＋有钥匙必看好房,195万,1室1厅 | 41.14平米 | 南 | 精装 | 高楼层(共6层) | 1995年建 | 板楼,https://image1.ljcdn.com/310000-inspection/0246f213-cddd-4b1f-b78f-1bdb1758e71f_1000.jpg.296x216.jpg
20200208,浦东,杨思前滩,杨思前滩+非顶楼+看房随时+诚意出售+价格可谈+户型好必看好房,345万,1室1厅 | 52.72平米 | 南 东 | 毛坯 | 高楼层(共6层) | 2008年建 | 板楼,https://image1.ljcdn.com/310000-inspection/pc1_eldHumkCl_1.jpg.296x216.jpg
20200208,浦东,杨思前滩,前滩+明珠c+满五唯一+南北两房+楼层佳+价格可以谈+急必看好房,545万,2室2厅 | 74.92平米 | 南 | 简装 | 低楼层(共6层) | 1999年建 | 板楼,https://image1.ljcdn.com/310000-inspection/pc1_xjljloL8L_1.jpg.296x216.jpg
20200208,浦东,杨思前滩,杨思前滩+采光好+位置好+一手动迁+近地铁必看好房,510万,2室1厅 | 78.68平米 | 南 | 简装 | 高楼层(共11层) | 2010年建 | 板楼,https://image1.ljcdn.com/310000-inspection/pc1_yUjvaXtp4_1.jpg.296x216.jpg
20200208,浦东,杨思前滩,杨思前滩+配套成熟+满五唯一+次底层+18平露台必看好房,530万,2室2厅 | 89.25平米 | 南 北 | 简装 | 低楼层(共6层) | 2000年建 | 板楼,https://image1.ljcdn.com/310000-inspection/pc1_Dmod7KZ4K_1.jpg.296x216.jpg
20200208,浦东,杨思前滩,杨思前滩+坐拥亿丰广场+满五年唯一+2000商品房必看好房,525万,2室2厅 | 89.25平米 | 南 北 | 简装 | 高楼层(共6层) | 2000年建 | 板楼,https://image1.ljcdn.com/310000-inspection/f717878c-01cf-47bd-9c5e-89832e97848f_1000.jpg.296x216.jpg
20200208,浦东,杨思前滩,杨思前滩＋税费少＋8号线杨思＋精装修＋阁楼必看好房,220万,2室1厅 | 41.14平米 | 南 | 精装 | 高楼层(共6层) | 1995年建 | 板楼,https://image1.ljcdn.com/310000-inspection/pc1_2vBIbD3hE_1.jpg.296x216.jpg
20200208,浦东,杨思前滩,杨思前滩+多层二楼+一手动迁满五唯一+停车方便必看好房,385万,2室1厅 | 77.01平米 | 南 | 简装 | 低楼层(共6层) | 2006年建 | 板楼,https://image1.ljcdn.com/310000-inspection/pc1_yD69iTjQV_1.jpg.296x216.jpg
20200208,浦东,杨思前滩,杨思前滩+前滩CBD+三轨交汇+可看江景+太古里必看好房,760万,1室1厅 | 58平米 | 南 | 精装 | 高楼层(共33层)  | 塔楼,https://image1.ljcdn.com/310000-inspection/5095f777-f727-4a66-be55-8a60c79d4a91_1000.jpg.296x216.jpg
20200208,浦东,杨思前滩,杨思前滩+全明通透两房+精装不顶不靠路+业主诚意出售必看好房,379万,2室1厅 | 74.05平米 | 南 | 精装 | 高楼层(共6层) | 2006年建 | 板楼,https://image1.ljcdn.com/310000-inspection/pc1_JLmZzMCh7_1.jpg.296x216.jpg
20200208,浦东,杨思前滩,杨思前滩+6号线+两房+通风好+楼层佳+配套齐+诚心卖必看好房,340万,2室1厅 | 71.98平米 | 南 北 | 精装 | 低楼层(共6层) | 1998年建 | 板楼,https://image1.ljcdn.com/310000-inspection/pc1_CQTH9YDJL_1.jpg.296x216.jpg
20200208,浦东,杨思前滩,杨思前滩+总价低一室户+诚意出售+看房方便必看好房,176万,1室1厅 | 34.74平米 | 南 | 简装 | 高楼层(共6层) | 1992年建 | 板楼,https://image1.ljcdn.com/310000-inspection/pc1_0YwzpxeGS_1.jpg.296x216.jpg
20200208,浦东,杨思前滩,三林世博家园(东书房路390弄) 1室1厅 298万必看好房,298万,1室1厅 | 64.78平米 | 南 | 其他 | 低楼层(共22层) | 2006年建 | 板楼,https://image1.ljcdn.com/x-se/hdic-frame/608e17c8-0461-45e8-8193-cd2f732334cf.png.296x216.jpg
20200208,浦东,杨思前滩,杨思前滩+双卧客厅朝南+精装修三房+中间位置+大阳台,1080万,3室2厅 | 135.28平米 | 南 | 精装 | 低楼层(共8层) | 2007年建 | 板楼,https://image1.ljcdn.com/310000-inspection/prod-095e30da-6381-4295-8720-9ecc46e9ef40.jpg.296x216.jpg
20200208,浦东,杨思前滩,杨思前滩+华二+地暖zhongyang空调精装+中粮智能社区,1180万,3室1厅 | 94平米 | 南 | 精装 | 低楼层(共16层)  | 塔楼,https://image1.ljcdn.com/310000-inspection/prod-11996d7b-39a2-4f3f-afbc-7fd067bb1fec.jpg.296x216.jpg
20200208,浦东,杨思前滩,杨思前滩+钥匙房+中间楼层+边套电梯+品质小区,845万,2室2厅 | 94.83平米 | 南 | 精装 | 中楼层(共13层) | 2015年建 | 板楼,https://image1.ljcdn.com/310000-inspection/prod-bce42d40-8aca-44ab-b773-ae739d717d9d.jpg.296x216.jpg
20200208,浦东,杨思前滩,前滩CBD板块+电梯品质小区+业主诚意出售,1215万,4室2厅 | 123.98平米 | 南 | 精装 | 中楼层(共6层) | 2010年建 | 板楼,https://image1.ljcdn.com/310000-inspection/prod-d223efcb-9aea-4d2e-bf11-16a743d1dbf0.jpg.296x216.jpg
20200208,浦东,杨思前滩,杨思前滩+精装一房+双南+诚意出售+采光充足,345万,1室1厅 | 58.78平米 | 南 | 精装 | 低楼层(共14层) | 2007年建 | 板楼,https://image1.ljcdn.com/310000-inspection/pc1_hdbrlqLWX_1.jpg.296x216.jpg
20200208,浦东,杨思前滩,杨思前滩+精装修+三线交轨+业主诚心出售+户型通透房主自荐,565万,2室2厅 | 93.06平米 | 南 北 | 精装 | 高楼层(共6层) | 2001年建 | 板楼,https://image1.ljcdn.com/310000-inspection/90e76f53-efb6-4a7a-8102-8ece48ebce2f_1000.jpg.296x216.jpg
20200208,浦东,杨思前滩,杨思前滩+高品质小区+带产权车位+次顶楼,1090万,3室2厅 | 132.67平米 | 南 北 | 精装 | 高楼层(共8层) | 2007年建 | 板楼,https://image1.ljcdn.com/310000-inspection/prod-88fe3cab-54e3-4aca-86ea-6e02f3b7c0ac.jpg.296x216.jpg
20200208,浦东,杨思前滩,杨思前滩+CBD+一手动迁税费少+楼层佳+全南户型房主自荐,630万,3室1厅 | 90.84平米 | 南 | 毛坯 | 中楼层(共11层) | 2008年建 | 板楼,https://image1.ljcdn.com/310000-inspection/pc1_KsHehCcPY_1.jpg.296x216.jpg
20200208,浦东,杨思前滩,杨思前滩+近地铁8号线+有钥匙+南北通+配套齐全,795万,2室2厅 | 117.06平米 | 南 北 | 简装 | 14层 | 2004年建 | 板楼,https://image1.ljcdn.com/310000-inspection/pc1_lr2oKgVVD_1.jpg.296x216.jpg
20200208,浦东,杨思前滩,杨思前滩+满五唯一+无个税+工作日随时看,2248万,4室2厅 | 320.56平米 | 南 | 精装 | 下叠(共4层) | 2011年建 | 板楼 | 叠拼别墅,https://image1.ljcdn.com/310000-inspection/prod-97832f4a-3ac8-4631-8dd8-9556d7cbf9c9.jpg.296x216.jpg
20200208,浦东,杨思前滩,海吉公寓 4室3厅 625万房主自荐,625万,4室3厅 | 91.04平米 | 南 北 | 简装 | 高楼层(共6层)  | 板楼,https://image1.ljcdn.com/310000-inspection/pc1_9NZ4WXwek_1.jpg.296x216.jpg
20200208,浦东,杨思前滩,杨思前滩+15年次新房+精装交付+人车分流+别墅景观,1329万,3室2厅 | 142.96平米 | 南 | 精装 | 高楼层(共20层) | 2015年建 | 板楼,https://image1.ljcdn.com/310000-inspection/test-85fef9c8-d48f-4cdf-bddf-a84fa9c5dda5.png.296x216.jpg
20200208,浦东,杨思前滩,杨思前滩+CBD+中环内+动迁房免增+出门就是亿丰广场,650万,3室2厅 | 112.47平米 | 南 | 简装 | 低楼层(共6层) | 2007年建 | 板楼,https://image1.ljcdn.com/310000-inspection/test-e2b6e865-bd8e-4554-8b80-a1bb8cd92d95.png.296x216.jpg
20200208,浦东,杨思前滩,杨思前滩+CBD+三线地铁交轨+ 边套一楼采光充足房主自荐,339万,2室1厅 | 56.86平米 | 南 | 简装 | 低楼层(共6层) | 1996年建 | 板楼,https://image1.ljcdn.com/310000-inspection/prod-ebd318d7-d726-45ee-bfda-78c50e541e44.jpg.296x216.jpg
20200208,浦东,杨思前滩,合生时代锦苑(公寓) 4室2厅 1230万,1230万,4室2厅 | 144平米 | 南 | 精装 | 低楼层(共20层) | 2015年建 | 板楼,https://image1.ljcdn.com/310000-inspection/pc1_eW4vEqw7Z_1.jpg.296x216.jpg
20200208,浦东,杨思前滩,杨思前滩+纯商品房+小区花园位置+拎包入住+有钥匙,585万,2室1厅 | 89.39平米 | 南 | 精装 | 高楼层(共6层) | 2004年建 | 板楼,https://image1.ljcdn.com/310000-inspection/pc1_S1T6iP1DN_1.jpg.296x216.jpg
20200208,浦东,杨思前滩,杨思前滩+中环内+稀有板式+品质小区+有钥匙+精选2室房主自荐,585万,2室2厅 | 96.08平米 | 南 | 简装 | 6层 | 2001年建 | 板楼 | 双拼别墅,https://image1.ljcdn.com/310000-inspection/pc1_pJbO0i8al_1.jpg.296x216.jpg
20200208,浦东,杨思前滩,杨思前滩+中间楼层+南北双阳台+板式大三房+看房随时,560万,3室2厅 | 116.09平米 | 南 | 毛坯 | 中楼层(共6层) | 2006年建 | 板楼,https://image1.ljcdn.com/310000-inspection/prod-878e14af-3dcd-4122-8525-50939eb91eaa.jpg.296x216.jpg
20200208,浦东,杨思前滩,杨思前滩+高区景观俯瞰公园河流+精装修带地暖+地铁口,848万,2室2厅 | 99.86平米 | 南 | 精装 | 高楼层(共8层) | 2007年建 | 板楼,https://image1.ljcdn.com/310000-inspection/prod-b2c46102-c23e-451d-9ad6-cc03aeff0414.jpg.296x216.jpg
20200208,浦东,杨思前滩,恒大翰城瀚林苑 4室2厅 775万,775万,4室2厅 | 157.22平米 | 南 | 简装 | 6层 | 2001年建 | 板楼 | 联排别墅,https://image1.ljcdn.com/310000-inspection/prod-22b4e765-2202-4e13-a73f-fbbf3876744e.jpg.296x216.jpg
20200208,浦东,杨思前滩,杨思前滩+8号线杨思379米+中楼层+精装修+商品房,605万,2室2厅 | 87.54平米 | 南 北 | 精装 | 中楼层(共5层) | 2003年建 | 板楼,https://image1.ljcdn.com/310000-inspection/pc1_FDn9MOWwb_1.jpg.296x216.jpg
20200208,浦东,杨思前滩,杨思前滩+精品小区+未住过人+小区中间位置+房型好,540万,2室2厅 | 73.49平米 | 南 | 毛坯 | 中楼层(共6层) | 2006年建 | 板楼,https://image1.ljcdn.com/310000-inspection/test-71ee3304-6946-4118-b095-e2f240060935.png.296x216.jpg
20200208,浦东,杨思前滩,杨思前滩+6号线地铁口+满五唯一+采光通风佳+有露台。,816万,4室3厅 | 156.81平米 | 南 | 精装 | 高楼层(共6层) | 2002年建 | 板楼,https://image1.ljcdn.com/310000-inspection/b1a05f65-309f-420b-b71f-580078db37b2_1000.jpg.296x216.jpg
20200208,浦东,杨思前滩,杨思前难，三房两卫6复7，满五唯一，商品房，近地铁,690万,3室2厅 | 138.37平米 | 南 | 精装 | 高楼层(共6层) | 2006年建 | 板楼,https://image1.ljcdn.com/310000-inspection/9e71195c-d6de-43f4-acf8-d0e13553ecbd_1000.jpg.296x216.jpg
20200208,浦东,杨思前滩,杨思前滩+南北户型+东边套+户型全明采光好,425万,2室2厅 | 74.93平米 | 南 | 精装 | 中楼层(共6层) | 2000年建 | 板楼,https://image1.ljcdn.com/310000-inspection/pc1_nhXVFNdzk_1.jpg.296x216.jpg
20200208,浦东,杨思前滩,杨思前滩+一手动迁+简装三房+低楼层+小区安静,516万,3室1厅 | 87.74平米 | 南 | 简装 | 低楼层(共6层) | 1998年建 | 板楼,https://image1.ljcdn.com/310000-inspection/pc1_VkKufQ5pZ_1.jpg.296x216.jpg
20200208,浦东,杨思前滩,杨思前滩+精装三房+环境好+满五唯一,740万,3室1厅 | 125.19平米 | 南 | 精装 | 高楼层(共6层) | 2001年建 | 板楼,https://image1.ljcdn.com/310000-inspection/prod-8841b105-03ec-47a9-a12b-51559a6cdb25.jpg.296x216.jpg
20200208,浦东,杨思前滩,杨思前滩+CBD+6/8/11三线地铁轨交+中间楼层+板式三房,750万,3室2厅 | 113.9平米 | 南 | 简装 | 中楼层(共6层) | 2002年建 | 板楼,https://image1.ljcdn.com/310000-inspection/12b046dd-e7e4-4e72-a8b8-1a10ded8b00c_1000.jpg.296x216.jpg
20200208,浦东,杨思前滩,杨思前滩+满五唯一+6号线+板式3房+单价低+非顶楼,580万,3室2厅 | 102.85平米 | 南 北 | 精装 | 高楼层(共6层) | 2002年建 | 板楼,https://image1.ljcdn.com/310000-inspection/prod-80ee449a-e3bc-4836-b8d6-cea08e0505e4.jpg.296x216.jpg
20200208,浦东,杨思前滩,杨思前滩+电梯复式洋房+附三个露台，3.4米挑高主卧,1530万,4室2厅 | 192平米 | 南 | 精装 | 中楼层(共8层) | 2007年建 | 板楼,https://image1.ljcdn.com/310000-inspection/prod-393382f2-09b2-49ac-882b-b7b92d1b8859.jpg.296x216.jpg
20200208,浦东,杨思前滩,杨思前滩+南杨小区+8号线杨思+精装修+南北两房+非顶楼,320万,2室1厅 | 62.19平米 | 南 | 简装 | 高楼层(共6层) | 1995年建 | 板楼,https://image1.ljcdn.com/310000-inspection/test-037ebbda-3c15-4171-9768-c7141e1d4405.png.296x216.jpg
20200208,浦东,杨思前滩,杨思前滩+三轨交+精装一房+前滩商务区旁+中间位置,275万,1室1厅 | 56.18平米 | 南 | 精装 | 高楼层(共6层) | 1995年建 | 板楼,https://image1.ljcdn.com/310000-inspection/pc1_2Dym7rhPk_1.jpg.296x216.jpg
20200208,浦东,杨思前滩,杨思前滩+CBD+6/8/11三线地铁轨交+中间楼层+配套齐全,662万,3室2厅 | 112.08平米 | 南 | 简装 | 中楼层(共6层) | 2000年建 | 板楼,https://image1.ljcdn.com/310000-inspection/183773f2-7871-4a5d-8394-58a34ea6b477_1000.jpg.296x216.jpg
20200208,浦东,杨思前滩,杨思前滩+电梯顶层附阁楼 +花园位置+ 全明户型,480万,3室2厅 | 96.71平米 | 南 | 毛坯 | 高楼层(共11层) | 2006年建 | 板楼,https://image1.ljcdn.com/310000-inspection/pc1_9kPfMs1O6_1.jpg.296x216.jpg
20200208,浦东,杨思前滩,杨思前滩+只在链家出售+近地铁+2010年的房龄,350万,1室1厅 | 66.2平米 | 南 | 简装 | 低楼层(共11层) | 2010年建 | 板楼,https://image1.ljcdn.com/310000-inspection/pc1_6tDm19tia_1.jpg.296x216.jpg
20200208,浦东,杨思前滩,杨思前滩+三轨交汇+双南两房+满五唯一,390万,2室1厅 | 68.62平米 | 南 北 | 简装 | 低楼层(共6层) | 1997年建 | 板楼,https://image1.ljcdn.com/310000-inspection/0d779a0c-0748-4ffd-b21f-b984a97d86e0_1000.jpg.296x216.jpg
20200208,浦东,杨思前滩,杨思前滩+一手动迁税费少+电梯两房带阁楼+看房方便,540万,2室2厅 | 82.36平米 | 南 北 | 精装 | 高楼层(共11层) | 2010年建 | 板楼,https://image1.ljcdn.com/310000-inspection/prod-68f14ad6-90c1-4a2c-8434-46ec08bf28cb.jpg.296x216.jpg
20200208,浦东,杨思前滩,杨思前滩+一手动迁+电梯两房+采光充足+价格可谈+诚售,375万,2室1厅 | 76.33平米 | 南 北 | 简装 | 低楼层(共17层) | 2006年建 | 板楼,https://image1.ljcdn.com/310000-inspection/prod-21b0ed74-8db6-4ed8-9073-c13cfa1f5919.jpg.296x216.jpg
20200208,浦东,杨思前滩,杨思前滩+看房方便+环境好+拎包入住房主自荐,389万,2室1厅 | 66.22平米 | 南 | 简装 | 高楼层(共6层) | 2002年建 | 板楼,https://image1.ljcdn.com/310000-inspection/pc1_N3ICCB2JY_1.jpg.296x216.jpg
20200208,浦东,杨思前滩,杨思前滩+近地铁+南北通透+诚意出售,300万,2室1厅 | 58.85平米 | 南 北 | 简装 | 低楼层(共6层) | 1995年建 | 板楼,https://image1.ljcdn.com/310000-inspection/prod-b62088fd-6dfe-40b8-b39a-e46021787960.jpg.296x216.jpg
20200208,浦东,杨思前滩,杨思前滩+品质小区+景观大三房+精装修+6号线灵岩南路,840万,3室2厅 | 127平米 | 南 北 | 精装 | 低楼层(共6层) | 2006年建 | 板楼,https://image1.ljcdn.com/310000-inspection/prod-16d6463c-25e2-472a-bf3e-185da421884d.jpg.296x216.jpg
20200208,浦东,杨思前滩,杨思前滩+全南户型+人车分流+品质小区+楼层好视野好,880万,2室2厅 | 96.36平米 | 南 | 精装 | 中楼层(共13层) | 2015年建 | 板楼,https://image1.ljcdn.com/310000-inspection/e332695b-7501-4bec-8f0b-59ee0e7878b7_1000.jpg.296x216.jpg
20200208,浦东,杨思前滩,杨思前滩+中间楼层+前排视野好+统一精装+总价低房主自荐,890万,3室2厅 | 103.71平米 | 南 北 | 精装 | 中楼层(共20层) | 2014年建 | 板楼,https://image1.ljcdn.com/310000-inspection/8eba5b6a-6283-4c1d-b549-4053652c11e5_1000.jpg.296x216.jpg
20200208,浦东,杨思前滩,杨思前滩+中间楼层+别墅区景观+看房方便+版式户型房主自荐,840万,2室2厅 | 91.3平米 | 南 | 精装 | 中楼层(共13层) | 2015年建 | 板楼,https://image1.ljcdn.com/310000-inspection/pc1_tKoOivDDD_1.jpg.296x216.jpg
20200208,浦东,杨思前滩,杨思前滩+业主自住保养好+看房随时+价格可谈,460万,3室2厅 | 95.11平米 | 南 | 简装 | 低楼层(共11层) | 2006年建 | 板楼,https://image1.ljcdn.com/310000-inspection/pc1_AkxyvGUb9_1.jpg.296x216.jpg
20200208,浦东,杨思前滩,杨思前滩+三线交轨+满五唯一+版式三房+中间楼层,650万,3室2厅 | 105.93平米 | 南 | 简装 | 中楼层(共6层) | 1999年建 | 板楼,https://image1.ljcdn.com/310000-inspection/pc1_fPr8Outzj_1.jpg.296x216.jpg
20200208,浦东,杨思前滩,杨思前滩+楼层好+位置好+精装修+业主诚意+精选2房,535万,2室1厅 | 89.4平米 | 南 北 | 精装 | 中楼层(共6层) | 2001年建 | 板楼,https://image1.ljcdn.com/310000-inspection/db30b3d1-517a-4d09-a16f-b946101aab43_1000.jpg.296x216.jpg
20200208,浦东,杨思前滩,杨思前滩+CBD+6/8/11三线地铁轨交+精装两室+配套齐全,387万,2室1厅 | 63.59平米 | 南 | 精装 | 高楼层(共6层) | 2002年建 | 板楼,https://image1.ljcdn.com/310000-inspection/prod-cfdcec3c-05c9-4b61-9433-2e95afb10f2c.jpg.296x216.jpg
20200208,浦东,杨思前滩,杨思前滩+6号线地铁口+一梯一户大平层+附80平米花园,1580万,4室3厅 | 195平米 | 南 | 精装 | 低楼层(共8层) | 2009年建 | 板楼,https://image1.ljcdn.com/310000-inspection/prod-e84bfdd0-42e0-4a93-8ec0-3b98e923584c.jpg.296x216.jpg
20200208,浦东,杨思前滩,杨思前滩+业主置换+诚意出售+8号线杨思站+一手动迁,340万,1室1厅 | 49.97平米 | 南 | 简装 | 低楼层(共11层) | 2007年建 | 板楼,https://image1.ljcdn.com/310000-inspection/prod-e70c3cf1-4831-4a60-a070-5a27b8287cd0.jpg.296x216.jpg
20200208,浦东,杨思前滩,杨思前滩+大面积4房+中间位置 +满五年唯一+ 精装修房主自荐,1550万,4室2厅 | 161.09平米 | 南 | 精装 | 中楼层(共8层) | 2007年建 | 板楼,https://image1.ljcdn.com/310000-inspection/prod-615a57c9-223d-459a-8fbb-e53dad1dbef8.jpg.296x216.jpg
20200208,浦东,杨思前滩,杨思前滩+CBD+三线交轨+交通便利+业主急售,602万,3室2厅 | 98平米 | 南 北 | 精装 | 高楼层(共6层) | 2002年建 | 板楼,https://image1.ljcdn.com/310000-inspection/prod-d348f34d-8a4b-4c71-ad5b-7d344cdcb8c1.jpg.296x216.jpg
20200208,浦东,杨思前滩,杨思前滩+06年电梯板式三房+6号线地铁口+前滩CBD,860万,3室2厅 | 130.3平米 | 南 北 | 精装 | 中楼层(共13层) | 2006年建 | 板楼,https://image1.ljcdn.com/310000-inspection/prod-a24acaae-efd1-4e87-a4e2-0da254120bb6.jpg.296x216.jpg
20200208,浦东,杨思前滩,杨思前滩+近地铁8号线+满五唯一+配套齐全+高度宜居,810万,3室2厅 | 126.15平米 | 南 西 北 | 精装 | 11层 | 2004年建 | 板楼,https://image1.ljcdn.com/310000-inspection/prod-00e76919-e7dd-4d98-86b1-421aa2fc86b8.jpg.296x216.jpg
20200208,浦东,杨思前滩,杨思前滩+得房率高+随时看房+南北通透+花园位置,450万,3室2厅 | 97.6平米 | 南 北 | 简装 | 低楼层(共6层) | 2006年建 | 板楼,https://image1.ljcdn.com/310000-inspection/prod-2c896049-cfd6-4395-a9cf-9cb95673b20c.jpg.296x216.jpg
20200208,浦东,杨思前滩,杨思前滩+户型正气+靠川杨河+拎包入住房主自荐,410万,2室2厅 | 70.59平米 | 南 | 简装 | 高楼层(共6层) | 1998年建 | 板楼,https://image1.ljcdn.com/310000-inspection/prod-b88e183e-718f-4eef-b720-b7f419bf350e.jpg.296x216.jpg
20200208,浦东,杨思前滩,杨思前滩+近8号线杨思+中楼层+双南双阳台+一梯两户,330万,2室1厅 | 65.03平米 | 南 | 毛坯 | 中楼层(共6层) | 1995年建 | 板楼,https://image1.ljcdn.com/310000-inspection/pc1_kv5vtBGDW_1.jpg.296x216.jpg
20200208,浦东,杨思前滩,杨思前滩花园洋房+精装带36平大花园+0个税+看房方便,828万,3室2厅 | 121.08平米 | 南 北 | 精装 | 低楼层(共4层) | 2005年建 | 板楼,https://image1.ljcdn.com/310000-inspection/prod-e353b16b-9121-4ee1-bc5c-86b776136c3b.jpg.296x216.jpg
20200208,浦东,杨思前滩,杨思前滩+CBD板块+南北通+业主诚意出售+房改售房,415万,2室2厅 | 74.3平米 | 南 | 简装 | 高楼层(共6层) | 2001年建 | 板楼,https://image1.ljcdn.com/310000-inspection/prod-cbd5c91f-8689-44b5-9a86-94e17bb4b666.jpg.296x216.jpg
20200208,浦东,杨思前滩,前滩+明珠C+海富双语幼儿园+精装可拎包入住+户型正气,650万,2室2厅 | 99.42平米 | 南 | 精装 | 中楼层(共6层) | 1999年建 | 板楼,https://image1.ljcdn.com/310000-inspection/prod-a34380ab-00a5-4fc3-88e2-903d207db83f.jpg.296x216.jpg
20200208,浦东,杨思前滩,杨思前滩+CBD+三轨交汇+中间楼层+双卫双阳台房主自荐,630万,2室2厅 | 96平米 | 南 北 | 简装 | 中楼层(共6层) | 2004年建 | 板楼,https://image1.ljcdn.com/310000-inspection/e3e5016b-478c-4ae3-bd3f-a8a4400eeb27_1000.jpg.296x216.jpg
20200208,浦东,杨思前滩,杨思前滩+板式3室+近6号线+诚意出售+南北通+随时可看,820万,3室2厅 | 133平米 | 南 | 精装 | 中楼层(共11层) | 2003年建 | 板楼,https://image1.ljcdn.com/310000-inspection/prod-ca726a77-bcb3-4571-bdd8-dc3b76d8fc25.jpg.296x216.jpg
20200208,浦东,杨思前滩,杨思前滩+南北双阳台+能做阁楼+随时可看+业主诚心,490万,3室2厅 | 115.78平米 | 南 北 | 简装 | 高楼层(共6层) | 2006年建 | 板楼,https://image1.ljcdn.com/310000-inspection/prod-e47fc1f1-d01d-4e54-8517-5028eb615762.jpg.296x216.jpg
20200208,浦东,杨思前滩,杨思前滩+30平大花园+产权清晰+满五唯一+靠河位置。房主自荐,550万,2室2厅 | 91.57平米 | 南 北 | 精装 | 低楼层(共6层) | 2004年建 | 板楼,https://image1.ljcdn.com/310000-inspection/prod-448c056d-4ce6-440c-94d7-4b42a8d6459c.jpg.296x216.jpg
20200208,浦东,杨思前滩,杨思前滩+婚房精装全明户型+品质园林小区+6号地铁口房主自荐,640万,2室2厅 | 100.08平米 | 南 | 精装 | 中楼层(共6层) | 2001年建 | 板楼,https://image1.ljcdn.com/310000-inspection/7087dd3e-a8d3-408a-9137-2f6cf1ba7ab6_1000.jpg.296x216.jpg
20200208,浦东,杨思前滩,杨思前滩+中环内+南北明户+一楼边套+免增值税+随时看,245万,1室1厅 | 56.92平米 | 南 | 毛坯 | 低楼层(共6层) | 2006年建 | 板楼,https://image1.ljcdn.com/310000-inspection/pc1_oT4IGWneR_1.jpg.296x216.jpg
20200208,浦东,杨思前滩,杨思前滩+CBD+6/8/11三线地铁交轨+中间楼层+一手动迁房主自荐,335万,1室1厅 | 55.18平米 | 南 | 毛坯 | 中楼层(共6层) | 1998年建 | 板楼,https://image1.ljcdn.com/310000-inspection/pc1_JXBRyNPzq_1.jpg.296x216.jpg
20200208,浦东,杨思前滩,杨思前滩+杨思地铁350米+精装修+户型灵活+中楼层,225万,2室1厅 | 41.14平米 | 南 | 精装 | 中楼层(共6层) | 1995年建 | 板楼,https://image1.ljcdn.com/310000-inspection/pc1_2UhmcJJYS_1.jpg.296x216.jpg
20200208,浦东,杨思前滩,杨思前滩+2006年商品房+近地铁+楼层好位置好+带车位房主自荐,750万,3室2厅 | 106.32平米 | 南 | 精装 | 低楼层(共6层) | 2006年建 | 板楼,https://image1.ljcdn.com/310000-inspection/pc1_0Y18CtYfy_1.jpg.296x216.jpg
20200208,浦东,杨思前滩,杨思前滩+板式南北两房+别墅景观+三轨交汇+诚心出售房主自荐,835万,2室2厅 | 91.28平米 | 南 | 精装 | 低楼层(共13层) | 2015年建 | 板楼,https://image1.ljcdn.com/310000-inspection/pc1_x8rpqF3Ib_1.jpg.296x216.jpg
20200208,浦东,杨思前滩,杨思前滩+合生前滩壹号+人车分流+品质小区+绿城物业房主自荐,820万,2室2厅 | 92.93平米 | 南 | 精装 | 低楼层(共20层) | 2015年建 | 板楼,https://image1.ljcdn.com/310000-inspection/pc1_o7eLYkjZZ_1.jpg.296x216.jpg
20200208,浦东,杨思前滩,杨思前滩+小区中间位置+房型正+精装修,312万,2室1厅 | 58.34平米 | 南 | 精装 | 低楼层(共6层) | 1994年建 | 板楼,https://image1.ljcdn.com/310000-inspection/pc1_kun8auDAq_1.jpg.296x216.jpg
20200208,浦东,杨思前滩,前滩+明珠c+满五唯一+带花园+正中位置+南北通,758万,2室2厅 | 91.39平米 | 南 | 精装 | 低楼层(共8层) | 2006年建 | 板楼,https://image1.ljcdn.com/310000-inspection/pc1_sVzY2CHsj_1.jpg.296x216.jpg
20200208,浦东,杨思前滩,杨思前滩+精装三房+高层采光好+小区安静+2001年商品房,509万,3室1厅 | 91.19平米 | 南 | 精装 | 高楼层(共6层) | 2001年建 | 板楼,https://image1.ljcdn.com/310000-inspection/8e1b4653-f941-491d-8f56-01108dfd7cfe_1000.jpg.296x216.jpg
20200208,浦东,杨思前滩,前滩板块+明珠C＋南北通+楼层好+采光充足+满五年唯一房主自荐,710万,2室2厅 | 97.09平米 | 南 | 简装 | 中楼层(共6层) | 2005年建 | 板楼,https://image1.ljcdn.com/310000-inspection/pc1_mzd5YJjVc_1.jpg.296x216.jpg
20200208,浦东,杨思前滩,前滩+精致装修+新风系统+拎包入住+氧吧,698万,2室2厅 | 96.82平米 | 南 | 精装 | 中楼层(共6层) | 2005年建 | 板楼,https://image1.ljcdn.com/310000-inspection/pc1_MV8aPpH4j_1.jpg.296x216.jpg
20200208,浦东,杨思前滩,杨思前滩+精装两房+中间楼层+满五唯一,575万,2室2厅 | 88.5平米 | 南 | 简装 | 中楼层(共6层) | 2002年建 | 板楼,https://image1.ljcdn.com/310000-inspection/24d2a349-4c22-4147-99ea-b3db21639665_1000.jpg.296x216.jpg
20200208,浦东,杨思前滩,前滩明珠C+装修保养好+满五唯一+视野开阔+无遮挡,900万,3室2厅 | 113.62平米 | 南 | 精装 | 高楼层(共8层) | 2006年建 | 板楼,https://image1.ljcdn.com/310000-inspection/pc1_wZxleHopx_1.jpg.296x216.jpg
20200208,浦东,杨思前滩,前滩+南北通风+精装修+中间楼层+小区中间位置+公交车,565万,2室2厅 | 74.02平米 | 南 | 精装 | 中楼层(共6层) | 1999年建 | 板楼,https://image1.ljcdn.com/310000-inspection/pc1_NjjYnnbzu_1.jpg.296x216.jpg
20200208,浦东,杨思前滩,杨思前滩+精装修+满五唯一+全南两房+产权清晰,390万,2室1厅 | 76.65平米 | 南 | 精装 | 低楼层(共11层) | 2006年建 | 板楼,https://image1.ljcdn.com/310000-inspection/pc1_5MaBbT0N8_1.jpg.296x216.jpg
20200208,浦东,杨思前滩,前滩+明珠c+满五唯一+精装修+位置好+南北通,535万,2室2厅 | 75.07平米 | 南 | 精装 | 高楼层(共6层) | 1999年建 | 板楼,https://image1.ljcdn.com/310000-inspection/pc1_RBWb6hi2x_1.jpg.296x216.jpg
20200208,浦东,杨思前滩,杨思前滩+板式2室+近6号线+诚意出售+南北通+随时可看,698万,2室2厅 | 98.34平米 | 南 北 | 精装 | 高楼层(共11层) | 2005年建 | 板楼,https://image1.ljcdn.com/310000-inspection/5d80cb07-3786-4262-a16f-fadafdd9a1fa_1000.jpg.296x216.jpg
20200208,浦东,杨思前滩,杨思前滩+精装没住过+直接入住+景观房+位置好+无遮挡,745万,2室2厅 | 114.46平米 | 南 北 | 精装 | 14层 | 2004年建 | 板楼,https://image1.ljcdn.com/310000-inspection/pc1_rQ9NqEjUT_1.jpg.296x216.jpg
20200208,浦东,杨思前滩,杨思前滩+有钥匙+楼层好+前滩辐射+景观房+诚意出售,735万,2室2厅 | 114.46平米 | 南 北 | 精装 | 14层 | 2004年建 | 板楼,https://image1.ljcdn.com/310000-inspection/pc1_Rq6j3PpT0_1.jpg.296x216.jpg
20200208,浦东,杨思前滩,杨思前滩+CBD+三轨交汇 楼层好 好位置 户型 南北通,750万,2室2厅 | 117.06平米 | 南 | 精装 | 14层 | 2004年建 | 板楼,https://image1.ljcdn.com/310000-inspection/pc1_ySxImYi7E_1.jpg.296x216.jpg
20200208,浦东,杨思前滩,海阳新村 2室2厅 460万,460万,2室2厅 | 82.15平米 | 南 | 简装 | 中楼层(共6层) | 1999年建 | 板楼,https://image1.ljcdn.com/310000-inspection/pc1_BfT6ddCwB_1.jpg.296x216.jpg
20200208,浦东,杨思前滩,杨思前滩+板式三房+位置安静+中间楼层+诚心出售,820万,3室2厅 | 120.52平米 | 南 北 | 精装 | 中楼层(共6层) | 2004年建 | 板楼,https://image1.ljcdn.com/310000-inspection/pc1_RcUSXc5Pk_1.jpg.296x216.jpg
20200208,浦东,杨思前滩,杨思前滩+景观楼层+精装修+双南+诚意出售+采光好,355万,1室1厅 | 58.78平米 | 南 | 精装 | 中楼层(共14层) | 2007年建 | 板楼,https://image1.ljcdn.com/310000-inspection/pc1_38gwq8EL0_1.jpg.296x216.jpg
20200208,浦东,杨思前滩,前滩明珠C+朝南别墅区+万科品质物业+看房方便+次新房房主自荐,750万,3室2厅 | 89.57平米 | 南 | 精装 | 低楼层(共18层) | 2009年建 | 板楼,https://image1.ljcdn.com/310000-inspection/pc1_JW4zYKSC7_1.jpg.296x216.jpg
20200208,浦东,杨思前滩,杨思前滩+板式三房+全明户型+满五唯一,640万,3室2厅 | 100.98平米 | 南 | 精装 | 低楼层(共18层) | 2007年建 | 板楼,https://image1.ljcdn.com/310000-inspection/pc1_2g6nPO6DU_1.jpg.296x216.jpg
20200208,浦东,杨思前滩,杨思前滩+明珠C+万科物业+高区景观房+精装修+满五年房主自荐,735万,3室1厅 | 88.97平米 | 南 | 精装 | 高楼层(共18层) | 2010年建 | 板楼,https://image1.ljcdn.com/310000-inspection/pc1_NPHUHvgyF_1.jpg.296x216.jpg
20200208,浦东,杨思前滩,杨思前滩+经典板式+6号线地铁口+万科物业贴心管理,1680万,4室3厅 | 286平米 | 南 | 精装 | 低楼层(共5层) | 2009年建 | 板楼,https://image1.ljcdn.com/310000-inspection/pc1_6ClctsKxV_1.jpg.296x216.jpg
20200208,浦东,杨思前滩,杨思前滩+中环置业+6号线地铁口百米距离+万科物业管理,1180万,3室2厅 | 138.44平米 | 南 北 | 精装 | 中楼层(共8层) | 2009年建 | 板楼,https://image1.ljcdn.com/310000-inspection/pc1_l8P5xogNu_1.jpg.296x216.jpg
20200208,浦东,杨思前滩,杨思前滩+精装修+三线交轨+满五唯一+三开间朝南,738万,3室2厅 | 119.38平米 | 南 | 精装 | 高楼层(共6层) | 2001年建 | 板楼,https://image1.ljcdn.com/310000-inspection/pc1_yrqowwCcc_1.jpg.296x216.jpg
20200208,浦东,杨思前滩,杨思前滩+一楼带花园的，院子大，诚意出售，看房方便房主自荐,2600万,5室3厅 | 478平米 | 南 北 | 精装 | 低楼层(共5层) | 2013年建 | 板楼,https://image1.ljcdn.com/310000-inspection/94889866-2f25-43b2-8e74-2b3e06cf0973_1000.jpg.296x216.jpg
20200208,浦东,杨思前滩,杨思前滩+顶楼复式+满五唯一+售后公房+附加20平方露台,680万,2室2厅 | 114.7平米 | 南 北 | 简装 | 高楼层(共5层) | 1998年建 | 板楼,https://image1.ljcdn.com/310000-inspection/pc1_gHqZYbpY9_1.jpg.296x216.jpg
20200208,浦东,杨思前滩,杨思前滩+三线地铁交轨+五复六+大露台+交通便利房主自荐,740万,3室2厅 | 128.07平米 | 南 | 简装 | 高楼层(共5层) | 2001年建 | 板楼,https://image1.ljcdn.com/310000-inspection/pc1_f6OOfWKEv_1.jpg.296x216.jpg
20200208,浦东,杨思前滩,杨思前滩+6号线灵岩南路站+品质小区+带阁楼+有钥匙房主自荐,680万,3室2厅 | 99.15平米 | 南 | 毛坯 | 高楼层(共6层) | 2006年建 | 板楼,https://image1.ljcdn.com/310000-inspection/prod-83f4c6da-712f-4fb8-a5b5-d0166b47aa43.jpg.296x216.jpg
20200208,浦东,杨思前滩,杨思前滩+次顶楼高楼层+花园位置+落地飘窗,290万,1室1厅 | 57.55平米 | 南 | 精装 | 高楼层(共17层) | 2006年建 | 板楼,https://image1.ljcdn.com/310000-inspection/pc1_OyUd53WLB_1.jpg.296x216.jpg
20200208,浦东,杨思前滩,杨思前滩+南杨小区+近地铁杨思站+一站换乘东方体育房主自荐,268万,1室1厅 | 55.16平米 | 南 | 简装 | 低楼层(共24层) | 1999年建 | 塔楼,https://image1.ljcdn.com/310000-inspection/pc1_NWpL7iWO3_1.jpg.296x216.jpg
20200208,浦东,杨思前滩,杨思前滩+CBD+三轨交汇+边套全明+带天井+双南两房房主自荐,368万,2室1厅 | 64.53平米 | 南 | 简装 | 低楼层(共6层) | 1995年建 | 板楼,https://image1.ljcdn.com/310000-inspection/pc1_97TdJw2Bs_1.jpg.296x216.jpg
20200208,浦东,杨思前滩,杨思前滩+一梯两户+楼层好+满五唯一+精装+诚意出售房主自荐,350万,2室1厅 | 65.58平米 | 南 | 简装 | 中楼层(共6层) | 1995年建 | 板楼,https://image1.ljcdn.com/310000-inspection/pc1_leCRq05Zf_1.jpg.296x216.jpg
20200208,浦东,杨思前滩,杨思前滩+次新房+电梯高层+无增值税+诚意出售看房方便房主自荐,330万,1室1厅 | 55.6平米 | 南 北 | 简装 | 高楼层(共11层) | 2010年建 | 板楼,https://image1.ljcdn.com/310000-inspection/pc1_3CbTmtrh2_1.jpg.296x216.jpg
20200208,浦东,杨思前滩,杨思前滩商品房+楼层好+50平花园+双南户型价格可以谈房主自荐,740万,2室2厅 | 96.58平米 | 南 | 精装 | 低楼层(共18层) | 2007年建 | 板楼,https://image1.ljcdn.com/310000-inspection/prod-69fb6750-0308-4153-849a-4edf869335c8.jpg.296x216.jpg
20200208,浦东,杨思前滩,杨思前滩+满五唯一+全明户型+中间楼层+看房方便房主自荐,260万,2室1厅 | 51.13平米 | 南 | 简装 | 中楼层(共6层) | 1997年建 | 板楼,https://image1.ljcdn.com/310000-inspection/prod-11e6c55a-84c2-4dd0-8e25-1e10cacb98c7.jpg.296x216.jpg
20200208,浦东,杨思前滩,杨思前滩+万科五玠坊+ 高档社区+ 万科品质+近地铁,2300万,4室2厅 | 268.62平米 | 南 北 | 精装 | 高楼层(共5层) | 2013年建 | 板楼,https://image1.ljcdn.com/310000-inspection/test-20557490-3541-4c4f-a3fc-9335e5d2cea0.png.296x216.jpg
20200208,浦东,杨思前滩,杨思前滩+地铁三线交轨+满五唯一+诚意出售+产权清晰,718万,3室2厅 | 122.07平米 | 南 | 精装 | 高楼层(共6层) | 2001年建 | 板楼,https://image1.ljcdn.com/310000-inspection/prod-89f746bd-2a52-4689-b832-58a230399bd2.jpg.296x216.jpg
20200208,浦东,杨思前滩,杨思前滩+精装两房+中间楼层+满五年+环境好,542万,2室1厅 | 89平米 | 南 北 | 简装 | 中楼层(共6层) | 2002年建 | 板楼,https://image1.ljcdn.com/310000-inspection/test-d2918896-5a00-41e8-9ec1-f542d5272da8.jpg.296x216.jpg
20200208,浦东,杨思前滩,杨思前滩+2013年动迁房+ 免增值税+户型房正+采光好,375万,1室1厅 | 56.55平米 | 南 | 简装 | 高楼层(共18层) | 2013年建 | 板楼,https://image1.ljcdn.com/310000-inspection/prod-c12fff59-38dc-4490-89ce-56c9503e3ba3.jpg.296x216.jpg
20200208,浦东,杨思前滩,杨思前滩+恒大华城新华苑+CBD+三轨交汇+南北通三房,508万,3室1厅 | 91.68平米 | 南 | 简装 | 高楼层(共6层) | 1998年建 | 板楼,https://image1.ljcdn.com/310000-inspection/b04f755f-4abd-45e9-aa45-803ad54028bd_1000.jpg.296x216.jpg
20200208,浦东,杨思前滩,杨思前滩+CBD+三线交轨+采光好+复式楼+精装修房主自荐,835万,3室2厅 | 149平米 | 南 | 精装 | 高楼层(共6层) | 1999年建 | 板楼,https://image1.ljcdn.com/310000-inspection/prod-48a94651-9f31-49d2-bf2d-721cb41f0b51.jpg.296x216.jpg
20200208,浦东,杨思前滩,杨思前滩+小区+三层洋房+看房方便+诚意出售！,1450万,4室2厅 | 166.71平米 | 南 | 精装 | 中楼层(共5层) | 2009年建 | 板楼,https://image1.ljcdn.com/310000-inspection/prod-ef22c1d3-f140-45a1-8ef7-6e9e213d0400.jpg.296x216.jpg
20200208,浦东,杨思前滩,杨思前滩+思浦小区+双南精装修一年 +一梯两户房主自荐,383万,2室1厅 | 73.94平米 | 南 | 精装 | 高楼层(共6层) | 1994年建 | 板楼,https://image1.ljcdn.com/310000-inspection/prod-fe5f8c3e-3f1b-484e-bce9-f2b3ceab9112.jpg.296x216.jpg
20200208,浦东,杨思前滩,前滩杨思+CBD+三线交轨+  居家精装修 品质小区,375万,2室1厅 | 72.06平米 | 南 | 简装 | 高楼层(共6层) | 1998年建 | 板楼,https://image1.ljcdn.com/310000-inspection/prod-0c0624dc-339d-4b4e-9310-c894353be659.jpg.296x216.jpg
20200208,浦东,杨思前滩,杨思前滩＋税费少＋近8号线杨思＋简装修＋诚意出售,195万,1室1厅 | 40.86平米 | 南 | 简装 | 高楼层(共6层) | 1995年建 | 板楼,https://image1.ljcdn.com/310000-inspection/prod-4c1255a8-5c6d-4425-a649-6b3af05fecb5.jpg.296x216.jpg
20200208,浦东,杨思前滩,杨思前滩＋8号线杨思＋简装修＋采光好＋配套齐全,200万,1室1厅 | 41.14平米 | 南 | 简装 | 高楼层(共6层) | 1995年建 | 板楼,https://image1.ljcdn.com/310000-inspection/prod-4ac39b79-fc55-439b-839a-6199d422c1bf.jpg.296x216.jpg
20200208,浦东,杨思前滩,杨思前滩+中环内+近地铁+位置好楼层佳+配套成熟房主自荐,370万,1室1厅 | 52.71平米 | 南 | 精装 | 中楼层(共6层) | 2007年建 | 板楼,https://image1.ljcdn.com/310000-inspection/prod-645de17e-2dbe-45c5-8aee-ac0584cac40b.jpg.296x216.jpg
20200208,浦东,杨思前滩,杨思前滩+南北板式户型+税费少+位置佳+配套全+诚意,385万,2室2厅 | 73.19平米 | 南 | 简装 | 高楼层(共6层) | 2006年建 | 板楼,https://image1.ljcdn.com/310000-inspection/prod-e452d57c-6633-4578-9070-da7db0185fac.jpg.296x216.jpg
20200208,浦东,杨思前滩,新里城和合苑 2室1厅 545万,545万,2室1厅 | 68.45平米 | 南 | 精装 | 低楼层(共6层) | 1999年建 | 板楼,https://image1.ljcdn.com/310000-inspection/pc1_rJ8GpuThV_1.jpg.296x216.jpg
20200208,浦东,杨思前滩,前滩+总价低+楼层好+离明珠近,470万,1室1厅 | 49.63平米 | 南 | 精装 | 中楼层(共5层) | 1999年建 | 板楼,https://image1.ljcdn.com/310000-inspection/pc1_hN824fh5r_1.jpg.296x216.jpg
20200208,浦东,杨思前滩,杨思前滩+南江苑顶楼复式+诚意出售+露台+随时看房,555万,3室2厅 | 121.99平米 | 南 | 简装 | 高楼层(共6层) | 2000年建 | 板楼,https://image1.ljcdn.com/310000-inspection/prod-fa2d5ee3-ce0a-438b-8197-3d760da3f1ed.jpg.296x216.jpg
20200208,浦东,杨思前滩,杨思前滩+尚东国际名园（一期）2房+位置好,798万,2室2厅 | 101.57平米 | 南 | 毛坯 | 低楼层(共8层) | 2007年建 | 板楼,https://image1.ljcdn.com/310000-inspection/pc1_yNuuqZUik_1.jpg.296x216.jpg
20200208,浦东,杨思前滩,杨思前滩+双轨相交+04年商品房+正宗复式+大露台,853万,3室2厅 | 135.92平米 | 南 北 | 简装 | 6层 | 2004年建 | 板楼,https://image1.ljcdn.com/310000-inspection/pc1_B0dLkkoMA_1.jpg.296x216.jpg
20200208,浦东,杨思前滩,杨思前滩CBD+一楼复二楼复式大4房+地铁6号线+明珠托管,1025万,4室2厅 | 163.07平米 | 南 | 简装 | 6层 | 2001年建 | 板楼,https://image1.ljcdn.com/310000-inspection/e044eb16-df09-4290-a821-99a3e87ce882_1000.jpg.296x216.jpg
20200208,浦东,杨思前滩,杨思前滩+满五唯一+商品房+采光好+视野好+随时看房房主自荐,698万,3室2厅 | 113.3平米 | 南 | 简装 | 中楼层(共6层) | 2000年建 | 板楼,https://image1.ljcdn.com/310000-inspection/pc1_7YHVSSufc_1.jpg.296x216.jpg
20200208,浦东,杨思前滩,杨思前滩+三轨交汇+双南两房+满五唯一,365万,2室1厅 | 64.41平米 | 南 | 简装 | 高楼层(共6层) | 1996年建 | 板楼,https://image1.ljcdn.com/310000-inspection/8160cedb-15cc-4b52-97a7-2406502f05ff_1000.jpg.296x216.jpg
20200208,浦东,杨思前滩,杨思前滩+电梯高区+免增值税+随时看房+三轨交汇,450万,2室1厅 | 83.67平米 | 南 | 简装 | 高楼层(共24层) | 1999年建 | 塔楼,https://image1.ljcdn.com/310000-inspection/fc2a77e9-9416-45c8-b7fe-a28482be2cb7_1000.jpg.296x216.jpg
20200208,浦东,杨思前滩,杨思前滩+带有车库 +环境优雅 +中间楼层落地阳台。,270万,1室2厅 | 55.88平米 | 南 | 简装 | 中楼层(共6层) | 2006年建 | 板楼,https://image1.ljcdn.com/310000-inspection/prod-19dfc322-2baf-47ff-9e76-37fb4891b2e6.jpg.296x216.jpg
20200208,浦东,杨思前滩,杨思前滩+中环内+花园位置+非顶楼+停车方便+诚意出售,258万,1室1厅 | 55.58平米 | 南 | 毛坯 | 高楼层(共6层) | 2006年建 | 板楼,https://image1.ljcdn.com/310000-inspection/prod-5d57031a-6b01-40ec-acca-55dcceac9c5a.jpg.296x216.jpg
20200208,浦东,杨思前滩,杨思前滩+客厅带阳台+居家装修+小区距离地铁1.1公里,270万,1室1厅 | 56.56平米 | 南 | 简装 | 高楼层(共6层) | 2006年建 | 板楼,https://image1.ljcdn.com/310000-inspection/pc1_ej5L8clMD_1.jpg.296x216.jpg
20200208,浦东,杨思前滩,前滩+明珠c+价格你想不到的低总价两房+随时可看房,515万,2室2厅 | 75.07平米 | 南 | 简装 | 高楼层(共6层) | 1999年建 | 板楼,https://image1.ljcdn.com/310000-inspection/pc1_CIsVmwvAu_1.jpg.296x216.jpg
20200208,浦东,杨思前滩,前滩+明珠C+精装修+带花园，干净明亮+拎包入住,530万,1室2厅 | 56.58平米 | 南 | 精装 | 低楼层(共6层) | 2005年建 | 板楼,https://image1.ljcdn.com/310000-inspection/pc1_0e0mmNlZ7_1.jpg.296x216.jpg
20200208,浦东,杨思前滩,杨思前滩+中环以内+动迁唯一+大面积一房+高层观景房房主自荐,310万,1室1厅 | 64.78平米 | 南 | 简装 | 高楼层(共22层) | 2006年建 | 板楼,https://image1.ljcdn.com/310000-inspection/pc1_74RtvtRMf_1.jpg.296x216.jpg
20200208,浦东,杨思前滩,杨思前滩+CBD+三轨交汇+房龄新，楼层好，采光足,355万,1室1厅 | 58.6平米 | 南 | 简装 | 低楼层(共14层) | 2007年建 | 板楼,https://image1.ljcdn.com/310000-inspection/pc1_BeHGxT2kP_1.jpg.296x216.jpg
20200208,浦东,杨思前滩,前滩复式房+明珠C+楼上房间卫生间衣帽间储物间+随时看,700万,4室1厅 | 90.92平米 | 南 北 | 精装 | 高楼层(共6层) | 2005年建 | 板楼,https://image1.ljcdn.com/310000-inspection/pc1_ex2UzeziU_1.jpg.296x216.jpg
20200208,浦东,杨思前滩,杨思前滩+中环以内+满五唯一+中间楼层+价格可谈,420万,2室1厅 | 85.26平米 | 南 | 精装 | 中楼层(共24层) | 2006年建 | 板楼,https://image1.ljcdn.com/310000-inspection/pc1_ZePn3LXgY_1.jpg.296x216.jpg
20200208,浦东,杨思前滩,杨思前滩+CBD+三线交轨+精装两房+中间楼层房主自荐,438万,2室1厅 | 68.85平米 | 南 | 精装 | 低楼层(共6层) | 2002年建 | 板楼,https://image1.ljcdn.com/310000-inspection/pc1_K17E8sn0u_1.jpg.296x216.jpg
20200208,浦东,杨思前滩,前滩+明珠C+天然氧吧+采光无遮挡,530万,1室2厅 | 59.94平米 | 南 | 精装 | 低楼层(共6层) | 2005年建 | 板楼,https://image1.ljcdn.com/310000-inspection/pc1_DYA5i8ucb_1.jpg.296x216.jpg
20200208,浦东,杨思前滩,杨思前滩+环境优雅+停车方便 +视野开阔+中环内。,385万,2室2厅 | 83.75平米 | 南 | 精装 | 高楼层(共6层) | 2006年建 | 板楼,https://image1.ljcdn.com/310000-inspection/pc1_CunjgwDys_1.jpg.296x216.jpg
20200208,浦东,杨思前滩,杨思前滩+南江苑+1房1厅1厨卫+精装+拎包入住+双地铁,250万,1室1厅 | 44.56平米 | 南 | 精装 | 高楼层(共6层) | 1998年建 | 板楼,https://image1.ljcdn.com/310000-inspection/pc1_gQBkgyqyi_1.jpg.296x216.jpg
20200208,浦东,杨思前滩,前滩+明珠C+税费少+双阳台较大+次顶楼+价格还能谈,798万,2室2厅 | 102.74平米 | 南 北 | 简装 | 高楼层(共18层) | 2007年建 | 板楼,https://image1.ljcdn.com/310000-inspection/pc1_2ecmfFihH_1.jpg.296x216.jpg
20200208,浦东,杨思前滩,杨思前滩+中环内配套成熟+交通便利 +位置好 +楼层佳,370万,1室1厅 | 52.81平米 | 南 | 精装 | 低楼层(共6层) | 2008年建 | 板楼,https://image1.ljcdn.com/310000-inspection/8e042b69-f641-4939-aebf-31a754b683f0_1000.jpg.296x216.jpg
20200208,浦东,杨思前滩,杨思前滩+中环内+房龄新+电梯高层+可做阁楼+诚意出售,285万,1室1厅 | 56.06平米 | 南 | 简装 | 高楼层(共17层) | 2006年建 | 板楼,https://image1.ljcdn.com/310000-inspection/pc1_9Yyp6FCeZ_1.jpg.296x216.jpg
20200208,浦东,杨思前滩,杨思前滩+精装挑高一楼+全明户型+拎包入住+中间位置,359万,2室1厅 | 76.86平米 | 南 | 精装 | 低楼层(共11层) | 2006年建 | 板楼,https://image1.ljcdn.com/310000-inspection/pc1_qZabEW7w4_1.jpg.296x216.jpg
20200208,浦东,杨思前滩,杨思前滩+双南双阳台+一梯两户+8号线杨思站+精装修,345万,2室1厅 | 64.77平米 | 南 | 精装 | 高楼层(共6层) | 1995年建 | 板楼,https://image1.ljcdn.com/310000-inspection/c5421069-c5b4-4196-baea-f88a99f8ca04_1000.jpg.296x216.jpg
20200208,浦东,杨思前滩,杨思前滩+精装修+东边套全明两房+8，6，11号线交轨,316万,2室1厅 | 57.54平米 | 南 北 | 精装 | 中楼层(共6层) | 1995年建 | 板楼,https://image1.ljcdn.com/310000-inspection/pc1_g8RoB1udk_1.jpg.296x216.jpg
20200208,浦东,杨思前滩,杨思前滩+精装修+杨思站地铁口+满五唯一+看房方便,288万,2室1厅 | 53.04平米 | 南 北 | 精装 | 高楼层(共6层) | 1986年建 | 板楼,https://image1.ljcdn.com/310000-inspection/pc1_S2B9iCtUq_1.jpg.296x216.jpg
20200208,浦东,杨思前滩,杨思前滩+三线地铁交轨+02年商品房+三房朝南户型,577万,3室2厅 | 98.12平米 | 南 | 精装 | 高楼层(共6层) | 2002年建 | 板楼,https://image1.ljcdn.com/310000-inspection/prod-c8727e3c-e0c3-49a4-98ae-8b26f8273ebd.jpg.296x216.jpg
20200208,浦东,杨思前滩,杨思前滩+南北通户型正气+电梯中层房龄新+业主诚意,640万,2室2厅 | 98.5平米 | 南 | 精装 | 中楼层(共17层) | 2005年建 | 板楼,https://image1.ljcdn.com/310000-inspection/prod-c64b57a6-65df-4b31-8f7f-3a11ef8812ca.jpg.296x216.jpg
20200208,浦东,杨思前滩,杨思前滩+中间位置+全明三房+三开间朝南+品质小区,868万,3室2厅 | 103.66平米 | 南 | 精装 | 低楼层(共20层) | 2011年建 | 板楼,https://image1.ljcdn.com/310000-inspection/prod-b56dacae-ab0d-4e58-a6ff-f4e479aba84f.jpg.296x216.jpg
20200208,浦东,杨思前滩,杨思前滩+6、8号线交轨+次新房+楼层好+人车分流,880万,3室2厅 | 104.43平米 | 南 | 精装 | 中楼层(共20层) | 2015年建 | 板楼,https://image1.ljcdn.com/310000-inspection/prod-ce13edcd-36fa-45a2-8ff1-7b2f512ce5f2.jpg.296x216.jpg
20200208,浦东,杨思前滩,杨思前滩+8号线杨思地铁站+中间楼层+西边套+采光全明房主自荐,220万,1室1厅 | 41.99平米 | 南 北 | 简装 | 中楼层(共6层) | 1986年建 | 板楼,https://image1.ljcdn.com/310000-inspection/pc1_4dvjSds6u_1.jpg.296x216.jpg
20200208,浦东,杨思前滩,杨思前滩+阁楼带大窗+位置安静+看房随时,498万,3室2厅 | 97.6平米 | 南 | 简装 | 高楼层(共6层) | 2006年建 | 板楼,https://image1.ljcdn.com/310000-inspection/pc1_wfwTrrJAO_1.jpg.296x216.jpg
20200208,浦东,杨思前滩,杨思前滩+免增值税+板式三房+南北户型,540万,3室1厅 | 94.6平米 | 南 | 毛坯 | 低楼层(共14层) | 2008年建 | 板楼,https://image1.ljcdn.com/310000-inspection/pc1_DuhRNi4nW_1.jpg.296x216.jpg
20200208,浦东,杨思前滩,杨思前滩+三轨交接+满五唯一+地铁口洋房+双南板式三房,775万,3室2厅 | 114.22平米 | 南 北 | 简装 | 中楼层(共4层) | 2005年建 | 板楼,https://image1.ljcdn.com/310000-inspection/pc1_xvTTlcKHj_1.jpg.296x216.jpg
20200208,浦东,杨思前滩,杨思前滩+40欧式装修堪比新房+6号线地铁+位置佳。,535万,2室2厅 | 92.3平米 | 南 北 | 精装 | 高楼层(共6层) | 2000年建 | 板楼,https://image1.ljcdn.com/310000-inspection/pc1_TaZWVsWoc_1.jpg.296x216.jpg
20200208,浦东,杨思前滩,杨思前滩+地铁6号线+电梯6层复式2房+户型好园林式小区房主自荐,780万,2室2厅 | 103.62平米 | 南 北 | 精装 | 高楼层(共6层) | 2005年建 | 板楼,https://image1.ljcdn.com/310000-inspection/pc1_8D4HEL1sg_1.jpg.296x216.jpg
20200208,浦东,杨思前滩,杨思前滩+高区景观房+全明户型+统一精装修+业主诚意售,850万,2室2厅 | 92.76平米 | 南 | 精装 | 高楼层(共13层) | 2015年建 | 板楼,https://image1.ljcdn.com/310000-inspection/3edac190-4850-4909-b100-c2d8906a2cc0_1000.jpg.296x216.jpg
20200208,浦东,杨思前滩,杨思前滩+地铁三线交轨+一梯两户+总价低+业主诚意,270万,1室1厅 | 48.11平米 | 南 | 简装 | 低楼层(共6层) | 1996年建 | 板楼,https://image1.ljcdn.com/310000-inspection/pc1_D9KqSR0E7_1.jpg.296x216.jpg
20200208,浦东,杨思前滩,杨思前滩+中环内+南北通+全新装修+配套齐全+诚意出售,370万,2室2厅 | 85.26平米 | 南 | 精装 | 低楼层(共24层) | 2006年建 | 板楼,https://image1.ljcdn.com/310000-inspection/test-97d36365-7808-4656-a14a-31d897392ba4.png.296x216.jpg
20200208,浦东,杨思前滩,杨思前滩+双轨相交+一手动迁+格局方正+南北通,665万,2室2厅 | 92.49平米 | 南 | 毛坯 | 高楼层(共14层) | 2007年建 | 板楼,https://image1.ljcdn.com/310000-inspection/711a701e-a70e-4fbd-a91f-9ed44c66c00b_1000.jpg.296x216.jpg
20200208,浦东,杨思前滩,杨思前滩+三轨交汇+一手动迁+户型方正,370万,1室1厅 | 56.41平米 | 南 | 毛坯 | 中楼层(共16层) | 2013年建 | 板楼,https://image1.ljcdn.com/310000-inspection/2e49fc79-872c-43b7-a5c4-53857059e1d3_1000.jpg.296x216.jpg
20200208,浦东,杨思前滩,杨思前滩+CBD+6 8 11三轨交+南北通视+拎包入住,320万,1室1厅 | 55.09平米 | 南 | 简装 | 低楼层(共6层) | 1997年建 | 板楼,https://image1.ljcdn.com/310000-inspection/pc1_wqEf8akg5_1.jpg.296x216.jpg
20200208,浦东,杨思前滩,杨思前滩+电梯一房+满五唯一+看房有钥匙,262万,1室1厅 | 54.55平米 | 南 | 毛坯 | 低楼层(共11层) | 2006年建 | 板楼,https://image1.ljcdn.com/310000-inspection/pc1_dfCx4Ynnv_1.jpg.296x216.jpg
20200208,浦东,杨思前滩,品质小区大三房，地铁上南路站300米，带36平米花园。,830万,3室2厅 | 133.56平米 | 南 | 精装 | 低楼层(共11层)  | 板楼,https://image1.ljcdn.com/310000-inspection/prod-e28d09a9-3011-477a-b371-4d1b00c9099d.jpg.296x216.jpg
20200208,浦东,杨思前滩,杨思前滩+8号线杨思300米+南北2大房间+一梯两户+中层,335万,2室1厅 | 62.82平米 | 南 | 简装 | 低楼层(共6层) | 1995年建 | 板楼,https://image1.ljcdn.com/310000-inspection/prod-1832fd7c-81aa-49e3-8b74-d8e779459127.jpg.296x216.jpg
20200208,浦东,杨思前滩,杨思前滩+明珠C+中环内+一房+价格你想不到+专车接！,455万,1室1厅 | 52.96平米 | 南 | 精装 | 低楼层(共6层) | 1999年建 | 板楼,https://image1.ljcdn.com/310000-inspection/prod-ae7be32a-d91a-4d97-bb29-f0a339633351.jpg.296x216.jpg
20200208,浦东,杨思前滩,东方滨港园 2室2厅 820万,820万,2室2厅 | 97.04平米 | 南 北 | 精装 | 高楼层(共6层) | 2005年建 | 板楼,https://image1.ljcdn.com/310000-inspection/prod-a8bce476-80fd-4fb8-950b-40fd61819e2f.jpg.296x216.jpg
20200208,浦东,杨思前滩,杨思前滩+税费少+距离地铁1.2公里+停车方便,275万,1室1厅 | 48.51平米 | 南 | 简装 | 低楼层(共6层) | 1999年建 | 板楼,https://image1.ljcdn.com/310000-inspection/pc1_hQMx9LiCU_1.jpg.296x216.jpg
20200208,浦东,杨思前滩,杨思前滩+南杨小区+一梯四户+楼层佳+采光好 +杨思站房主自荐,220万,1室1厅 | 41.14平米 | 南 | 简装 | 中楼层(共6层) | 1995年建 | 板楼,https://image1.ljcdn.com/310000-inspection/a5f187fa-de2d-4b5b-850b-969022df5bf9_1000.jpg.296x216.jpg
20200208,浦东,杨思前滩,合生时代锦苑(公寓) 2室2厅 845万,845万,2室2厅 | 91.45平米 | 南 | 精装 | 中楼层(共20层) | 2015年建 | 板楼,https://image1.ljcdn.com/310000-inspection/pc1_vLDTRcoce_1.jpg.296x216.jpg
20200208,浦东,杨思前滩,杨思前滩+华二+精装交付智能社区+三开间朝南+中粮品质,1030万,3室2厅 | 91.97平米 | 南 | 精装 | 低楼层(共16层)  | 塔楼,https://image1.ljcdn.com/310000-inspection/pc1_ERjninCEd_1.jpg.296x216.jpg
20200208,浦东,杨思前滩,杨思前滩+地铁八号线杨思站+一房带天井+税费少总价低,253万,1室1厅 | 53.85平米 | 南 | 简装 | 低楼层(共6层) | 1995年建 | 板楼,https://image1.ljcdn.com/310000-inspection/pc1_F6MubEk7z_1.jpg.296x216.jpg
20200208,浦东,杨思前滩,杨思前滩+南北通透+三开间朝南+花园位置+满五唯一,465万,3室2厅 | 96.43平米 | 南 北 | 简装 | 低楼层(共6层) | 2006年建 | 板楼,https://image1.ljcdn.com/310000-inspection/pc1_BrlYsohLA_1.jpg.296x216.jpg
20200208,浦东,杨思前滩,前滩+南北通+精装修带地暖+楼层好+一梯两户,595万,2室2厅 | 78.84平米 | 南 | 精装 | 中楼层(共6层) | 1999年建 | 板楼,https://image1.ljcdn.com/310000-inspection/pc1_Q00bXgQH4_1.jpg.296x216.jpg
20200208,浦东,杨思前滩,杨思前滩+6号线灵岩南路地铁站+06年商品房+楼层采光好房主自荐,750万,3室2厅 | 106.58平米 | 南 北 | 精装 | 中楼层(共6层) | 2006年建 | 板楼,https://image1.ljcdn.com/310000-inspection/6a988305-a8a7-4ada-9d2c-f0447a9c7fb7_1000.jpg.296x216.jpg
20200208,浦东,杨思前滩,杨思前滩+地铁三线交轨+双南户型+南北通+视野开阔房主自荐,406万,2室1厅 | 65.63平米 | 南 | 精装 | 高楼层(共6层) | 2002年建 | 板楼,https://image1.ljcdn.com/310000-inspection/prod-0fa59642-2e9f-4670-bacf-2bf238603222.jpg.296x216.jpg
20200208,浦东,杨思前滩,杨思前滩+近6号线灵岩南路+中楼层+户型好+高品质小区,530万,2室2厅 | 72.98平米 | 南 北 | 简装 | 中楼层(共6层) | 2006年建 | 板楼,https://image1.ljcdn.com/310000-inspection/cb10d122-01d5-46db-b9ff-93075f624c82_1000.jpg.296x216.jpg
20200208,浦东,杨思前滩,前滩+明珠c+急售+价格你想不到+来就对了+楼层佳,510万,1室1厅 | 59.94平米 | 南 | 简装 | 低楼层(共6层) | 2005年建 | 板楼,https://image1.ljcdn.com/310000-inspection/pc1_R33CN2f4I_1.jpg.296x216.jpg
20200208,浦东,杨思前滩,杨思前滩+CBD+三轨交汇+带天井+双南两房+精装,385万,2室1厅 | 64.41平米 | 南 | 精装 | 低楼层(共6层) | 1995年建 | 板楼,https://image1.ljcdn.com/310000-inspection/pc1_1HKl9q2uF_1.jpg.296x216.jpg
20200208,浦东,杨思前滩,前滩CBD，8号线杨思站地铁口，精装三房，边套户型,395万,3室0厅 | 71.24平米 | 南 | 精装 | 中楼层(共7层) | 1995年建 | 板楼,https://image1.ljcdn.com/310000-inspection/prod-28fd59b8-136f-4579-b86a-e93f27edd063.jpg.296x216.jpg
20200208,浦东,杨思前滩,杨思前滩+三轨交汇+中间位置+满五唯一,736万,3室2厅 | 124.74平米 | 南 | 简装 | 高楼层(共6层) | 2001年建 | 板楼,https://image1.ljcdn.com/310000-inspection/pc1_Ng9hOl3q3_1.jpg.296x216.jpg
20200208,浦东,杨思前滩,杨思前滩，超大使用面积+顶复+带南北大露台+双轨房主自荐,860万,5室3厅 | 195.83平米 | 南 | 精装 | 高楼层(共6层) | 2006年建 | 板楼,https://image1.ljcdn.com/310000-inspection/test-9a5f2907-d931-4bdd-b358-48ec5452749d.png.296x216.jpg
20200208,浦东,杨思前滩,杨思前滩万科品质+楼层好+双南户型+视野开阔+精装修,785万,2室2厅 | 99.4平米 | 南 | 精装 | 高楼层(共18层) | 2007年建 | 板楼,https://image1.ljcdn.com/310000-inspection/prod-f3075c7c-b1a3-45ec-ac6d-94f1d7802c6e.jpg.296x216.jpg
20200208,浦东,杨思前滩,杨思前滩+2006年品质小区+楼层好+6号线灵岩南路站,420万,2室1厅 | 57.09平米 | 南 | 简装 | 中楼层(共5层) | 2006年建 | 板楼,https://image1.ljcdn.com/310000-inspection/prod-a7f230a0-a8ca-44e9-ab9e-786eca36ec41.jpg.296x216.jpg
20200208,浦东,杨思前滩,杨思前滩+电梯一房高区，中间安静位置，八号线房主自荐,370万,1室1厅 | 51.71平米 | 南 | 精装 | 中楼层(共18层) | 2007年建 | 板楼,https://image1.ljcdn.com/310000-inspection/prod-34b191e7-30b5-4694-b2b7-70dc8005f116.jpg.296x216.jpg
20200208,浦东,杨思前滩,杨思前滩+楼层好+产权清晰+无抵押无贷款+税费少,178万,1室0厅 | 34.74平米 | 南 | 毛坯 | 中楼层(共6层) | 1992年建 | 板楼,https://image1.ljcdn.com/310000-inspection/pc1_Zs1U9zpvl_1.jpg.296x216.jpg
20200208,浦东,杨思前滩,杨思前滩+小户型+环境好+诚心出售,336万,1室1厅 | 55.09平米 | 南 | 简装 | 中楼层(共6层) | 1997年建 | 板楼,https://image1.ljcdn.com/310000-inspection/eb2bc1e1-aa7f-40df-8f78-348913fab612_1000.jpg.296x216.jpg
20200208,浦东,杨思前滩,杨思前滩+南北户型+优质精装+家具家电齐全,353万,2室1厅 | 76.62平米 | 南 | 精装 | 低楼层(共17层) | 2006年建 | 板楼,https://image1.ljcdn.com/310000-inspection/prod-6fbd0fda-8d6c-41ae-b36b-1a80a7cc16d3.jpg.296x216.jpg
20200208,浦东,杨思前滩,杨思前滩+双轨相交+04年商品房+视野好+楼层好+位置好,785万,2室2厅 | 117.06平米 | 南 | 精装 | 14层 | 2004年建 | 板楼,https://image1.ljcdn.com/310000-inspection/prod-ea48587e-0af4-493d-9721-eebc3175799f.jpg.296x216.jpg
20200208,浦东,杨思前滩,杨思前滩+中环以内+精装修一房+免增值税+中间楼层,272万,1室1厅 | 56.3平米 | 南 | 精装 | 中楼层(共6层) | 2006年建 | 板楼,https://image1.ljcdn.com/310000-inspection/prod-5832b54b-fa0a-4c24-935c-d68322076d35.jpg.296x216.jpg
20200208,浦东,杨思前滩,杨思前滩+CBD+6号线+一楼带院子商品房+看房随时,500万,2室2厅 | 81.37平米 | 南 | 简装 | 低楼层(共5层) | 2002年建 | 板楼,https://image1.ljcdn.com/310000-inspection/test-fb7667ff-1df9-4e71-9983-dd9f226fab54.png.296x216.jpg
20200208,浦东,杨思前滩,杨思前滩+杨南新村双卫两室+满五+6号线上南路+配套齐,580万,2室2厅 | 107.59平米 | 南 北 | 简装 | 低楼层(共6层) | 2003年建 | 板楼,https://image1.ljcdn.com/310000-inspection/prod-576497ca-e729-4cda-8692-33660d69699d.jpg.296x216.jpg
20200208,浦东,杨思前滩,瀚林苑含车位 两卫 无个税 双阳台中环商品房,642万,2室2厅 | 108.01平米 | 南 | 精装 | 低楼层(共11层)  | 板楼,https://image1.ljcdn.com/310000-inspection/prod-4209a860-6339-49f2-bbb4-eee586df2669.jpg.296x216.jpg
20200208,浦东,杨思前滩,杨思前滩+CBD+精装三房+南北户型+出门亿丰时代广场,745万,3室2厅 | 116.42平米 | 南 | 精装 | 中楼层(共6层) | 2006年建 | 板楼,https://image1.ljcdn.com/310000-inspection/prod-0e38a1cc-dbbc-4759-b844-2d1c52366ecf.jpg.296x216.jpg
20200208,浦东,杨思前滩,前滩+明珠C+飞机户型+边套带拐角飘窗+采光无遮挡,870万,3室2厅 | 113.18平米 | 南 | 精装 | 高楼层(共8层) | 2006年建 | 板楼,https://image1.ljcdn.com/310000-inspection/prod-21958765-9fa9-4989-9d8c-c3c6e6894583.jpg.296x216.jpg
20200208,浦东,杨思前滩,杨思前滩+楼层好+户型正+南北通+明珠未用+价格可以谈,566万,2室2厅 | 78.84平米 | 南 | 简装 | 高楼层(共6层) | 1999年建 | 板楼,https://image1.ljcdn.com/310000-inspection/pc1_9veS2sGh2_1.jpg.296x216.jpg
20200208,浦东,杨思前滩,杨思前滩旁+距离地铁口+仅有100米+中环以内+配套齐全,515万,2室2厅 | 94.7平米 | 南 北 | 简装 | 高楼层(共6层) | 2002年建 | 板楼,https://image1.ljcdn.com/310000-inspection/pc1_4VO1VXmoE_1.jpg.296x216.jpg
20200208,浦东,杨思前滩,杨思前滩+带大露台+近6号线+诚意出售+南北通+随时可看,300万,1室1厅 | 60.87平米 | 南 北 | 精装 | 高楼层(共7层) | 1998年建 | 板楼,https://image1.ljcdn.com/310000-inspection/pc1_WYPLF6sbf_1.jpg.296x216.jpg
20200208,浦东,杨思前滩,中环内，地铁口，前滩CBD，一手动迁，总价低 楼层好,250万,1室1厅 | 47.35平米 | 南 | 精装 | 中楼层(共6层) | 2000年建 | 板楼,https://image1.ljcdn.com/310000-inspection/pc1_QgWiYTdAv_1.jpg.296x216.jpg
20200208,浦东,杨思前滩,杨思前滩+南北两房+客厅带阳台+满五唯一+店长推荐,364万,2室1厅 | 73.35平米 | 南 | 毛坯 | 低楼层(共6层) | 2006年建 | 板楼,https://image1.ljcdn.com/310000-inspection/pc1_CNyyId5Nj_1.jpg.296x216.jpg
20200208,浦东,杨思前滩,前滩+满二年+税费少+一梯两户+房型方正+价格你想不到房主自荐,522万,2室1厅 | 61.51平米 | 南 | 简装 | 高楼层(共6层) | 1999年建 | 板楼,https://image1.ljcdn.com/310000-inspection/pc1_s1XarZ4i6_1.jpg.296x216.jpg
20200208,浦东,杨思前滩,杨思前滩+CBD+南北户型+一手动迁少税费+交通便利,515万,2室2厅 | 75.14平米 | 南 | 毛坯 | 低楼层(共11层) | 2008年建 | 板楼,https://image1.ljcdn.com/310000-inspection/pc1_RvKfFSQEe_1.jpg.296x216.jpg
20200208,浦东,杨思前滩,杨思前滩+电梯景观层+花园位置+近地铁配套完善。,510万,2室1厅 | 78.89平米 | 南 北 | 毛坯 | 高楼层(共18层) | 2007年建 | 板楼,https://image1.ljcdn.com/310000-inspection/9e183d2b-d98c-46f3-bf53-8dd3a43e45ba_1000.jpg.296x216.jpg
20200208,浦东,杨思前滩,杨思前滩+花园位置+卧室带转角大阳台+中间楼层+有钥匙,278万,1室1厅 | 55.25平米 | 南 | 精装 | 中楼层(共6层) | 2006年建 | 板楼,https://image1.ljcdn.com/310000-inspection/pc1_w4KxtOXXQ_1.jpg.296x216.jpg
20200208,浦东,杨思前滩,杨思前滩+精装修+ 不靠路 +一手动迁地铁11号线1.1公里,278万,1室1厅 | 56.41平米 | 南 | 精装 | 低楼层(共11层) | 2006年建 | 板楼,https://image1.ljcdn.com/310000-inspection/pc1_SmUWFtjgk_1.jpg.296x216.jpg
20200208,浦东,杨思前滩,前滩精选1房+少有的全南户型+近地铁+有钥匙+诚意出售房主自荐,265万,1室1厅 | 56.76平米 | 南 | 简装 | 高楼层(共6层) | 1998年建 | 板楼,https://image1.ljcdn.com/310000-inspection/pc1_DVNXQ6EJe_1.jpg.296x216.jpg
20200208,浦东,杨思前滩,杨思前滩+满五唯一+小区中间位置，采光好+业主诚意,236万,1室1厅 | 48.47平米 | 南 | 精装 | 高楼层(共6层) | 1996年建 | 板楼,https://image1.ljcdn.com/310000-inspection/prod-593be5f8-5b4e-4484-859a-e62f0cdd7c32.jpg.296x216.jpg
20200208,浦东,杨思前滩,杨思前滩+CBD+三轨交汇+满五+刚需一房房主自荐,314万,1室1厅 | 55.18平米 | 南 | 简装 | 高楼层(共6层) | 1998年建 | 板楼,https://image1.ljcdn.com/310000-inspection/prod-ed4166e9-684a-4b42-90b9-def4cb744a90.jpg.296x216.jpg
20200208,浦东,杨思前滩,杨思前滩+高层电梯+视野开阔+闹中取静更舒适,283万,1室1厅 | 55.5平米 | 南 | 简装 | 高楼层(共11层) | 2006年建 | 板楼,https://image1.ljcdn.com/310000-inspection/pc1_OkWEjBaLX_1.jpg.296x216.jpg
20200208,浦东,杨思前滩,杨思前滩+6地铁+中环内+两房+业主急售+装修好+配套齐,370万,2室1厅 | 75.6平米 | 南 北 | 精装 | 高楼层(共6层) | 1998年建 | 板楼,https://image1.ljcdn.com/310000-inspection/prod-b98dd501-462c-4007-8446-57a613e8997d.jpg.296x216.jpg
20200208,浦东,杨思前滩,中环内+南北两房+一楼带花园+满五唯一+诚意出售,680万,2室2厅 | 99.12平米 | 南 | 简装 | 低楼层(共6层) | 1999年建 | 板楼,https://image1.ljcdn.com/310000-inspection/prod-031a5c26-55e9-4165-8de8-1c15203da608.jpg.296x216.jpg
20200208,浦东,杨思前滩,商品房，南北全明户型，带固定长租车位，配套完善房主自荐,325万,3室1厅 | 72.54平米 | 南 | 精装 | 高楼层(共6层) | 1996年建 | 板楼,https://image1.ljcdn.com/310000-inspection/prod-8f357171-29f2-46e1-a748-7cf69c178b3f.jpg.296x216.jpg
20200208,浦东,杨思前滩,杨思前滩+近8号线杨思站+满五唯一+南北两房+前滩辐射,450万,2室1厅 | 82.68平米 | 南 北 | 精装 | 低楼层(共24层) | 2001年建 | 塔楼,https://image1.ljcdn.com/310000-inspection/prod-56f86220-ab33-4780-be2c-2035f00d72db.jpg.296x216.jpg
20200208,浦东,杨思前滩,三林商品房小区 配套成熟 近亿丰时代广场,680万,2室2厅 | 107.03平米 | 南 北 | 精装 | 低楼层(共6层) | 2000年建 | 板楼,https://image1.ljcdn.com/310000-inspection/pc1_nluE6UCCQ_1.jpg.296x216.jpg
20200208,浦东,杨思前滩,杨思前滩，五复六空中花园，带大露台 满五唯一,860万,5室2厅 | 140.69平米 | 南 北 | 精装 | 高楼层(共6层) | 2005年建 | 板楼,https://image1.ljcdn.com/310000-inspection/21be9184-7bcc-43ba-a243-b81014012239_1000.jpg.296x216.jpg
20200208,浦东,杨思前滩,杨思前滩+中粮品质+全新装修+三轨交汇 +看房方便,1150万,2室2厅 | 104平米 | 南 | 精装 | 低楼层(共16层)  | 塔楼,https://image1.ljcdn.com/310000-inspection/prod-187e045d-99be-4687-91ad-d0f6c5375f54.jpg.296x216.jpg
20200208,浦东,杨思前滩,杨思前滩+CBD+三线地铁交轨+配套齐全+小区安静,592万,3室2厅 | 98.12平米 | 南 | 精装 | 高楼层(共6层) | 2002年建 | 板楼,https://image1.ljcdn.com/310000-inspection/prod-1ed5e3eb-dd01-4eb3-baa8-931293a311e8.jpg.296x216.jpg
20200208,浦东,杨思前滩,杨思前滩+6号线+两房+小区央座+视野佳+配套齐全+急售,315万,2室1厅 | 53.94平米 | 南 北 | 简装 | 高楼层(共6层) | 1998年建 | 板楼,https://image1.ljcdn.com/310000-inspection/eb71fb13-ba7d-473b-ba03-92855c816b52_1000.jpg.296x216.jpg
20200208,浦东,杨思前滩,杨思前滩+三线地铁交轨+00年商品三房+装修好,680万,3室2厅 | 113.3平米 | 南 北 | 精装 | 高楼层(共6层) | 2000年建 | 板楼,https://image1.ljcdn.com/310000-inspection/pc1_cBTvZ090q_1.jpg.296x216.jpg
20200208,浦东,杨思前滩,杨思前滩楼层好+厅南北通且厅+卧室朝南+近地铁+有商场房主自荐,529万,1室2厅 | 59.94平米 | 南 | 简装 | 高楼层(共6层) | 2005年建 | 板楼,https://image1.ljcdn.com/310000-inspection/pc1_zv8vMEfTV_1.jpg.296x216.jpg
20200208,浦东,杨思前滩,杨思前滩+06年商品房+六号线地铁口+大润发旁,900万,3室2厅 | 130.17平米 | 南 | 精装 | 高楼层(共12层) | 2006年建 | 板楼,https://image1.ljcdn.com/310000-inspection/8ea5bac0-f31c-4229-acc9-a3cf34f4eb01_1000.jpg.296x216.jpg
20200208,浦东,杨思前滩,杨思前滩+CBD+地铁6/8/11交汇+精装修+不靠路,740万,3室2厅 | 115.49平米 | 南 | 精装 | 中楼层(共6层) | 2001年建 | 板楼,https://image1.ljcdn.com/310000-inspection/096446ca-e1c1-4603-b66d-3061c0682acb_1000.jpg.296x216.jpg
20200208,浦东,杨思前滩,杨思前滩+三线地铁交轨+电梯三房+万科物业+边套户型,844万,3室2厅 | 125.05平米 | 南 北 | 简装 | 低楼层(共9层) | 2002年建 | 板楼,https://image1.ljcdn.com/310000-inspection/pc1_0PrqAwSGI_1.jpg.296x216.jpg
20200208,浦东,杨思前滩,前滩+明珠+楼层好不靠路+2房朝南+旁边有菜场三甲医院,660万,3室2厅 | 86.58平米 | 南 | 精装 | 中楼层(共6层) | 1999年建 | 板楼,https://image1.ljcdn.com/310000-inspection/pc1_hm4iq9H4u_1.jpg.296x216.jpg
20200208,浦东,杨思前滩,杨思前滩+电梯高层+视野开阔+价格可谈,475万,3室1厅 | 96.57平米 | 南 | 简装 | 高楼层(共11层) | 2006年建 | 板楼,https://image1.ljcdn.com/310000-inspection/pc1_3iLKAfNpx_1.jpg.296x216.jpg
20200208,浦东,杨思前滩,杨思前滩+板式南北两房+距离地铁6号线地铁1.2千米,375万,2室1厅 | 67.25平米 | 南 | 精装 | 中楼层(共6层) | 2000年建 | 板楼,https://image1.ljcdn.com/310000-inspection/pc1_qgv6mw8Xa.jpg.296x216.jpg
20200208,浦东,杨思前滩,杨思前滩+6号线+满五唯一+版式三房+小区央座+配套齐全,490万,3室2厅 | 91.02平米 | 南 北 | 简装 | 中楼层(共7层) | 1998年建 | 板楼,https://image1.ljcdn.com/310000-inspection/a9f53183-ce57-40c3-9212-186f05ca7d24_1000.jpg.296x216.jpg
20200208,浦东,杨思前滩,前滩+明珠c+满五唯一+带花园+精装修+两房朝南,865万,3室1厅 | 106.23平米 | 南 | 精装 | 低楼层(共14层) | 2006年建 | 板楼,https://image1.ljcdn.com/310000-inspection/pc1_qTbne0Ac9_1.jpg.296x216.jpg
20200208,浦东,杨思前滩,杨思前滩+三线交轨+版式三房+中间楼层,630万,3室2厅 | 103.16平米 | 南 | 简装 | 中楼层(共5层) | 1999年建 | 板楼,https://image1.ljcdn.com/310000-inspection/pc1_TbKKkF1cm_1.jpg.296x216.jpg
20200208,浦东,杨思前滩,前滩+明珠C+税费少+低楼层精装修+让孩子赢在起跑线,680万,2室2厅 | 89.85平米 | 南 | 精装 | 低楼层(共6层) | 2005年建 | 板楼,https://image1.ljcdn.com/310000-inspection/pc1_63oVA3jZ4_1.jpg.296x216.jpg
20200208,浦东,杨思前滩,杨思前滩+CBD+三线地铁交轨+满五唯一+业主诚意出售,740万,3室2厅 | 111.58平米 | 南 | 精装 | 低楼层(共6层) | 2004年建 | 板楼,https://image1.ljcdn.com/310000-inspection/dfdc314b-e990-450d-b131-eb4894fc6d43_1000.jpg.296x216.jpg
20200208,浦东,杨思前滩,杨思前滩+南杨小区+高层一房+采光好+近地铁杨思站,235万,1室1厅 | 46.9平米 | 南 | 简装 | 高楼层(共6层) | 1995年建 | 板楼,https://image1.ljcdn.com/310000-inspection/pc1_yiBGl0LYT_1.jpg.296x216.jpg
20200208,浦东,杨思前滩,杨思前滩+精装修+电梯好楼层+小区好位置+正气大三房,865万,3室2厅 | 125.38平米 | 南 北 | 精装 | 11层 | 2004年建 | 板楼,https://image1.ljcdn.com/310000-inspection/pc1_PKQjH9Irh_1.jpg.296x216.jpg
20200208,浦东,杨思前滩,杨思前滩+一手动迁+满五不唯一+高区景观层+双南户型,455万,2室1厅 | 72.92平米 | 南 | 毛坯 | 高楼层(共18层) | 2008年建 | 板楼,https://image1.ljcdn.com/310000-inspection/pc1_3FHUIx3Zp_1.jpg.296x216.jpg
20200208,浦东,杨思前滩,前滩+明珠C+带阁楼可住人+精装自住的+产权清晰房主自荐,550万,2室2厅 | 66.28平米 | 南 北 | 精装 | 高楼层(共6层) | 1999年建 | 板楼,https://image1.ljcdn.com/310000-inspection/pc1_P2ppM3OUx_1.jpg.296x216.jpg
20200208,浦东,杨思前滩,杨思前滩+普通住宅税费少+一楼带天井+精装修看房方便房主自荐,285万,1室2厅 | 56.2平米 | 南 北 | 精装 | 低楼层(共6层) | 1999年建 | 板楼,https://image1.ljcdn.com/310000-inspection/pc1_daP211Wm0_1.jpg.296x216.jpg
20200208,浦东,杨思前滩,杨思前滩+一手动迁+小区位置好+全明一室一厅+价格可谈,270万,1室1厅 | 56.92平米 | 南 | 简装 | 高楼层(共6层) | 2006年建 | 板楼,https://image1.ljcdn.com/310000-inspection/pc1_FaS0pHEQr_1.jpg.296x216.jpg
20200208,浦东,杨思前滩,前滩+明珠c+买入价高税少+楼层佳+采光充足+视野宽阔,540万,2室2厅 | 69.44平米 | 南 | 精装 | 中楼层(共6层) | 1999年建 | 板楼,https://image1.ljcdn.com/310000-inspection/pc1_WDfxveuu6_1.jpg.296x216.jpg
20200208,浦东,杨思前滩,前滩+明珠C+一手动迁+无增值税+超赞三房户型房主自荐,680万,3室1厅 | 89.2平米 | 南 | 简装 | 高楼层(共6层) | 1999年建 | 板楼,https://image1.ljcdn.com/310000-inspection/pc1_rj596os2C_1.jpg.296x216.jpg
20200208,浦东,杨思前滩,杨思前滩+CBD+全明户型+一手动迁+南北户型,710万,3室2厅 | 120.15平米 | 南 | 简装 | 高楼层(共6层) | 2007年建 | 板楼,https://image1.ljcdn.com/310000-inspection/ca79fb65-94bf-4512-875d-485308cab2ed_1000.jpg.296x216.jpg
20200208,浦东,杨思前滩,前滩+明朱C+将满五唯一+楼层佳+不靠高压线+近地铁,750万,3室2厅 | 89.94平米 | 南 | 精装 | 低楼层(共18层) | 2010年建 | 板楼,https://image1.ljcdn.com/310000-inspection/pc1_COXzXlHNy_1.jpg.296x216.jpg
20200208,浦东,杨思前滩,杨思前滩+精装修+拎包入住+8号线杨思站+配套齐全房主自荐,223万,1室1厅 | 41.14平米 | 南 | 精装 | 高楼层(共6层) | 1995年建 | 板楼,https://image1.ljcdn.com/310000-inspection/pc1_w4VPdeyl3_1.jpg.296x216.jpg
20200208,浦东,杨思前滩,杨思前滩+精装修电梯高层+6，8，11号线+采光好视野好,450万,2室2厅 | 84.8平米 | 南 | 精装 | 高楼层(共24层) | 2001年建 | 塔楼,https://image1.ljcdn.com/310000-inspection/pc1_ct7aKvVm3_1.jpg.296x216.jpg
20200208,浦东,杨思前滩,杨思前滩+6号线板式两房+满五唯一+诚意出售+配套齐全房主自荐,690万,2室2厅 | 98.04平米 | 南 北 | 简装 | 低楼层(共11层) | 2005年建 | 板楼,https://image1.ljcdn.com/310000-inspection/pc1_W2Vn3gxKI_1.jpg.296x216.jpg
20200208,浦东,杨思前滩,杨思前滩+南杨小区+8号线杨思+全明户型+满五唯一房主自荐,202万,1室1厅 | 41.64平米 | 南 | 简装 | 高楼层(共6层) | 1995年建 | 板楼,https://image1.ljcdn.com/310000-inspection/pc1_oOy5QFFyS_1.jpg.296x216.jpg
20200208,浦东,杨思前滩,杨思前滩+中环内+免增值税+南北通+可做阁楼+诚意出售,420万,2室2厅 | 85.12平米 | 南 | 简装 | 高楼层(共6层) | 2006年建 | 板楼,https://image1.ljcdn.com/310000-inspection/pc1_lmBqesI3M_1.jpg.296x216.jpg
20200208,浦东,杨思前滩,杨思前滩+近地铁+满五唯一+采光充足+随时看房,190万,1室1厅 | 36.69平米 | 南 | 精装 | 高楼层(共6层) | 1989年建 | 板楼,https://image1.ljcdn.com/310000-inspection/4b2cd643-59c1-47bb-bb25-1bc44b8d422e_1000.jpg.296x216.jpg
20200208,浦东,杨思前滩,杨思前滩+CBD+三线轨交+精装修+南北户型+采光俱佳,410万,2室1厅 | 66.22平米 | 南 | 精装 | 高楼层(共6层) | 2002年建 | 板楼,https://image1.ljcdn.com/310000-inspection/test-35c79e90-8196-4004-9493-82f0ec60ac74.png.296x216.jpg
20200208,浦东,杨思前滩,杨思前滩+中环以内+厅带阳台+一手动迁+小区位置好,271万,1室1厅 | 56.71平米 | 南 | 精装 | 中楼层(共6层) | 2006年建 | 板楼,https://image1.ljcdn.com/310000-inspection/test-25f2bc4b-b425-4665-9b3c-a8de3e96adc8.png.296x216.jpg
20200208,浦东,杨思前滩,大三房，花园洋房，带地暖，东方体育*心，前滩CBD,1480万,3室2厅 | 123.27平米 | 南 | 精装 | 低楼层(共6层) | 2010年建 | 板楼,https://image1.ljcdn.com/310000-inspection/pc1_DCYZPa3Wh_1.jpg.296x216.jpg
20200208,浦东,杨思前滩,新里城和合苑 2室1厅 610万,610万,2室1厅 | 75平米 | 南 | 简装 | 高楼层(共6层) | 1999年建 | 板楼,https://image1.ljcdn.com/310000-inspection/prod-30578cde-73a0-40ac-ac45-924b29fb2c34.jpg.296x216.jpg
20200208,浦东,杨思前滩,杨思前滩+CBD+三轨交汇+满五唯一+随时看房房主自荐,320万,1室2厅 | 56.56平米 | 南 | 精装 | 高楼层(共6层) | 1996年建 | 板楼,https://image1.ljcdn.com/310000-inspection/prod-e596adbb-2728-4aab-a885-e196d9e5f4bc.jpg.296x216.jpg
20200208,浦东,杨思前滩,前滩杨思+C B D+三线交轨+，二楼边套，南北两房,390万,2室1厅 | 75.65平米 | 南 | 简装 | 低楼层(共6层) | 1998年建 | 板楼,https://image1.ljcdn.com/310000-inspection/pc1_Zo85gK3cV_1.jpg.296x216.jpg
20200208,浦东,杨思前滩,杨思前滩+大复式+CBD+精装修空调+地暖房主自荐,943万,4室2厅 | 157.3平米 | 南 | 精装 | 高楼层(共6层) | 1999年建 | 板楼,https://image1.ljcdn.com/310000-inspection/ef7c69ca-9100-45c7-bd7b-3652d9fd972a_1000.jpg.296x216.jpg
20200208,浦东,杨思前滩,杨思前滩+精装两房+低楼层+满五唯一+环境好,543万,2室2厅 | 89.23平米 | 南 | 精装 | 低楼层(共6层) | 1999年建 | 板楼,https://image1.ljcdn.com/310000-inspection/prod-6b8f2dee-9239-4955-befa-bfbc7ce8538e.jpg.296x216.jpg
20200208,浦东,杨思前滩,杨思前滩+精装电梯+中间位置+免征增值税+诚意出售,368万,1室1厅 | 56.55平米 | 南 | 精装 | 低楼层(共18层) | 2013年建 | 板楼,https://image1.ljcdn.com/310000-inspection/pc1_FoRXqc9cU_1.jpg.296x216.jpg
20200208,浦东,杨思前滩,杨思前滩+中环内+6号线地铁口+中间位置+低总价两室,270万,1室1厅 | 56.76平米 | 南 北 | 简装 | 高楼层(共7层) | 1998年建 | 板楼,https://image1.ljcdn.com/310000-inspection/pc1_4zOkhZcyJ_1.jpg.296x216.jpg
20200208,浦东,杨思前滩,杨思前滩+电梯高层+婚房装修+税费少+花园位置,428万,2室2厅 | 76.62平米 | 南 | 精装 | 高楼层(共17层) | 2006年建 | 板楼,https://image1.ljcdn.com/310000-inspection/pc1_NkvVZ3EKF_1.jpg.296x216.jpg
20200208,浦东,杨思前滩,杨思前滩+满五唯一+中间楼层+南北两室+6号线地铁口,510万,2室2厅 | 81.24平米 | 南 北 | 简装 | 中楼层(共6层) | 2001年建 | 板楼,https://image1.ljcdn.com/310000-inspection/3d648b14-c9f3-411e-a717-26e39abcd3bb_1000.jpg.296x216.jpg
20200208,浦东,杨思前滩,杨思前滩+一手动迁++亿丰时代广场+地铁6/8/11,308万,1室1厅 | 51.06平米 | 南 北 | 毛坯 | 高楼层(共6层) | 2008年建 | 板楼,https://image1.ljcdn.com/310000-inspection/pc1_VUlNgywh3_1.jpg.296x216.jpg
20200208,浦东,杨思前滩,杨思前滩+一手动迁+电梯中楼层+小区好位置+诚意出售,315万,1室1厅 | 51.85平米 | 南 北 | 简装 | 低楼层(共17层) | 2008年建 | 板楼,https://image1.ljcdn.com/310000-inspection/pc1_J9715DcFb_1.jpg.296x216.jpg
20200208,浦东,杨思前滩,杨思前滩+南江苑+双楠户型+一楼带花园+中环内+近地铁,320万,2室1厅 | 64.45平米 | 南 | 毛坯 | 低楼层(共6层) | 1999年建 | 板楼,https://image1.ljcdn.com/310000-inspection/prod-5375d9c9-c479-44c5-9200-d1a9f60108c8.jpg.296x216.jpg
20200208,浦东,杨思前滩,杨思前滩+CBD+板式电梯两房+南北通+视野采光好,699万,2室2厅 | 100.8平米 | 南 | 精装 | 高楼层(共11层) | 2002年建 | 板楼,https://image1.ljcdn.com/310000-inspection/prod-5021a875-16e6-4e9b-bf18-44b1c0ec4c06.jpg.296x216.jpg
20200208,浦东,杨思前滩,杨思前滩+满五唯一+中环内+6号线+精装修+配套齐+诚售,350万,2室1厅 | 65.36平米 | 南 北 | 简装 | 低楼层(共6层) | 1998年建 | 板楼,https://image1.ljcdn.com/310000-inspection/prod-0589441b-b9bf-4c4d-a1af-933e35c77122.jpg.296x216.jpg
20200208,浦东,杨思前滩,杨思前滩＋买一层多一层 ＋一手动迁 ＋业主诚心出售,280万,1室1厅 | 54.38平米 | 南 | 精装 | 高楼层(共6层) | 2006年建 | 板楼,https://image1.ljcdn.com/310000-inspection/prod-66e95a6f-04e9-46c7-8d33-7451b2d75673.jpg.296x216.jpg
20200208,浦东,杨思前滩,杨思前滩+CBD+6/8/11三线地铁交轨+精装三房+配套齐全,485万,3室1厅 | 87.74平米 | 南 | 精装 | 高楼层(共6层) | 1998年建 | 板楼,https://image1.ljcdn.com/310000-inspection/prod-ad0368ea-2dec-4073-87a3-892c8078553a.jpg.296x216.jpg
20200208,浦东,杨思前滩,前滩+顶楼加阁楼+利用率比较高+明珠c+近地铁,540万,2室2厅 | 79.5平米 | 南 | 精装 | 高楼层(共6层) | 1999年建 | 板楼,https://image1.ljcdn.com/310000-inspection/prod-410a03fa-83ef-498c-9967-ac4275858b56.jpg.296x216.jpg
20200208,浦东,杨思前滩,杨思前滩+CBD+6 8 11三轨交+中间楼层+边套全明,585万,2室2厅 | 95.34平米 | 南 | 精装 | 中楼层(共6层) | 2004年建 | 板楼,https://image1.ljcdn.com/310000-inspection/prod-cafcaa45-23b8-4256-bfe9-1c87a0f327ad.jpg.296x216.jpg
20200208,浦东,杨思前滩,杨思前滩+双轨相交+一手动迁+双南户型+格局明亮,510万,2室2厅 | 78.8平米 | 南 北 | 简装 | 低楼层(共18层) | 2007年建 | 板楼,https://image1.ljcdn.com/310000-inspection/prod-441b0ccf-6b4b-4ba9-900b-f94bc66ddaab.jpg.296x216.jpg
20200208,浦东,杨思前滩,杨思前滩+CBD+6 8 11三轨交+三开间朝南+ 02年商品房,540万,3室1厅 | 88.87平米 | 南 北 | 简装 | 高楼层(共5层) | 2002年建 | 板楼,https://image1.ljcdn.com/310000-inspection/prod-94f6931c-0a96-4ece-85b0-e73b91f4b3f6.jpg.296x216.jpg
20200208,浦东,杨思前滩,杨思前滩+满五唯一+6号线+南北通透+中环里,362万,2室1厅 | 68.19平米 | 南 北 | 简装 | 高楼层(共6层) | 1998年建 | 板楼,https://image1.ljcdn.com/310000-inspection/prod-f97c859c-fccb-416a-8d21-a87da431f2f2.jpg.296x216.jpg
20200208,浦东,杨思前滩,杨思前滩+中环以内+双南两房+诚意出售+产权清晰,375万,2室1厅 | 83.62平米 | 南 | 简装 | 低楼层(共6层) | 2006年建 | 板楼,https://image1.ljcdn.com/310000-inspection/prod-9a13553c-50ab-436d-9ea4-b6db9e5e9c4e.jpg.296x216.jpg
20200208,浦东,杨思前滩,杨思前滩+近杨思站+全明户型+满五唯一+有钥匙随时看,225万,1室1厅 | 45.6平米 | 南 | 简装 | 高楼层(共6层) | 1994年建 | 板楼,https://image1.ljcdn.com/310000-inspection/prod-3f80fcce-370a-47fb-b459-703a7b22387f.jpg.296x216.jpg
20200208,浦东,杨思前滩,杨思前滩+CBD+三线交轨+ 一梯两户居家精装,265万,1室1厅 | 53.27平米 | 南 | 简装 | 高楼层(共6层) | 1998年建 | 板楼,https://image1.ljcdn.com/310000-inspection/prod-9d5ce039-9b81-45f3-910c-20591604795e.jpg.296x216.jpg
20200208,浦东,杨思前滩,杨思前滩＋满五唯一＋8号线杨思＋简装修＋诚意出售,175万,1室1厅 | 34.3平米 | 北 | 简装 | 中楼层(共6层) | 1986年建 | 板楼,https://image1.ljcdn.com/310000-inspection/prod-55d489f0-52c9-4a08-adf1-d1e6cf45bcbc.jpg.296x216.jpg
20200208,浦东,杨思前滩,杨思前滩+8号线杨思站+南北2大房间+一梯两户+南杨小区房主自荐,327万,2室1厅 | 66.2平米 | 南 | 简装 | 高楼层(共7层) | 1995年建 | 板楼,https://image1.ljcdn.com/310000-inspection/prod-5c771dc9-c158-4878-ba11-f5ad4b5bfad3.jpg.296x216.jpg
20200208,浦东,杨思前滩,杨思前滩，配套成熟 出门亿丰时代广场  中汾泾公园,620万,2室2厅 | 89.25平米 | 南 | 精装 | 中楼层(共6层) | 2000年建 | 板楼,https://image1.ljcdn.com/310000-inspection/82972e46-f9d5-422d-8b00-addc4e55776c_1000.jpg.296x216.jpg
20200208,浦东,杨思前滩,杨思前滩+三轨交汇+居家装修+全明户型无遮挡+双南两房,400万,2室1厅 | 73.96平米 | 南 | 精装 | 高楼层(共6层) | 1996年建 | 板楼,https://image1.ljcdn.com/310000-inspection/prod-34c24dca-0de0-45df-b587-c79dcce3315f.jpg.296x216.jpg
20200208,浦东,杨思前滩,杨思前滩+CBD+三线交轨+ 婚房装修 无遮挡 全明户型,359万,2室1厅 | 64.89平米 | 南 | 精装 | 高楼层(共6层) | 1997年建 | 板楼,https://image1.ljcdn.com/310000-inspection/prod-fedf9f1c-d092-45ab-ac68-df300ac1308a.jpg.296x216.jpg
20200208,浦东,杨思前滩,杨思前滩+8号线杨思地铁口+小区中间位置+一梯三户,220万,1室1厅 | 40.95平米 | 南 | 简装 | 低楼层(共6层) | 1994年建 | 板楼,https://image1.ljcdn.com/310000-inspection/prod-a55e8b37-4e07-48da-a50c-a4d562792964.jpg.296x216.jpg
20200208,浦东,杨思前滩,杨思前滩+环境优雅+停车方便+出门超市和菜场。,400万,2室1厅 | 74.5平米 | 南 北 | 精装 | 中楼层(共6层) | 2006年建 | 板楼,https://image1.ljcdn.com/310000-inspection/pc1_amJmzRqAc_1.jpg.296x216.jpg
20200208,浦东,杨思前滩,杨思前滩+25平花园+靠河位置+看房方便+满五唯一,570万,2室2厅 | 98.4平米 | 南 | 其他 | 低楼层(共6层) | 2004年建 | 板楼,https://image1.ljcdn.com/310000-inspection/prod-ba6e212a-bd24-4f32-8744-079e1e476a0a.jpg.296x216.jpg
20200208,浦东,杨思前滩,杨思前滩+杨思地铁口+5复6+带60平大露台+看房方便,700万,3室1厅 | 131.82平米 | 南 | 简装 | 高楼层(共5层) | 2003年建 | 板楼,https://image1.ljcdn.com/310000-inspection/prod-395981c8-2b87-4543-89fd-4f74946cfcb2.jpg.296x216.jpg
20200208,浦东,杨思前滩,杨思前滩+CBD+6 8 11三轨交+满五唯一+精装修房主自荐,740万,3室2厅 | 122.21平米 | 南 北 | 精装 | 高楼层(共6层) | 2002年建 | 板楼,https://image1.ljcdn.com/310000-inspection/prod-56bd1c8c-c550-4296-ad94-df300bf0b9cc.jpg.296x216.jpg
20200208,浦东,杨思前滩,杨思前滩+三线交通+全明户型+朝南一房带阳台+居家装修,230万,1室1厅 | 42.63平米 | 南 | 简装 | 高楼层(共6层) | 1997年建 | 板楼,https://image1.ljcdn.com/310000-inspection/pc1_D2i010nET_1.jpg.296x216.jpg
20200208,浦东,杨思前滩,杨思前滩+中环内+中间4楼+南北板式+位置好+免增值税,395万,2室1厅 | 74.04平米 | 南 | 精装 | 中楼层(共6层) | 2006年建 | 板楼,https://image1.ljcdn.com/310000-inspection/pc1_XCipAsXr6_1.jpg.296x216.jpg
20200208,浦东,杨思前滩,前滩+明珠c+电梯房+楼层好+南北通+税费少,580万,1室1厅 | 72.01平米 | 南 | 其他 | 低楼层(共14层) | 2007年建 | 板楼,https://image1.ljcdn.com/310000-inspection/pc1_uVUK3ummc_1.jpg.296x216.jpg
20200208,浦东,杨思前滩,杨思前滩＋满五唯一＋8号线杨思＋中等装修＋采光好,240万,1室1厅 | 46.93平米 | 南 | 简装 | 高楼层(共6层) | 1995年建 | 板楼,https://image1.ljcdn.com/310000-inspection/6cda8c36-5d96-4403-85f3-cfd3c9e96ca1_1000.jpg.296x216.jpg
20200208,浦东,杨思前滩,杨思前滩+CBD+三线交轨+满五唯一+环境好+户型好,315万,1室1厅 | 55.09平米 | 南 | 简装 | 高楼层(共6层) | 1998年建 | 板楼,https://image1.ljcdn.com/310000-inspection/pc1_PnHnoUDDk_1.jpg.296x216.jpg
20200208,浦东,杨思前滩,杨思前滩+得房率85.92%+多层2楼+精装修拎包入住,395万,2室1厅 | 73.32平米 | 南 | 精装 | 低楼层(共6层) | 2006年建 | 板楼,https://image1.ljcdn.com/310000-inspection/pc1_NOe4iSLwx_1.jpg.296x216.jpg
20200208,浦东,杨思前滩,杨思前滩+中环以内+一首动迁+电梯中层+产权清晰,300万,1室1厅 | 64.63平米 | 南 | 毛坯 | 低楼层(共24层) | 2006年建 | 板楼,https://image1.ljcdn.com/310000-inspection/pc1_Vs4eMEdB3_1.jpg.296x216.jpg
20200208,浦东,杨思前滩,杨思前滩+诚意出售+到价就卖+一手动迁+税费少,415万,2室1厅 | 83.51平米 | 南 | 简装 | 中楼层(共6层) | 2006年建 | 板楼,https://image1.ljcdn.com/310000-inspection/pc1_dgGoAaeNj_1.jpg.296x216.jpg
20200208,浦东,杨思前滩,杨思前滩+2013年电梯房+CBD旁+交通方便,389万,1室1厅 | 59.81平米 | 南 | 简装 | 低楼层(共17层) | 2012年建 | 板楼,https://image1.ljcdn.com/310000-inspection/pc1_K3pYwD7xQ_1.jpg.296x216.jpg
20200208,浦东,杨思前滩,前滩+满五年+没有个税+楼层好+房型方正+随时看房,539万,2室2厅 | 75.07平米 | 南 | 简装 | 中楼层(共6层) | 1999年建 | 板楼,https://image1.ljcdn.com/310000-inspection/pc1_NvZAZyB03_1.jpg.296x216.jpg
20200208,浦东,杨思前滩,杨思前滩+中环内+一楼+全明户型+花园位置+诚意出售,245万,1室1厅 | 56.79平米 | 南 | 简装 | 低楼层(共6层) | 2006年建 | 板楼,https://image1.ljcdn.com/310000-inspection/pc1_xHwya1CqN_1.jpg.296x216.jpg
20200208,浦东,杨思前滩,杨思前滩+近8号线杨思+西边套+大一房一厅+一梯两户,272万,1室1厅 | 51.37平米 | 南 | 简装 | 高楼层(共6层) | 1998年建 | 板楼,https://image1.ljcdn.com/310000-inspection/3f5b2706-0167-465f-8b21-1f43330c6d24_1000.jpg.296x216.jpg
20200208,浦东,杨思前滩,杨思前滩+8号线杨思地铁+精装+刚需小两房+拎包入住,265万,2室1厅 | 55.69平米 | 南 | 简装 | 高楼层(共6层) | 1995年建 | 板楼,https://image1.ljcdn.com/310000-inspection/pc1_e5mvaw32p_1.jpg.296x216.jpg
20200208,浦东,杨思前滩,杨思前滩+中环内+高区08年一手动迁+双轨交6/8号线,310万,1室1厅 | 49.51平米 | 南 | 简装 | 高楼层(共6层) | 2008年建 | 板楼,https://image1.ljcdn.com/310000-inspection/4fa018f8-8db0-49be-8b19-98329afce34b_1000.jpg.296x216.jpg
20200208,浦东,杨思前滩,杨思前滩+中环以内+世博会动迁+电梯高层+精装修,320万,1室1厅 | 57.53平米 | 南 | 精装 | 高楼层(共17层) | 2006年建 | 板楼,https://image1.ljcdn.com/310000-inspection/pc1_uUppu5bRj_1.jpg.296x216.jpg
20200208,浦东,杨思前滩,杨思前滩+全南全明户型+精装包含家电+拎包入住+不顶楼,393万,2室1厅 | 76.88平米 | 南 | 精装 | 高楼层(共6层) | 2006年建 | 板楼,https://image1.ljcdn.com/310000-inspection/pc1_NIpS8eFFQ_1.jpg.296x216.jpg
