20200208,浦东,新场,单价低，景观层，业主诚意卖，看房随时，满5唯一必看好房,265万,2室2厅 | 108.38平米 | 南 | 毛坯 | 高楼层(共18层) | 2007年建 | 板楼,https://image1.ljcdn.com/310000-inspection/pc1_MF6oQSf9s.jpg.296x216.jpg
20200208,浦东,新场,精装修，满五唯一，中高楼层，视野佳必看好房,285万,3室2厅 | 89.97平米 | 南 北 | 精装 | 中楼层(共16层) | 2012年建 | 板楼,https://image1.ljcdn.com/310000-inspection/pc1_M5XggMIHP_1.jpg.296x216.jpg
20200208,浦东,新场,二期双南精装商品房，视野好，安静无遮挡，业主诚心卖必看好房,278万,2室2厅 | 88.74平米 | 南 | 精装 | 中楼层(共21层) | 2015年建 | 板楼,https://image1.ljcdn.com/310000-inspection/pc1_yQZTjCJkS.jpg.296x216.jpg
20200208,浦东,新场,汇锦城一房+婚房装修+中高层采光视野好+会所免费使用必看好房,193万,1室1厅 | 52.48平米 | 南 | 精装 | 中楼层(共17层) | 2012年建 | 板楼,https://image1.ljcdn.com/310000-inspection/pc1_ZdHqVajwY_1.jpg.296x216.jpg
20200208,浦东,新场,一手动迁南北通毛坯房，高楼层采光无遮挡必看好房,275万,2室2厅 | 88.24平米 | 南 北 | 毛坯 | 高楼层(共21层) | 2015年建 | 板楼,
20200208,浦东,新场,汇锦城二期+看房随时+户型好+房东诚心,258万,3室1厅 | 90.95平米 | 南 | 毛坯 | 低楼层(共18层) | 2012年建 | 板楼,https://image1.ljcdn.com/310000-inspection/test-a87f8206-880b-4732-ae75-bfd9064e6f45.png.296x216.jpg
20200208,浦东,新场,万科品质，南北通三房，视野开阔无遮挡，满五年唯一,310万,3室1厅 | 94平米 | 南 | 精装 | 高楼层(共18层) | 2012年建 | 板楼,https://image1.ljcdn.com/310000-inspection/test-121e39d8-989f-4bde-a4c2-42539cb83c08.png.296x216.jpg
20200208,浦东,新场,（顶楼带阁楼）（精装修）（诚意出售）（南北通）,290万,3室2厅 | 106.38平米 | 南 | 精装 | 高楼层(共6层) | 2007年建 | 板楼,https://image1.ljcdn.com/310000-inspection/test-bfbd80a1-bba7-4238-b0f4-7872b6136ed5.png.296x216.jpg
20200208,浦东,新场,复式房边套， 毛坯房，满五年，采光充足，看房有钥匙,500万,4室2厅 | 177.35平米 | 南 北 | 毛坯 | 中楼层(共5层) | 2011年建 | 板楼,https://image1.ljcdn.com/310000-inspection/test-43dd8fb6-6f61-4c28-838a-42c812ea41f4.png.296x216.jpg
20200208,浦东,新场,1梯1户高档小区，南北通户型，带空调带地暖。有钥匙！,337万,2室2厅 | 99.67平米 | 南 | 精装 | 高楼层(共18层) | 2013年建 | 板楼,https://image1.ljcdn.com/310000-inspection/test-cb33b3f2-66bc-479a-864d-524cd4645a48.png.296x216.jpg
20200208,浦东,新场,丝庐雅苑 双南两房中上楼层采光通风好 看中价格可议,270万,2室2厅 | 88.77平米 | 南 | 毛坯 | 中楼层(共20层) | 2012年建 | 板楼,https://image1.ljcdn.com/310000-inspection/prod-5e42d5e1-9aca-4ada-a8e1-5b223e14b9a1.png.296x216.jpg
20200208,浦东,新场,靠河位置，视野好，户型很好 诚意出售 看房方便房主自荐,510万,5室3厅 | 203.59平米 | 南 | 毛坯 | 高楼层(共18层) | 2007年建 | 板楼,https://image1.ljcdn.com/310000-inspection/prod-ca679d85-0493-4f59-9b5a-71e601be3a9c.jpg.296x216.jpg
20200208,浦东,新场,东方冠郡 2室2厅 268万,268万,2室2厅 | 93平米 | 南 | 简装 | 高楼层(共6层) | 2007年建 | 板楼,https://image1.ljcdn.com/310000-inspection/prod-016524ec-787d-49a6-86e6-9c00faf03de5.jpg.296x216.jpg
20200208,浦东,新场,飞机户型+满2年+产权清晰+中间位置,275万,2室2厅 | 99.5平米 | 南 | 简装 | 低楼层(共18层) | 2013年建 | 板楼,https://image1.ljcdn.com/310000-inspection/prod-3c37abf4-8b71-4858-85c0-4cd71b6300a7.jpg.296x216.jpg
20200208,浦东,新场,汇锦城三期 精装两房 中间楼层，中间位置，诚心出售,260万,3室2厅 | 80平米 | 南 | 精装 | 中楼层(共6层) | 2013年建 | 板楼,https://image1.ljcdn.com/310000-inspection/prod-21300ab4-7514-4552-9822-44ab78bc2c03.jpg.296x216.jpg
20200208,浦东,新场,精装修30万大四房，14年新小区，环境很好  可看房/,400万,4室2厅 | 138.66平米 | 南 | 精装 | 低楼层(共16层) | 2006年建 | 板楼,https://image1.ljcdn.com/310000-inspection/pc1_P2Arzk4Ss_1.jpg.296x216.jpg
20200208,浦东,新场,丝庐雅苑(公寓) 2室2厅 270万,270万,2室2厅 | 88.78平米 | 南 | 毛坯 | 低楼层(共20层) | 2015年建 | 板楼,https://image1.ljcdn.com/310000-inspection/pc1_4gfQohHpy_1.jpg.296x216.jpg
20200208,浦东,新场,丝庐雅苑(公寓) 2室2厅 270万,270万,2室2厅 | 88平米 | 南 | 毛坯 | 中楼层(共20层) | 2015年建 | 板楼,https://image1.ljcdn.com/310000-inspection/pc1_yn6HnF9yQ.jpg.296x216.jpg
20200208,浦东,新场,汇锦城中间楼层小三房满五唯一税费少，房东急卖,276万,3室2厅 | 90.95平米 | 南 | 毛坯 | 中楼层(共18层) | 2012年建 | 板楼,https://image1.ljcdn.com/310000-inspection/pc1_cm1aCpetO.jpg.296x216.jpg
20200208,浦东,新场,采光充足，户型方正，交通便利，小区配套齐全,400万,4室2厅 | 138.29平米 | 南 | 毛坯 | 高楼层(共14层) | 2014年建 | 板楼,https://image1.ljcdn.com/310000-inspection/prod-bee23262-a59c-4c78-9ce8-9af4d3533bf7.jpg.296x216.jpg
20200208,浦东,新场,精装小三房 家具家电全配 小区中间位置 高层采光充足,295万,3室2厅 | 89.68平米 | 南 | 精装 | 高楼层(共16层) | 2013年建 | 板楼,https://image1.ljcdn.com/310000-inspection/prod-150c9efb-d1ef-433b-94a8-f4678835ad35.jpg.296x216.jpg
20200208,浦东,新场,次新房+中间楼层+业主急售+近地铁小户型,193万,1室2厅 | 53平米 | 南 | 毛坯 | 高楼层(共17层) | 2012年建 | 板楼,https://image1.ljcdn.com/310000-inspection/test-8097ce2a-4e7c-4d2b-8872-504c19bb991b.png.296x216.jpg
20200208,浦东,新场,汇锦城三期 3室2厅 245万房主自荐,245万,3室2厅 | 89平米 | 南 | 精装 | 低楼层(共17层) | 2011年建 | 板楼,https://image1.ljcdn.com/310000-inspection/test-27558e69-cedd-4230-ba1b-013ae1bb56b9.png.296x216.jpg
20200208,浦东,新场,万科，小区品质高，房东诚意卖房，产权清晰,370万,3室2厅 | 118平米 | 南 | 精装 | 低楼层(共18层) | 2012年建 | 板楼,https://image1.ljcdn.com/310000-inspection/test-14e12911-2472-438f-a0a9-709394e963ed.png.296x216.jpg
20200208,浦东,新场,免增值税，南北通透，毛坯房，交通便利，改善住房！,285万,2室2厅 | 88.43平米 | 南 北 | 简装 | 低楼层(共20层) | 2012年建 | 板楼,https://image1.ljcdn.com/310000-inspection/test-1b0fb6e2-27cf-4b89-9858-0d07fa9e0ca4.png.296x216.jpg
20200208,浦东,新场,户型正气 南北户型 次新房 采光视野好,275万,2室2厅 | 88.43平米 | 南 北 | 毛坯 | 低楼层(共20层) | 2012年建 | 板楼,https://image1.ljcdn.com/310000-inspection/prod-dc6604a7-2667-43e7-859a-4fedbae685cd.jpg.296x216.jpg
20200208,浦东,新场,高层，动迁税费少，有钥匙，没有住过，业主诚心卖,275万,2室2厅 | 88平米 | 南 | 毛坯 | 高楼层(共20层) | 2015年建 | 板楼,https://image1.ljcdn.com/310000-inspection/prod-30a89042-89b0-4e70-81c8-80da6efc9ee2.jpg.296x216.jpg
20200208,浦东,新场,万科精装三房，业主诚心出售，价格可谈,310万,3室2厅 | 98.17平米 | 南 | 精装 | 低楼层(共18层) | 2012年建 | 板楼,https://image1.ljcdn.com/310000-inspection/pc1_aIrTa0hMd_1.jpg.296x216.jpg
20200208,浦东,新场,（户型方正）（两房朝南）（拎包入住）（采光好）,269万,2室2厅 | 84.18平米 | 南 | 精装 | 中楼层(共17层) | 2013年建 | 板楼,https://image1.ljcdn.com/310000-inspection/pc1_3ZODWlFhe_1.jpg.296x216.jpg
20200208,浦东,新场,万科物业，带地下室，采光天井，随时看房，诚心卖,420万,3室2厅 | 171.55平米 | 南 北 | 精装 | 低楼层(共14层) | 2012年建 | 板楼,https://image1.ljcdn.com/310000-inspection/test-e088f22a-b068-4abb-b131-bb3504ed8b5e.png.296x216.jpg
20200208,浦东,新场,汇锦城两房南户型  前排无挡，采光好 业主诚心出售,258万,2室2厅 | 83.54平米 | 南 | 精装 | 低楼层(共16层) | 2012年建 | 板楼,https://image1.ljcdn.com/310000-inspection/prod-a9a23f33-ab4a-4d19-9f20-9d2be3102cb0.jpg.296x216.jpg
20200208,浦东,新场,近16号、交通便利、可以减免5.38增值税和1%个税、,265万,2室2厅 | 88平米 | 南 | 毛坯 | 中楼层(共20层) | 2015年建 | 板楼,https://image1.ljcdn.com/310000-inspection/prod-a5b9c73b-3dc9-4f3f-854f-b6535abd03fd.jpg.296x216.jpg
20200208,浦东,新场,满五年，一楼带地下室，看房子方便，开发商统一装修房主自荐,493万,6室3厅 | 205平米 | 南 北 | 精装 | 低楼层(共18层) | 2012年建 | 板楼,https://image1.ljcdn.com/310000-inspection/prod-2949fad8-dea1-41b4-bb52-e8557fcee75d.jpg.296x216.jpg
20200208,浦东,新场,汇锦城精装大三房 产权车位  自带会所价格可房主自荐,375万,3室2厅 | 123平米 | 南 | 精装 | 低楼层(共17层) | 2012年建 | 板楼,https://image1.ljcdn.com/310000-inspection/pc1_EFSwFgbj0.jpg.296x216.jpg
20200208,浦东,新场,业主诚意出售，满二，精装修，保养好，可拎包入住！,190万,1室1厅 | 52.65平米 | 南 | 精装 | 高楼层(共17层) | 2012年建 | 板楼,https://image1.ljcdn.com/310000-inspection/pc1_AOK1fC7yW_1.jpg.296x216.jpg
20200208,浦东,新场,丝庐二期 中高层两房南 无增值税 业主灰常诚心房主自荐,265万,2室2厅 | 88.78平米 | 南 | 毛坯 | 高楼层(共20层) | 2015年建 | 板楼,https://image1.ljcdn.com/310000-inspection/test-40b6d44a-ee12-4024-a89d-82361353f91f.png.296x216.jpg
20200208,浦东,新场,满五唯一税费少，自住精修，户型正气，看房方便,250万,2室2厅 | 84.63平米 | 南 | 精装 | 低楼层(共18层) | 2012年建 | 板楼,https://image1.ljcdn.com/310000-inspection/pc1_gVbBYwMjT_1.jpg.296x216.jpg
20200208,浦东,新场,万科品质小区+精装高配三房+满五唯一税费少+采光好,330万,3室2厅 | 98平米 | 南 | 精装 | 低楼层(共18层) | 2012年建 | 板楼,https://image1.ljcdn.com/310000-inspection/pc1_tvEYGk68I_1.jpg.296x216.jpg
20200208,浦东,新场,丝庐雅苑(公寓) 2室2厅 280万,280万,2室2厅 | 88.74平米 | 南 | 精装 | 中楼层(共21层) | 2015年建 | 板楼,https://image1.ljcdn.com/310000-inspection/pc1_VeENd3jZT_1.jpg.296x216.jpg
20200208,浦东,新场,诚意出售，精装修，保养好，楼层佳，满二，少税,285万,3室1厅 | 89.96平米 | 南 | 精装 | 高楼层(共16层) | 2012年建 | 板楼,https://image1.ljcdn.com/310000-inspection/pc1_zGF9mHLcm_1.jpg.296x216.jpg
20200208,浦东,新场,（户型方正）（飞机户型）（拎包入住）（采光好）,378万,3室2厅 | 123.58平米 | 南 北 | 精装 | 高楼层(共17层) | 2013年建 | 板楼,https://image1.ljcdn.com/310000-inspection/pc1_YO9x1Q8Hx_1.jpg.296x216.jpg
20200208,浦东,新场,万科清林径 3室2厅 330万,330万,3室2厅 | 97.25平米 | 南 | 精装 | 中楼层(共18层) | 2012年建 | 板楼,https://image1.ljcdn.com/310000-inspection/pc1_OifTMvc35_1.jpg.296x216.jpg
20200208,浦东,新场,精装修，满五唯一，中高层，视野佳,290万,3室2厅 | 91.28平米 | 南 | 精装 | 中楼层(共17层) | 2013年建 | 板楼,https://image1.ljcdn.com/310000-inspection/pc1_gQWWwRjYT_1.jpg.296x216.jpg
20200208,浦东,新场,东方冠郡大3房133平，看房方便看中价格可以谈,340万,3室2厅 | 132.64平米 | 南 北 | 毛坯 | 中楼层(共18层) | 2007年建 | 板楼,https://image1.ljcdn.com/310000-inspection/prod-8967188c-a0ea-48ee-bc4e-959242095487.jpg.296x216.jpg
20200208,浦东,新场,采光充足，户型方正，交通便利，小区配套齐全,280万,2室2厅 | 88.74平米 | 南 | 精装 | 高楼层(共21层) | 2015年建 | 板楼,https://image1.ljcdn.com/310000-inspection/pc1_u51b9p00T_1.jpg.296x216.jpg
20200208,浦东,新场,满两年，大一房，简单装修，中间楼层，全南户型！,229万,1室1厅 | 70.55平米 | 南 | 简装 | 中楼层(共20层) | 2015年建 | 板楼,https://image1.ljcdn.com/310000-inspection/prod-c849b4fc-13d2-4716-97b4-0b1412683a35.jpg.296x216.jpg
20200208,浦东,新场,万科出品 品质小区 精装小3房 视野好 采光好 总价低,330万,3室2厅 | 98平米 | 南 | 精装 | 高楼层(共18层) | 2012年建 | 板楼,https://image1.ljcdn.com/310000-inspection/prod-8d84872f-29ff-46b0-b667-787c53c206db.jpg.296x216.jpg
20200208,浦东,新场,丝庐雅苑一手动迁房，税费少，中间楼层价格包含车位房主自荐,275万,2室2厅 | 88平米 | 南 | 简装 | 中楼层(共20层) | 2015年建 | 板楼,https://image1.ljcdn.com/310000-inspection/pc1_zXdel1XAM_1.jpg.296x216.jpg
20200208,浦东,新场,一梯一户，飞机户型，交通便捷，适合居住,330万,2室2厅 | 99.74平米 | 南 | 毛坯 | 中楼层(共18层) | 2013年建 | 板楼,https://image1.ljcdn.com/310000-inspection/prod-83d1386f-af80-4034-871f-a1e612b17065.jpg.296x216.jpg
20200208,浦东,新场,此房是小区高层，没有住过人，没有出租过，诚意卖,285万,2室2厅 | 88.26平米 | 南 北 | 毛坯 | 高楼层(共20层)  | 板楼,https://image1.ljcdn.com/310000-inspection/pc1_UMJj2j1Fs_1.jpg.296x216.jpg
20200208,浦东,新场,（总价低）（诚意出售）（看房方便）（横厅采光足）,252万,3室2厅 | 89.52平米 | 南 北 | 毛坯 | 低楼层(共18层) | 2013年建 | 板楼,https://image1.ljcdn.com/310000-inspection/prod-fa4d420d-3462-41fd-9a17-70efd7d5ca19.jpg.296x216.jpg
20200208,浦东,新场,东方冠郡 2室2厅 320万,320万,2室2厅 | 99.67平米 | 南 | 精装 | 低楼层(共18层) | 2013年建 | 板楼,https://image1.ljcdn.com/310000-inspection/pc1_2mks40V5r_1.jpg.296x216.jpg
20200208,浦东,新场,一梯一户+飞机户型+精装两房+中等楼层视野采光佳+急售,315万,2室2厅 | 99.7平米 | 南 北 | 精装 | 低楼层(共18层) | 2013年建 | 板楼,https://image1.ljcdn.com/310000-inspection/pc1_1oz5BKoWk_1.jpg.296x216.jpg
20200208,浦东,新场,冠郡二期小区新+精装修高楼层+南北通飞机型户型,318万,2室2厅 | 99.28平米 | 南 北 | 精装 | 高楼层(共18层) | 2013年建 | 板楼,https://image1.ljcdn.com/310000-inspection/pc1_EnXazjAGl_1.jpg.296x216.jpg
20200208,浦东,新场,南北通两房+有钥匙+靠河边+位置好楼层佳+户型好,285万,2室2厅 | 89平米 | 南 | 毛坯 | 中楼层(共20层) | 2015年建 | 板楼,https://image1.ljcdn.com/310000-inspection/test-8160af61-5c01-4434-aac3-b62b33447d7f.png.296x216.jpg
20200208,浦东,新场,上海安个家+高档小区+业主会所可以免费试用,195万,1室1厅 | 52.4平米 | 南 | 精装 | 中楼层(共17层) | 2012年建 | 板楼,https://image1.ljcdn.com/310000-inspection/test-59216ddc-ad09-4116-bb13-64501b71c6e4.png.296x216.jpg
20200208,浦东,新场,品质小区，经典飞机户型，户型方正，看房方便,318万,2室2厅 | 99.66平米 | 南 | 毛坯 | 高楼层(共18层) | 2013年建 | 板楼,https://image1.ljcdn.com/310000-inspection/test-d63ad55d-52b8-4db6-b24a-ae81783b93df.png.296x216.jpg
20200208,浦东,新场,低总价低预算次新房户型正气楼层视野采光好，价格可议,270万,2室2厅 | 88.77平米 | 南 | 毛坯 | 中楼层(共20层) | 2012年建 | 板楼,https://image1.ljcdn.com/310000-inspection/test-7e39b05d-94c3-46af-8ec3-3a616dd28b38.png.296x216.jpg
20200208,浦东,新场,（急售！）（户型好）（两南一北双阳台）（景观房）,368万,3室2厅 | 133.16平米 | 南 | 毛坯 | 中楼层(共18层) | 2007年建 | 板楼,https://image1.ljcdn.com/310000-inspection/test-b52293d8-3b43-45df-9908-bda89e66883a.png.296x216.jpg
20200208,浦东,新场,冠郡大两房+南北通+满五唯一+位置好+诚意急售,269万,2室2厅 | 106.29平米 | 南 北 | 精装 | 低楼层(共6层) | 2007年建 | 板楼,https://image1.ljcdn.com/310000-inspection/test-822bf0a1-4f1e-4660-9e38-cb4733dfd95c.png.296x216.jpg
20200208,浦东,新场,汇锦城精装三房 楼层佳采光好 诚意出售价格可议,370万,3室2厅 | 123平米 | 南 | 精装 | 低楼层(共17层) | 2014年建 | 板楼,https://image1.ljcdn.com/310000-inspection/pc1_EK3bOjGY3_2.jpg.296x216.jpg
20200208,浦东,新场,万科品质，满五年不唯一带产权车位，环境优美楼层佳,429万,3室2厅 | 118平米 | 南 | 精装 | 中楼层(共18层) | 2012年建 | 板楼,https://image1.ljcdn.com/310000-inspection/prod-ed529fa2-9510-46c5-8702-b86db85f3684.jpg.296x216.jpg
20200208,浦东,新场,丝庐雅苑 双南两房中上楼层采光通风好 看中价格可议,275万,2室2厅 | 88.74平米 | 南 | 毛坯 | 中楼层(共21层) | 2015年建 | 板楼,https://image1.ljcdn.com/310000-inspection/pc1_EyWPSw3To_1.jpg.296x216.jpg
20200208,浦东,新场,万科清林径 3室2厅 400万,400万,3室2厅 | 119.02平米 | 南 | 精装 | 高楼层(共18层) | 2012年建 | 板楼,https://image1.ljcdn.com/310000-inspection/pc1_6dijSmRX7_1.jpg.296x216.jpg
20200208,浦东,新场,税费低 景观楼层 视野宽阔 诚心出售,295万,2室2厅 | 88.43平米 | 南 北 | 毛坯 | 高楼层(共20层) | 2012年建 | 板楼,https://image1.ljcdn.com/310000-inspection/pc1_FzpsJomT5_1.jpg.296x216.jpg
20200208,浦东,新场,万科清林径 3室2厅 320万,320万,3室2厅 | 96.11平米 | 南 | 简装 | 中楼层(共18层) | 2012年建 | 板楼,https://image1.ljcdn.com/310000-inspection/pc1_cwMeY4sWk_1.jpg.296x216.jpg
20200208,浦东,新场,丝庐雅苑(公寓) 2室2厅 280万,280万,2室2厅 | 88平米 | 南 北 | 简装 | 中楼层(共21层) | 2015年建 | 板楼,https://image1.ljcdn.com/310000-inspection/pc1_9nLuu0TDH_1.jpg.296x216.jpg
20200208,浦东,新场,年底满五唯一+业主自住精装修+位置好,260万,2室1厅 | 84.18平米 | 南 | 精装 | 低楼层(共17层) | 2013年建 | 板楼,https://image1.ljcdn.com/310000-inspection/prod-13ad7139-4091-4766-b818-4de60fae42d1.jpg.296x216.jpg
20200208,浦东,新场,景观楼层大三房，精装修，满两年，带车库，价格可议,365万,3室2厅 | 123.69平米 | 南 | 简装 | 低楼层(共6层) | 2007年建 | 板楼,https://image1.ljcdn.com/310000-inspection/prod-0ed5e507-3702-4fa5-9f5f-d7b9768cf3ec.jpg.296x216.jpg
20200208,浦东,新场,丝庐雅苑(公寓) 2室2厅 295万,295万,2室2厅 | 89.24平米 | 南 北 | 毛坯 | 中楼层(共20层) | 2015年建 | 板楼,https://image1.ljcdn.com/310000-inspection/prod-1b8e3601-d5ec-4f6a-89f2-488cdbf143c3.jpg.296x216.jpg
20200208,浦东,新场,一梯一户 私密性高 南北朝向户型好 精装两房房主自荐,298万,2室2厅 | 100平米 | 南 北 | 精装 | 低楼层(共18层) | 2013年建 | 板楼,https://image1.ljcdn.com/310000-inspection/pc1_kqBlAHUGy_1.jpg.296x216.jpg
20200208,浦东,新场,万科出品 品质小区 精装高配大3房 视野好 采光好,405万,3室2厅 | 120.44平米 | 东 西 | 精装 | 中楼层(共14层) | 2012年建 | 板楼,https://image1.ljcdn.com/310000-inspection/pc1_7nPC7aptv_1.jpg.296x216.jpg
20200208,浦东,新场,精装修，满两年，带产权车位，南北通，交通便利！,400万,4室2厅 | 141平米 | 南 | 精装 | 低楼层(共17层) | 2013年建 | 板楼,https://image1.ljcdn.com/310000-inspection/pc1_4wHXa7e4p_1.jpg.296x216.jpg
20200208,浦东,新场,汇锦城+电梯房+精装修+带地暖+三房+看房方便房主自荐,278万,3室1厅 | 92平米 | 南 北 | 精装 | 中楼层(共16层) | 2012年建 | 板楼,https://image1.ljcdn.com/310000-inspection/pc1_KqjrxMrOn_1.jpg.296x216.jpg
20200208,浦东,新场,万科品质+精装大三房+满五唯一税费少+采光视野好房主自荐,389万,3室2厅 | 120.03平米 | 西南 | 简装 | 低楼层(共18层) | 2012年建 | 板楼,https://image1.ljcdn.com/310000-inspection/pc1_JpUAXKm4P_1.jpg.296x216.jpg
20200208,浦东,新场,汇锦城三期 4室2厅 420万,420万,4室2厅 | 139.7平米 | 南 北 | 精装 | 中楼层(共18层) | 2011年建 | 板楼,https://image1.ljcdn.com/310000-inspection/pc1_pWq7HwTB4_1.jpg.296x216.jpg
20200208,浦东,新场,汇锦城配套齐 电梯房 业主诚意出售 50万精装修采光好,410万,4室2厅 | 140.27平米 | 南 北 | 精装 | 中楼层(共18层) | 2013年建 | 板楼,https://image1.ljcdn.com/310000-inspection/pc1_qraVB4Nd8_1.jpg.296x216.jpg
20200208,浦东,新场,万科清林径 3室2厅 330万,330万,3室2厅 | 96.11平米 | 南 | 精装 | 中楼层(共18层) | 2012年建 | 板楼,https://image1.ljcdn.com/310000-inspection/pc1_yu2BY0mDV_1.jpg.296x216.jpg
20200208,浦东,新场,小区中间位置，一梯一户 ，房东诚心卖,330万,2室2厅 | 99.67平米 | 南 | 精装 | 中楼层(共18层) | 2013年建 | 板楼,https://image1.ljcdn.com/310000-inspection/pc1_1jHvsxERF_1.jpg.296x216.jpg
20200208,浦东,新场,汇锦城三期+正气三房+位置好楼层佳+拎包入住,375万,3室2厅 | 123.58平米 | 南 | 精装 | 高楼层(共17层) | 2013年建 | 板楼,https://image1.ljcdn.com/310000-inspection/pc1_zupCZyy0A_1.jpg.296x216.jpg
20200208,浦东,新场,景观楼层，诚意出售，税费少，格局好,275万,2室2厅 | 88.43平米 | 南 北 | 毛坯 | 中楼层(共20层) | 2012年建 | 板楼,https://image1.ljcdn.com/310000-inspection/pc1_XXd0HJ6Eo_1.jpg.296x216.jpg
20200208,浦东,新场,汇锦城二期 2室2厅 255万,255万,2室2厅 | 84平米 | 南 | 精装 | 高楼层(共18层) | 2013年建 | 板楼,https://image1.ljcdn.com/310000-inspection/prod-c4299156-ba38-4da4-a5a2-c0e597a51d8e.jpg.296x216.jpg
20200208,浦东,新场,户型正气，位置好，精装修，业主诚意度高，看房方便,275万,2室2厅 | 83.54平米 | 南 | 精装 | 低楼层(共16层) | 2012年建 | 板楼,https://image1.ljcdn.com/310000-inspection/pc1_HYp8pQx8o_1.jpg.296x216.jpg
20200208,浦东,新场,此房满5年唯一，增值税个税免征，家具家电全带。,188万,1室1厅 | 52.47平米 | 南 | 精装 | 低楼层(共18层) | 2013年建 | 板楼,https://image1.ljcdn.com/310000-inspection/prod-b032f373-c024-4bc8-9d7d-91a0dce29bfd.jpg.296x216.jpg
20200208,浦东,新场,冠郡二期+三开间朝南+精装自住+看房方便+诚意出售,305万,2室2厅 | 99.66平米 | 南 北 | 精装 | 低楼层(共18层) | 2013年建 | 板楼,https://image1.ljcdn.com/310000-inspection/pc1_e8S2PxQKL_1.jpg.296x216.jpg
20200208,浦东,新场,满五年近16号。精装修 南北正通 2+1户型 新小区,260万,2室2厅 | 88.43平米 | 南 北 | 精装 | 低楼层(共20层) | 2012年建 | 板楼,https://image1.ljcdn.com/310000-inspection/pc1_vBCEo3yMR_1.jpg.296x216.jpg
20200208,浦东,新场,房东诚心出售，中间楼层，品质小区,398万,3室2厅 | 118.63平米 | 西 | 精装 | 中楼层(共18层) | 2012年建 | 板楼,https://image1.ljcdn.com/310000-inspection/prod-3672bf55-c939-47e8-b2a5-c33b48212669.jpg.296x216.jpg
20200208,浦东,新场,此房一手动迁，增值税全部免征，只需要1%个税和契税,225万,1室2厅 | 71平米 | 南 | 毛坯 | 中楼层(共20层) | 2015年建 | 板楼,https://image1.ljcdn.com/310000-inspection/prod-d8b2f9d9-b70b-463b-8f77-1ee491757e95.jpg.296x216.jpg
20200208,浦东,新场,南北通透，电梯高层，景观楼层，业主诚心卖,265万,2室2厅 | 88.43平米 | 南 北 | 毛坯 | 高楼层(共20层) | 2012年建 | 板楼,https://image1.ljcdn.com/310000-inspection/pc1_hLE33vS1q.jpg.296x216.jpg
20200208,浦东,新场,丝庐雅苑(公寓) 2室2厅 288万,288万,2室2厅 | 88平米 | 南 北 | 毛坯 | 中楼层(共21层) | 2015年建 | 板楼,https://image1.ljcdn.com/310000-inspection/pc1_FpJxiRECy_1.jpg.296x216.jpg
20200208,浦东,新场,两房朝南，大阳台采光足，毛坯房，交通便利。,260万,2室1厅 | 88.74平米 | 南 | 毛坯 | 低楼层(共21层) | 2015年建 | 板楼,https://image1.ljcdn.com/310000-inspection/test-3e454e2b-bcd5-41cf-a5ab-46046de84115.png.296x216.jpg
20200208,浦东,新场,景观楼层 视野好 房东诚心出售,265万,2室2厅 | 88.74平米 | 南 | 精装 | 高楼层(共21层) | 2015年建 | 板楼,https://image1.ljcdn.com/310000-inspection/pc1_DUtFIJaHR_1.jpg.296x216.jpg
20200208,浦东,新场,汇锦城 电梯房  业主诚心出售 看房方便，采光好,255万,2室2厅 | 85平米 | 南 北 | 简装 | 低楼层(共18层) | 2012年建 | 板楼,https://image1.ljcdn.com/310000-inspection/prod-ce9e551c-cc4e-4e68-8796-a80b548b54ce.jpg.296x216.jpg
20200208,浦东,新场,近16号、交通便利、新小区，3开间朝南，可随时看房,265万,2室2厅 | 88.77平米 | 南 | 毛坯 | 低楼层(共20层) | 2012年建 | 板楼,https://image1.ljcdn.com/310000-inspection/pc1_xEzEdLknN_1.jpg.296x216.jpg
20200208,浦东,新场,汇锦城电梯两房满五唯一精装修看房方便,248万,2室2厅 | 84.23平米 | 南 | 精装 | 低楼层(共18层) | 2012年建 | 板楼,https://image1.ljcdn.com/310000-inspection/pc1_UVHyuMFMP_1.jpg.296x216.jpg
20200208,浦东,新场,新上房源，万科南北通，精装修，拎包入住，品质物业,310万,2室1厅 | 84.51平米 | 南 北 | 精装 | 中楼层(共18层) | 2012年建 | 板楼,https://image1.ljcdn.com/310000-inspection/pc1_QGzBH1qPa_1.jpg.296x216.jpg
20200208,浦东,新场,总价便宜，业主诚意出售，中间楼层，户型正气,265万,2室1厅 | 84.17平米 | 南 | 精装 | 中楼层(共18层) | 2013年建 | 板楼,https://image1.ljcdn.com/310000-inspection/pc1_TpXHuVTaf_1.jpg.296x216.jpg
20200208,浦东,新场,东方冠郡 2室2厅 270万,270万,2室2厅 | 90.96平米 | 南 | 精装 | 中楼层(共6层) | 2007年建 | 板楼,https://image1.ljcdn.com/310000-inspection/pc1_8lGhwuJu5.jpg.296x216.jpg
20200208,浦东,新场,冠郡二期南北通飞机型户型+精装修位置佳+诚售,292万,2室2厅 | 99.74平米 | 南 北 | 精装 | 低楼层(共18层) | 2013年建 | 板楼,https://image1.ljcdn.com/310000-inspection/pc1_mOwXEP16a_1.jpg.296x216.jpg
20200208,浦东,新场,采光充足，户型方正，交通便利，小区配套齐全,290万,2室2厅 | 88.38平米 | 南 北 | 简装 | 中楼层(共21层) | 2015年建 | 板楼,https://image1.ljcdn.com/310000-inspection/pc1_mCelcgesm_1.jpg.296x216.jpg
20200208,浦东,新场,汇锦城三期 2室2厅 263万,263万,2室2厅 | 84平米 | 南 | 精装 | 低楼层(共17层) | 2013年建 | 板楼,https://image1.ljcdn.com/310000-inspection/pc1_b0UINhTok_1.jpg.296x216.jpg
20200208,浦东,新场,高楼层精装修 采光充足 一手动迁省税费 南北两房,298万,2室2厅 | 88平米 | 南 | 精装 | 高楼层(共21层) | 2015年建 | 板楼,https://image1.ljcdn.com/310000-inspection/pc1_AC4RwL6t4_1.jpg.296x216.jpg
20200208,浦东,新场,业主诚意出售，满五年唯一，税少，有钥匙，毛坯房！,175万,1室1厅 | 52.65平米 | 南 | 毛坯 | 中楼层(共17层) | 2012年建 | 板楼,https://image1.ljcdn.com/310000-inspection/pc1_dEuu1DuiF_1.jpg.296x216.jpg
20200208,浦东,新场,经典户型一梯一户刷卡入户，两房朝南南北通,275万,2室1厅 | 99.57平米 | 南 | 毛坯 | 低楼层(共18层) | 2013年建 | 板楼,https://image1.ljcdn.com/310000-inspection/test-0a915035-08b9-4a9c-9c10-89edfbcf5fbc.png.296x216.jpg
20200208,浦东,新场,精装修，中间楼层，12年新小区，环境很好，看房方便,420万,4室2厅 | 140平米 | 南 | 精装 | 中楼层(共15层) | 2012年建 | 板楼,https://image1.ljcdn.com/310000-inspection/pc1_azKW1PQT7_1.jpg.296x216.jpg
20200208,浦东,新场,采光充足，户型方正，免增值税，交通便利，配套齐全,293万,2室2厅 | 88.26平米 | 南 北 | 简装 | 高楼层(共20层) | 2015年建 | 板楼,https://image1.ljcdn.com/310000-inspection/pc1_97GeAE3ml_1.jpg.296x216.jpg
20200208,浦东,新场,汇锦城_纯毛坯精美小户型_中间楼层_自带业主会所,195万,1室1厅 | 52.65平米 | 南 | 毛坯 | 低楼层(共17层) | 2012年建 | 板楼,https://image1.ljcdn.com/310000-inspection/test-a98b7d68-a6e7-4d3b-a0b2-5b590f7ffb2e.png.296x216.jpg
20200208,浦东,新场,此房不满2年精装修南北通透，产权清晰，楼盘品质物业,290万,2室1厅 | 84平米 | 南 北 | 精装 | 中楼层(共14层) | 2012年建 | 板楼,https://image1.ljcdn.com/310000-inspection/prod-e9387da1-f190-416e-a478-d0ba95a6253c.jpg.296x216.jpg
20200208,浦东,新场,一梯一户，飞机户型，居家装修，交通便捷，适合居住,315万,2室2厅 | 99.61平米 | 南 | 精装 | 低楼层(共18层) | 2013年建 | 板楼,https://image1.ljcdn.com/310000-inspection/test-cd4b3978-ea52-4d55-9792-2ed3ecfff9ec.png.296x216.jpg
20200208,浦东,新场,免增值税，中楼层，视野好，交通便利,230万,1室1厅 | 73.58平米 | 南 | 简装 | 中楼层(共20层) | 2012年建 | 板楼,https://image1.ljcdn.com/310000-inspection/test-320ddd01-24be-4796-bd68-29c24fe47bfe.png.296x216.jpg
20200208,浦东,新场,满两年，简单装修，中间楼层，全南户型！,226万,2室1厅 | 71平米 | 南 | 简装 | 高楼层(共20层) | 2015年建 | 板楼,https://image1.ljcdn.com/310000-inspection/prod-b092a700-f6b5-4187-bba4-21e72c53e4b5.jpg.296x216.jpg
20200208,浦东,新场,丝庐雅苑二期 双南两房 高楼层 一手动迁 诚心出售,265万,2室2厅 | 88.78平米 | 南 | 毛坯 | 高楼层(共20层)  | 板楼,https://image1.ljcdn.com/310000-inspection/prod-010ba22b-d6b5-4620-97a3-3f9ad9d7bcee.png.296x216.jpg
20200208,浦东,新场,汇锦城三房诚意出售，低总价，小区好，位置佳,263万,3室2厅 | 89.97平米 | 南 北 | 毛坯 | 低楼层(共16层) | 2012年建 | 板楼,https://image1.ljcdn.com/310000-inspection/pc1_NvbOWNO7s.jpg.296x216.jpg
20200208,浦东,新场,南北通透户型方正，精装修带产权车位，中间位置,300万,2室2厅 | 88.7平米 | 南 北 | 精装 | 低楼层(共21层) | 2015年建 | 板楼,https://image1.ljcdn.com/310000-inspection/pc1_rtKofOmjU_1.jpg.296x216.jpg
20200208,浦东,新场,户型方正实用。主卧空间开阔，朝南而向满五年唯一,340万,3室1厅 | 98.17平米 | 南 | 精装 | 低楼层(共18层) | 2012年建 | 板楼,https://image1.ljcdn.com/310000-inspection/prod-e413b718-4574-4708-85bc-3ebe4d986d5f.jpg.296x216.jpg
20200208,浦东,新场,满五年唯一，  精装修，南北通透，两房朝南一房北!,303万,3室2厅 | 91.34平米 | 南 北 | 精装 | 中楼层(共18层) | 2013年建 | 板楼,https://image1.ljcdn.com/310000-inspection/46711cfc-0aa2-4b75-9b43-5572ca20b5f2.JPG.296x216.jpg
20200208,浦东,新场,汇锦城二期 2室1厅 265万,265万,2室1厅 | 84.17平米 | 南 | 简装 | 高楼层(共18层) | 2013年建 | 板楼,https://image1.ljcdn.com/shfdfs-image/20170911/0b933036-77d4-49b1-b2a4-7b76bb7c0e7b.jpg.296x216.jpg
20200208,浦东,新场,万科清林径 毛坯别墅可塑性强 满五唯一税费低价格可议,820万,4室2厅 | 230平米 | 南 | 毛坯 | 低楼层(共1层) | 2012年建 | 板楼,https://image1.ljcdn.com/310000-inspection/6e639a26-beb4-495a-994c-34f8c60ab892.jpg.296x216.jpg
20200208,浦东,新场,汇锦城一期+中间复式洋房+有电梯,490万,4室2厅 | 174.93平米 | 南 | 简装 | 中楼层(共5层) | 2011年建 | 板楼,https://image1.ljcdn.com/310000-inspection/test-8b9eb058-4cb5-4978-97ca-ef76730ce9d2.jpg.296x216.jpg
20200208,浦东,新场,汇锦城一期 3复4 中间位置 纯毛坯 户型好,500万,4室2厅 | 175平米 | 南 北 | 毛坯 | 中楼层(共6层) | 2011年建 | 板楼,https://image1.ljcdn.com/310000-inspection/156df80d-b166-4bbf-b443-a3e99953e39c.JPG.296x216.jpg
20200208,浦东,新场,景观楼层，免增值税，一手动迁，次新房，价格可议,270万,2室2厅 | 88.78平米 | 南 | 毛坯 | 高楼层(共20层) | 2015年建 | 板楼,https://image1.ljcdn.com/shfdfs-image/20171112/133aa421-76e8-40f2-9ef8-037e51ec0595.jpg.296x216.jpg
20200208,浦东,新场,此房一手动迁、增值税个税全部免征，中高层诚心卖,252万,2室2厅 | 88.78平米 | 南 | 毛坯 | 高楼层(共20层) | 2015年建 | 板楼,https://image1.ljcdn.com/310000-inspection/rsp_pic_upload107c74be-ab87-4003-81b7-b719713c3d92.jpg.296x216.jpg
20200208,浦东,新场,满五唯一+单价低+景观楼层+视野好,280万,2室2厅 | 108平米 | 南 | 精装 | 中楼层(共18层) | 2007年建 | 板楼,https://image1.ljcdn.com/shfdfs-image/20171212/9216bdf6-663a-4e27-a8ac-fe43ef65377e.jpg.296x216.jpg
20200208,浦东,新场,汇锦城123平大三房  居家装修景观楼层 满五唯一,370万,3室2厅 | 122.76平米 | 南 | 精装 | 高楼层(共18层) | 2012年建 | 板楼,https://image1.ljcdn.com/310000-inspection/28bd0c61-92e0-435f-ad90-b3e36f502235.JPG.296x216.jpg
20200208,浦东,新场,丝庐雅苑(公寓) 2室1厅 260万,260万,2室1厅 | 88.7平米 | 南 北 | 毛坯 | 低楼层(共20层) | 2015年建 | 板楼,https://image1.ljcdn.com/310000-inspection/9ed8bee2-b662-4a9b-b1b9-449d442886cb.jpg.296x216.jpg
20200208,浦东,新场,万科清林径品质小区物业管理好房东诚心卖看房方便,800万,3室3厅 | 230平米 | 南 | 毛坯 | 低楼层(共1层) | 2012年建 | 板楼,https://image1.ljcdn.com/310000-inspection/bf4a72b9-6888-419f-9923-5f1a2bfcbf21.JPG.296x216.jpg
20200208,浦东,新场,东方冠郡 4室2厅 460万,460万,4室2厅 | 166.6平米 | 南 北 | 简装 | 低楼层(共2层) | 2007年建 | 板楼,https://image1.ljcdn.com/310000-inspection/64f82ab7-5a89-4c3a-8f71-27e332b327a5.JPG.296x216.jpg
20200208,浦东,新场,精装修带地下室，诚意出售，看房方便,305万,2室2厅 | 99.44平米 | 南 | 精装 | 低楼层(共18层) | 2013年建 | 板楼,https://image1.ljcdn.com/310000-inspection/8b5070a8-8052-4d04-9af7-b6fb1a90bda4.JPG.296x216.jpg
20200208,浦东,新场,户型正气，位置好，精装修，业主诚意度高，看房方便,265万,2室1厅 | 84.17平米 | 南 | 精装 | 低楼层(共18层) | 2013年建 | 板楼,https://image1.ljcdn.com/310000-inspection/pc1_CCMg2NdZf_1.jpg.296x216.jpg
20200208,浦东,新场,丝庐雅苑(公寓) 2室2厅 290万,290万,2室2厅 | 88.74平米 | 南 北 | 精装 | 中楼层(共21层) | 2015年建 | 板楼,https://image1.ljcdn.com/310000-inspection/pc1_KABlLU6M4_1.jpg.296x216.jpg
20200208,浦东,新场,大两房，采光视野好，满五年并且仅一套房子，看房方便,250万,2室1厅 | 83.56平米 | 南 | 简装 | 低楼层(共16层) | 2012年建 | 板楼,https://image1.ljcdn.com/310000-inspection/8eefefff-d347-4a25-af40-66a95721b5b8.jpg.296x216.jpg
20200208,浦东,新场,汇锦城二期 3室2厅 426万,426万,3室2厅 | 140.58平米 | 南 | 精装 | 中楼层(共17层) | 2012年建 | 板楼,https://image1.ljcdn.com/310000-inspection/prod-7f1867c8-cafb-45e4-87cc-74becb5262e1.jpg.296x216.jpg
20200208,浦东,新场,汇锦城二期 4室3厅 595万,595万,4室3厅 | 194平米 | 南 北 | 精装 | 低楼层(共12层) | 2012年建 | 板楼,https://image1.ljcdn.com/310000-inspection/8bca586c-5d20-415a-b2d1-e139d46caf35.JPG.296x216.jpg
20200208,浦东,新场,汇锦城二期，精装修，保养好，满五唯一，少税，随看房主自荐,300万,2室2厅 | 89.41平米 | 南 北 | 简装 | 低楼层(共18层) | 2012年建 | 板楼,https://image1.ljcdn.com/310000-inspection/pc1_tOKKtr4cl_1.jpg.296x216.jpg
20200208,浦东,新场,（诚意出售）（品质小区）（双南户型）（自带会所）,255万,2室1厅 | 84.17平米 | 西南 | 毛坯 | 中楼层(共18层) | 2013年建 | 板楼,https://image1.ljcdn.com/shfdfs-image/20170805/27f61ab9-eade-43ac-a399-8118f484bf13.jpg.296x216.jpg
20200208,浦东,新场,万科清林径 9室6厅 900万,900万,9室6厅 | 280.55平米 | 南 | 其他 | 低楼层(共1层) | 2012年建 | 板楼,https://image1.ljcdn.com/310000-inspection/8a2f7f62-5cd3-4162-ba18-682b06d5c5cc.JPG.296x216.jpg
20200208,浦东,新场,汇锦城 ，诚意出售，税费较少,电梯复式房，户型正气,468万,4室2厅 | 178平米 | 南 北 | 简装 | 低楼层(共5层) | 2011年建 | 板楼,https://image1.ljcdn.com/310000-inspection/2d70548d-1598-48e1-887b-b6a2393dcf15.JPG.296x216.jpg
20200208,浦东,新场,丝庐二期 中高层两房南 无增值税 小区中间位置,290万,2室2厅 | 88.78平米 | 南 | 毛坯 | 中楼层(共20层) | 2015年建 | 板楼,https://image1.ljcdn.com/310000-inspection/pc1_uOnflcbRK.jpg.296x216.jpg
20200208,浦东,新场,万科清林径 4室2厅 870万,870万,4室2厅 | 230.07平米 | 南 北 | 精装 | 低楼层(共1层) | 2012年建 | 板楼,https://image1.ljcdn.com/310000-inspection/d0940dda-83d2-49e4-b192-c18af4cc0a39.JPG.296x216.jpg
20200208,浦东,新场,16号线新场站+双南大两房+产权清晰+品质住宅+配套齐,275万,2室2厅 | 88.77平米 | 南 | 精装 | 中楼层(共20层) | 2012年建 | 板楼,https://image1.ljcdn.com/310000-inspection/pc1_FG6utXIkV_1.jpg.296x216.jpg
20200208,浦东,新场,东方冠郡 3室3厅 305万,305万,3室3厅 | 94.31平米 | 南 | 其他 | 高楼层(共6层) | 2007年建 | 板楼,https://image1.ljcdn.com/310000-inspection/test-75489c4c-1623-4255-ad88-870c194e0593.png.296x216.jpg
20200208,浦东,新场,两房朝南，大阳台采光足，交通便利,250万,2室2厅 | 88.98平米 | 南 | 毛坯 | 低楼层(共20层)  | 板楼,https://image1.ljcdn.com/shfdfs-image/20170407/272e5e08-17c7-4382-992f-6a3cba32e600.jpg.296x216.jpg
20200208,浦东,新场,万科品质小区+精装大三房+满五唯一税费少+采光好房主自荐,410万,3室2厅 | 118.63平米 | 西 南 北 | 精装 | 中楼层(共18层) | 2012年建 | 板楼,https://image1.ljcdn.com/310000-inspection/pc1_rwFxr7h2U_1.jpg.296x216.jpg
20200208,浦东,新场,满2年唯一， 精装修，南北通透，一房南两房朝北!,290万,3室2厅 | 89.97平米 | 南 北 | 精装 | 低楼层(共16层) | 2012年建 | 板楼,https://image1.ljcdn.com/310000-inspection/pc1_Z1tol2I6P_1.jpg.296x216.jpg
20200208,浦东,新场,丝庐雅苑一手动迁南北通户型看房方便,290万,2室2厅 | 88平米 | 南 | 简装 | 中楼层(共20层) | 2015年建 | 板楼,https://image1.ljcdn.com/310000-inspection/pc1_9CpkrQGYh_1.jpg.296x216.jpg
20200208,浦东,新场,汇锦城二期 1室1厅 205万,205万,1室1厅 | 52.6平米 | 南 | 精装 | 高楼层(共17层) | 2012年建 | 板楼,https://image1.ljcdn.com/310000-inspection/pc1_wKxXA2Pro_1.jpg.296x216.jpg
20200208,浦东,新场,万科清林径，品牌物业 产权清晰 采光视野好 环境好,770万,5室3厅 | 279.6平米 | 南 | 其他 | 低楼层(共1层) | 2012年建 | 板楼,https://image1.ljcdn.com/310000-inspection/22ce81ce-10bb-409f-a1d2-25c0059fba57.JPG.296x216.jpg
20200208,浦东,新场,精装1房，好楼层，采光视野好，业主到家签字，心态稳,205万,1室1厅 | 52.65平米 | 南 北 | 精装 | 中楼层(共17层) | 2012年建 | 板楼,https://image1.ljcdn.com/310000-inspection/prod-efa55931-8c55-43a6-8796-7b0e65cf0b5b.jpg.296x216.jpg
20200208,浦东,新场,汇锦城+配套齐全+电梯房+业主诚意出售+看房方便,265万,2室2厅 | 89.41平米 | 南 北 | 精装 | 低楼层(共18层) | 2012年建 | 板楼,https://image1.ljcdn.com/x-se/hdic-frame/b94d2cf4-96aa-45db-917e-c102b8ec75c2.png.296x216.jpg
20200208,浦东,新场,二期熊猫级户型+业主诚意出售，满两年，税费较少,550万,4室2厅 | 194.52平米 | 南 北 | 毛坯 | 低楼层(共12层) | 2012年建 | 板楼,https://image1.ljcdn.com/shfdfs-image/20160904/6f5024c4-7264-4e56-8ee3-ae81e74318e2.jpg.296x216.jpg
20200208,浦东,新场,近16号、交通便利、精装修 南北正通 户型正,260万,2室2厅 | 88.77平米 | 南 | 简装 | 低楼层(共20层) | 2012年建 | 板楼,https://image1.ljcdn.com/x-se/hdic-frame/5819d1ea-bbbb-497d-a43e-84282d15fe87.png.296x216.jpg
20200208,浦东,新场,业主诚意出售，满两年，税费较少,复式房，户型正气,470万,4室2厅 | 175.16平米 | 南 | 精装 | 低楼层(共6层) | 2011年建 | 板楼,
20200208,浦东,新场,一手动迁、增值税全部免征，中高层、南北通可塑性强,300万,2室2厅 | 88.24平米 | 南 北 | 毛坯 | 中楼层(共21层) | 2015年建 | 板楼,
20200208,浦东,新场,景观楼层，动迁免增值税，小区绿化好，,275万,2室2厅 | 88平米 | 南 | 毛坯 | 高楼层(共20层) | 2015年建 | 板楼,
20200208,浦东,新场,汇锦城三期 纯毛坯 大四房 中楼层 无抵押无户口,370万,4室2厅 | 139.87平米 | 南 北 | 毛坯 | 低楼层(共18层) | 2013年建 | 板楼,
20200208,浦东,新场,汇锦城三房，低价出售，房东诚心，生活便利,265万,3室2厅 | 89.97平米 | 南 | 毛坯 | 低楼层(共16层) | 2012年建 | 板楼,https://image1.ljcdn.com/x-se/hdic-frame/8febf43b-696d-4faf-aaa6-6b44bebf4e32.png.296x216.jpg
20200208,浦东,新场,丝庐雅苑(公寓) 1室2厅 225万,225万,1室2厅 | 70.58平米 | 南 | 毛坯 | 中楼层(共20层) | 2015年建 | 板楼,
20200208,浦东,新场,丝庐雅苑(公寓) 1室1厅 230万,230万,1室1厅 | 70.57平米 | 南 | 简装 | 低楼层(共20层) | 2012年建 | 板楼,https://image1.ljcdn.com/x-se/hdic-frame/24cf35d9-5b34-40fc-b5f7-7bdc716a9339.png.296x216.jpg
20200208,浦东,新场,东方冠郡 3室2厅 470万,470万,3室2厅 | 161.48平米 | 南 北 | 毛坯 | 低楼层(共3层) | 2007年建 | 板楼,https://image1.ljcdn.com/310000-inspection/c960ffcd-26e2-40f6-846a-ba4017c661e5.JPG.296x216.jpg
20200208,浦东,新场,东方冠郡 3室2厅 305万,305万,3室2厅 | 97.44平米 | 南 北 | 毛坯 | 高楼层(共6层) | 2007年建 | 板楼,https://image1.ljcdn.com/310000-inspection/e1841b23-79f6-4f8d-a915-3e483407197e.JPG.296x216.jpg
20200208,浦东,新场,自住装修大三房 位置佳 有垫高装修保养良好 看房方便,368万,3室2厅 | 123平米 | 南 北 | 精装 | 低楼层(共15层) | 2012年建 | 板楼,https://image1.ljcdn.com/310000-inspection/prod-726cd1c7-c0fa-4cbf-bbb4-1b9160e861f8.jpg.296x216.jpg
20200208,浦东,新场,东方冠郡(别墅) 4室2厅 1300万,1300万,4室2厅 | 370平米 | 南 北 | 毛坯 | 低楼层(共3层) | 2013年建 | 板楼,https://image1.ljcdn.com/310000-inspection/5195608b-6b8f-4271-962e-92f842becbb0.JPG.296x216.jpg
20200208,浦东,新场,满五年，精装修，南北通透大三房，带阁楼，价格可议,410万,3室2厅 | 122.79平米 | 南 北 | 精装 | 高楼层(共4层) | 2007年建 | 板楼,https://image1.ljcdn.com/310000-inspection/81b38595-2695-48a8-82e8-7c1ccf6d420c.JPG.296x216.jpg
20200208,浦东,新场,通汇新村 2室2厅 261万,261万,2室2厅 | 89平米 | 南 北 | 其他 | 中楼层(共5层) | 1996年建 | 板楼,https://image1.ljcdn.com/x-se/hdic-frame/test-a73ccc44-af24-4a40-8102-09bad830bc51.png.296x216.jpg
20200208,浦东,新场,汇锦城二期 3室2厅 315万,315万,3室2厅 | 91平米 | 南 北 | 其他 | 高楼层(共18层) | 2013年建 | 板楼,
20200208,浦东,新场,丝庐雅苑(公寓) 2室2厅 280万,280万,2室2厅 | 88.7平米 | 南 | 其他 | 高楼层(共20层) | 2015年建 | 板楼,
20200208,浦东,新场,汇锦城电梯大四房中间楼层采光视野好精装修,430万,4室2厅 | 140.27平米 | 南 | 精装 | 中楼层(共18层) | 2013年建 | 板楼,https://image1.ljcdn.com/x-se/310000-frame/1b6fe3ea-1350-473e-982a-c3fe3045ad22.png.296x216.jpg
20200208,浦东,新场,东方冠郡(别墅) 4室2厅 1300万,1300万,4室2厅 | 379平米 | 南 北 | 精装 | 低楼层(共1层) | 2013年建 | 板楼,
20200208,浦东,新场,东方冠郡 3室2厅 550万,550万,3室2厅 | 167.04平米 | 南 | 其他 | 低楼层(共3层) | 2007年建 | 板楼,https://image1.ljcdn.com/x-se/hdic-frame/46a47e06-8bc4-49f6-bbb3-d5d0ce767703.png.296x216.jpg
20200208,浦东,新场,丝庐雅苑(公寓) 2室2厅 290万,290万,2室2厅 | 88.7平米 | 南 | 简装 | 高楼层(共21层) | 2015年建 | 板楼,
20200208,浦东,新场,丝庐雅苑(公寓) 2室2厅 270万,270万,2室2厅 | 88.24平米 | 南 | 其他 | 中楼层(共21层) | 2015年建 | 板楼,
20200208,浦东,新场,房子朝向为朝南，进入户门是餐厅以及客厅，客厅朝南,345万,3室2厅 | 98.17平米 | 南 | 精装 | 中楼层(共18层) | 2012年建 | 板楼,https://image1.ljcdn.com/x-se/hdic-frame/2dd927a9-592a-4334-9d80-aef8f80b1e58.png.296x216.jpg
20200208,浦东,新场,东方冠郡 2室1厅 320万,320万,2室1厅 | 99.17平米 | 南 北 | 精装 | 高楼层(共18层) | 2013年建 | 板楼,https://image1.ljcdn.com/x-se/hdic-frame/3e8e664e-a9bb-42c7-a037-a08055072ef0.png.296x216.jpg
