20200208,浦东,北蔡,满五唯一税费少！单价低总价也低！房东诚意出售！必看好房,400万,3室1厅 | 118.69平米 | 南 | 简装 | 低楼层(共22层) | 1998年建 | 塔楼,https://image1.ljcdn.com/310000-inspection/pc1_lDyJkmqzF_1.jpg.296x216.jpg
20200208,浦东,北蔡,小区后排+电梯高层+满五唯一+正房型+双地铁必看好房,620万,2室2厅 | 86.89平米 | 南 | 精装 | 高楼层(共14层) | 2006年建 | 板楼,https://image1.ljcdn.com/310000-inspection/pc1_oSBmYa1jZ_1.jpg.296x216.jpg
20200208,浦东,北蔡,13年次新房  东边套 满五唯一 3轨交2/7/16 业主诚售必看好房,1170万,3室2厅 | 122.32平米 | 南 北 | 精装 | 中楼层(共19层) | 2013年建 | 板楼,https://image1.ljcdn.com/310000-inspection/pc1_BVdVD6cLn_1.jpg.296x216.jpg
20200208,浦东,北蔡,中间不靠路，全明通风采光好，出行便利，经典小错层必看好房,975万,3室2厅 | 133.96平米 | 南 北 | 精装 | 低楼层(共18层) | 2003年建 | 板楼,https://image1.ljcdn.com/310000-inspection/pc1_H9w3RYBQT_1.jpg.296x216.jpg
20200208,浦东,北蔡,中间楼层，不靠马路，全明三房朝南，一梯两户必看好房,435万,3室1厅 | 84.71平米 | 南 | 简装 | 高楼层(共6层) | 1995年建 | 板楼,https://image1.ljcdn.com/310000-inspection/pc1_7g0Vw9G23_1.jpg.296x216.jpg
20200208,浦东,北蔡,房子满五年 唯一 精装修 自住 户型正气 全明必看好房,435万,2室2厅 | 99.25平米 | 南 西 | 精装 | 中楼层(共7层) | 1999年建 | 板楼,https://image1.ljcdn.com/310000-inspection/pc1_gaSFfIkuQ_1.jpg.296x216.jpg
20200208,浦东,北蔡,双南全明，看房方便，总价低，一梯两户，近七号线必看好房,297万,2室1厅 | 62.63平米 | 南 | 精装 | 高楼层(共6层) | 1997年建 | 板楼,https://image1.ljcdn.com/310000-inspection/pc1_zpaAsjOkO_1.jpg.296x216.jpg
20200208,浦东,北蔡,2013年小区、中环内、13号线地铁50米、户型正气必看好房,345万,1室1厅 | 58.11平米 | 南 | 精装 | 中楼层(共16层) | 2012年建 | 板楼,https://image1.ljcdn.com/310000-inspection/prod-58d401ae-46ae-4d7a-84a5-c75157acdaa6.jpg.296x216.jpg
20200208,浦东,北蔡,本房子适合年轻小家庭居住，看房有钥匙随时方便必看好房,290万,2室1厅 | 61.78平米 | 南 | 简装 | 高楼层(共6层) | 1994年建 | 板楼,https://image1.ljcdn.com/310000-inspection/test-69bd7c0e-bf17-441f-9a5f-94c94adebbdd.png.296x216.jpg
20200208,浦东,北蔡,首付96万，全明格局，南北户型，一梯两户，97年竣工必看好房,270万,2室1厅 | 66.04平米 | 南 | 简装 | 高楼层(共6层) | 1996年建 | 板楼,https://image1.ljcdn.com/310000-inspection/prod-9f4fb49c-0027-4b11-9a64-91a5cbca6383.jpg.296x216.jpg
20200208,浦东,北蔡,花木街道+双南全明+婚房装修+视野宽阔+非顶楼近地铁必看好房,330万,2室1厅 | 67.34平米 | 南 北 | 精装 | 高楼层(共6层) | 1994年建 | 板楼,https://image1.ljcdn.com/310000-inspection/pc1_3yazDDRDq_1.jpg.296x216.jpg
20200208,浦东,北蔡,高区层高3.2米满五唯一，南北通装修保养好舒适温馨必看好房,916万,3室2厅 | 122.25平米 | 南 | 精装 | 高楼层(共11层) | 2000年建 | 板楼,https://image1.ljcdn.com/310000-inspection/pc1_IE1mwHklq_1.jpg.296x216.jpg
20200208,浦东,北蔡,满五唯一，南北通格局好，阳光充足，老人孩子都适宜必看好房,926万,3室2厅 | 125.81平米 | 南 | 简装 | 低楼层(共14层) | 2004年建 | 板楼,https://image1.ljcdn.com/310000-inspection/pc1_SonDrIC61_1.jpg.296x216.jpg
20200208,浦东,北蔡,位置安静 地铁7号线 边套全明 精装自住采光好内环边上必看好房,236万,1室1厅 | 48.24平米 | 南 北 | 精装 | 高楼层(共6层) | 1995年建 | 板楼,https://image1.ljcdn.com/310000-inspection/prod-d1f01ef8-26a4-4449-8057-bfc56bbf90ce.jpg.296x216.jpg
20200208,浦东,北蔡,内中环商品房+一梯两户+中间位置+产权一人+无户口必看好房,305万,2室1厅 | 70.38平米 | 南 | 精装 | 高楼层(共6层) | 1999年建 | 板楼,https://image1.ljcdn.com/310000-inspection/pc1_3Gxf70YfG_1.jpg.296x216.jpg
20200208,浦东,北蔡,花木管辖，小区央座，售后公房，非底楼，总价低必看好房,213万,1室1厅 | 40.64平米 | 南 | 简装 | 低楼层(共6层) | 1997年建 | 板楼,https://image1.ljcdn.com/310000-inspection/pc1_XboXp9Va6_1.jpg.296x216.jpg
20200208,浦东,北蔡,小区央位双南采光好税费低近地铁必看好房,269万,2室1厅 | 58.76平米 | 南 | 简装 | 高楼层(共6层) | 1994年建 | 板楼,https://image1.ljcdn.com/310000-inspection/pc1_5Zz8rIOGA_1.jpg.296x216.jpg
20200208,浦东,北蔡,税费少+年底捡漏+一梯两户+南北正气+钥匙+诚意出售必看好房,245万,1室1厅 | 50.51平米 | 南 | 简装 | 高楼层(共6层) | 1997年建 | 板楼,https://image1.ljcdn.com/310000-inspection/pc1_VB9jwMJBs_1.jpg.296x216.jpg
20200208,浦东,北蔡,13号线陈春路站，一手动迁，房东置换，诚意出售。必看好房,492万,2室2厅 | 84.06平米 | 南 | 精装 | 低楼层(共17层) | 2012年建 | 板楼,https://image1.ljcdn.com/310000-inspection/pc1_elEfSNrRl_1.jpg.296x216.jpg
20200208,浦东,北蔡,精装电梯花园洋房，中区楼层，满五年唯一税费少有钥匙必看好房,790万,2室2厅 | 100.42平米 | 南 北 | 精装 | 中楼层(共5层) | 2010年建 | 板楼,https://image1.ljcdn.com/310000-inspection/prod-0cb32cba-ebc1-45fe-b2ed-6edab9fcae23.jpg.296x216.jpg
20200208,浦东,北蔡,锦绣前城=新小区+人车分流+精致小三房必看好房,1080万,3室2厅 | 122平米 | 南 | 精装 | 高楼层(共24层) | 2016年建 | 板楼,https://image1.ljcdn.com/310000-inspection/prod-abf0eb39-b0a9-4ff7-a87a-e52031e14d39.jpg.296x216.jpg
20200208,浦东,北蔡,一梯两户，双南户型，非顶楼，业主诚心出售。必看好房,289万,2室1厅 | 67.35平米 | 南 | 简装 | 高楼层(共6层) | 1992年建 | 板楼,https://image1.ljcdn.com/310000-inspection/pc1_lNw5PKpe0_1.jpg.296x216.jpg
20200208,浦东,北蔡,满五唯一没有增值税和个税，5楼，视野宽阔必看好房,350万,2室1厅 | 67.63平米 | 南 | 简装 | 高楼层(共6层) | 1995年建 | 板楼,https://image1.ljcdn.com/310000-inspection/pc1_jLVbMvtjX_1.jpg.296x216.jpg
20200208,浦东,北蔡,16年底新小区，开发商精装交付，电梯高层，视野好必看好房,600万,2室2厅 | 89.9平米 | 东 | 精装 | 高楼层(共18层) | 2015年建 | 板楼,https://image1.ljcdn.com/310000-inspection/pc1_X3VYoPJ3d_1.jpg.296x216.jpg
20200208,浦东,北蔡,98年房龄，四线交汇，卧室朝南客厅朝南，小区央座！必看好房,272万,1室1厅 | 54.09平米 | 南 | 精装 | 高楼层(共6层) | 1998年建 | 板楼,https://image1.ljcdn.com/310000-inspection/test-6a40c221-22d1-4e7d-a6e3-211f4ff529b1.png.296x216.jpg
20200208,浦东,北蔡,星河湾三期高区景观两房，已满2年，V IP房源诚意出售必看好房,1220万,2室2厅 | 110平米 | 南 | 精装 | 高楼层(共19层) | 2016年建 | 板楼,https://image1.ljcdn.com/310000-inspection/prod-6a7e93ff-3aa7-46b5-a255-77966a5382ce.jpg.296x216.jpg
20200208,浦东,北蔡,满五年唯一+近内环+2007年小区+位置安静河景房必看好房,450万,2室2厅 | 78.56平米 | 南 | 简装 | 低楼层(共7层) | 2007年建 | 板楼,https://image1.ljcdn.com/310000-inspection/pc1_31JsNlmWe_1.jpg.296x216.jpg
20200208,浦东,北蔡,满五唯一，五楼，采光充足，南北通风，诚意出售。必看好房,170万,1室1厅 | 42.09平米 | 南 | 简装 | 高楼层(共6层) | 1995年建 | 板楼,https://image1.ljcdn.com/310000-inspection/pc1_dAQSNf5x7_1.jpg.296x216.jpg
20200208,浦东,北蔡,新出房源，中间楼层，看房方便，总价低，户型方正必看好房,290万,2室1厅 | 61.44平米 | 东南 | 简装 | 中楼层(共6层) | 1998年建 | 板楼,https://image1.ljcdn.com/310000-inspection/pc1_acmvr6FGd_1.jpg.296x216.jpg
20200208,浦东,北蔡,双南户型，采光好，楼层好 ,通风好必看好房,345万,2室1厅 | 66.43平米 | 南 | 简装 | 中楼层(共6层) | 1995年建 | 板楼,https://image1.ljcdn.com/310000-inspection/pc1_5LkittvoM_1.jpg.296x216.jpg
20200208,浦东,北蔡,7号线芳华路地铁口，满五年，全明户型，房型正气必看好房,260万,2室1厅 | 53.69平米 | 东 | 毛坯 | 低楼层(共6层) | 1994年建 | 板楼,https://image1.ljcdn.com/310000-inspection/pc1_ceGITCURD_1.jpg.296x216.jpg
20200208,浦东,北蔡,买进价高·增值税费少，稀有东边套·位置楼层好必看好房,425万,1室1厅 | 54.75平米 | 南 | 精装 | 高楼层(共6层) | 2005年建 | 板楼,https://image1.ljcdn.com/310000-inspection/pc1_AUjq6t1qH_2.jpg.296x216.jpg
20200208,浦东,北蔡,开发商精装修+商品房小区+房龄新+房东急售必看好房,760万,3室2厅 | 117.48平米 | 南 | 精装 | 中楼层(共21层) | 2015年建 | 板楼,https://image1.ljcdn.com/310000-inspection/prod-bf77f37f-84e6-45a4-be98-87fe3f33b0eb.jpg.296x216.jpg
20200208,浦东,北蔡,2000年商品房+东边套+一梯两户+着急出售。必看好房,279万,2室1厅 | 57.31平米 | 南 | 精装 | 高楼层(共6层) | 2000年建 | 板楼,https://image1.ljcdn.com/310000-inspection/pc1_4asCcUS9S_2.jpg.296x216.jpg
20200208,浦东,北蔡,中间楼层，房东原始格局，没有改动过，看房有钥匙！必看好房,265万,2室1厅 | 63.21平米 | 南 | 简装 | 中楼层(共6层) | 1997年建 | 板楼,https://image1.ljcdn.com/310000-inspection/prod-2373e9c1-6fbe-4ea2-97c6-59cedf3eadd4.jpg.296x216.jpg
20200208,浦东,北蔡,二街区电梯一房，一手动迁，看房方便，诚意出售随时签必看好房,362万,1室1厅 | 55.71平米 | 南 | 简装 | 低楼层(共18层) | 2012年建 | 板楼,https://image1.ljcdn.com/310000-inspection/prod-b329dafa-3fea-4215-9d7d-ba60331f386c.jpg.296x216.jpg
20200208,浦东,北蔡,满两年少税，业主置换诚售，看中价可谈，有钥匙随时看必看好房,242万,1室1厅 | 47.6平米 | 南 北 | 精装 | 高楼层(共6层) | 1997年建 | 板楼,https://image1.ljcdn.com/310000-inspection/prod-fbd57694-228d-48d2-aab0-1fec81d9d41c.jpg.296x216.jpg
20200208,浦东,北蔡,小区中间，楼层2楼，西边套，采光明亮，看房方便必看好房,525万,3室1厅 | 107.83平米 | 南 | 精装 | 低楼层(共6层) | 1994年建 | 板楼,https://image1.ljcdn.com/310000-inspection/prod-260fdab1-1188-44b7-babb-07dce30b0a2c.jpg.296x216.jpg
20200208,浦东,北蔡,中环内，大一房，一梯两户，明厨明卫，通风性好必看好房,185万,1室1厅 | 45.69平米 | 南 | 精装 | 高楼层(共6层) | 1998年建 | 板楼,https://image1.ljcdn.com/310000-inspection/prod-fa538eca-f12b-402f-9aa0-6879aa8273fe.jpg.296x216.jpg
20200208,浦东,北蔡,距离13线地铁400米，全明两房朝南，税费低，位置好必看好房,321万,2室1厅 | 61.2平米 | 南 | 毛坯 | 高楼层(共6层) | 1997年建 | 板楼,https://image1.ljcdn.com/310000-inspection/pc1_qNg71oeIk_1.jpg.296x216.jpg
20200208,浦东,北蔡,龙阳路板块 全明双南户型 看房有钥匙随时方便必看好房,310万,2室1厅 | 63.22平米 | 南 | 简装 | 高楼层(共6层) | 1995年建 | 板楼,https://image1.ljcdn.com/310000-inspection/pc1_5NroUg3eZ_1.jpg.296x216.jpg
20200208,浦东,北蔡,央座高区+精装带地暖+双轨交通+买进价高税少+南北通必看好房,677万,2室2厅 | 88.34平米 | 南 | 精装 | 高楼层(共6层) | 2003年建 | 板楼,https://image1.ljcdn.com/310000-inspection/prod-6e762d20-16d0-4aee-983f-ad254dd01a9c.jpg.296x216.jpg
20200208,浦东,北蔡,南北大阳台，通透，位置安静，有车位，近地铁7+13必看好房,838万,3室2厅 | 117.91平米 | 南 北 | 精装 | 中楼层(共6层) | 2003年建 | 板楼,https://image1.ljcdn.com/310000-inspection/prod-f60e8dd3-b52f-4443-a426-77d220359828.jpg.296x216.jpg
20200208,浦东,北蔡,近地铁13号线、小高层、电梯3房、南北通透、双卫户型必看好房,727万,3室2厅 | 111.94平米 | 南 北 | 精装 | 中楼层(共14层) | 2008年建 | 板楼,https://image1.ljcdn.com/310000-inspection/pc1_UTSHasSg1_1.jpg.296x216.jpg
20200208,浦东,北蔡,新挂牌，近地铁，离家乐福近，房东诚意出售。采光好必看好房,373万,1室1厅 | 53.39平米 | 南 | 精装 | 低楼层(共18层) | 2010年建 | 板楼,https://image1.ljcdn.com/310000-inspection/prod-14d887f2-ca52-47ab-8376-3032b5892cc3.jpg.296x216.jpg
20200208,浦东,北蔡,一手动迁，满五唯一，双天井，精装修，看房方便！必看好房,315万,2室1厅 | 60.3平米 | 南 | 精装 | 低楼层(共6层) | 1996年建 | 板楼,https://image1.ljcdn.com/310000-inspection/prod-a5002ba7-0ea5-46d9-adb8-228bbfbf8c7c.jpg.296x216.jpg
20200208,浦东,北蔡,龙阳高区 采光好 装修好 拎包入住 总价低 前后无遮挡必看好房,192万,1室1厅 | 41.37平米 | 南 北 | 简装 | 高楼层(共6层) | 1996年建 | 板楼,https://image1.ljcdn.com/310000-inspection/prod-42dce93a-8990-4c2b-848e-9736a427fa66.jpg.296x216.jpg
20200208,浦东,北蔡,装修好，非顶楼，配套齐全，近地铁双轨必看好房,350万,1室1厅 | 53.2平米 | 南 | 精装 | 高楼层(共6层) | 2004年建 | 板楼,https://image1.ljcdn.com/310000-inspection/prod-4058d70f-2cd6-4eb6-85c0-3e362c0fbc04.jpg.296x216.jpg
20200208,浦东,北蔡,小户型，二楼总价低，景观房，近地铁采光好必看好房,152万,1室0厅 | 26.28平米 | 南 | 简装 | 低楼层(共6层) | 1997年建 | 板楼,https://image1.ljcdn.com/310000-inspection/pc1_fnNbJ1h0R_1.jpg.296x216.jpg
20200208,浦东,北蔡,此房金钻楼层，双房朝南，双轨地铁，业主诚意售房！必看好房,405万,2室1厅 | 70.49平米 | 南 | 简装 | 中楼层(共6层) | 1995年建 | 板楼,https://image1.ljcdn.com/310000-inspection/pc1_3AJyHMsjK_1.jpg.296x216.jpg
20200208,浦东,北蔡,好楼层，采光好，自住精装修，交通便捷，税少必看好房,409万,2室1厅 | 69.13平米 | 南 | 精装 | 中楼层(共6层) | 1998年建 | 板楼,https://image1.ljcdn.com/310000-inspection/pc1_YHyRglUeX_1.jpg.296x216.jpg
20200208,浦东,北蔡,南北通透大两房，房型正气，税费少，两年前精装修必看好房,375万,2室2厅 | 79.22平米 | 南 北 | 精装 | 高楼层(共6层) | 1996年建 | 板楼,https://image1.ljcdn.com/310000-inspection/prod-306b86a0-b86a-48a6-b4ab-eb334937212f.jpg.296x216.jpg
20200208,浦东,北蔡,低总价，中间楼层，前方无遮挡采光好，南北通必看好房,167万,1室1厅 | 33.35平米 | 南 | 毛坯 | 中楼层(共7层) | 1995年建 | 板楼,https://image1.ljcdn.com/310000-inspection/prod-2de3bb5f-cd28-4aa6-8609-2e0bd6c3ac60.jpg.296x216.jpg
20200208,浦东,北蔡,非顶楼，看房方便，价格可谈，地铁200米，总价低必看好房,160万,1室1厅 | 31.67平米 | 南 | 简装 | 高楼层(共6层) | 1995年建 | 板楼,https://image1.ljcdn.com/310000-inspection/pc1_tqA3xqmqX_1.jpg.296x216.jpg
20200208,浦东,北蔡,税费各付 正气三房 1T2户 近地铁7号线必看好房,460万,3室2厅 | 104.1平米 | 南 | 精装 | 高楼层(共6层) | 1997年建 | 板楼,https://image1.ljcdn.com/310000-inspection/pc1_sjSR8XpDz_1.jpg.296x216.jpg
20200208,浦东,北蔡,诚意出售，精装，楼层好，视野开阔，小区环境优美。必看好房,680万,1室2厅 | 77.81平米 | 南 | 精装 | 高楼层(共24层) | 2016年建 | 板楼,https://image1.ljcdn.com/310000-inspection/prod-ddfd8cec-dc89-4e3d-bc62-5528045e8cf9.jpg.296x216.jpg
20200208,浦东,北蔡,内中环，大一房，单价3.59万/㎡。看房方便，诚意出售必看好房,170万,1室1厅 | 48.87平米 | 南 | 简装 | 高楼层(共6层) | 1997年建 | 板楼,https://image1.ljcdn.com/310000-inspection/prod-a9ee26a7-7e1b-480d-8f70-a768213100cb.jpg.296x216.jpg
20200208,浦东,北蔡,精装修+双轨7/13号线+客厅带窗+诚意出售必看好房,285万,2室1厅 | 52.45平米 | 南 | 精装 | 高楼层(共6层) | 1994年建 | 板楼,https://image1.ljcdn.com/310000-inspection/pc1_Ko1VDbxxi_1.jpg.296x216.jpg
20200208,浦东,北蔡,电梯高区大2房  总价低  全明户型 诚售必看好房,755万,2室2厅 | 104.76平米 | 南 | 精装 | 中楼层(共18层) | 2004年建 | 板楼,https://image1.ljcdn.com/310000-inspection/test-990c2be1-9713-4369-a13b-472658df681a.jpg.296x216.jpg
20200208,浦东,北蔡,优质钥匙房 龙头双拼别墅  400万装修  满五年唯一必看好房,2580万,6室3厅 | 352平米 | 南 | 精装 | 3层 | 2008年建 | 板楼 | 双拼别墅,https://image1.ljcdn.com/310000-inspection/4cad41a6-6f9c-4183-ab91-7bdca9736292.JPG.296x216.jpg
20200208,浦东,北蔡,满五唯一，小区中间，有车位  税费少 看房方便必看好房,770万,2室1厅 | 108.83平米 | 南 | 毛坯 | 中楼层(共20层) | 2007年建 | 板楼,https://image1.ljcdn.com/310000-inspection/8e0d9c8a-8960-485f-a91b-23b4694a8e4b.jpg.296x216.jpg
20200208,浦东,北蔡,房子满五唯一免征个税，阁楼70平米，通风好，全明户型必看好房,830万,4室3厅 | 91.91平米 | 南 北 | 精装 | 高楼层(共6层) | 2007年建 | 板楼,https://image1.ljcdn.com/shfdfs-image/20171018/1c38dd8a-8dcc-477e-9dc9-b170fe1d75ec.jpg.296x216.jpg
20200208,浦东,北蔡,中间位置3楼 一手动迁税少 门口7号地铁 北蔡热门小区必看好房,490万,2室1厅 | 77.94平米 | 南 | 毛坯 | 中楼层(共6层) | 2007年建 | 板楼,
20200208,浦东,北蔡,浦东星河湾泳池全景房+视野开阔+优选房源+诚意出售,2600万,4室3厅 | 301.31平米 | 南 | 精装 | 中楼层(共17层) | 2010年建 | 板楼,https://image1.ljcdn.com/310000-inspection/prod-b7430c46-494a-4e33-8dc2-eadc7af8524b.jpg.296x216.jpg
20200208,浦东,北蔡,中间位置大平层带产权车位，楼层低但四开间朝南采光好,1818万,4室2厅 | 196.73平米 | 南 北 | 精装 | 低楼层(共18层) | 2013年建 | 板楼,https://image1.ljcdn.com/310000-inspection/prod-2fc76cc6-0683-48ac-a0ed-b53e066e5a1a.jpg.296x216.jpg
20200208,浦东,北蔡,私人订制四改三，从未住人，真正的新房 高层正观泳池,2800万,4室2厅 | 290.26平米 | 南 | 精装 | 中楼层(共16层) | 2010年建 | 板楼,https://image1.ljcdn.com/310000-inspection/test-f147f794-5244-4004-8c4c-a0f1e93c09b0.png.296x216.jpg
20200208,浦东,北蔡,东边套 +中间楼层+看房有钥匙+房东诚意出售。,439万,2室1厅 | 81.32平米 | 南 | 简装 | 中楼层(共6层) | 1995年建 | 板楼,https://image1.ljcdn.com/310000-inspection/test-f6866faa-23a1-47d3-9ba8-a182cfa909bb.png.296x216.jpg
20200208,浦东,北蔡,钥匙房源，满五不唯一，全明户型，诚意急售,235万,1室1厅 | 48.7平米 | 南 | 简装 | 高楼层(共7层) | 1994年建 | 板楼,https://image1.ljcdn.com/310000-inspection/test-74529e6a-9487-4173-a2c2-ab43c2ee04c0.png.296x216.jpg
20200208,浦东,北蔡,04年商品房，满五唯一，小区花园位置,480万,2室2厅 | 91.94平米 | 南 | 简装 | 低楼层(共5层) | 2004年建 | 板楼,https://image1.ljcdn.com/310000-inspection/test-db393d32-a650-438c-bb2f-8bf14e457d86.png.296x216.jpg
20200208,浦东,北蔡,边套。低总价！户型方正，通透！价格可谈！,190万,1室1厅 | 49.68平米 | 南 | 毛坯 | 高楼层(共6层) | 1996年建 | 板楼,https://image1.ljcdn.com/310000-inspection/test-40750ffc-85f4-41dd-acec-6b27ebb169fe.png.296x216.jpg
20200208,浦东,北蔡,由由三村小区环境优美+双南厨卫朝北+户型正气近地铁,319万,2室1厅 | 67.5平米 | 南 | 精装 | 高楼层(共6层) | 1997年建 | 板楼,https://image1.ljcdn.com/310000-inspection/test-bd04ff35-64c6-46af-9bac-a05d51336c9e.png.296x216.jpg
20200208,浦东,北蔡,精装大两房，楼层佳采光好，得房率高,550万,2室2厅 | 91平米 | 南 | 精装 | 6层 | 2009年建 | 板楼,https://image1.ljcdn.com/310000-inspection/pc1_Sp66dZlyc_1.jpg.296x216.jpg
20200208,浦东,北蔡,一山一水一世界，一房一价一好房，身在此中乐开怀,880万,3室2厅 | 127.43平米 | 南 北 | 精装 | 中楼层(共11层) | 2005年建 | 板楼,https://image1.ljcdn.com/310000-inspection/test-f0aeda6f-6a65-4664-af76-edd8cb20a0c0.png.296x216.jpg
20200208,浦东,北蔡,满五唯一 自住装修，地铁7号线出行方便 花木街道管理,215万,2室0厅 | 44.71平米 | 南 北 | 精装 | 高楼层(共6层) | 1995年建 | 板楼,https://image1.ljcdn.com/310000-inspection/test-685e6b97-20bb-4dab-882e-4d26c14b5273.png.296x216.jpg
20200208,浦东,北蔡,原始大一房板式户型动迁 免增值税 看房方便诚信出售,380万,1室2厅 | 68.28平米 | 南 | 简装 | 高楼层(共6层) | 2005年建 | 板楼,https://image1.ljcdn.com/310000-inspection/test-34ffd71b-3516-41c9-b27a-cdd712da1ed7.png.296x216.jpg
20200208,浦东,北蔡,满五年小高层景观房，客厅三面采光，小区景观尽收眼底,870万,3室2厅 | 133.7平米 | 西南 | 精装 | 中楼层(共11层) | 2005年建 | 板楼,https://image1.ljcdn.com/310000-inspection/prod-a586f977-dc7f-42a2-8934-c73db38b084e.jpg.296x216.jpg
20200208,浦东,北蔡,星河湾一期大三房，从未入住，看房有钥匙，随时可看,2100万,3室2厅 | 226.65平米 | 南 北 | 精装 | 低楼层(共11层) | 2010年建 | 板楼,https://image1.ljcdn.com/310000-inspection/prod-1f1bd4b2-508f-4d5d-a488-480e1522284b.jpg.296x216.jpg
20200208,浦东,北蔡,双阳台落地窗，满五年。固定车位，南北通。诚意出,394万,2室2厅 | 93.01平米 | 南 | 毛坯 | 高楼层(共6层) | 1999年建 | 板楼,https://image1.ljcdn.com/310000-inspection/prod-297da8ee-c2d0-4030-8732-759c33bcef49.jpg.296x216.jpg
20200208,浦东,北蔡,万邦中间位置三房，单价实惠朝南户型采光好离地铁近！,820万,3室2厅 | 127.3平米 | 南 | 简装 | 低楼层(共16层) | 2003年建 | 板楼,https://image1.ljcdn.com/310000-inspection/prod-a1cfedd5-a30d-40f1-bc85-0de52fbe98ac.jpg.296x216.jpg
20200208,浦东,北蔡,南北通小三房2013年次新房，明窗设计浅色装修刷卡入户,1180万,3室2厅 | 123.35平米 | 南 | 精装 | 低楼层(共19层) | 2013年建 | 板楼,https://image1.ljcdn.com/310000-inspection/test-ced28324-9236-4a8d-93b9-a20f2fc859b5.png.296x216.jpg
20200208,浦东,北蔡,地铁7号线 精装两房 双南双阳台 看房有钥匙房主自荐,349万,2室2厅 | 69.17平米 | 南 | 精装 | 高楼层(共6层) | 1995年建 | 板楼,https://image1.ljcdn.com/310000-inspection/prod-96849c70-5d05-416a-8927-9d38e58c56ea.jpg.296x216.jpg
20200208,浦东,北蔡,房改售房满五年税费少，非顶楼，户型正价格可谈近地铁,495万,3室1厅 | 90.13平米 | 南 | 简装 | 高楼层(共7层) | 1996年建 | 板楼,https://image1.ljcdn.com/310000-inspection/pc1_dRLZGCUIP_1.jpg.296x216.jpg
20200208,浦东,北蔡,大平层得房率高+视野开阔层高3.15米+通风效果好,1299万,5室1厅 | 156.58平米 | 南 | 毛坯 | 低楼层(共27层) | 2014年建 | 板楼,https://image1.ljcdn.com/310000-inspection/prod-28de694d-a5f3-42a3-95c3-c35e6ad3bef9.jpg.296x216.jpg
20200208,浦东,北蔡,钥匙房，房东好 小户型，楼层2楼，小区中间位置,205万,1室1厅 | 33.49平米 | 南 | 毛坯 | 低楼层(共7层) | 1995年建 | 板楼,https://image1.ljcdn.com/310000-inspection/prod-b5f86e38-4c58-41a2-a24f-8a7f64d65714.jpg.296x216.jpg
20200208,浦东,北蔡,《2010年次新房+中环内+双南户型+房型好业主急卖》,325万,1室2厅 | 57.87平米 | 南 | 精装 | 11层 | 2010年建 | 板楼,https://image1.ljcdn.com/310000-inspection/prod-f4b9e9c3-e86a-4058-96e4-a925a5c68f1c.jpg.296x216.jpg
20200208,浦东,北蔡,中环小两房，普通住宅 满五唯一,405万,2室1厅 | 77.28平米 | 南 | 简装 | 高楼层(共6层) | 1995年建 | 板楼,https://image1.ljcdn.com/310000-inspection/prod-4aa70c67-7903-40c4-8fb6-03c691c5d6d5.jpg.296x216.jpg
20200208,浦东,北蔡,婚房装修 一手动迁 南北通透大两房 中环内次新房房主自荐,495万,2室2厅 | 86.58平米 | 南 北 | 精装 | 6层 | 2009年建 | 板楼,https://image1.ljcdn.com/310000-inspection/test-fd1af2fe-3c4f-4a08-bc09-89fcff6b4f45.png.296x216.jpg
20200208,浦东,北蔡,2005年商品房，满五年唯一，阳光充足，价位可谈哦。房主自荐,400万,2室2厅 | 82.38平米 | 南 | 精装 | 中楼层(共7层) | 2005年建 | 板楼,https://image1.ljcdn.com/310000-inspection/prod-da6e7a87-a5ac-461f-a1b9-c7f37050011c.jpg.296x216.jpg
20200208,浦东,北蔡,有产权车位+采光好+2卧朝南+7/13号线双地铁+全明通风房主自荐,960万,3室2厅 | 134.5平米 | 南 | 精装 | 低楼层(共10层) | 2006年建 | 板楼,https://image1.ljcdn.com/310000-inspection/test-5119ccdd-ab8f-4b99-97d6-d6feb6e66d4b.png.296x216.jpg
20200208,浦东,北蔡,精装大三房 带阁楼 花木街道 环境好 可拎包入住房主自荐,629万,3室2厅 | 110.32平米 | 南 北 | 精装 | 高楼层(共6层) | 2002年建 | 板楼,https://image1.ljcdn.com/310000-inspection/pc1_2vLEhvLf9_1.jpg.296x216.jpg
20200208,浦东,北蔡,统一精装修 近地铁 高区视野带地暖,750万,2室1厅 | 83.69平米 | 南 | 精装 | 中楼层(共17层) | 2011年建 | 板楼,https://image1.ljcdn.com/310000-inspection/pc1_csNv8lP6d_1.jpg.296x216.jpg
20200208,浦东,北蔡,中间位置2房朝南板式户型，离磁悬浮远满五唯一！,960万,3室2厅 | 126.81平米 | 南 | 精装 | 中楼层(共11层) | 2001年建 | 板楼,https://image1.ljcdn.com/310000-inspection/pc1_lyQymLGEK_1.jpg.296x216.jpg
20200208,浦东,北蔡,中内环，开发商统一精装修，南北通三房两厅两卫房主自荐,780万,3室2厅 | 119.25平米 | 南 西 北 | 精装 | 低楼层(共21层) | 2015年建 | 板楼,https://image1.ljcdn.com/310000-inspection/pc1_4lP2ULoOD_1.jpg.296x216.jpg
20200208,浦东,北蔡,毛坯清水房 央位电梯中高区 品质小区 两梯两户 急售,1050万,3室2厅 | 141.36平米 | 南 | 毛坯 | 中楼层(共27层) | 2014年建 | 板楼,https://image1.ljcdn.com/310000-inspection/pc1_CGMOdP1l5_1.jpg.296x216.jpg
20200208,浦东,北蔡,纯毛坯房+不靠马路+靠世纪公园+有钥匙,600万,3室1厅 | 104平米 | 南 | 毛坯 | 中楼层(共6层) | 2007年建 | 板楼,https://image1.ljcdn.com/310000-inspection/pc1_5b3DcTG0c_1.jpg.296x216.jpg
20200208,浦东,北蔡,此房满五唯一 南北户型 业主诚意出售 采光无限好,850万,3室2厅 | 110.64平米 | 南 | 简装 | 高楼层(共11层) | 2001年建 | 板楼,https://image1.ljcdn.com/310000-inspection/pc1_C0PCGlDQU_1.jpg.296x216.jpg
20200208,浦东,北蔡,地铁口的电梯房，满五唯一，税少,425万,2室1厅 | 95.79平米 | 南 | 简装 | 高楼层(共22层) | 1992年建 | 塔楼,https://image1.ljcdn.com/310000-inspection/prod-cdfb5dcf-a3cb-441e-8c9d-3bef6137ebd5.jpg.296x216.jpg
20200208,浦东,北蔡,2005年小区 一手动迁 双天井 四轨交汇 税费少,420万,2室1厅 | 78.34平米 | 南 | 简装 | 低楼层(共13层) | 2005年建 | 板楼,https://image1.ljcdn.com/310000-inspection/pc1_zYcXtRcmG_1.jpg.296x216.jpg
20200208,浦东,北蔡,链家北蔡Vip电梯大三房+地铁7/13号线+临昌邑+诚意出售,1020万,3室2厅 | 148.2平米 | 南 北 | 精装 | 中楼层(共18层) | 2003年建 | 板楼,https://image1.ljcdn.com/310000-inspection/pc1_x47QkFkC6_1.jpg.296x216.jpg
20200208,浦东,北蔡,03年精装大三房，近地铁，中间楼层,680万,3室2厅 | 121.69平米 | 南 北 | 精装 | 中楼层(共5层) | 2003年建 | 板楼,https://image1.ljcdn.com/310000-inspection/pc1_9wGdZo1Ls_1.jpg.296x216.jpg
20200208,浦东,北蔡,中环内，近地铁一手动迁无增值税，品质小区绿化高。,508万,2室2厅 | 89.33平米 | 南 | 精装 | 6层 | 2009年建 | 板楼,https://image1.ljcdn.com/310000-inspection/pc1_ryoIEGgza_1.jpg.296x216.jpg
20200208,浦东,北蔡,房子满五年 居家装修 一梯一户 楼上阁楼可以打通,490万,3室2厅 | 109.6平米 | 南 北 | 精装 | 高楼层(共6层) | 1995年建 | 板楼,https://image1.ljcdn.com/310000-inspection/pc1_D9vDmyiap_1.jpg.296x216.jpg
20200208,浦东,北蔡,此房楼层好，视野开阔，采光充足，配套设施齐全。,778万,3室2厅 | 115平米 | 南 | 精装 | 17层 | 2011年建 | 板楼,https://image1.ljcdn.com/310000-inspection/pc1_pBszpYDRe_1.jpg.296x216.jpg
20200208,浦东,北蔡,五楼复式带130平面积+三房朝南＋满五唯一＋7/13地铁口,899万,6室3厅 | 130平米 | 北 南 | 精装 | 高楼层(共6层) | 2003年建 | 板楼,https://image1.ljcdn.com/310000-inspection/pc1_agfKUJbM7_1.jpg.296x216.jpg
20200208,浦东,北蔡,景泰嘉苑 3室2厅 640万,640万,3室2厅 | 122.01平米 | 南 北 | 精装 | 高楼层(共6层) | 2003年建 | 板楼,https://image1.ljcdn.com/310000-inspection/pc1_LMdL8WOFv_1.jpg.296x216.jpg
20200208,浦东,北蔡,新上房源，自住装修，诚意出售，价格好谈！,750万,3室2厅 | 111.35平米 | 南 | 精装 | 低楼层(共18层) | 2010年建 | 板楼,https://image1.ljcdn.com/310000-inspection/pc1_q4UbDDIWh_1.jpg.296x216.jpg
20200208,浦东,北蔡,全新从未住过+16平大露台-满5年省个税+二期安静位置,2850万,4室3厅 | 292.43平米 | 南 | 精装 | 低楼层(共19层) | 2013年建 | 板楼,https://image1.ljcdn.com/310000-inspection/prod-9d49d432-2bc4-4258-991e-71b8c91817fd.jpg.296x216.jpg
20200208,浦东,北蔡,精装南北通透大三房，坐拥双轨，视野开阔，单价低,955万,3室2厅 | 132.76平米 | 南 北 | 精装 | 高楼层(共12层) | 2006年建 | 板楼,https://image1.ljcdn.com/310000-inspection/prod-86975342-2c4f-495c-b852-303a68aabbb0.jpg.296x216.jpg
20200208,浦东,北蔡,4楼复5楼+7号和13号地铁线+满五唯一+大露台+南北通,898万,4室2厅 | 118.6平米 | 南 北 | 精装 | 高楼层(共4层) | 2004年建 | 板楼,https://image1.ljcdn.com/310000-inspection/prod-c6242001-cf02-4bf8-aa71-da4f39010458.jpg.296x216.jpg
20200208,浦东,北蔡,精装三房，户型方正 ，格局好，税费低房主自荐,378万,3室1厅 | 83平米 | 南 | 精装 | 高楼层(共6层) | 1996年建 | 板楼,https://image1.ljcdn.com/310000-inspection/prod-a1793d78-bffa-4ab7-9759-00b1858213a4.jpg.296x216.jpg
20200208,浦东,北蔡,中环内，精装修，满二唯一，一梯两户，南北户型房主自荐,275万,2室1厅 | 62.73平米 | 南 | 精装 | 低楼层(共6层) | 1996年建 | 板楼,https://image1.ljcdn.com/310000-inspection/pc1_ilh3Czwm1_1.jpg.296x216.jpg
20200208,浦东,北蔡,两房朝南，户型正气，满五唯一，税费少,302万,2室1厅 | 57.9平米 | 南 | 简装 | 低楼层(共6层) | 1997年建 | 板楼,https://image1.ljcdn.com/310000-inspection/test-e27532d2-c5f9-4e91-aad9-f1416a689cde.png.296x216.jpg
20200208,浦东,北蔡,全明东边套+中间楼层位置好+商品房有钥匙+无抵押,275万,2室1厅 | 63.26平米 | 南 | 简装 | 中楼层(共6层) | 1998年建 | 板楼,https://image1.ljcdn.com/310000-inspection/test-c7cd4df8-26de-4b92-8b38-715acbf5d314.png.296x216.jpg
20200208,浦东,北蔡,精装全明户型 车位充足小区 内中环紧靠锦绣路和沪南路,490万,3室2厅 | 108.66平米 | 南 | 精装 | 高楼层(共6层) | 1999年建 | 板楼,https://image1.ljcdn.com/310000-inspection/prod-a85f9d8f-e40f-4d54-b047-9d3be0a38653.jpg.296x216.jpg
20200208,浦东,北蔡,精装修，一梯一户，全明户型，1999年商品房，车位充裕房主自荐,575万,3室1厅 | 114.15平米 | 南 | 精装 | 低楼层(共6层) | 1999年建 | 板楼,https://image1.ljcdn.com/310000-inspection/prod-d576b42e-109e-4223-bcac-700ca577af3d.jpg.296x216.jpg
20200208,浦东,北蔡,中内环景观小区+近7/13/号线+房东改善住房诚意出售房主自荐,790万,2室2厅 | 102.55平米 | 南 | 精装 | 高楼层(共20层) | 2007年建 | 板楼,https://image1.ljcdn.com/310000-inspection/prod-7a25ba09-a6a6-4999-aca4-c50dadc06af6.jpg.296x216.jpg
20200208,浦东,北蔡,位置安静+两卫+7号线+13号线+置换急售+房型设计好,440万,2室2厅 | 87.6平米 | 南 | 精装 | 高楼层(共6层) | 1997年建 | 板楼,https://image1.ljcdn.com/310000-inspection/test-81bd2389-7f1d-431c-9d67-51b64b62b470.png.296x216.jpg
20200208,浦东,北蔡,精装修，户型正气，次顶楼，通风采光充足，双轨7+13房主自荐,870万,3室2厅 | 133.7平米 | 南 东 | 精装 | 高楼层(共11层) | 2005年建 | 板楼,https://image1.ljcdn.com/310000-inspection/test-e0de104e-7f87-43a3-8c38-f9c0366ca4f1.png.296x216.jpg
20200208,浦东,北蔡,中环内+2000年商品房+中间楼层+诚意出售,680万,3室2厅 | 118.14平米 | 南 | 精装 | 中楼层(共6层) | 2000年建 | 板楼,https://image1.ljcdn.com/310000-inspection/prod-6e8f5c3a-203c-49ac-8553-ea86a5b02920.jpg.296x216.jpg
20200208,浦东,北蔡,玉兰小区 双南大二房 装修刚2年 可拎包入住！！,363万,2室1厅 | 76.88平米 | 南 | 精装 | 高楼层(共6层) | 1995年建 | 板楼,https://image1.ljcdn.com/310000-inspection/prod-50842339-6aeb-4a52-83dc-5046de857a7c.jpg.296x216.jpg
20200208,浦东,北蔡,满五年唯一，税少，房东自住保养得好。房主自荐,458万,3室1厅 | 94.93平米 | 南 | 精装 | 中楼层(共6层) | 1997年建 | 板楼,https://image1.ljcdn.com/310000-inspection/test-baf5ca07-7d96-4aba-bfe3-30990b79f306.png.296x216.jpg
20200208,浦东,北蔡,地铁口，满五年税少，小区央座，中层，全明东边套,405万,2室1厅 | 70.56平米 | 南 | 简装 | 中楼层(共6层) | 1995年建 | 板楼,https://image1.ljcdn.com/310000-inspection/test-7872f88c-526a-4868-8c47-dcb21f2e6d9d.png.296x216.jpg
20200208,浦东,北蔡,小区位置好，不靠马路不靠高压线，带花园，看房方便,470万,2室1厅 | 79.71平米 | 南 | 简装 | 低楼层(共6层) | 2007年建 | 板楼,https://image1.ljcdn.com/310000-inspection/prod-8dac1f66-aebd-4e14-8e73-bc538d353d6a.jpg.296x216.jpg
20200208,浦东,北蔡,精装三房改两房两厅品质家居小区央位 看房提前约 诚售房主自荐,365万,2室2厅 | 73.38平米 | 南 北 | 精装 | 高楼层(共6层) | 1997年建 | 板楼,https://image1.ljcdn.com/310000-inspection/prod-ac0f2e23-477b-4110-81cb-a6e9006e5ade.jpg.296x216.jpg
20200208,浦东,北蔡,培花久远公寓 2室1厅 348万,348万,2室1厅 | 65.96平米 | 南 | 精装 | 中楼层(共7层) | 1998年建 | 板楼,https://image1.ljcdn.com/310000-inspection/prod-8525b779-4813-4524-a160-43d76c6f2d1d.jpg.296x216.jpg
20200208,浦东,北蔡,有车位 次顶楼 满两年 房龄新拎包住 视野好 业主诚意房主自荐,1290万,4室2厅 | 136.81平米 | 南 | 精装 | 高楼层(共10层) | 2016年建 | 板楼,https://image1.ljcdn.com/310000-inspection/prod-168b6275-b598-41bd-b7ff-edee30a80736.jpg.296x216.jpg
20200208,浦东,北蔡,2003年商品小区，一梯两户，精装三房，南北通透带天井,330万,2室1厅 | 62.55平米 | 南 北 | 精装 | 低楼层(共6层) | 2003年建 | 板楼,https://image1.ljcdn.com/310000-inspection/prod-62b97e27-8997-4e9d-a0e2-2db01b2aa485.jpg.296x216.jpg
20200208,浦东,北蔡,7号地铁沿线+顶楼复式+上下两层+层高3米+居家精装修房主自荐,690万,5室3厅 | 127.3平米 | 南 | 精装 | 高楼层(共6层) | 2000年建 | 板楼,https://image1.ljcdn.com/310000-inspection/prod-6d28a1f0-5f30-4d1e-9a59-88c366f82c90.jpg.296x216.jpg
20200208,浦东,北蔡,2012装修精致婚房总高六楼的四楼一梯两户固定长租车位房主自荐,510万,2室2厅 | 79.71平米 | 南 北 | 精装 | 中楼层(共6层) | 2007年建 | 板楼,https://image1.ljcdn.com/310000-inspection/prod-f2a30367-6c34-4d65-a3dd-243c34a94ec3.jpg.296x216.jpg
20200208,浦东,北蔡,地铁600米，绿地精工建造，2004年商品房，近滨河公园,550万,3室2厅 | 107.74平米 | 南 | 简装 | 高楼层(共6层) | 2004年建 | 板楼,https://image1.ljcdn.com/310000-inspection/prod-15ae1767-6d0d-404d-b466-aec3508831ce.jpg.296x216.jpg
20200208,浦东,北蔡,满五唯一，产权清晰，交通便利，南北格局，采光充足,430万,3室1厅 | 100.15平米 | 南 | 简装 | 中楼层(共6层) | 1993年建 | 板楼,https://image1.ljcdn.com/310000-inspection/test-7a8a8477-cc5d-41f1-a4a6-eac30f05e8b3.png.296x216.jpg
20200208,浦东,北蔡,2002年小区 精装修 户型方正 采光充足 满五年税费少,396万,2室1厅 | 73.78平米 | 南 | 精装 | 高楼层(共6层) | 2002年建 | 板楼,https://image1.ljcdn.com/310000-inspection/pc1_pMufE4Yf0_1.jpg.296x216.jpg
20200208,浦东,北蔡,电梯房，全明户型，单价较低，性价高房主自荐,370万,2室2厅 | 87.55平米 | 南 西 | 精装 | 低楼层(共22层) | 1998年建 | 塔楼,https://image1.ljcdn.com/310000-inspection/pc1_nCe1v3S0w_1.jpg.296x216.jpg
20200208,浦东,北蔡,满两年 买进价高 税费少 双轨交通 配套成熟,387万,2室1厅 | 78.2平米 | 南 | 简装 | 高楼层(共6层) | 1995年建 | 板楼,https://image1.ljcdn.com/310000-inspection/pc1_UcM5f12yC_1.jpg.296x216.jpg
20200208,浦东,北蔡,全明户型 次顶楼 采光好  户型方正   一梯两户,355万,2室1厅 | 65.06平米 | 南 | 精装 | 高楼层(共6层) | 1995年建 | 板楼,https://image1.ljcdn.com/310000-inspection/test-36cb8988-3042-499b-97c5-19d854043e0a.jpg.296x216.jpg
20200208,浦东,北蔡,首付68.6万，厨卫朝北对外面，带明窗，户型方正,193.8万,1室1厅 | 49.68平米 | 南 | 简装 | 高楼层(共6层) | 1996年建 | 板楼,https://image1.ljcdn.com/310000-inspection/prod-9679f20c-038d-4386-803c-e3bd34e37a44.jpg.296x216.jpg
20200208,浦东,北蔡,全明户型，全南户型，房龄新，税费少,313万,1室1厅 | 60.89平米 | 南 | 简装 | 16层 | 2010年建 | 板楼,https://image1.ljcdn.com/310000-inspection/pc1_hs8a5kQBi_1.jpg.296x216.jpg
20200208,浦东,北蔡,两房朝南+客厨卫都有窗+非顶楼+拎包入住房主自荐,316.8万,2室1厅 | 57.6平米 | 南 | 简装 | 高楼层(共6层) | 1994年建 | 板楼,https://image1.ljcdn.com/310000-inspection/prod-2f8a27d5-96f3-4cf3-a9b0-da90162f451e.jpg.296x216.jpg
20200208,浦东,北蔡,一楼双天井，南北通风，全明户型，业主诚意出售。,270万,2室1厅 | 61.69平米 | 南 | 简装 | 低楼层(共6层) | 1995年建 | 板楼,https://image1.ljcdn.com/310000-inspection/pc1_FzMONtMSU_1.jpg.296x216.jpg
20200208,浦东,北蔡,高区景观2房，精装修，小区人车分流，门口地铁13号线,620万,2室2厅 | 77.61平米 | 南 | 精装 | 高楼层(共18层) | 2013年建 | 塔楼,https://image1.ljcdn.com/310000-inspection/pc1_H4mqd5uNi_1.jpg.296x216.jpg
20200208,浦东,北蔡,一梯一户河景房，小区环境优美，停车方便,480万,2室2厅 | 99.86平米 | 南 | 简装 | 中楼层(共6层) | 2000年建 | 板楼,https://image1.ljcdn.com/310000-inspection/pc1_EmxjSqtrE_1.jpg.296x216.jpg
20200208,浦东,北蔡,有钥匙+ 新上房源+电梯高层+采光好+临河景观+诚意卖,760万,3室2厅 | 113.25平米 | 南 | 简装 | 高楼层(共18层) | 2010年建 | 板楼,https://image1.ljcdn.com/310000-inspection/pc1_XUNjAcFSS.jpg.296x216.jpg
20200208,浦东,北蔡,满五唯一，南北通透，全明户型，近浦东图书馆，近地铁,279万,2室1厅 | 57.31平米 | 南 北 | 简装 | 高楼层(共6层) | 1997年建 | 板楼,https://image1.ljcdn.com/310000-inspection/prod-ae753d23-f594-4393-a224-6bf1355977c7.png.296x216.jpg
20200208,浦东,北蔡,满五唯一 精装 近地铁7+13号线 有产权车位 权属清晰,865万,3室2厅 | 133.73平米 | 南 西南 | 精装 | 中楼层(共11层) | 2005年建 | 板楼,https://image1.ljcdn.com/310000-inspection/prod-6b637421-db5e-462d-899f-1270498dfcc5.jpg.296x216.jpg
20200208,浦东,北蔡,7/13双轨+户型通透+花园位置+配套成熟+精装修+税费少,950万,3室2厅 | 138.5平米 | 南 | 精装 | 中楼层(共9层) | 2006年建 | 板楼,https://image1.ljcdn.com/310000-inspection/pc1_GzS5eYOXn_1.jpg.296x216.jpg
20200208,浦东,北蔡,动迁满五唯一， 楼层佳 简约风个  诚信出售 位置佳,745万,3室2厅 | 126.35平米 | 南 | 精装 | 中楼层(共6层) | 2005年建 | 板楼,https://image1.ljcdn.com/310000-inspection/pc1_l2lNdFKsz_1.jpg.296x216.jpg
20200208,浦东,北蔡,满五年唯一  小区央座  双轨交通   业主急售  随时看,468万,3室1厅 | 104平米 | 南 | 简装 | 高楼层(共6层) | 1997年建 | 板楼,https://image1.ljcdn.com/310000-inspection/pc1_SKuYLq3XD_1.jpg.296x216.jpg
20200208,浦东,北蔡,南北通三房满5年唯一税少，不靠高架安静近地铁,1160万,3室2厅 | 122.3平米 | 南 | 精装 | 低楼层(共19层) | 2013年建 | 板楼,https://image1.ljcdn.com/310000-inspection/pc1_4rWLu92O6_1.jpg.296x216.jpg
20200208,浦东,北蔡,房子2002年建成的飞机户型，看房方便 通风好,680万,3室2厅 | 129.61平米 | 南 | 简装 | 中楼层(共6层) | 2002年建 | 板楼,https://image1.ljcdn.com/310000-inspection/pc1_rIfZmyTWO_1.jpg.296x216.jpg
20200208,浦东,北蔡,板式南北通 全面户型 双轨地铁 7+13号线 带小花园,830万,3室2厅 | 107.83平米 | 南 | 简装 | 低楼层(共4层) | 2004年建 | 板楼,https://image1.ljcdn.com/310000-inspection/pc1_XRQe4q61u_1.jpg.296x216.jpg
20200208,浦东,北蔡,地铁口小三房 精装自住 二手买入税少 诚意出售好看房房主自荐,693万,3室2厅 | 97.18平米 | 南 | 精装 | 高楼层(共6层) | 2003年建 | 板楼,https://image1.ljcdn.com/310000-inspection/pc1_RRDwSNJPe_1.jpg.296x216.jpg
20200208,浦东,北蔡,房子满五年的 精装修 全明户型 南北通,390万,3室1厅 | 84.28平米 | 南 北 | 精装 | 高楼层(共6层) | 1994年建 | 板楼,https://image1.ljcdn.com/310000-inspection/pc1_UrkjQGp0m_1.jpg.296x216.jpg
20200208,浦东,北蔡,好房！7号线地铁口 商品房满五年  一梯两户 诚意出售,465万,3室1厅 | 94.59平米 | 南 北 | 精装 | 高楼层(共6层) | 1996年建 | 板楼,https://image1.ljcdn.com/310000-inspection/pc1_n74OSIR9B_1.jpg.296x216.jpg
20200208,浦东,北蔡,2005年商品房，双阳台，精装修，诚意出售,500万,3室2厅 | 102.76平米 | 南 | 精装 | 高楼层(共6层) | 2000年建 | 板楼,https://image1.ljcdn.com/310000-inspection/pc1_E16rlvpOl_1.jpg.296x216.jpg
20200208,浦东,北蔡,13年次新房 1梯1户 大平层 4开间朝南 配套齐全,1800万,4室2厅 | 196.81平米 | 南 | 精装 | 低楼层(共18层) | 2013年建 | 板楼,https://image1.ljcdn.com/310000-inspection/pc1_i5v9igTFG_1.jpg.296x216.jpg
20200208,浦东,北蔡,精装 带产权车位，通风采光好，全明户型，小区央位,1350万,3室2厅 | 146.79平米 | 南 北 | 精装 | 中楼层(共19层) | 2013年建 | 板楼,https://image1.ljcdn.com/310000-inspection/pc1_SSFBu05yS_1.jpg.296x216.jpg
20200208,浦东,北蔡,2017年45万精装修 +一手动迁10楼次顶层 南视野无遮挡房主自荐,853万,3室2厅 | 135.54平米 | 南 | 精装 | 高楼层(共11层) | 2004年建 | 板楼,https://image1.ljcdn.com/310000-inspection/pc1_6I9OGSIVT_1.jpg.296x216.jpg
20200208,浦东,北蔡,内环边超低总价，板式三房，价格可谈，看房找维护人房主自荐,425万,3室1厅 | 86.62平米 | 南 北 | 简装 | 高楼层(共6层) | 1995年建 | 板楼,https://image1.ljcdn.com/310000-inspection/pc1_cBhrcAmF3_1.jpg.296x216.jpg
20200208,浦东,北蔡,近地铁，电梯三房，一手动迁，一梯两户，中间位置,688万,3室2厅 | 113.4平米 | 南 | 精装 | 中楼层(共14层) | 2012年建 | 板楼,https://image1.ljcdn.com/310000-inspection/pc1_HuLekNzDf_1.jpg.296x216.jpg
20200208,浦东,北蔡,德铭苑 3室2厅 680万,680万,3室2厅 | 113.17平米 | 南 | 精装 | 高楼层(共16层) | 2012年建 | 板楼,https://image1.ljcdn.com/310000-inspection/pc1_8SPfqW4Az_1.jpg.296x216.jpg
20200208,浦东,北蔡,《中环内+稀有全明小户型+有钥匙随时看房》,222万,1室1厅 | 47.05平米 | 南 | 毛坯 | 高楼层(共6层) | 1997年建 | 板楼,https://image1.ljcdn.com/310000-inspection/test-8b9a0e88-3ae5-4af5-9238-06bfca961e9f.png.296x216.jpg
20200208,浦东,北蔡,此房南北通风，房型正，视野开阔，一个点税，随时可看房主自荐,170万,1室1厅 | 46.15平米 | 南 | 简装 | 高楼层(共6层) | 1995年建 | 板楼,https://image1.ljcdn.com/310000-inspection/pc1_ZnJu6IKJd_1.jpg.296x216.jpg
20200208,浦东,北蔡,婚房装修，高区采光好，满五唯一，免个税。,243万,1室1厅 | 46.87平米 | 南 | 简装 | 高楼层(共6层) | 1997年建 | 板楼,https://image1.ljcdn.com/310000-inspection/prod-3e9fc983-587a-42ca-845b-3aa2edeaf4e6.jpg.296x216.jpg
20200208,浦东,北蔡,2000年商品房，，户型方正，小区停车方便,420万,2室2厅 | 86.12平米 | 南 | 精装 | 高楼层(共6层) | 2000年建 | 板楼,https://image1.ljcdn.com/310000-inspection/prod-8ff0a388-7404-4bc2-a791-0fdd59c05362.jpg.296x216.jpg
20200208,浦东,北蔡,税费少 看房方便 装修保养好 诚意出售,390万,2室1厅 | 64平米 | 南 北 | 精装 | 高楼层(共6层) | 1995年建 | 板楼,https://image1.ljcdn.com/310000-inspection/prod-827e35f6-eded-469f-8959-9b7957b50b16.jpg.296x216.jpg
20200208,浦东,北蔡,满五唯一 中间楼层 简单装修 南北户型 采光佳,268万,2室1厅 | 55.76平米 | 南 北 | 简装 | 中楼层(共6层) | 1994年建 | 板楼,https://image1.ljcdn.com/310000-inspection/prod-537efd2f-63b3-4046-8d95-12e6f3630272.jpg.296x216.jpg
20200208,浦东,北蔡,大两房，双南户型房屋进深开间比适中，交通便利,285万,2室1厅 | 66.48平米 | 南 | 精装 | 高楼层(共6层) | 1995年建 | 板楼,https://image1.ljcdn.com/310000-inspection/pc1_VBppTpsNm_1.jpg.296x216.jpg
20200208,浦东,北蔡,中间楼层 全明户型 交通便利 生活方便,395万,2室1厅 | 81.39平米 | 南 | 简装 | 中楼层(共6层) | 1998年建 | 板楼,https://image1.ljcdn.com/310000-inspection/pc1_p7FJPiwcu_1.jpg.296x216.jpg
20200208,浦东,北蔡,双地铁口动迁一房，小区中间位置，诚意出售。,300万,1室1厅 | 57.55平米 | 南 | 毛坯 | 低楼层(共17层) | 2013年建 | 板楼,https://image1.ljcdn.com/310000-inspection/pc1_UP4EbWk13_1.jpg.296x216.jpg
20200208,浦东,北蔡,双轨交通，位于中环邻内，满五唯一，,395万,2室2厅 | 72.38平米 | 南 | 精装 | 低楼层(共6层) | 1994年建 | 板楼,https://image1.ljcdn.com/310000-inspection/pc1_VAJjiT3bE_1.jpg.296x216.jpg
20200208,浦东,北蔡,链家北蔡电梯好房+配套齐全+双轨交7/13号线+南北直通房主自荐,935万,3室2厅 | 130.8平米 | 南 北 | 精装 | 中楼层(共11层) | 2003年建 | 板楼,https://image1.ljcdn.com/310000-inspection/pc1_7kwfQjuhQ_1.jpg.296x216.jpg
20200208,浦东,北蔡,一手动迁  满五年 唯一  楼层佳 看房随时,324.9万,2室1厅 | 66.86平米 | 南 北 | 简装 | 中楼层(共6层) | 1996年建 | 板楼,https://image1.ljcdn.com/310000-inspection/prod-5b879cee-d972-4243-9124-0228c0fc79d3.jpg.296x216.jpg
20200208,浦东,北蔡,户型正气  业主诚意出售  交通便利,458万,3室1厅 | 96.26平米 | 南 | 简装 | 中楼层(共6层) | 1995年建 | 板楼,https://image1.ljcdn.com/310000-inspection/prod-fca6bb13-e83a-4835-9c35-b39d15274eee.jpg.296x216.jpg
20200208,浦东,北蔡,绿地集团建造， 低楼层 南北通风 一梯两户,490万,3室2厅 | 103.47平米 | 南 | 简装 | 低楼层(共6层) | 1998年建 | 板楼,https://image1.ljcdn.com/310000-inspection/prod-9fc3a51e-4bde-44d5-a5b6-7d9d141eeefa.jpg.296x216.jpg
20200208,浦东,北蔡,沙发上，地铁上，说看房，就看房！,315万,2室1厅 | 58.86平米 | 南 | 精装 | 中楼层(共6层) | 1997年建 | 板楼,https://image1.ljcdn.com/310000-inspection/prod-d45844c2-a8f7-4fe0-866c-617bae0d0016.jpg.296x216.jpg
20200208,浦东,北蔡,4楼不靠路，采光充足，满五年唯一，一般下午看房方便,310万,2室1厅 | 69.12平米 | 南 | 毛坯 | 中楼层(共6层) | 1996年建 | 板楼,https://image1.ljcdn.com/310000-inspection/pc1_bt7QAZal4_1.jpg.296x216.jpg
20200208,浦东,北蔡,满五唯一 龙阳商圈 全明户型，诚意出售，看房方便,358万,2室1厅 | 65.6平米 | 南 | 简装 | 高楼层(共6层) | 1998年建 | 板楼,https://image1.ljcdn.com/310000-inspection/prod-29ef6ffc-b1d9-4a72-94a3-069773e15683.jpg.296x216.jpg
20200208,浦东,北蔡,标准南北通少有的电梯中层，一手动迁，房东诚意卖,510万,2室2厅 | 85.83平米 | 南 | 毛坯 | 16层 | 2010年建 | 板楼,https://image1.ljcdn.com/310000-inspection/prod-7a31b175-438b-4703-b9c3-cdeff16d82bc.jpg.296x216.jpg
20200208,浦东,北蔡,小区央座+地铁口小区+花木街道+业主自住精装带车位！房主自荐,353万,2室1厅 | 69.4平米 | 南 北 | 精装 | 高楼层(共6层) | 1995年建 | 板楼,https://image1.ljcdn.com/310000-inspection/prod-80066902-df54-4c18-a202-dc43d7043bae.jpg.296x216.jpg
20200208,浦东,北蔡,2005年商品房 一梯两户 3楼 满五唯一 产权清晰房主自荐,426万,2室2厅 | 82.86平米 | 南 北 | 精装 | 中楼层(共6层) | 2005年建 | 板楼,https://image1.ljcdn.com/310000-inspection/prod-a612e93d-1a88-4add-93d2-a07d659725f9.jpg.296x216.jpg
20200208,浦东,北蔡,满五年无增值税+低总价低单价+业主置换诚意出售,180万,1室1厅 | 46.15平米 | 南 | 简装 | 高楼层(共6层) | 1996年建 | 板楼,https://image1.ljcdn.com/310000-inspection/prod-93d12f89-1d77-4e9c-8ad4-83a2e88a2533.jpg.296x216.jpg
20200208,浦东,北蔡,房子满五唯一 高区 通风效果好 采光佳 不靠路,170万,1室1厅 | 36.89平米 | 南 | 简装 | 高楼层(共6层) | 1995年建 | 板楼,https://image1.ljcdn.com/310000-inspection/prod-492cba33-7e89-40ad-9934-8c90eeb89956.jpg.296x216.jpg
20200208,浦东,北蔡,总高6楼的5楼，有钥匙随时看，7号线863米（来自高德）,423万,3室1厅 | 81.39平米 | 南 | 简装 | 高楼层(共6层) | 1994年建 | 板楼,https://image1.ljcdn.com/310000-inspection/test-5bbaa2fa-8aab-4aa5-a6d8-ac31320a854c.png.296x216.jpg
20200208,浦东,北蔡,万邦大三房复式 地铁四轨交汇 满五唯一 高区景观房,980万,3室2厅 | 135.86平米 | 南 | 精装 | 高楼层(共17层) | 2004年建 | 板楼,https://image1.ljcdn.com/310000-inspection/prod-b102d079-da36-4144-933e-164598fb5f19.jpg.296x216.jpg
20200208,浦东,北蔡,公园纪12年板式2+1户型+婚房精装修+全屋空调带水暖,790万,2室2厅 | 106.91平米 | 南 | 精装 | 中楼层(共20层) | 2012年建 | 板楼,https://image1.ljcdn.com/310000-inspection/prod-5ca67a0b-16ad-4595-ae3f-df6c9d19587b.jpg.296x216.jpg
20200208,浦东,北蔡,双房朝南+采光好+毛坯房+可自己装修+随时可看+有钥匙房主自荐,307万,2室1厅 | 61.13平米 | 南 | 简装 | 高楼层(共6层) | 1994年建 | 板楼,https://image1.ljcdn.com/310000-inspection/prod-f87f6304-e452-42e4-8b5c-cfda4cabed7e.jpg.296x216.jpg
20200208,浦东,北蔡,2017年次新房，统一装修全屋空调加墙暖，诚意出售！,850万,3室2厅 | 88.56平米 | 南 | 精装 | 低楼层(共24层) | 2015年建 | 板楼,https://image1.ljcdn.com/310000-inspection/prod-7f716edf-a5a1-4c32-99ca-cb5a306ca101.jpg.296x216.jpg
20200208,浦东,北蔡,满五唯一+格局方正+一梯两户+拎包入住+看房方便房主自荐,900万,3室2厅 | 125.11平米 | 南 北 | 精装 | 低楼层(共13层) | 2006年建 | 板楼,https://image1.ljcdn.com/310000-inspection/prod-8c930f0a-496e-44c0-a6f2-fcb736a84beb.jpg.296x216.jpg
20200208,浦东,北蔡,一梯两户 小户型双南两房 总价低,293万,2室1厅 | 60.23平米 | 南 | 简装 | 低楼层(共6层) | 1999年建 | 板楼,https://image1.ljcdn.com/310000-inspection/prod-d5406782-65ea-456b-a884-7ffd998c1240.jpg.296x216.jpg
20200208,浦东,北蔡,绿川馨康苑 2004年绿地商品房 南北户型满五唯一,435万,2室1厅 | 84.21平米 | 南 | 简装 | 低楼层(共6层) | 2004年建 | 板楼,https://image1.ljcdn.com/310000-inspection/test-d39dcdc8-bc2a-491a-adcf-3280ec664a93.png.296x216.jpg
20200208,浦东,北蔡,【花木板块】2/7/16号线交汇+比邻龙阳路CBD必看好房房主自荐,195万,1室1厅 | 42.06平米 | 南 | 简装 | 中楼层(共6层) | 1996年建 | 板楼,https://image1.ljcdn.com/310000-inspection/prod-b7e00363-6c30-4ef8-9357-cba86501f8ba.jpg.296x216.jpg
20200208,浦东,北蔡,龙阳好房推荐，精装修，采光丰富视野开阔业主诚意出售,280万,2室1厅 | 59.14平米 | 南 | 精装 | 高楼层(共7层) | 1995年建 | 板楼,https://image1.ljcdn.com/310000-inspection/pc1_qfIBUnNML_1.jpg.296x216.jpg
20200208,浦东,北蔡,13号线低总价，满五年唯一税费少，房东诚意出售。,290万,2室1厅 | 63.05平米 | 南 | 简装 | 高楼层(共6层) | 1996年建 | 板楼,https://image1.ljcdn.com/310000-inspection/pc1_5owSNc2k4_1.jpg.296x216.jpg
20200208,浦东,北蔡,2000年商品房满五年唯一 一梯一户 一线双阳台河景房,440万,2室2厅 | 92.31平米 | 南 | 精装 | 低楼层(共6层) | 2000年建 | 板楼,https://image1.ljcdn.com/310000-inspection/pc1_yLtJEzhRi_1.jpg.296x216.jpg
20200208,浦东,北蔡,品质小区，双轨交通7/13号线，有车位，电梯中楼层。,760万,3室2厅 | 108.06平米 | 南 | 精装 | 中楼层(共20层) | 2007年建 | 板楼,https://image1.ljcdn.com/310000-inspection/pc1_imOinqVp2_1.jpg.296x216.jpg
20200208,浦东,北蔡,中间楼层，1997年竣工，双南户型，产权清晰,268万,2室1厅 | 61.39平米 | 南 | 简装 | 中楼层(共6层) | 1997年建 | 板楼,https://image1.ljcdn.com/310000-inspection/pc1_UfsT5v3lq_2.jpg.296x216.jpg
20200208,浦东,北蔡,带花园原始两房，中内环，交通便利，客户买的实惠。,515万,2室1厅 | 70.95平米 | 南 北 | 精装 | 低楼层(共6层) | 2008年建 | 板楼,https://image1.ljcdn.com/310000-inspection/pc1_dShFOkMvY_2.jpg.296x216.jpg
20200208,浦东,北蔡,一梯两户  客厅带边窗  近七号线地铁   浦东图书馆,245万,1室1厅 | 50.74平米 | 南 北 | 简装 | 高楼层(共5层) | 1994年建 | 板楼,https://image1.ljcdn.com/310000-inspection/pc1_OWAO10A94_1.jpg.296x216.jpg
20200208,浦东,北蔡,此房采光好 小区中间位置 三楼 诚意出售,375万,2室1厅 | 76.32平米 | 南 | 精装 | 中楼层(共6层) | 1995年建 | 板楼,https://image1.ljcdn.com/310000-inspection/pc1_cfppL42BH_1.jpg.296x216.jpg
20200208,浦东,北蔡,中环内，低总价，一梯两户，交通便利,240万,2室1厅 | 58.6平米 | 南 | 简装 | 高楼层(共6层) | 1996年建 | 板楼,https://image1.ljcdn.com/310000-inspection/pc1_J01YHJ9iR_1.jpg.296x216.jpg
20200208,浦东,北蔡,此房一手动迁 满五唯一 楼层好 看房方便！,240万,1室1厅 | 52.52平米 | 南 | 精装 | 中楼层(共7层) | 1998年建 | 板楼,https://image1.ljcdn.com/310000-inspection/pc1_yy7fEVVoC_1.jpg.296x216.jpg
20200208,浦东,北蔡,满五唯一 户型好 看房随时方便 房东诚意出售,238万,1室1厅 | 46.66平米 | 南 | 简装 | 低楼层(共6层) | 1995年建 | 板楼,https://image1.ljcdn.com/310000-inspection/pc1_619dj8e5M_1.jpg.296x216.jpg
20200208,浦东,北蔡,艾东小区 3室1厅 330万,330万,3室1厅 | 60.19平米 | 南 北 | 简装 | 低楼层(共6层) | 1995年建 | 板楼,https://image1.ljcdn.com/310000-inspection/pc1_sqyH31QaU_1.jpg.296x216.jpg
20200208,浦东,北蔡,2000年商品房，非顶非底，满五年不唯一，车位充裕,400万,2室2厅 | 79.11平米 | 南 | 精装 | 高楼层(共6层) | 2000年建 | 板楼,https://image1.ljcdn.com/310000-inspection/pc1_GcrqwmvtW_1.jpg.296x216.jpg
20200208,浦东,北蔡,小两房+全明户型，带车位。店长推荐!!!!!,210万,2室1厅 | 49.86平米 | 南 北 | 简装 | 高楼层(共6层) | 1996年建 | 板楼,https://image1.ljcdn.com/310000-inspection/pc1_XYxV44QhH_1.jpg.296x216.jpg
20200208,浦东,北蔡,05年商品 顶楼复式 近18号地铁  诚意出售 满五年唯一,580万,4室2厅 | 86.9平米 | 东南 | 简装 | 高楼层(共5层) | 2005年建 | 板楼,https://image1.ljcdn.com/310000-inspection/pc1_WJe0pg5jW_1.jpg.296x216.jpg
20200208,浦东,北蔡,双南全明+近地铁+中间3楼+业主诚售+税费少,340万,2室1厅 | 59.81平米 | 南 | 简装 | 中楼层(共6层) | 1996年建 | 板楼,https://image1.ljcdn.com/310000-inspection/pc1_H1hyVpJim_1.jpg.296x216.jpg
20200208,浦东,北蔡,全明户型，双南双天井，中间位置，环境幽静房主自荐,398万,2室1厅 | 69.83平米 | 南 | 精装 | 低楼层(共6层) | 1997年建 | 板楼,https://image1.ljcdn.com/310000-inspection/pc1_7J6qyovvA_1.jpg.296x216.jpg
20200208,浦东,北蔡,店长推荐+ 一梯两户+双南户型+满五唯一+诚意出售,315万,2室1厅 | 70.78平米 | 南 | 简装 | 低楼层(共6层) | 1999年建 | 板楼,https://image1.ljcdn.com/310000-inspection/pc1_6ouHXPKnU_1.jpg.296x216.jpg
20200208,浦东,北蔡,新出满2年高区好房，税费少，房东诚意卖，拎包入住,780万,2室2厅 | 83.21平米 | 南 | 精装 | 高楼层(共24层) | 2015年建 | 板楼,https://image1.ljcdn.com/310000-inspection/pc1_xQ7KgnLgY_1.jpg.296x216.jpg
20200208,浦东,北蔡,中环靠内+高品质小区+电梯板式两房+带露台+满五唯一,760万,2室2厅 | 83.41平米 | 南 北 | 精装 | 低楼层(共6层) | 2007年建 | 板楼,https://image1.ljcdn.com/310000-inspection/prod-06cb0c63-06c7-462d-8ca4-ed03c1c1ecf1.jpg.296x216.jpg
20200208,浦东,北蔡,非顶楼，一梯两户+双南好户型，满五唯一，税费少。,324万,2室1厅 | 75.27平米 | 南 北 | 精装 | 高楼层(共6层) | 1996年建 | 板楼,https://image1.ljcdn.com/310000-inspection/prod-0e02dc4f-4411-4612-af39-197c960a5442.jpg.296x216.jpg
20200208,浦东,北蔡,两年前婚房装修 房子满五年 看房提前预约,310万,2室1厅 | 67.4平米 | 南 | 精装 | 高楼层(共6层) | 1996年建 | 板楼,https://image1.ljcdn.com/310000-inspection/prod-ceaa41cd-d261-4f69-81c0-91f4dd578575.jpg.296x216.jpg
20200208,浦东,北蔡,首付106万，年底前要出手，随时看房，价位可以谈。房主自荐,305万,2室1厅 | 67.77平米 | 南 | 精装 | 高楼层(共6层) | 1996年建 | 板楼,https://image1.ljcdn.com/310000-inspection/prod-677a4db4-28a8-4148-a92d-70eca7b94d4c.jpg.296x216.jpg
20200208,浦东,北蔡,满五唯一高区南北错通有产权车位，浅色装修刷卡入户,1170万,3室2厅 | 125.42平米 | 南 | 精装 | 高楼层(共19层) | 2013年建 | 板楼,https://image1.ljcdn.com/310000-inspection/prod-90b229cd-dc41-444e-9b62-f1cba79f659a.jpg.296x216.jpg
20200208,浦东,北蔡,中环内北蔡单价3万7，商品房顶楼复式，带车位+露台。,545万,4室2厅 | 145.83平米 | 南 | 精装 | 高楼层(共6层) | 2000年建 | 板楼,https://image1.ljcdn.com/310000-inspection/test-b3b37588-9be3-4ab2-89ea-66b4a351d756.png.296x216.jpg
20200208,浦东,北蔡,稀有浅色系4房 视野开阔 我有钥匙 业主急售,2300万,4室3厅 | 242.81平米 | 南 | 精装 | 低楼层(共18层) | 2010年建 | 板楼,https://image1.ljcdn.com/310000-inspection/test-7f6cb641-221b-40f1-a722-2df26f22f154.png.296x216.jpg
20200208,浦东,北蔡,无增值税 精装修 5楼 视野开阔 采光好 拎包入住房主自荐,282万,2室1厅 | 53平米 | 南 | 精装 | 高楼层(共6层) | 1994年建 | 板楼,https://image1.ljcdn.com/310000-inspection/pc1_yJaS5cwL6_1.jpg.296x216.jpg
20200208,浦东,北蔡,2楼+满五年唯一+地铁龙阳路站790米（数据来自高德）,258万,1室1厅 | 53.06平米 | 南 | 精装 | 低楼层(共6层) | 1994年建 | 板楼,https://image1.ljcdn.com/310000-inspection/prod-dfc79aa2-963a-481b-bc65-e3f5876ae023.jpg.296x216.jpg
20200208,浦东,北蔡,交通便利  中间楼层  总价低  房东诚意  采光好,318万,2室1厅 | 63.29平米 | 南 北 | 简装 | 中楼层(共7层) | 1996年建 | 板楼,https://image1.ljcdn.com/310000-inspection/test-467f6488-383d-44b3-9374-536cd1537acc.png.296x216.jpg
20200208,浦东,北蔡,红木家具装修一楼带天井 正气三房诚意出售,492万,3室2厅 | 105.19平米 | 南 | 精装 | 低楼层(共6层) | 2000年建 | 板楼,https://image1.ljcdn.com/310000-inspection/prod-9321484a-97d9-451e-9d7b-161e9e2468cd.jpg.296x216.jpg
20200208,浦东,北蔡,三房朝南+双轨交通+独立餐厅+采光无遮挡+看房有钥匙,850万,3室2厅 | 129平米 | 南 | 精装 | 低楼层(共7层) | 2007年建 | 板楼,https://image1.ljcdn.com/310000-inspection/pc1_aGXZn8szm_1.jpg.296x216.jpg
20200208,浦东,北蔡,全明户型 采光好 视野佳  满五唯一无个税,405万,3室1厅 | 96.26平米 | 南 | 简装 | 高楼层(共6层) | 1994年建 | 板楼,https://image1.ljcdn.com/310000-inspection/prod-6bc5ea6a-624a-4064-9816-0c413f18691c.jpg.296x216.jpg
20200208,浦东,北蔡,满五年唯一+人车分流+精装修+高区景观+大卧室+双阳台,580万,2室1厅 | 72.57平米 | 西南 | 精装 | 中楼层(共18层) | 2013年建 | 塔楼,https://image1.ljcdn.com/310000-inspection/prod-787afe5a-58e1-4185-b3c4-6ce36f4dbc68.jpg.296x216.jpg
20200208,浦东,北蔡,电梯2卫户型+满五年唯一住房+7/13号线地铁+配套齐全,815万,2室2厅 | 113.36平米 | 南 | 精装 | 低楼层(共12层) | 2006年建 | 板楼,https://image1.ljcdn.com/310000-inspection/pc1_2JOdj6PEl_1.jpg.296x216.jpg
20200208,浦东,北蔡,满五年唯一+一梯两户+边套户型全明+业主自住精装修房主自荐,300万,2室1厅 | 63.47平米 | 南 | 精装 | 高楼层(共6层) | 1997年建 | 板楼,https://image1.ljcdn.com/310000-inspection/prod-ac6ee849-ac9c-4aec-b388-31900a4f65ef.jpg.296x216.jpg
20200208,浦东,北蔡,三开间朝南，客厅朝北，一梯一户，满五不唯一,456万,3室1厅 | 104.01平米 | 南 | 简装 | 中楼层(共6层) | 2000年建 | 板楼,https://image1.ljcdn.com/310000-inspection/prod-24547517-1dc8-4c5e-b94b-a1c5668ebac7.jpg.296x216.jpg
20200208,浦东,北蔡,新出房源+免增值税、免个税+2004年小区，内环旁,430万,2室1厅 | 61.85平米 | 南 | 简装 | 高楼层(共6层) | 2004年建 | 板楼,https://image1.ljcdn.com/310000-inspection/prod-c17989f5-f506-4696-8409-7877c5d75a82.jpg.296x216.jpg
20200208,浦东,北蔡,满五唯一非顶楼 双南户型南北通透 地铁7号线出行方便房主自荐,350万,2室1厅 | 70.11平米 | 南 北 | 简装 | 高楼层(共6层) | 1995年建 | 板楼,https://image1.ljcdn.com/310000-inspection/prod-5fbb409a-0a48-47ce-86fc-16cd4cd8c875.jpg.296x216.jpg
20200208,浦东,北蔡,必看好房！动迁满五唯一 只有契税 诚意出售小区低,305万,2室1厅 | 53.75平米 | 南 | 简装 | 高楼层(共6层) | 1994年建 | 板楼,https://image1.ljcdn.com/310000-inspection/prod-b48d8d3e-212e-4f4c-9da4-eb1351847231.jpg.296x216.jpg
20200208,浦东,北蔡,连宏苑   南北通大三房   诚意出售   价格可谈,680万,3室2厅 | 127.35平米 | 南 | 精装 | 中楼层(共6层) | 2002年建 | 板楼,https://image1.ljcdn.com/310000-inspection/prod-ac2e2956-6c2c-4ac3-a161-6dd345d9c248.jpg.296x216.jpg
20200208,浦东,北蔡,二期安静位置+装修保养好+高区视野采光好+房东诚意卖,3100万,4室2厅 | 292平米 | 南 | 精装 | 高楼层(共19层) | 2013年建 | 板楼,https://image1.ljcdn.com/310000-inspection/test-dad975c2-0dd0-466c-8c54-40f50201f907.png.296x216.jpg
20200208,浦东,北蔡,客厅和主卧朝南，好户型双地铁口,215万,1室1厅 | 45.77平米 | 南 | 简装 | 高楼层(共6层) | 1995年建 | 板楼,https://image1.ljcdn.com/310000-inspection/prod-5477bbc0-a0bf-49dd-a4af-bbfde142faaf.jpg.296x216.jpg
20200208,浦东,北蔡,内中环地段  一手动迁  双轨交通   业主急售  有钥匙,300万,1室1厅 | 63.19平米 | 南 | 毛坯 | 中楼层(共6层) | 1996年建 | 板楼,https://image1.ljcdn.com/310000-inspection/prod-161c7a96-5e00-43af-8e12-47fd7f5cd5fa.jpg.296x216.jpg
20200208,浦东,北蔡,朝西视野采光视野好+诚意售+配套齐全+7+13号线双规,978万,3室2厅 | 148平米 | 南 北 | 精装 | 高楼层(共18层) | 2003年建 | 板楼,https://image1.ljcdn.com/310000-inspection/pc1_Od47isX1v_1.jpg.296x216.jpg
20200208,浦东,北蔡,中环内，复式一楼复二楼，13线地铁口,720万,4室2厅 | 140.76平米 | 南 | 简装 | 低楼层(共5层) | 2000年建 | 板楼,https://image1.ljcdn.com/310000-inspection/pc1_quYqpRAAi_1.jpg.296x216.jpg
20200208,浦东,北蔡,三房+诚意出售+全明户型+看房方便+钥匙房+满五唯一,420万,3室1厅 | 90.33平米 | 南 | 简装 | 高楼层(共6层) | 1997年建 | 板楼,https://image1.ljcdn.com/310000-inspection/pc1_0cxLcdt47_1.jpg.296x216.jpg
20200208,浦东,北蔡,该房近龙阳路地铁站，出行便利，楼层好，采光佳,920万,3室2厅 | 121.42平米 | 南 北 | 精装 | 中楼层(共11层) | 2003年建 | 板楼,https://image1.ljcdn.com/310000-inspection/pc1_Zn5J12WOy_1.jpg.296x216.jpg
20200208,浦东,北蔡,由由新佳苑 2室2厅 589万,589万,2室2厅 | 99.88平米 | 南 | 简装 | 低楼层(共6层) | 2000年建 | 板楼,https://image1.ljcdn.com/310000-inspection/pc1_g1zHrAoMR_1.jpg.296x216.jpg
20200208,浦东,北蔡,此房高楼层采光充足，全明户型，配套齐全，南北通风好,420万,3室1厅 | 87.24平米 | 南 | 简装 | 高楼层(共6层) | 1996年建 | 板楼,https://image1.ljcdn.com/310000-inspection/pc1_kYayRqW3W_1.jpg.296x216.jpg
20200208,浦东,北蔡,满五年唯一，税费少，中间楼层，视野开阔,275万,2室1厅 | 59.67平米 | 南 | 简装 | 中楼层(共6层) | 1996年建 | 板楼,https://image1.ljcdn.com/310000-inspection/pc1_C1452pxPm_1.jpg.296x216.jpg
20200208,浦东,北蔡,税费少，13号线500米，交通便利，配套成熟，适合居住,210万,1室1厅 | 47.05平米 | 南 | 简装 | 高楼层(共6层) | 1997年建 | 板楼,https://image1.ljcdn.com/310000-inspection/prod-c9884187-9b36-4a2e-bff9-ef5f207716e2.jpg.296x216.jpg
20200208,浦东,北蔡,本小区自带游泳池 新加坡人设计 看房方便,500万,2室2厅 | 102平米 | 暂无数据 | 精装 | 高楼层(共7层) | 1999年建 | 板楼,https://image1.ljcdn.com/310000-inspection/prod-2f22cef4-6834-483c-aa76-b2ba5a4ec881.jpg.296x216.jpg
20200208,浦东,北蔡,板式南北通 一梯两户全明 小区央位 自住精装接受置换,428万,2室2厅 | 88.28平米 | 南 | 精装 | 高楼层(共6层) | 1998年建 | 板楼,https://image1.ljcdn.com/310000-inspection/prod-9313106a-0e53-4c60-9943-23d0614d0aba.jpg.296x216.jpg
20200208,浦东,北蔡,此房满五年唯一，五楼非顶楼，总价低，看房方便。,240万,2室1厅 | 55.76平米 | 南 | 简装 | 高楼层(共6层) | 1994年建 | 板楼,https://image1.ljcdn.com/310000-inspection/test-146f5a20-44e8-48c3-bbed-edec40b6e55c.png.296x216.jpg
20200208,浦东,北蔡,2000年商品房，精装修一楼双天井，50弄，南北通风,450万,2室2厅 | 90.82平米 | 南 | 精装 | 低楼层(共6层) | 2000年建 | 板楼,https://image1.ljcdn.com/310000-inspection/prod-848b6d5a-971c-4ee2-a37e-c741025bad7c.jpg.296x216.jpg
20200208,浦东,北蔡,复式房+满五唯一+2004年商品房+7号线锦绣路+近内环线,698万,3室2厅 | 148.27平米 | 南 | 简装 | 高楼层(共6层) | 2003年建 | 板楼,https://image1.ljcdn.com/310000-inspection/prod-5ab4df98-79ec-42c1-9698-59d586d90b6b.jpg.296x216.jpg
20200208,浦东,北蔡,2002年商品房4米挑高大厅房东两年前自住装修 看房方便,525万,4室2厅 | 87.52平米 | 南 | 精装 | 高楼层(共6层) | 2002年建 | 板楼,https://image1.ljcdn.com/310000-inspection/prod-91187ae4-5444-4c4c-a298-414355ad156a.jpg.296x216.jpg
20200208,浦东,北蔡,双朝南户型 采光好 楼层好 满五年 看房随时,250万,1室1厅 | 45.75平米 | 南 | 简装 | 低楼层(共6层) | 1994年建 | 板楼,https://image1.ljcdn.com/310000-inspection/prod-3d6bbc53-9c49-404d-95fa-f727b0fa857a.jpg.296x216.jpg
20200208,浦东,北蔡,精装修2房，南北通风，小区人车分流，次新房采光好房主自荐,570万,2室2厅 | 74.68平米 | 西南 | 精装 | 低楼层(共18层) | 2013年建 | 塔楼,https://image1.ljcdn.com/310000-inspection/prod-5c2cb45c-cdf7-469a-b303-0a0e5e616bc1.jpg.296x216.jpg
20200208,浦东,北蔡,精装修拎包入住 双南 一梯两户 97年竣工,330万,2室1厅 | 66.68平米 | 南 | 精装 | 高楼层(共6层) | 1996年建 | 板楼,https://image1.ljcdn.com/310000-inspection/prod-7b3685e3-fbe2-4ae2-9154-488c52ad24b0.jpg.296x216.jpg
20200208,浦东,北蔡,满五年+精装修两房+单价便宜+户型方正+近七号线地铁房主自荐,283万,2室1厅 | 61.44平米 | 南 | 精装 | 高楼层(共6层) | 1994年建 | 板楼,https://image1.ljcdn.com/310000-inspection/prod-cbe6644c-960c-4e68-9a3a-ebbb948fad09.jpg.296x216.jpg
20200208,浦东,北蔡,新上房源 产权清晰 无户口！常租车位 满五年 近地铁,370万,2室2厅 | 72.66平米 | 南 | 精装 | 高楼层(共6层) | 1995年建 | 板楼,https://image1.ljcdn.com/310000-inspection/prod-963da1af-2c3b-4039-8f7c-2e36640c666e.jpg.296x216.jpg
20200208,浦东,北蔡,满五唯一 一梯两户 15年的婚房装修 车位充裕房主自荐,568万,3室2厅 | 116.8平米 | 南 北 | 精装 | 高楼层(共6层) | 2000年建 | 板楼,https://image1.ljcdn.com/310000-inspection/prod-dc20395c-f307-4e5f-a22d-9c485033046d.jpg.296x216.jpg
20200208,浦东,北蔡,1998年房 停车方便 税少 精装修 一梯两户 楼间距宽敞,439万,2室2厅 | 80.21平米 | 南 北 | 精装 | 低楼层(共5层) | 1998年建 | 板楼,https://image1.ljcdn.com/310000-inspection/prod-2a96e71e-41d1-4492-8e4a-b57df5e17593.jpg.296x216.jpg
20200208,浦东,北蔡,3房朝南+中间位置+7号线13号线双地铁+配套齐全+诚售,930万,3室2厅 | 129.42平米 | 南 | 精装 | 中楼层(共5层) | 2006年建 | 板楼,https://image1.ljcdn.com/310000-inspection/prod-00041e76-85be-49ee-8419-e50fce495654.jpg.296x216.jpg
20200208,浦东,北蔡,13号线地铁769米，商品房，楼层好采光佳！业主诚售,485万,3室2厅 | 103.47平米 | 南 | 简装 | 中楼层(共6层) | 1998年建 | 板楼,https://image1.ljcdn.com/310000-inspection/prod-e5f571d4-37c4-49bd-b9d6-1cabdaf50052.jpg.296x216.jpg
20200208,浦东,北蔡,全明户型 简单装修 南北格局 采光充足 诚意出售,300万,2室1厅 | 73.24平米 | 南 北 | 简装 | 高楼层(共6层) | 1999年建 | 板楼,https://image1.ljcdn.com/310000-inspection/prod-032d0b2d-bb41-4de4-8a7e-dd709fc5832a.jpg.296x216.jpg
20200208,浦东,北蔡,房子是一手动迁的产证齐全，只有1%的个税，无增值税,500万,2室1厅 | 89.68平米 | 南 | 毛坯 | 6层 | 2009年建 | 板楼,https://image1.ljcdn.com/310000-inspection/prod-3893412a-ec2e-4cae-8199-9bff12423935.jpg.296x216.jpg
20200208,浦东,北蔡,满五唯一 中间楼层 楼层好 诚意出售   交通便利,305万,2室1厅 | 55.58平米 | 西 南 | 简装 | 低楼层(共6层) | 1994年建 | 板楼,https://image1.ljcdn.com/310000-inspection/pc1_tHPmbIdgo_1.jpg.296x216.jpg
20200208,浦东,北蔡,诚售主推热房：价格美丽·3房2卫·3开间朝南·电梯房,975万,3室2厅 | 124.33平米 | 南 | 简装 | 低楼层(共12层) | 2012年建 | 板楼,https://image1.ljcdn.com/310000-inspection/pc1_pSCQczkD9_1.jpg.296x216.jpg
20200208,浦东,北蔡,有钥匙随时看房，无增值税，盒马，影院菜市场，采光好,258万,2室1厅 | 55.32平米 | 南 | 简装 | 高楼层(共6层) | 1995年建 | 板楼,https://image1.ljcdn.com/310000-inspection/prod-6d0f5f7c-f2e9-45b3-9199-0d233250aac0.jpg.296x216.jpg
20200208,浦东,北蔡,全明户型单价低，精装房，双轨交，采光佳，满五年唯一房主自荐,315万,2室2厅 | 61.15平米 | 南 | 精装 | 高楼层(共6层) | 1994年建 | 板楼,https://image1.ljcdn.com/310000-inspection/pc1_JlP3pMKLo_2.jpg.296x216.jpg
20200208,浦东,北蔡,一梯三户，小户型两房，业主诚心出售，满五唯一。,260万,2室1厅 | 54.17平米 | 南 北 | 精装 | 高楼层(共6层) | 1995年建 | 板楼,https://image1.ljcdn.com/310000-inspection/pc1_dFlJt5L7F_1.jpg.296x216.jpg
20200208,浦东,北蔡,满五唯一，中间楼层，业主诚心出售。,280万,2室1厅 | 61.56平米 | 南 北 | 简装 | 中楼层(共7层) | 1998年建 | 板楼,https://image1.ljcdn.com/310000-inspection/pc1_TBkGkJVK4_1.jpg.296x216.jpg
20200208,浦东,北蔡,低楼层 满五年  全明户型 紧靠13号线 诚意出售,330万,2室2厅 | 64.29平米 | 南 北 | 简装 | 低楼层(共6层) | 1994年建 | 板楼,https://image1.ljcdn.com/310000-inspection/pc1_RKsZ0btdh_1.jpg.296x216.jpg
20200208,浦东,北蔡,采光充足，交通便利，房东诚意出售,370万,2室1厅 | 72.23平米 | 南 | 简装 | 高楼层(共6层) | 1995年建 | 板楼,https://image1.ljcdn.com/310000-inspection/prod-4b8d0a61-13e0-41b4-9ff2-c4b6d6c5e8d8.jpg.296x216.jpg
20200208,浦东,北蔡,中间楼层视野开阔 一梯两户纯商品房房,590万,3室1厅 | 114.91平米 | 南 | 简装 | 中楼层(共6层) | 2004年建 | 板楼,https://image1.ljcdn.com/310000-inspection/prod-deb0d79b-9b2a-48c1-b274-548895605bce.jpg.296x216.jpg
20200208,浦东,北蔡,17年的新小区，高楼层，视野很好，停车位充足,1000万,3室2厅 | 122.56平米 | 南 | 精装 | 中楼层(共24层) | 2016年建 | 板楼,https://image1.ljcdn.com/310000-inspection/prod-e16670f9-2fd4-4ca7-9f6a-00421bffef50.jpg.296x216.jpg
20200208,浦东,北蔡,满五年税费少产权一个适合老年人居住,249万,1室1厅 | 46.05平米 | 南 | 简装 | 低楼层(共6层) | 1995年建 | 板楼,https://image1.ljcdn.com/310000-inspection/prod-d7995036-01c9-4c30-9044-194a01431e8e.jpg.296x216.jpg
20200208,浦东,北蔡,16万精装修  近地铁  全明户型  南北通透  随时看房,285万,1室1厅 | 46.5平米 | 南 北 | 精装 | 高楼层(共6层) | 1996年建 | 板楼,https://image1.ljcdn.com/310000-inspection/prod-2ce14427-2d4b-4e11-99e8-1f6a690c30d0.jpg.296x216.jpg
20200208,浦东,北蔡,房改售房 满五唯一 一梯两户 全明采光 交通便利,305万,2室1厅 | 62.83平米 | 东 | 精装 | 高楼层(共6层) | 1997年建 | 板楼,https://image1.ljcdn.com/310000-inspection/prod-8a451019-af57-4a4a-9f2e-dff479f994e5.jpg.296x216.jpg
20200208,浦东,北蔡,双南两房 边套 小区央位 花木街道 邻陆家嘴 诚售！房主自荐,288万,2室1厅 | 58.76平米 | 南 | 简装 | 高楼层(共6层) | 1994年建 | 板楼,https://image1.ljcdn.com/310000-inspection/prod-58893dee-2205-44b1-aa79-6f4f3a11c2d4.jpg.296x216.jpg
20200208,浦东,北蔡,朝南户型，满五唯一，税费少，业主诚意出售！,250万,1室1厅 | 50.03平米 | 南 | 简装 | 低楼层(共6层) | 1995年建 | 板楼,https://image1.ljcdn.com/310000-inspection/prod-9b0d1748-ca45-4762-b66a-92892f1f4cc0.jpg.296x216.jpg
20200208,浦东,北蔡,低区精装修三居，小区安静位置，业主诚意出售，税少,390万,3室1厅 | 82.72平米 | 南 | 精装 | 低楼层(共6层) | 1997年建 | 板楼,https://image1.ljcdn.com/310000-inspection/pc1_hcB0U2u6g_1.jpg.296x216.jpg
20200208,浦东,北蔡,中环内，刚需南北两房，四楼，好楼层，业主置换诚卖,290万,2室1厅 | 63.15平米 | 南 | 精装 | 高楼层(共6层) | 1997年建 | 板楼,https://image1.ljcdn.com/310000-inspection/prod-270e71ec-17bb-459f-a739-f70e58765b1a.jpg.296x216.jpg
20200208,浦东,北蔡,非顶楼，双南小两房，户型方正，地铁7号线13号线,245万,2室1厅 | 50.81平米 | 南 | 简装 | 高楼层(共7层) | 1994年建 | 板楼,https://image1.ljcdn.com/310000-inspection/prod-2d45ae87-3f78-4763-b885-8a3211270a57.jpg.296x216.jpg
20200208,浦东,北蔡,中环内 无增值税 电梯南北通透 两房,528万,2室2厅 | 86.56平米 | 南 北 | 简装 | 低楼层(共14层) | 2012年建 | 板楼,https://image1.ljcdn.com/310000-inspection/prod-5a1acad8-1ff7-4402-b088-6467650e8268.jpg.296x216.jpg
20200208,浦东,北蔡,婚房装修+省增值税和个人所得税+7号线13号地铁通透,590万,3室2厅 | 102.2平米 | 南 北 | 精装 | 高楼层(共6层) | 1998年建 | 板楼,https://image1.ljcdn.com/310000-inspection/pc1_cU8jfWxqd_1.jpg.296x216.jpg
20200208,浦东,北蔡,中环内健身楼层 视野宽阔 产权清晰 房东诚意出售房主自荐,310万,2室1厅 | 67.14平米 | 南 | 简装 | 高楼层(共6层) | 1996年建 | 板楼,https://image1.ljcdn.com/310000-inspection/pc1_0dbjaoUbG_1.jpg.296x216.jpg
20200208,浦东,北蔡,满五唯1税少 楼层高视野开阔 全屋地暖,998万,2室2厅 | 105.77平米 | 南 | 精装 | 中楼层(共19层) | 2013年建 | 板楼,https://image1.ljcdn.com/310000-inspection/pc1_qIKLL8pry_1.jpg.296x216.jpg
20200208,浦东,北蔡,一梯两户，满五唯一，地铁口，诚意出售,348万,2室1厅 | 71.56平米 | 南 | 简装 | 高楼层(共6层) | 1995年建 | 板楼,https://image1.ljcdn.com/310000-inspection/pc1_bBLQjlATj_1.jpg.296x216.jpg
20200208,浦东,北蔡,一手动迁无增值税 高区采光好无遮挡 花木街道近地铁,460万,3室1厅 | 92.41平米 | 南 北 | 简装 | 高楼层(共5层) | 1994年建 | 板楼,https://image1.ljcdn.com/310000-inspection/pc1_sh9zEb3i7_1.jpg.296x216.jpg
20200208,浦东,北蔡,满五年唯一 小区央座采光好 位置安静，地铁7号线出现,218万,1室1厅 | 44.07平米 | 南 北 | 简装 | 中楼层(共5层) | 1997年建 | 板楼,https://image1.ljcdn.com/310000-inspection/pc1_5EmtUjiHM_1.jpg.296x216.jpg
20200208,浦东,北蔡,近龙阳路+满五唯一+房东急售+小区央位+少有户型房主自荐,243万,1室1厅 | 53.06平米 | 南 | 精装 | 高楼层(共6层) | 1994年建 | 板楼,https://image1.ljcdn.com/310000-inspection/pc1_K7iqcyGHZ_1.jpg.296x216.jpg
20200208,浦东,北蔡,二期高区带大阳台的1房少有出售，离地铁近出行便捷！,485万,1室1厅 | 54.82平米 | 南 | 精装 | 高楼层(共18层) | 2001年建 | 板楼,https://image1.ljcdn.com/310000-inspection/pc1_AObmXVuYj_1.jpg.296x216.jpg
20200208,浦东,北蔡,此房满五不唯一，多层的三楼，户型全明，诚意出售,435万,2室1厅 | 87.04平米 | 南 | 精装 | 中楼层(共7层) | 1994年建 | 板楼,https://image1.ljcdn.com/310000-inspection/pc1_Y9OkPsD9x_1.jpg.296x216.jpg
20200208,浦东,北蔡,满五年唯一，无个税，大两房，近2号线龙阳路地铁站,390万,2室1厅 | 81.45平米 | 南 | 简装 | 低楼层(共6层) | 1995年建 | 板楼,https://image1.ljcdn.com/310000-inspection/pc1_99YxaroWM_1.jpg.296x216.jpg
20200208,浦东,北蔡,税费各付，非顶楼，可拎包入住，地铁7号线13号线，,250万,2室1厅 | 50.81平米 | 南 | 精装 | 高楼层(共7层) | 1994年建 | 板楼,https://image1.ljcdn.com/310000-inspection/pc1_rAvCbeBeQ_1.jpg.296x216.jpg
20200208,浦东,北蔡,满五唯一 中间楼层 交通便捷 楼层好 近龙阳路地铁站,230万,1室1厅 | 48.75平米 | 南 | 简装 | 低楼层(共7层) | 1996年建 | 板楼,https://image1.ljcdn.com/310000-inspection/pc1_PN2SNVaAo_1.jpg.296x216.jpg
20200208,浦东,北蔡,内中环地段  满五唯一 双轨交通  配套齐全  业主急售,385万,2室2厅 | 82.39平米 | 南 | 精装 | 中楼层(共6层) | 1997年建 | 板楼,https://image1.ljcdn.com/310000-inspection/pc1_QUJwC1AJg_1.jpg.296x216.jpg
20200208,浦东,北蔡,鹏海西区优质全明两房，交通方便，配套完善。,322万,2室1厅 | 61.03平米 | 南 | 简装 | 低楼层(共6层) | 1997年建 | 板楼,https://image1.ljcdn.com/310000-inspection/pc1_g3i4l0tgJ_1.jpg.296x216.jpg
20200208,浦东,北蔡,满五唯一，2楼，俩房朝南，7号线500米，业主诚意出售,350万,2室1厅 | 70.37平米 | 南 | 简装 | 低楼层(共6层) | 1995年建 | 板楼,https://image1.ljcdn.com/310000-inspection/pc1_fTzFaOzI7_1.jpg.296x216.jpg
20200208,浦东,北蔡,满二业主诚意出租 南北通透交通便利,280万,2室1厅 | 57.34平米 | 南 北 | 精装 | 高楼层(共6层) | 1994年建 | 板楼,https://image1.ljcdn.com/310000-inspection/pc1_AKDSIFXnW_1.jpg.296x216.jpg
20200208,浦东,北蔡,老业主已经置好房产急售+一梯两户+小区环境好+高层高,580万,2室2厅 | 84.89平米 | 南 | 精装 | 低楼层(共6层) | 1998年建 | 板楼,https://image1.ljcdn.com/310000-inspection/pc1_MzS7RNR2u_2.jpg.296x216.jpg
20200208,浦东,北蔡,2003年+一梯两户+两房朝南+车位充足+无增值税,300万,2室1厅 | 62.53平米 | 南 | 简装 | 高楼层(共6层) | 2003年建 | 板楼,https://image1.ljcdn.com/310000-inspection/pc1_dktuTQ5eA_1.jpg.296x216.jpg
20200208,浦东,北蔡,2000年商品房公园位置 前面是公园采光开阔没有遮挡,440万,2室2厅 | 87.59平米 | 南 | 简装 | 低楼层(共6层) | 2000年建 | 板楼,https://image1.ljcdn.com/310000-inspection/pc1_iv3LYMTxA_1.jpg.296x216.jpg
20200208,浦东,北蔡,满五唯一 电梯房 楼层高层 采光好,320万,1室1厅 | 62.32平米 | 南 | 简装 | 高楼层(共18层) | 1995年建 | 塔楼,https://image1.ljcdn.com/310000-inspection/pc1_gKnDS16B0_1.jpg.296x216.jpg
20200208,浦东,北蔡,精装修 可拎包入住 高层景观房 采光好 交通便捷,260万,1室1厅 | 47.39平米 | 南 | 简装 | 高楼层(共5层) | 1995年建 | 板楼,https://image1.ljcdn.com/310000-inspection/pc1_0Rw6neRMt_1.jpg.296x216.jpg
20200208,浦东,北蔡,精装修，双南户型，光照充足，诚意出售！,409万,1室1厅 | 58.13平米 | 南 | 简装 | 中楼层(共6层) | 2008年建 | 板楼,https://image1.ljcdn.com/310000-inspection/pc1_GVI47qfNW_2.jpg.296x216.jpg
20200208,浦东,北蔡,房改售房 满五年 没有增值税，生活交通便利,300万,2室1厅 | 60.01平米 | 南 | 简装 | 中楼层(共6层) | 1995年建 | 板楼,https://image1.ljcdn.com/310000-inspection/pc1_FIL4KYekN_1.jpg.296x216.jpg
20200208,浦东,北蔡,一手动迁+10楼次顶层+ 通透两卫三房全明双轨7、13号线,815万,3室2厅 | 126.74平米 | 南 | 精装 | 高楼层(共11层) | 2004年建 | 板楼,https://image1.ljcdn.com/310000-inspection/pc1_1QEf1QodI_1.jpg.296x216.jpg
20200208,浦东,北蔡,悦豪斯  双楠户型+小书房   楼层好  采光充足,608万,1室2厅 | 67.36平米 | 南 | 精装 | 中楼层(共17层) | 2011年建 | 板楼,https://image1.ljcdn.com/310000-inspection/pc1_VN9VKvGxF_1.jpg.296x216.jpg
20200208,浦东,北蔡,中环内商品房，户型方正，中间楼层,460万,2室1厅 | 88.78平米 | 南 | 简装 | 中楼层(共6层) | 2000年建 | 板楼,https://image1.ljcdn.com/310000-inspection/pc1_QiN4h32Rm_1.jpg.296x216.jpg
20200208,浦东,北蔡,悦豪斯2+1必看好房+人车分流+全屋地暖+产权车位另算,720万,2室2厅 | 86.92平米 | 南 | 精装 | 中楼层(共18层)  | 板楼,https://image1.ljcdn.com/310000-inspection/pc1_YkbtlyB2m_1.jpg.296x216.jpg
20200208,浦东,北蔡,两年精装修 采光好、视野好  房子敞亮房主自荐,355万,2室1厅 | 72.91平米 | 南 | 精装 | 高楼层(共6层) | 1995年建 | 板楼,https://image1.ljcdn.com/310000-inspection/pc1_qUuyvaNfq_1.jpg.296x216.jpg
20200208,浦东,北蔡,中环内+地铁口+全明户型+满五年唯一+精装修,255万,1室1厅 | 48.69平米 | 南 | 精装 | 高楼层(共6层) | 1996年建 | 板楼,https://image1.ljcdn.com/310000-inspection/pc1_CAakpbWgL_1.jpg.296x216.jpg
20200208,浦东,北蔡,紫竹轩 2室2厅 560万房主自荐,560万,2室2厅 | 102.74平米 | 南 | 精装 | 中楼层(共6层) | 2001年建 | 板楼,https://image1.ljcdn.com/310000-inspection/pc1_RnXCNJ1Jw_1.jpg.296x216.jpg
20200208,浦东,北蔡,绿川馨康苑 2室1厅 480万,480万,2室1厅 | 84.39平米 | 南 | 精装 | 中楼层(共6层) | 2004年建 | 板楼,https://image1.ljcdn.com/310000-inspection/pc1_M9WOVtdq8_1.jpg.296x216.jpg
20200208,浦东,北蔡,中环内 满五唯一 全明双南两房 近地铁莲溪路站,358万,2室1厅 | 72.66平米 | 南 | 简装 | 中楼层(共6层) | 1997年建 | 板楼,https://image1.ljcdn.com/310000-inspection/pc1_LykgZo2E4_1.jpg.296x216.jpg
20200208,浦东,北蔡,房改售房满五唯一税费少高区景观非顶楼诚意出售,210万,1室1厅 | 39.58平米 | 南 | 简装 | 高楼层(共7层) | 1995年建 | 板楼,https://image1.ljcdn.com/310000-inspection/pc1_rIZEsmtbN_1.jpg.296x216.jpg
20200208,浦东,北蔡,新上好房  一梯两户 双南全明户型  税费低 随时看房,315万,2室1厅 | 73.24平米 | 南 | 简装 | 低楼层(共6层) | 1999年建 | 板楼,https://image1.ljcdn.com/310000-inspection/pc1_mH5uHqaoI_1.jpg.296x216.jpg
20200208,浦东,北蔡,13线地铁陈春路450米，满五唯一，精层好，交通便利,227万,1室1厅 | 47.05平米 | 南 | 精装 | 低楼层(共6层) | 1997年建 | 板楼,https://image1.ljcdn.com/310000-inspection/pc1_1S3uWGeQf_1.jpg.296x216.jpg
20200208,浦东,北蔡,满五唯一，五年婚房装修，13号线陈春路400米,372万,2室1厅 | 72.59平米 | 南 | 精装 | 低楼层(共6层) | 1997年建 | 板楼,https://image1.ljcdn.com/310000-inspection/pc1_NsYVg4RjQ_1.jpg.296x216.jpg
20200208,浦东,北蔡,绿地精工复式，婚房装修，落地窗+露台，13号线,670万,3室2厅 | 121.88平米 | 南 | 精装 | 高楼层(共6层) | 2004年建 | 板楼,https://image1.ljcdn.com/310000-inspection/prod-a1dc2424-4ead-4664-b4fb-189c29ac8a7c.jpg.296x216.jpg
20200208,浦东,北蔡,高区三房  采光好 满五唯一  税费少,435万,3室1厅 | 102.45平米 | 南 | 精装 | 高楼层(共6层) | 1993年建 | 板楼,https://image1.ljcdn.com/310000-inspection/pc1_ggvrh67DF_1.jpg.296x216.jpg
20200208,浦东,北蔡,售后公房没有增值税 精装修即可拎包入住 带双天井,375万,2室2厅 | 72.56平米 | 南 | 简装 | 低楼层(共7层) | 1995年建 | 板楼,https://image1.ljcdn.com/310000-inspection/pc1_oO1Zrdicx_1.jpg.296x216.jpg
20200208,浦东,北蔡,客厅朝南，主卧朝南，餐厅厨房朝北，视野开阔。,540万,2室1厅 | 89.91平米 | 南 | 简装 | 6层 | 2009年建 | 板楼,https://image1.ljcdn.com/310000-inspection/pc1_4m7vmJIrO_1.jpg.296x216.jpg
20200208,浦东,北蔡,此房满五年唯一 采光充足 视野宽阔 南北通格局,660万,3室2厅 | 111.11平米 | 南 | 简装 | 中楼层(共5层) | 2004年建 | 板楼,https://image1.ljcdn.com/310000-inspection/pc1_qeYAF5d8H_1.jpg.296x216.jpg
20200208,浦东,北蔡,此房房型方正，三室朝南，交通便利，室内配套齐全,1218万,3室1厅 | 133.71平米 | 南 | 精装 | 低楼层(共19层) | 2013年建 | 板楼,https://image1.ljcdn.com/310000-inspection/pc1_8uCDFrX0J_1.jpg.296x216.jpg
20200208,浦东,北蔡,近13号陈春路站，户型方正，采光好视野佳。,549万,2室1厅 | 85.76平米 | 南 | 简装 | 17层 | 2010年建 | 板楼,https://image1.ljcdn.com/310000-inspection/pc1_50gZx0U3y_1.jpg.296x216.jpg
20200208,浦东,北蔡,一手动迁，满五唯一，双轨交通，多层二楼，刚需小三房,415万,3室1厅 | 86平米 | 南 | 简装 | 低楼层(共6层) | 1994年建 | 板楼,https://image1.ljcdn.com/310000-inspection/pc1_AhMlMoqC5_1.jpg.296x216.jpg
20200208,浦东,北蔡,房子是自住的保养的好 不靠路 小区中间位置 看房方便,460万,3室1厅 | 96.07平米 | 南 | 简装 | 高楼层(共6层) | 1994年建 | 板楼,https://image1.ljcdn.com/310000-inspection/pc1_wEDuyv0pI_1.jpg.296x216.jpg
20200208,浦东,北蔡,金钻楼层，小区中间位置，自住精装修，业主诚意售房,830万,3室2厅 | 127.27平米 | 南 | 精装 | 中楼层(共6层) | 2005年建 | 板楼,https://image1.ljcdn.com/310000-inspection/pc1_o9khiy1oZ_1.jpg.296x216.jpg
20200208,浦东,北蔡,连波路228弄 精装修  抢手户型两房,348万,2室1厅 | 61.23平米 | 南 北 | 精装 | 高楼层(共6层) | 1996年建 | 板楼,https://image1.ljcdn.com/310000-inspection/pc1_8fKxNiVfH_1.jpg.296x216.jpg
20200208,浦东,北蔡,楼层好 得房率高 实惠三房 房东诚意出售,458万,3室1厅 | 92平米 | 南 | 简装 | 低楼层(共6层) | 1994年建 | 板楼,https://image1.ljcdn.com/310000-inspection/pc1_qHq13Ug3W_1.jpg.296x216.jpg
20200208,浦东,北蔡,婚房装修  中间位置    近地铁  满五唯一  税费少,310万,2室1厅 | 58.61平米 | 南 | 精装 | 高楼层(共6层) | 1994年建 | 板楼,https://image1.ljcdn.com/310000-inspection/pc1_mfSNDcVbf_1.jpg.296x216.jpg
20200208,浦东,北蔡,此房两房朝南楼层好，视野宽阔采光充足。,450万,3室2厅 | 99.41平米 | 南 | 简装 | 高楼层(共6层) | 1996年建 | 板楼,https://image1.ljcdn.com/310000-inspection/pc1_KgYavHcZc_1.jpg.296x216.jpg
20200208,浦东,北蔡,全明东边套 户型正气 楼层佳 自住,530万,3室1厅 | 96.34平米 | 南 | 简装 | 高楼层(共6层) | 2002年建 | 板楼,https://image1.ljcdn.com/310000-inspection/pc1_coy840a29_1.jpg.296x216.jpg
20200208,浦东,北蔡,09年次新小区，环境优雅，近地铁300m，交通便利,540万,2室1厅 | 89.62平米 | 南 | 精装 | 6层 | 2009年建 | 板楼,https://image1.ljcdn.com/310000-inspection/pc1_a1UWiqB32_1.jpg.296x216.jpg
