20200208,浦东,碧云,户型方正明亮宽敞带花园，得房率高必看好房,1050万,3室2厅 | 122.54平米 | 南 | 精装 | 低楼层(共6层) | 2005年建 | 板楼,https://image1.ljcdn.com/310000-inspection/prod-dcad1a8d-06c0-44be-ad27-add17978412e.jpg.296x216.jpg
20200208,浦东,碧云,新出精装2房，业主诚心出售，二手买进，税费少必看好房,415万,2室1厅 | 55.89平米 | 东南 | 精装 | 中楼层(共4层) | 2005年建 | 板楼,https://image1.ljcdn.com/310000-inspection/pc1_HwVO7k9eq_1.jpg.296x216.jpg
20200208,浦东,碧云,碧云总价低的居家住宅  金童、上实未用  直观体育公园必看好房,435万,2室2厅 | 67.03平米 | 西北 | 精装 | 中楼层(共4层) | 2005年建 | 板楼,https://image1.ljcdn.com/310000-inspection/pc1_VgHBVSIuJ_1.jpg.296x216.jpg
20200208,浦东,碧云,满五唯一且买入价高，高区位置，视线好，不靠高压线,2090万,4室2厅 | 246.89平米 | 南 | 精装 | 高楼层(共13层) | 2002年建 | 板楼,https://image1.ljcdn.com/310000-inspection/prod-675b0175-d024-4f43-9f69-7387dffeb1e2.jpg.296x216.jpg
20200208,浦东,碧云,满五年+精装修+大两房+交通方便,545万,2室1厅 | 78.88平米 | 南 | 精装 | 中楼层(共6层) | 1995年建 | 板楼,https://image1.ljcdn.com/310000-inspection/prod-ce8e98c3-6356-4dce-a0fc-b066d3db4bc7.jpg.296x216.jpg
20200208,浦东,碧云,稀有顶复，客厅挑空，采光极好，意大利设计，精装3居,1690万,5室2厅 | 214.21平米 | 南 | 精装 | 高楼层(共18层) | 2003年建 | 板楼,https://image1.ljcdn.com/310000-inspection/pc1_ihW7y6dQ9_1.jpg.296x216.jpg
20200208,浦东,碧云,大户型顶复，地中海装修，碧云社区内，满五年省税,805万,2室2厅 | 85.14平米 | 南 | 精装 | 高楼层(共5层) | 1998年建 | 板楼,https://image1.ljcdn.com/310000-inspection/pc1_esT74UT3B.jpg.296x216.jpg
20200208,浦东,碧云,临平和国际、无遮挡、正对小区游泳池、带产权车位,1480万,3室2厅 | 175.81平米 | 南 | 精装 | 低楼层(共12层) | 2006年建 | 板楼,https://image1.ljcdn.com/310000-inspection/prod-b3ebaeb5-d2cc-4f9b-bb93-5b45e8915870.jpg.296x216.jpg
20200208,浦东,碧云,精装3室，全明户型方正，宽阔双厅，满五年唯一无个税,1150万,3室2厅 | 145.38平米 | 南 | 精装 | 低楼层(共17层) | 2003年建 | 板楼,https://image1.ljcdn.com/310000-inspection/pc1_jAEv7mfPa.jpg.296x216.jpg
20200208,浦东,碧云,双南户型，全屋光照多，有钥匙，学籍未占用,430万,1室1厅 | 63.09平米 | 南 | 精装 | 中楼层(共19层) | 1995年建 | 板楼,https://image1.ljcdn.com/310000-inspection/prod-a24d291b-cc48-4878-b005-6ad65e8ab909.jpg.296x216.jpg
20200208,浦东,碧云,看房方便，品质小区大三房，满五唯一税费少,1180万,3室2厅 | 145.01平米 | 南 | 精装 | 中楼层(共11层) | 2005年建 | 塔楼,https://image1.ljcdn.com/310000-inspection/prod-257c6721-ca86-493c-b975-a0aee93888fe.jpg.296x216.jpg
20200208,浦东,碧云,此房满5年税少，楼层好，采光充足，交通9号线方便,1100万,3室2厅 | 147.75平米 | 南 | 精装 | 低楼层(共19层) | 2004年建 | 板楼,https://image1.ljcdn.com/310000-inspection/pc1_dHlv9r7NX.jpg.296x216.jpg
20200208,浦东,碧云,不靠路，位置好，户型方正，出行方便，可看房,1050万,3室2厅 | 126.9平米 | 南 | 精装 | 低楼层(共11层) | 2000年建 | 板楼,https://image1.ljcdn.com/310000-inspection/prod-8b34e9c8-eae0-4e8c-a410-b56763465535.jpg.296x216.jpg
20200208,浦东,碧云,小区中间位置，无遮挡，采光好，满五唯一,700万,2室2厅 | 75.17平米 | 南 | 精装 | 低楼层(共6层) | 1998年建 | 板楼,https://image1.ljcdn.com/310000-inspection/pc1_TmQI0S7Tb.jpg.296x216.jpg
20200208,浦东,碧云,空中别墅，景观视野好，坐拥整个云间、汤高别墅区,2480万,4室2厅 | 364.22平米 | 南 | 精装 | 高楼层(共30层) | 2003年建 | 板楼,https://image1.ljcdn.com/310000-inspection/prod-3644dc24-6bff-4bab-85d7-2ec86aa7571a.jpg.296x216.jpg
20200208,浦东,碧云,小区低单价三房 业主诚意出售 看房提前约,870万,3室2厅 | 126.88平米 | 东南 | 精装 | 低楼层(共11层) | 2005年建 | 塔楼,https://image1.ljcdn.com/310000-inspection/prod-dbbe4bdb-f76e-4da2-a044-7d9be9441aec.jpg.296x216.jpg
20200208,浦东,碧云,邻地铁9号线+便利家乐福+迪卡隆,1050万,3室2厅 | 126.9平米 | 南 | 精装 | 中楼层(共11层) | 2000年建 | 板楼,https://image1.ljcdn.com/310000-inspection/prod-9a5ec535-8687-4047-85df-87bfb5975b39.jpg.296x216.jpg
20200208,浦东,碧云,品赏碧云高区大2房+2房全朝南+户型方正+视野棒采光好,1050万,2室2厅 | 121.55平米 | 南 | 精装 | 高楼层(共10层) | 2006年建 | 板楼,https://image1.ljcdn.com/310000-inspection/prod-724e7801-87b4-433c-bac4-fab502151347.jpg.296x216.jpg
20200208,浦东,碧云,顶复只此一套挑高客厅+车位配比高+装修棒,2000万,4室2厅 | 233.63平米 | 南 | 精装 | 高楼层(共10层) | 2006年建 | 板楼,https://image1.ljcdn.com/310000-inspection/prod-240bb724-0db5-479e-86c8-1bbc653db12c.jpg.296x216.jpg
20200208,浦东,碧云,小区少有且布局合理的大平层，视野佳，南北通，省税,2488万,4室3厅 | 286.69平米 | 南 | 精装 | 低楼层(共13层) | 2002年建 | 板楼,https://image1.ljcdn.com/310000-inspection/prod-b928a98b-8239-42b4-b17d-fd0cce0cedbf.jpg.296x216.jpg
20200208,浦东,碧云,近靠碧云公园，居住方便舒适宽敞，一房大户型,495万,1室1厅 | 83.15平米 | 西南 西 | 精装 | 低楼层(共19层) | 2003年建 | 塔楼,https://image1.ljcdn.com/310000-inspection/prod-32605ea3-f24c-43b9-8806-4a8f2cada69b.jpg.296x216.jpg
20200208,浦东,碧云,带产权车位、两房朝南一房朝北户型、户型正气栋距宽,1625万,3室2厅 | 177.47平米 | 南 | 精装 | 中楼层(共10层) | 2006年建 | 板楼,https://image1.ljcdn.com/310000-inspection/prod-0ce5ccb8-296a-4d63-9cef-c5b9ea9eb14d.jpg.296x216.jpg
20200208,浦东,碧云,精装修带中 央空调，双客厅大三房，满五唯一免征个税,1330万,3室2厅 | 177.06平米 | 南 | 精装 | 高楼层(共11层) | 2003年建 | 板楼,https://image1.ljcdn.com/310000-inspection/prod-b11674d2-4bc7-4a49-8712-36e6b7ea7ed8.jpg.296x216.jpg
20200208,浦东,碧云,小区内单价很低的三房，两卧加客厅朝南，次卧朝北,945万,3室2厅 | 115.55平米 | 南 | 精装 | 低楼层(共6层) | 1998年建 | 板楼,https://image1.ljcdn.com/310000-inspection/prod-1093bb16-bfe3-4362-863d-65145106f2ab.jpg.296x216.jpg
20200208,浦东,碧云,此房宽敞明亮，通透户型，可根据个人喜好设计,1026万,2室2厅 | 142.6平米 | 东南 | 精装 | 高楼层(共23层) | 1998年建 | 塔楼,https://image1.ljcdn.com/310000-inspection/prod-ea57d277-12c8-4fd8-bbf5-7f59cb503ae9.jpg.296x216.jpg
20200208,浦东,碧云,碧云花园 3室2厅 2200万,2200万,3室2厅 | 246.89平米 | 西南 | 精装 | 中楼层(共13层) | 2002年建 | 板楼,https://image1.ljcdn.com/310000-inspection/pc1_suloM8Rg3.jpg.296x216.jpg
20200208,浦东,碧云,此房业主诚意出售，自住，方便看房,930万,3室2厅 | 113.41平米 | 南 | 简装 | 中楼层(共8层) | 2000年建 | 板楼,https://image1.ljcdn.com/310000-inspection/prod-a89ea5de-387a-413b-b8b3-8c0b79b6370d.jpg.296x216.jpg
20200208,浦东,碧云,此房满5年税少，楼层好，采光充足，交通9号线方便,1150万,4室2厅 | 155.37平米 | 南 | 精装 | 低楼层(共11层) | 2004年建 | 板楼,https://image1.ljcdn.com/310000-inspection/prod-8545729d-7e62-42f1-a4e9-073f22195254.jpg.296x216.jpg
20200208,浦东,碧云,高区、满两年税少、有地暖、有车位,1730万,4室2厅 | 182.93平米 | 南 | 精装 | 高楼层(共12层) | 2006年建 | 板楼,https://image1.ljcdn.com/310000-inspection/prod-9adee216-58e9-4bc9-98a4-fa5ed344a150.jpg.296x216.jpg
20200208,浦东,碧云,总价低，采光好，交通方便，诚意出售,470万,2室1厅 | 67.83平米 | 南 | 简装 | 高楼层(共6层) | 1995年建 | 板楼,https://image1.ljcdn.com/310000-inspection/prod-96cd0fb9-8ef7-44fd-ad68-4067dc5c2f8d.jpg.296x216.jpg
20200208,浦东,碧云,接受半年以上置换，坐北朝南，视野开阔，临水景观好房主自荐,1700万,4室2厅 | 227.37平米 | 南 | 精装 | 低楼层(共33层) | 2003年建 | 板楼,https://image1.ljcdn.com/310000-inspection/prod-57159e32-a040-481e-976e-d33b38835839.jpg.296x216.jpg
20200208,浦东,碧云,小区中 YANG 位置，安静 中区 业主不用东校诚意出售,426万,1室2厅 | 66.62平米 | 南 | 简装 | 低楼层(共19层) | 1997年建 | 板楼,https://image1.ljcdn.com/310000-inspection/prod-b4dbda1e-2036-4b7f-9bec-8e1459483d51.jpg.296x216.jpg
20200208,浦东,碧云,2012年新装修，一边倒户型，满五年税费少，业主诚售,1600万,3室2厅 | 208.52平米 | 南 | 精装 | 低楼层(共43层) | 2004年建 | 板楼,https://image1.ljcdn.com/310000-inspection/prod-0341a742-96c4-462d-aec3-fdd53ea7766d.jpg.296x216.jpg
20200208,浦东,碧云,东方公寓大一房，满五年，精装修，业主诚意出售,808万,1室1厅 | 96.35平米 | 南 | 精装 | 低楼层(共11层) | 2005年建 | 塔楼,https://image1.ljcdn.com/310000-inspection/pc1_HGxOC4nSj_1.jpg.296x216.jpg
20200208,浦东,碧云,空中别墅！唯一在售顶复！享受阳光满屋！房主自荐,2800万,4室2厅 | 369.6平米 | 南 | 精装 | 高楼层(共40层) | 2004年建 | 板楼,https://image1.ljcdn.com/310000-inspection/test-fef4927b-7c36-4291-aa51-94ac08331939.png.296x216.jpg
20200208,浦东,碧云,免个税  位置佳  中间楼层 小区人车分流,1901万,3室2厅 | 211.35平米 | 南 | 精装 | 中楼层(共11层) | 2006年建 | 板楼,https://image1.ljcdn.com/310000-inspection/prod-dc24eda6-2de4-4038-a053-7bc45b333edc.jpg.296x216.jpg
20200208,浦东,碧云,高区视野开阔+位置好+带车位+免个税,1930万,4室2厅 | 211.35平米 | 南 | 精装 | 中楼层(共11层) | 2006年建 | 板楼,https://image1.ljcdn.com/310000-inspection/test-4ae7c7fd-46fc-4c8d-8469-db4e9834c93c.png.296x216.jpg
20200208,浦东,碧云,正三房自住精装+满五唯一+中间楼层+车位+地铁9，14号,1060万,3室2厅 | 126.7平米 | 南 | 精装 | 中楼层(共8层) | 2000年建 | 板楼,https://image1.ljcdn.com/310000-inspection/test-20c52062-04cf-44bb-bae6-59c166b5550f.png.296x216.jpg
20200208,浦东,碧云,碧云低总价三房，自住保养好，房型正气方便看,920万,3室2厅 | 124.65平米 | 西南 | 精装 | 低楼层(共11层) | 2005年建 | 塔楼,https://image1.ljcdn.com/310000-inspection/prod-6e068429-ade4-4071-b0d9-c16702c1f304.jpg.296x216.jpg
20200208,浦东,碧云,晓园 3室2厅 1600万,1600万,3室2厅 | 180.59平米 | 南 | 其他 | 中楼层(共10层) | 2006年建 | 板楼,https://image1.ljcdn.com/310000-inspection/prod-542c0865-7f70-406e-8a98-dd3dc1ad9e13.jpg.296x216.jpg
20200208,浦东,碧云,带车位！满五年！欣赏一期高区景观！,1650万,3室2厅 | 206.57平米 | 南 | 精装 | 中楼层(共33层) | 2003年建 | 板楼,https://image1.ljcdn.com/310000-inspection/prod-7f42e865-f467-4229-8663-13dafab8510e.jpg.296x216.jpg
20200208,浦东,碧云,户型方正，南北通，户户临水，景观视野好,1570万,3室2厅 | 206.29平米 | 南 | 精装 | 中楼层(共30层) | 2003年建 | 板楼,https://image1.ljcdn.com/310000-inspection/pc1_FAXFiNWNr_1.jpg.296x216.jpg
20200208,浦东,碧云,04年次新房+大复式+总高五楼+90平大露台+总价低+9号线,1380万,4室2厅 | 174.15平米 | 南 | 毛坯 | 高楼层(共5层) | 2004年建 | 板楼,https://image1.ljcdn.com/310000-inspection/prod-7f2f1f92-cf87-4983-b2d1-8ce01cfe5f34.png.296x216.jpg
20200208,浦东,碧云,精装3室+南北正通+满五唯一无个税+看房方便+进口配置,1180万,3室2厅 | 140.72平米 | 南 | 精装 | 低楼层(共18层) | 2003年建 | 板楼,https://image1.ljcdn.com/310000-inspection/pc1_M3YWFvjpa_1.jpg.296x216.jpg
20200208,浦东,碧云,前排无遮挡 满五年 业主诚意出售,1620万,3室2厅 | 177.84平米 | 南 | 精装 | 低楼层(共10层) | 2006年建 | 板楼,https://image1.ljcdn.com/310000-inspection/test-ec83378d-8605-407c-a647-863887fd3044.png.296x216.jpg
20200208,浦东,碧云,业主诚意出售，100万精装，空调带地暖，楼层好视野棒,1580万,3室2厅 | 207.97平米 | 南 | 精装 | 高楼层(共30层) | 2004年建 | 板楼,https://image1.ljcdn.com/310000-inspection/test-2e271753-eddc-49fe-b649-d06af6214a2e.png.296x216.jpg
20200208,浦东,碧云,04年次新房+正四房+满五唯一+精装修+9号线,1300万,4室2厅 | 163.52平米 | 南 | 精装 | 低楼层(共18层) | 2004年建 | 板楼,https://image1.ljcdn.com/310000-inspection/test-b7a5450c-31db-421b-a068-42ecc092efb2.png.296x216.jpg
20200208,浦东,碧云,板式结构  得房率高 装修较好  楼层适中,738万,2室2厅 | 82.61平米 | 南 北 | 精装 | 中楼层(共6层) | 1998年建 | 板楼,https://image1.ljcdn.com/310000-inspection/pc1_BRthyvQnU.jpg.296x216.jpg
20200208,浦东,碧云,此房全明户型，总价低，看房方便，带车位。,1060万,3室2厅 | 137.08平米 | 南 | 精装 | 低楼层(共13层) | 2003年建 | 板楼,https://image1.ljcdn.com/310000-inspection/prod-9b34fddc-d1e5-4818-8deb-677783c7a38b.jpg.296x216.jpg
20200208,浦东,碧云,小区唯一在卖的一楼复式，花公寓的价钱，享受别墅感觉,2450万,6室3厅 | 294.08平米 | 南 | 精装 | 低楼层(共12层) | 2006年建 | 板楼,https://image1.ljcdn.com/310000-inspection/prod-dfeb212a-8a3e-4eac-aedd-7df80b277f2e.jpg.296x216.jpg
20200208,浦东,碧云,自住装修带墙暖+有产权车位+可拎包入住+移民诚售,1650万,3室2厅 | 177.84平米 | 南 | 精装 | 低楼层(共10层) | 2006年建 | 板楼,https://image1.ljcdn.com/310000-inspection/prod-090d4fd0-6d81-46a0-b090-3dc637134f7c.jpg.296x216.jpg
20200208,浦东,碧云,二手买入+有车位+地暖和空调、拎包入住+置换诚售房主自荐,1250万,4室2厅 | 169.43平米 | 南 | 精装 | 低楼层(共19层) | 2003年建 | 板楼,https://image1.ljcdn.com/310000-inspection/prod-160fdf00-0c84-4fb0-b2a3-6105c2a90b53.jpg.296x216.jpg
20200208,浦东,碧云,碧云精装两房，主卧朝南，单价低采光好,438.1万,2室1厅 | 67.4平米 | 东南 | 精装 | 中楼层(共19层) | 1995年建 | 板楼,https://image1.ljcdn.com/310000-inspection/pc1_kpubGXevw_1.jpg.296x216.jpg
20200208,浦东,碧云,超大花园采光好，两房朝南可南北通，保养好随时看房,735万,2室1厅 | 79.82平米 | 南 | 简装 | 低楼层(共6层) | 1998年建 | 板楼,https://image1.ljcdn.com/310000-inspection/pc1_vs4kDlimT.jpg.296x216.jpg
20200208,浦东,碧云,业主自住精装修保养好，位置优越，满五唯一税费少,975万,3室2厅 | 115.55平米 | 南 | 精装 | 高楼层(共6层) | 1998年建 | 板楼,https://image1.ljcdn.com/310000-inspection/test-2ba1f862-ca36-469e-95e7-3896fcb8a4a3.png.296x216.jpg
20200208,浦东,碧云,业主急售    满五唯一 随时看房,990万,2室2厅 | 164.98平米 | 南 | 简装 | 中楼层(共23层) | 1998年建 | 塔楼,https://image1.ljcdn.com/310000-inspection/prod-ab540845-4f38-484f-95d8-2c6a6e983411.jpg.296x216.jpg
20200208,浦东,碧云,03年次新房+园林小区+三房朝南+9，14号线双轨交通,1050万,3室2厅 | 119.49平米 | 南 | 简装 | 中楼层(共17层) | 2003年建 | 板楼,https://image1.ljcdn.com/310000-inspection/test-0eb09888-bd21-44a4-9cdb-5242b547a6a9.png.296x216.jpg
20200208,浦东,碧云,欧式装修 拎包入住 业主诚意出售  价格可谈,1020万,2室2厅 | 142.6平米 | 南 | 简装 | 高楼层(共23层) | 1998年建 | 塔楼,https://image1.ljcdn.com/310000-inspection/prod-c3130265-90bb-40df-9c58-565cb070a830.jpg.296x216.jpg
20200208,浦东,碧云,满五唯一免个税+冰厂t上d皆ky+楼层好大两房,739万,2室2厅 | 85.14平米 | 南 | 精装 | 中楼层(共5层) | 1998年建 | 板楼,https://image1.ljcdn.com/310000-inspection/pc1_8DUXTEUdh.jpg.296x216.jpg
20200208,浦东,碧云,二手买进较高！满两年税费低！中间位置！诚意出售！,750万,2室1厅 | 85.61平米 | 东北 | 精装 | 中楼层(共11层) | 2005年建 | 塔楼,https://image1.ljcdn.com/310000-inspection/prod-e0730743-db23-4d77-a9e1-3cfdbc4664b3.jpg.296x216.jpg
20200208,浦东,碧云,精装修，带花园，户型方正，南北通透,695万,2室1厅 | 77.95平米 | 南 北 | 简装 | 低楼层(共6层) | 1998年建 | 板楼,https://image1.ljcdn.com/310000-inspection/prod-3fd32fe7-589a-462f-8625-1829ca9e4148.jpg.296x216.jpg
20200208,浦东,碧云,二手买进税费低，可随时看房 新装修全屋地暖,695万,3室2厅 | 73.23平米 | 南 北 | 精装 | 低楼层(共6层) | 1998年建 | 板楼,https://image1.ljcdn.com/310000-inspection/pc1_RCylp2uAg_1.jpg.296x216.jpg
20200208,浦东,碧云,罗山花苑大两房+花园面积40平+满五年唯一税费少+急售,720万,2室2厅 | 88.42平米 | 南 | 精装 | 低楼层(共5层) | 1998年建 | 板楼,https://image1.ljcdn.com/310000-inspection/pc1_QUSCsJkiy_1.jpg.296x216.jpg
20200208,浦东,碧云,业主自住装修，3房，碧云国际社区，低单价，看房方便,1120万,3室2厅 | 164.98平米 | 南 | 精装 | 中楼层(共23层) | 1998年建 | 塔楼,https://image1.ljcdn.com/310000-inspection/test-a99308a2-bb3c-495c-a419-94ac3d03f00e.png.296x216.jpg
20200208,浦东,碧云,两房朝南全明户型，视野开阔，小区景观一览无余，一期,1150万,2室2厅 | 136.79平米 | 南 | 精装 | 中楼层(共30层) | 2003年建 | 板楼,https://image1.ljcdn.com/310000-inspection/pc1_xg4UmeOGW_1.jpg.296x216.jpg
20200208,浦东,碧云,小区在售一楼的三房，看房方便，房东自住,1090万,3室2厅 | 130.3平米 | 南 | 精装 | 低楼层(共10层) | 2006年建 | 板楼,https://image1.ljcdn.com/310000-inspection/test-0d8855a0-05e8-4a2d-8c7c-76b986609f57.png.296x216.jpg
20200208,浦东,碧云,中楼层，大两房，满五年唯一，诚意出售,538万,2室1厅 | 78.8平米 | 南 北 | 精装 | 中楼层(共6层) | 1995年建 | 板楼,https://image1.ljcdn.com/310000-inspection/prod-4fb1cf27-551e-4f23-b4ac-0766e96407b6.jpg.296x216.jpg
20200208,浦东,碧云,高区采光视野佳，通透户型正气房，诚心出售方便看,710万,2室2厅 | 76.79平米 | 南 | 精装 | 高楼层(共6层) | 1998年建 | 板楼,https://image1.ljcdn.com/310000-inspection/pc1_OKkPtxmRT_2.jpg.296x216.jpg
20200208,浦东,碧云,诚意急售，户型方正，南北通透，距9号线蓝天路站900米,938万,3室2厅 | 115.55平米 | 南 北 | 精装 | 高楼层(共6层) | 1998年建 | 板楼,https://image1.ljcdn.com/310000-inspection/prod-832d815b-5179-41b6-8c5d-c96ea1154bdb.jpg.296x216.jpg
20200208,浦东,碧云,满五唯一+小区央座+中间楼层+业主诚意随时可看房,650万,2室2厅 | 69.09平米 | 南 | 简装 | 中楼层(共6层) | 1998年建 | 板楼,https://image1.ljcdn.com/310000-inspection/prod-629afeba-7e86-4146-9778-e86ffb9c8587.jpg.296x216.jpg
20200208,浦东,碧云,满五唯一 税费少 高层新出少有的户型和位置，精装三房,1210万,3室2厅 | 142.66平米 | 西南 | 精装 | 中楼层(共11层) | 2005年建 | 塔楼,https://image1.ljcdn.com/310000-inspection/pc1_k7xXgAaeP_1.jpg.296x216.jpg
20200208,浦东,碧云,高区无遮挡、业主变现诚意出售、随时可看，价格可谈,1600万,3室2厅 | 175.81平米 | 南 | 简装 | 中楼层(共12层) | 2006年建 | 板楼,https://image1.ljcdn.com/310000-inspection/pc1_MKpoo1KrS_1.jpg.296x216.jpg
20200208,浦东,碧云,采光好 到价随时签字 南北朝向户型方正 小区少有户型,1140万,3室2厅 | 144.56平米 | 东北 | 精装 | 低楼层(共11层) | 2005年建 | 塔楼,https://image1.ljcdn.com/310000-inspection/pc1_s5SvwJF1E_1.jpg.296x216.jpg
20200208,浦东,碧云,配套设施齐全 交通便利 看房提前约,1150万,4室2厅 | 163.03平米 | 南 | 精装 | 低楼层(共23层) | 1998年建 | 塔楼,https://image1.ljcdn.com/310000-inspection/pc1_Z4tUhSVoN.jpg.296x216.jpg
20200208,浦东,碧云,高区景观3房+满五年唯一无个税+看房方便,1540万,3室2厅 | 212.04平米 | 南 北 | 精装 | 中楼层(共30层) | 2004年建 | 板楼,https://image1.ljcdn.com/310000-inspection/pc1_wgNeM8mXi_1.jpg.296x216.jpg
20200208,浦东,碧云,少有的楼中复式 2期中高区 单价低 景观好,2000万,3室2厅 | 280.43平米 | 南 | 精装 | 中楼层(共28层) | 2004年建 | 板楼,https://image1.ljcdn.com/310000-inspection/pc1_cuUh01Gdf.jpg.296x216.jpg
20200208,浦东,碧云,匠心独具巧户型，小区总价低三房，区中位带花园鱼池,900万,3室2厅 | 96.91平米 | 南 | 精装 | 低楼层(共6层) | 2005年建 | 板楼,https://image1.ljcdn.com/310000-inspection/pc1_HQVKIjQYX_1.jpg.296x216.jpg
20200208,浦东,碧云,精装修大三房+空调地暖+产权车位+户型方正采光通风好,1615万,3室2厅 | 180.1平米 | 南 | 精装 | 低楼层(共12层) | 2006年建 | 板楼,https://image1.ljcdn.com/310000-inspection/pc1_cypPTcubn_1.jpg.296x216.jpg
20200208,浦东,碧云,高区房 价格便宜 采光好  视野开阔 业主诚意出售,425万,1室1厅 | 67.4平米 | 南 | 精装 | 高楼层(共19层) | 1995年建 | 板楼,https://image1.ljcdn.com/310000-inspection/pc1_RjsXiBZat_1.jpg.296x216.jpg
20200208,浦东,碧云,金桥酒店公寓 2室2厅 440万,440万,2室2厅 | 68.13平米 | 南 | 简装 | 中楼层(共4层) | 2005年建 | 板楼,https://image1.ljcdn.com/310000-inspection/pc1_UPPztJxj6_1.jpg.296x216.jpg
20200208,浦东,碧云,寻找有缘人，位置好，楼层棒，满五唯一税费少,700万,2室2厅 | 76.11平米 | 南 | 精装 | 高楼层(共6层) | 1998年建 | 板楼,https://image1.ljcdn.com/310000-inspection/pc1_RfW5tF0Jc_1.jpg.296x216.jpg
20200208,浦东,碧云,中层楼层采光好，看房方便有钥匙，比较急售，,710万,2室1厅 | 101.69平米 | 西南 | 精装 | 中楼层(共8层) | 1995年建 | 板楼,https://image1.ljcdn.com/310000-inspection/prod-7dfda3a6-0820-47b0-be4c-d76d2977d81d.jpg.296x216.jpg
20200208,浦东,碧云,一楼有附加一个小院子 前后楼间距开阔 视野比较敞亮,650万,2室2厅 | 72.3平米 | 南 | 简装 | 低楼层(共6层) | 1998年建 | 板楼,https://image1.ljcdn.com/310000-inspection/prod-1a7826c8-4dab-40d4-995e-ebd60fc28e46.jpg.296x216.jpg
20200208,浦东,碧云,满五唯一 税费低 看房提前预约,430万,1室1厅 | 62.36平米 | 南 | 精装 | 低楼层(共19层) | 1997年建 | 板楼,https://image1.ljcdn.com/310000-inspection/pc1_Ke8uswgxT_1.jpg.296x216.jpg
20200208,浦东,碧云,大两房，满五年唯一，楼层适中，诚意出售,555万,2室1厅 | 78.88平米 | 南 | 简装 | 低楼层(共6层) | 1995年建 | 板楼,https://image1.ljcdn.com/310000-inspection/pc1_NzNFZrDy2_1.jpg.296x216.jpg
20200208,浦东,碧云,此房中区不怕高，采光视野依旧好，业主诚意随时签！,440万,1室1厅 | 65.86平米 | 南 | 精装 | 中楼层(共19层) | 2003年建 | 塔楼,https://image1.ljcdn.com/310000-inspection/test-33eda3bf-b46d-442e-855f-87f28d589c7a.png.296x216.jpg
20200208,浦东,碧云,大户型2居室，房子南北正气，通透性好，采光无遮挡,760万,2室1厅 | 85.29平米 | 南 | 精装 | 低楼层(共6层) | 1998年建 | 板楼,https://image1.ljcdn.com/310000-inspection/prod-36582623-9f31-40e1-afce-3ec59997501a.png.296x216.jpg
20200208,浦东,碧云,金桥爱建园 3室1厅 930万,930万,3室1厅 | 112.84平米 | 南 | 精装 | 低楼层(共11层) | 2003年建 | 板楼,https://image1.ljcdn.com/310000-inspection/test-30018060-1600-4223-ad25-23617eed57d3.png.296x216.jpg
20200208,浦东,碧云,06年次新房+总价低+毛坯框架结构+业主诚意出售+9号线,990万,2室2厅 | 120.82平米 | 南 | 毛坯 | 低楼层(共10层) | 2006年建 | 板楼,https://image1.ljcdn.com/shfdfs-image/20160915/20da3143-de32-487a-b01c-cc6669111cee.jpg.296x216.jpg
20200208,浦东,碧云,满5年唯一税少，户型方正，房东诚意出售,1950万,5室2厅 | 210.64平米 | 南 | 简装 | 3层 | 2000年建 | 板楼 | 联排别墅,https://image1.ljcdn.com/310000-inspection/bf94fca8-f559-4594-96af-93520063cbbb.jpg.296x216.jpg
20200208,浦东,碧云,碧云西班牙地中海别墅，好位置，L户型,4000万,3室2厅 | 440.5平米 | 南 | 精装 | 2层 | 2007年建 | 板楼 | 独栋别墅,https://image1.ljcdn.com/310000-inspection/90c31a4d-5b5b-4911-85c1-e89f9a1a420a.jpg.296x216.jpg
20200208,浦东,碧云,苑外江头坐不归  水精宫殿转霏微,725万,2室1厅 | 76.79平米 | 南 北 | 精装 | 中楼层(共6层) | 1998年建 | 板楼,https://image1.ljcdn.com/310000-inspection/prod-f5213948-3415-498a-a7c4-cec7a7706050.jpg.296x216.jpg
20200208,浦东,碧云,联排边套，挑空客厅，小区出门就是地铁口,1900万,4室2厅 | 211平米 | 南 | 精装 | 3层 | 2000年建 | 板楼 | 联排别墅,https://image1.ljcdn.com/310000-inspection/9fdf62e8-126a-46cb-ba11-fe82b57b30ac.jpg.296x216.jpg
20200208,浦东,碧云,15年装修 可拎包入住 诚意出售,810万,2室1厅 | 85.6平米 | 南 | 精装 | 中楼层(共11层) | 2005年建 | 塔楼,https://image1.ljcdn.com/shfdfs-image/20170211/d43eae20-c96f-4b5c-b1ab-f017a072d07b.jpg.296x216.jpg
20200208,浦东,碧云,维诗凯亚在卖户型独栋，装修保养恨好,3350万,3室2厅 | 435.17平米 | 南 | 精装 | 2层 | 2006年建 | 板楼 | 独栋别墅,https://image1.ljcdn.com/310000-inspection/893e3230-26c5-4425-a3df-de198a203ce3.jpg.296x216.jpg
20200208,浦东,碧云,高区景观大两房 通透户型 采光充足 无遮挡,1400万,2室2厅 | 172.12平米 | 南 | 精装 | 高楼层(共30层) | 2003年建 | 板楼,https://image1.ljcdn.com/310000-inspection/prod-3edcb26b-563d-4b21-88bf-8a64e395dd0f.jpg.296x216.jpg
20200208,浦东,碧云,满5年税少，户型方正，朝南房间多，小区北门出行9号线,1120万,3室2厅 | 137.08平米 | 南 | 精装 | 低楼层(共18层) | 2003年建 | 板楼,https://image1.ljcdn.com/shfdfs-image/20180127/ea392730-08eb-4a4a-9267-66f6cd5c50af.jpg.296x216.jpg
20200208,浦东,碧云,顶楼复式+ 安静位置+附有露台+四房朝南+拎包即住,1800万,4室2厅 | 214平米 | 南 | 精装 | 高楼层(共15层) | 2004年建 | 板楼,https://image1.ljcdn.com/310000-inspection/pc1_N8zLSzfgD_1.jpg.296x216.jpg
20200208,浦东,碧云,此房满五年不唯一，户型方正，位置安静，诚意出售,650万,2室2厅 | 69.23平米 | 南 | 精装 | 中楼层(共5层) | 1998年建 | 板楼,https://image1.ljcdn.com/310000-inspection/pc1_QKun5DU7R.jpg.296x216.jpg
20200208,浦东,碧云,法式独栋， 北进门，南花园，位置佳,5500万,5室3厅 | 333.76平米 | 南 | 精装 | 2层 | 2005年建 | 板楼 | 独栋别墅,https://image1.ljcdn.com/310000-inspection/155ce654-583a-4228-a428-593d5fde24bd.jpg.296x216.jpg
20200208,浦东,碧云,顶楼复式+露台+看房子需要预约,1450万,3室2厅 | 174.41平米 | 南 | 简装 | 高楼层(共5层) | 2004年建 | 板楼,https://image1.ljcdn.com/310000-inspection/prod-e35e163e-7fb7-4811-b1d7-bacf8467a30f.jpg.296x216.jpg
20200208,浦东,碧云,临水景观位置，户型方正，南北双阳台，功能性强,1650万,4室2厅 | 231.96平米 | 南 | 精装 | 低楼层(共30层) | 2004年建 | 板楼,https://image1.ljcdn.com/310000-inspection/505c499f-0a0b-4037-92aa-7e0d51d51d2f.jpg.296x216.jpg
20200208,浦东,碧云,云间绿大地独栋+500平花园+中间位置+全屋地暖,5900万,3室2厅 | 325.69平米 | 南 | 精装 | 2层 | 2005年建 | 板楼 | 独栋别墅,https://image1.ljcdn.com/310000-inspection/27163b32-8cd7-4c64-91c9-ab5b9f1180ce.jpg.296x216.jpg
20200208,浦东,碧云,实用五房，南进门，位置好，地上三层地下室通透明亮,4000万,5室2厅 | 490.97平米 | 南 | 精装 | 3层 | 2006年建 | 板楼 | 双拼别墅,https://image1.ljcdn.com/310000-inspection/8dbbee66-9fb4-4eae-92a2-e21784a48c93.jpg.296x216.jpg
20200208,浦东,碧云,南北大露台，户型方正，视野开阔，景观好！,1750万,3室2厅 | 227.37平米 | 南 | 精装 | 低楼层(共33层) | 2003年建 | 板楼,https://image1.ljcdn.com/310000-inspection/pc1_u8rrpWMLM.jpg.296x216.jpg
20200208,浦东,碧云,维诗凯亚F户型独栋别墅+北进门南花园+业主诚意出售,3500万,3室2厅 | 435.17平米 | 南 | 精装 | 2层 | 2006年建 | 板楼 | 独栋别墅,https://image1.ljcdn.com/310000-inspection/c68d13e0-985c-4fa0-801e-e708ad7ef3cb.jpg.296x216.jpg
20200208,浦东,碧云,联排边套花园方正+此房满五唯一税费少+诚意出售,2350万,3室2厅 | 174.12平米 | 东南 | 精装 | 2层 | 2000年建 | 板楼 | 联排别墅,https://image1.ljcdn.com/310000-inspection/c900d588-ca0f-4029-b4b2-a147f6560625.jpg.296x216.jpg
20200208,浦东,碧云,金桥爱建园 4室2厅 1750万,1750万,4室2厅 | 224.7平米 | 东南 | 简装 | 高楼层(共19层) | 2003年建 | 板楼,https://image1.ljcdn.com/310000-inspection/pc1_09cWarFtI_1.jpg.296x216.jpg
20200208,浦东,碧云,奢华邻水独栋，全南户型 160平大主卧，客厅挑高8米,4600万,5室3厅 | 677.45平米 | 南 | 精装 | 3层 | 2005年建 | 板楼 | 独栋别墅,https://image1.ljcdn.com/310000-inspection/baa229a5-18ab-402c-a250-3a1697938b75.jpg.296x216.jpg
20200208,浦东,碧云,楼层棒，业主诚意，税费少，房型可调整,708万,3室2厅 | 101.69平米 | 西南 | 简装 | 中楼层(共8层) | 1995年建 | 板楼,https://image1.ljcdn.com/310000-inspection/0d50b8d4-5b36-4732-a73c-258effe2e9cf.jpg.296x216.jpg
20200208,浦东,碧云,南花园，联排别墅，装修保养好，房子正气！,2380万,3室2厅 | 170.88平米 | 南 北 | 精装 | 2层 | 2002年建 | 板楼 | 联排别墅,https://image1.ljcdn.com/310000-inspection/1dc2020a-4dc1-434a-9bc1-ef149183c1b9.jpg.296x216.jpg
20200208,浦东,碧云,维诗凯亚E户型，环境优美，西班牙地中海式风情别墅！,3200万,3室2厅 | 410.34平米 | 西南 | 精装 | 2层 | 2007年建 | 板楼 | 独栋别墅,https://image1.ljcdn.com/310000-inspection/b555f791-dc1c-4d6f-a650-3315e057442b.jpg.296x216.jpg
20200208,浦东,碧云,碧云尊邸旁联排别墅 满5年唯一税费少,1800万,4室2厅 | 183平米 | 南 | 精装 | 3层 | 2000年建 | 板楼 | 联排别墅,https://image1.ljcdn.com/310000-inspection/0afc9a93-0418-4c8a-af15-092baa04af5f.jpg.296x216.jpg
20200208,浦东,碧云,世茂下叠别墅，200万装修，自带车位，临水景观好,2450万,4室2厅 | 295.75平米 | 南 北 | 精装 | 下叠(共4层) | 2004年建 | 板楼 | 叠拼别墅,https://image1.ljcdn.com/310000-inspection/77f8c532-1e4f-4f8c-8f28-31e5ea515da1.jpg.296x216.jpg
20200208,浦东,碧云,此房在小区中间位置，临河景观，格局正气,2430万,3室2厅 | 291.2平米 | 南 | 精装 | 下叠(共4层) | 2004年建 | 板楼 | 叠拼别墅,https://image1.ljcdn.com/310000-inspection/dbae87d8-ab83-4742-9771-de4763a5dad5.jpg.296x216.jpg
20200208,浦东,碧云,金桥酒店公寓 1室1厅 455万,455万,1室1厅 | 75.22平米 | 南 北 | 精装 | 低楼层(共19层) | 2003年建 | 塔楼,https://image1.ljcdn.com/310000-inspection/e9d53e7d-65c7-424d-9f45-e600c89fcb91.JPG.296x216.jpg
20200208,浦东,碧云,维诗凯亚 新挂牌 A户型 位置安静 居家精装修 诚意售,4200万,5室2厅 | 453.77平米 | 南 | 精装 | 2层 | 2006年建 | 板楼 | 独栋别墅,https://image1.ljcdn.com/310000-inspection/bde6a797-531a-47b1-b449-03b8e6eae1dc.jpg.296x216.jpg
20200208,浦东,碧云,北进门南花园！独栋别墅！西班牙风情！,3600万,4室2厅 | 424.37平米 | 南 | 精装 | 2层 | 2006年建 | 板楼 | 独栋别墅,https://image1.ljcdn.com/shfdfs-image/20171130/0ee524a3-7f75-4a5c-9f7e-a2c072847492.jpg.296x216.jpg
20200208,浦东,碧云,一期独栋别墅+花园一亩地++业主多套房此房诚意出售,4550万,5室3厅 | 284.12平米 | 南 | 精装 | 2层 | 2002年建 | 板楼 | 独栋别墅,https://image1.ljcdn.com/shfdfs-image/20151211/9edb2258-9113-475b-8914-542620f828f3.jpg.296x216.jpg
20200208,浦东,碧云,满5年唯一税少，户型方正，自住大三房，楼层高采光好,1250万,3室2厅 | 142.32平米 | 南 | 精装 | 中楼层(共17层) | 2003年建 | 板楼,https://image1.ljcdn.com/shfdfs-image/20160807/fc7f43aa-9bb3-4864-88eb-aacfdd182477.jpg.296x216.jpg
20200208,浦东,碧云,云间绿大地 5室3厅 5280万,5280万,5室3厅 | 405.35平米 | 东南 | 毛坯 | 2层 | 2005年建 | 板楼 | 独栋别墅,https://image1.ljcdn.com/shfdfs-image/20151004/2e9f7b53-44f7-4b01-bf3a-b3df1a02893d.jpg.296x216.jpg
20200208,浦东,碧云,东方Beverly Hill 碧云山庄传世独栋 占地666-668平,6688万,9室2厅 | 812.72平米 | 南 | 精装 | 3层 | 2004年建 | 板楼 | 独栋别墅,https://image1.ljcdn.com/shfdfs-image/20170710/fa051b64-9df5-45dd-a40e-3f11364a8c0e.jpg.296x216.jpg
20200208,浦东,碧云,临湖景观，500平南花园，巍峨法式独栋，鸟语花香,4199万,4室2厅 | 270.39平米 | 南 | 精装 | 2层 | 2002年建 | 板楼 | 独栋别墅,https://image1.ljcdn.com/310000-inspection/02a5ccab-5e68-4745-9049-f4fd12fda1ae.jpg.296x216.jpg
20200208,浦东,碧云,碧云少有的带大露台的叠加别墅  防水措施做得很扎实,1540万,4室2厅 | 186.44平米 | 南 | 精装 | 低楼层(共3层) | 1997年建 | 板楼,https://image1.ljcdn.com/310000-inspection/pc1_HsjC0mtTU_1.jpg.296x216.jpg
20200208,浦东,碧云,带90平阁楼，没有增值税，没有个税，房型正气,980万,4室2厅 | 115.55平米 | 南 | 精装 | 高楼层(共6层) | 1998年建 | 板楼,
20200208,浦东,碧云,4+1户型，600平花园，小区蕞好中❤位置独栋，全屋地暖,4500万,5室2厅 | 450.66平米 | 南 北 | 精装 | 2层 | 2006年建 | 板楼 | 独栋别墅,https://image1.ljcdn.com/shfdfs-image/20170824/4c0c9df4-d3ee-4ef7-bfd6-f3bce0c2ef93.jpg.296x216.jpg
20200208,浦东,碧云,民航大厦 3房间2卫 600万,600万,1室2厅 | 189.93平米 | 东南 | 精装 | 高楼层(共38层) | 2005年建 | 塔楼,https://image1.ljcdn.com/x-se/hdic-resblock/95f748bf-2816-4f22-bc9f-a4715cfe746f.jpg.296x216.jpg
20200208,浦东,碧云,装修2K万，花园1000平，凉亭流水南临河，带阁楼180平,12000万,7室3厅 | 492.77平米 | 南 | 精装 | 2层 | 2005年建 | 板楼 | 独栋别墅,https://image1.ljcdn.com/310000-inspection/b8438953-0c66-497b-a87b-175d5f3dac9b.jpg.296x216.jpg
20200208,浦东,碧云,云间二期法式独栋+花园500平+中间位置+业主急售,5000万,5室2厅 | 325.69平米 | 南 | 精装 | 2层 | 2005年建 | 板楼 | 独栋别墅,https://image1.ljcdn.com/310000-inspection/ee6141e4-25a5-4c88-99ed-84aa13324f95.jpg.296x216.jpg
20200208,浦东,碧云,房源真实  可以看房 诚意出售,3800万,5室2厅 | 257.71平米 | 南 | 其他 | 2层 | 2003年建 | 板楼 | 独栋别墅,https://image1.ljcdn.com/310000-inspection/86a6cd49-9569-4763-a1cc-028bc1224022.jpg.296x216.jpg
20200208,浦东,碧云,全南户型，一期高区景观，可看小区全景色,1120万,2室2厅 | 135.76平米 | 南 | 精装 | 中楼层(共28层) | 2003年建 | 板楼,https://image1.ljcdn.com/x-se/hdic-frame/87af726a-3699-491b-a2df-3b1fc5fc4495.png.296x216.jpg
20200208,浦东,碧云,碧云国际社区，单价仅周 边二手房三分之一,280万,1室2厅 | 109.35平米 | 东南 | 简装 | 中楼层(共38层) | 2005年建 | 塔楼,https://image1.ljcdn.com/x-se/hdic-resblock/95f748bf-2816-4f22-bc9f-a4715cfe746f.jpg.296x216.jpg
20200208,浦东,碧云,不邻路，正南北向，满五年，保养好，诚意出售,3599万,4室2厅 | 427.54平米 | 南 | 精装 | 2层 | 2006年建 | 板楼 | 独栋别墅,https://image1.ljcdn.com/310000-inspection/9f52188b-e304-4b12-b43d-4116d14044de.jpg.296x216.jpg
20200208,浦东,碧云,寻找有缘人！南北双阳台，使用功能强，诚意出售,1368万,2室2厅 | 185.17平米 | 南 | 精装 | 低楼层(共30层) | 2003年建 | 板楼,https://image1.ljcdn.com/310000-inspection/prod-d35e9164-9bd3-4dbb-b2c7-002c980c498b.jpg.296x216.jpg
20200208,浦东,碧云,凤凰大厦 3室2厅 1020万,1020万,3室2厅 | 164.98平米 | 东 南 | 精装 | 低楼层(共23层) | 1998年建 | 塔楼,https://image1.ljcdn.com/x-se/hdic-frame/test-77cd524b-ab2c-4f09-838b-0ac1e2fdcd58.png.296x216.jpg
20200208,浦东,碧云,坐看东日升，侧起满繁星。超大两房两卫。适合居住生活,970万,2室2厅 | 142.6平米 | 东 东南 南 | 精装 | 高楼层(共23层) | 1998年建 | 塔楼,https://image1.ljcdn.com/x-se/hdic-frame/prod-9cdd1273-516b-4fd6-8cce-9907c316e7bd.png.296x216.jpg
20200208,浦东,碧云,花公寓的价钱，享受别墅的感觉，紧凑小户型,778万,1室1厅 | 96.35平米 | 东南 | 精装 | 低楼层(共11层) | 2005年建 | 塔楼,https://image1.ljcdn.com/shfdfs-image/20160604/63cea99e-ee37-45b4-b60d-29a6dd95feb0.jpg.296x216.jpg
20200208,浦东,碧云,装修好 酒店式物业管理 高区采光好  业主诚意出售,305万,1室2厅 | 98平米 | 西 | 精装 | 高楼层(共38层) | 2005年建 | 塔楼,https://image1.ljcdn.com/x-se/hdic-frame/1c2cb7fb-af79-44da-8b64-5bc89eeda669.png.296x216.jpg
20200208,浦东,碧云,民航大厦 2房间1卫 310万,310万,1室1厅 | 101.15平米 | 南 | 其他 | 高楼层(共38层) | 2005年建 | 塔楼,https://image1.ljcdn.com/x-se/hdic-resblock/95f748bf-2816-4f22-bc9f-a4715cfe746f.jpg.296x216.jpg
20200208,浦东,碧云,经典户型+总价低+南北朝向+细心保养+诚意出售,3500万,3室2厅 | 416.47平米 | 南 | 简装 | 2层 | 2005年建 | 板楼 | 双拼别墅,
20200208,浦东,碧云,二期英式都铎风格独栋别墅，临河，精装修，诚意出售,7100万,7室3厅 | 370.33平米 | 南 | 精装 | 2层 | 2005年建 | 板楼 | 独栋别墅,
20200208,浦东,碧云,金色碧云 3室2厅 1250万,1250万,3室2厅 | 134.64平米 | 南 | 精装 | 高楼层(共6层) | 2005年建 | 板楼,https://image1.ljcdn.com/x-se/hdic-frame/108e33d1-611e-4054-b578-3ae41946efd6.png.296x216.jpg
20200208,浦东,碧云,业主二次装修有地暖  三房户型，中高层，视野开阔,1060万,3室2厅 | 121.02平米 | 南 北 | 精装 | 中楼层(共10层) | 2006年建 | 板楼,https://image1.ljcdn.com/x-se/hdic-frame/8726e09d-6c7d-415a-bbb2-a05acbc18462.png.296x216.jpg
20200208,浦东,碧云,碧云国际社区+一期独栋别墅+500平花园,6000万,4室2厅 | 270.39平米 | 南 | 精装 | 2层 | 2002年建 | 板楼 | 独栋别墅,
20200208,浦东,碧云,D户型大独栋别墅，4房户型，3房朝南；大占地、大花园,4300万,4室2厅 | 450.66平米 | 南 | 精装 | 2层 | 2006年建 | 板楼 | 独栋别墅,
20200208,浦东,碧云,北看湖景，房型好，120平大露台，业主诚意出售,3088万,4室2厅 | 381.95平米 | 南 | 精装 | 上叠(共4层) | 2004年建 | 板楼 | 叠拼别墅,
20200208,浦东,碧云,云间绿大地 3室2厅 2700万,2700万,3室2厅 | 170.88平米 | 南 | 精装 | 2层 | 2002年建 | 板楼 | 联排别墅,https://image1.ljcdn.com/x-se/310000-frame/3bf5798a-ebe9-4411-af18-1fdcd4cf0b78.jpg.296x216.jpg
20200208,浦东,碧云,新出双拼 不靠路 可以看房 诚意出售,3500万,3室2厅 | 418.08平米 | 南 | 精装 | 2层 | 2004年建 | 板楼 | 双拼别墅,https://image1.ljcdn.com/x-se/310000-frame/29fd3c09-1aae-4c5a-9bab-756f8bf0c679.jpg.296x216.jpg
20200208,浦东,碧云,二期带燃气，业主看好新房，诚意出售,440万,1室1厅 | 65.86平米 | 南 | 简装 | 中楼层(共19层) | 2003年建 | 塔楼,https://image1.ljcdn.com/x-se/hdic-frame/e92074f2-353a-4592-886c-dd799accc52a.png.296x216.jpg
20200208,浦东,碧云,小区单价总价低+实东+冰场田+9,14双轨交通+中间楼层,960万,3室2厅 | 115.55平米 | 南 | 简装 | 中楼层(共6层) | 1998年建 | 板楼,https://image1.ljcdn.com/shfdfs-image/20161003/a11f5de8-bac5-4a65-9328-5c2a3439f8f0.jpg.296x216.jpg
20200208,浦东,碧云,空中花园 早上阳光满屋 中午一览无余 傍晚彩霞美景,2600万,5室3厅 | 371.2平米 | 南 北 | 精装 | 高楼层(共40层) | 2004年建 | 板楼,https://image1.ljcdn.com/310000-inspection/853d3d23-ded9-4eeb-870d-bb110710bf09.jpg.296x216.jpg
20200208,浦东,碧云,世茂上叠4房设计+景观好北邻水+带南北大露台,3040万,4室2厅 | 380.51平米 | 南 | 精装 | 上叠(共4层) | 2004年建 | 板楼 | 叠拼别墅,https://image1.ljcdn.com/310000-inspection/70661c16-c48d-4421-846b-8743ab294a99.jpg.296x216.jpg
20200208,浦东,碧云,满5年税少，交通9号线，户型方正，改善精选,700万,2室1厅 | 76.79平米 | 南 | 精装 | 中楼层(共6层) | 1998年建 | 板楼,https://image1.ljcdn.com/shfdfs-image/20170616/399e81b1-91f9-41bd-a23b-f09aca6dca83.jpg.296x216.jpg
20200208,浦东,碧云,大面积 低单价 高区 南向 品质楼盘 俯瞰碧云,370万,1室2厅 | 112.84平米 | 北 | 精装 | 高楼层(共38层) | 2005年建 | 塔楼,https://image1.ljcdn.com/x-se/hdic-resblock/95f748bf-2816-4f22-bc9f-a4715cfe746f.jpg.296x216.jpg
20200208,浦东,碧云,民航大厦 4房间2卫 480万,480万,2室2厅 | 184.36平米 | 东北 | 精装 | 高楼层(共38层) | 2005年建 | 塔楼,https://image1.ljcdn.com/x-se/hdic-resblock/95f748bf-2816-4f22-bc9f-a4715cfe746f.jpg.296x216.jpg
20200208,浦东,碧云,罗山花苑 2室2厅 668万,668万,2室2厅 | 75.21平米 | 南 | 其他 | 中楼层(共6层) | 1998年建 | 板楼,https://image1.ljcdn.com/x-se/hdic-frame/133d1938-5de2-4c37-9220-f22934268ffd.png.296x216.jpg
20200208,浦东,碧云,业主诚意出售，产权清晰，带车位,1600万,3室2厅 | 205.76平米 | 南 | 精装 | 低楼层(共43层) | 2004年建 | 板楼,https://image1.ljcdn.com/x-se/shfdfs-image/20141208/8876796b-d057-4974-b18a-af8234909193.jpg.296x216.jpg
20200208,浦东,碧云,碧云大三房/满五年/楼层好/可看房,1230万,3室2厅 | 145.38平米 | 南 | 精装 | 中楼层(共9层) | 2003年建 | 板楼,https://image1.ljcdn.com/x-se/hdic-frame/36baf588-7d3b-4d34-912f-0f294f33bf69.png.296x216.jpg
20200208,浦东,碧云,此房位置安静，户型明亮，格局宽敞，五房，满五年。,3900万,5室2厅 | 443.55平米 | 南 | 精装 | 2层 | 2005年建 | 板楼 | 双拼别墅,https://image1.ljcdn.com/x-se/310000-frame/98f1acf3-0567-422e-9a8a-455a819d678d.jpg.296x216.jpg
