20200208,浦东,潍坊,泉东小区 双南两房 满五唯一 产权清晰无户口 随时可看必看好房,539万,2室0厅 | 61.28平米 | 南 | 简装 | 低楼层(共6层) | 1987年建 | 板楼,https://image1.ljcdn.com/310000-inspection/test-713c872a-c716-4f39-93f6-77e12be4a7df.png.296x216.jpg
20200208,浦东,潍坊,花园位置+有钥匙看房方便+带大天井+使用面积大+未用必看好房,465万,2室1厅 | 49.57平米 | 南 北 | 简装 | 低楼层(共6层) | 1986年建 | 板楼,https://image1.ljcdn.com/310000-inspection/pc1_iJvXObIyN_1.jpg.296x216.jpg
20200208,浦东,潍坊,户型正气，视野好，楼层佳，满五，总价低，未用必看好房,690万,3室1厅 | 97.22平米 | 南 北 | 精装 | 中楼层(共26层)  | 塔楼,https://image1.ljcdn.com/310000-inspection/pc1_6NCHSqjYt_2.jpg.296x216.jpg
20200208,浦东,潍坊,精装一房一厅+中间楼层+不占用+随时看房，必卖！必看好房,389.5万,1室1厅 | 36.84平米 | 南 | 精装 | 中楼层(共6层) | 1986年建 | 板楼,https://image1.ljcdn.com/310000-inspection/prod-1de4452e-2d51-46d3-a8c3-5c1ace11292b.jpg.296x216.jpg
20200208,浦东,潍坊,泉东小区，满五年，户型方正，配套完善必看好房,432万,1室0厅 | 36.26平米 | 南 | 精装 | 高楼层(共6层) | 1993年建 | 板楼,https://image1.ljcdn.com/310000-inspection/pc1_ZIGrmFNQB.jpg.296x216.jpg
20200208,浦东,潍坊,朱家滩小区，精装双南两房，房东诚心出售，产权清晰必看好房,500万,2室1厅 | 49.64平米 | 南 | 精装 | 高楼层(共6层) | 1989年建 | 板楼,https://image1.ljcdn.com/310000-inspection/pc1_B8wqhEzXw_2.jpg.296x216.jpg
20200208,浦东,潍坊,南北两房，采光好，面积大，产权清晰，上学方便必看好房,345万,2室1厅 | 54.43平米 | 南 西 北 | 简装 | 高楼层(共6层) | 1984年建 | 板楼,https://image1.ljcdn.com/310000-inspection/prod-ad9ef5ba-1035-47d6-8dd4-fb76dbc8ed2c.jpg.296x216.jpg
20200208,浦东,潍坊,八佰伴+巴黎春天+塘桥公园+陆家觜软件园+诚意出售必看好房,249万,1室0厅 | 30.2平米 | 南 | 毛坯 | 高楼层(共6层) | 1984年建 | 板楼,https://image1.ljcdn.com/310000-inspection/prod-362d1fc3-fa51-4190-96e5-3f19405f3faa.jpg.296x216.jpg
20200208,浦东,潍坊,东欣小区，一房房型，业主诚意出售，此房满五必看好房,460万,1室1厅 | 43.41平米 | 南 | 精装 | 中楼层(共25层) | 1992年建 | 塔楼,https://image1.ljcdn.com/310000-inspection/pc1_426EU1okN_1.jpg.296x216.jpg
20200208,浦东,潍坊,浦明精装一房，主卧朝南，厨卫朝北，南北通，不靠马路必看好房,224万,1室1厅 | 33.13平米 | 南 | 精装 | 高楼层(共5层) | 1980年建 | 板楼,https://image1.ljcdn.com/310000-inspection/test-f37efed5-440c-4c4a-beb1-017d770e7d9b.jpg.296x216.jpg
20200208,浦东,潍坊,精装带地暖，楼层好，满五年唯一，业主诚意出售必看好房,430万,1室1厅 | 33.08平米 | 南 | 精装 | 低楼层(共6层) | 1986年建 | 板楼,https://image1.ljcdn.com/310000-inspection/prod-baa9a680-3bc2-4e48-9a1e-ad64d836c7d6.jpg.296x216.jpg
20200208,浦东,潍坊,边套全明一室一厅，近世纪大道地铁站，业主诚意出售必看好房,380万,1室1厅 | 36.36平米 | 南 | 精装 | 高楼层(共6层) | 1983年建 | 板楼,https://image1.ljcdn.com/310000-inspection/prod-41144b03-9373-43fc-b02a-d0b1962f071b.jpg.296x216.jpg
20200208,浦东,潍坊,好房 总价低 小区中间 优质房源 税费少 未用必看好房,215万,1室0厅 | 27.79平米 | 南 | 毛坯 | 低楼层(共5层) | 1976年建 | 板楼,https://image1.ljcdn.com/310000-inspection/pc1_LnVAa4Kv1_1.jpg.296x216.jpg
20200208,浦东,潍坊,低总价小户型、楼层佳位置佳、产权清晰户型正气必看好房,220万,1室1厅 | 33.81平米 | 南 | 简装 | 低楼层(共6层) | 1982年建 | 板楼,https://image1.ljcdn.com/310000-inspection/pc1_rW9WfbbTp_1.jpg.296x216.jpg
20200208,浦东,潍坊,小区中间位置+全明户型+诚心出售必看好房,423万,1室1厅 | 31.26平米 | 南 | 精装 | 高楼层(共6层) | 1988年建 | 板楼,https://image1.ljcdn.com/310000-inspection/pc1_6PsAvmhHB_1.jpg.296x216.jpg
20200208,浦东,潍坊,潍坊二村  边套通透全明户型 精装修 满五年唯一必看好房,225万,1室0厅 | 30.62平米 | 南 | 精装 | 低楼层(共6层) | 1979年建 | 板楼,https://image1.ljcdn.com/310000-inspection/prod-f14e9e90-f51e-4b17-a9fa-ff5139ed8ab0.jpg.296x216.jpg
20200208,浦东,潍坊,全明户型，中间楼层阳光好，地铁交通便利，设施齐全必看好房,260万,1室0厅 | 35.62平米 | 南 | 简装 | 中楼层(共6层) | 1983年建 | 板楼,https://image1.ljcdn.com/310000-inspection/prod-e9684ad1-d932-4493-b76e-07798d182df5.jpg.296x216.jpg
20200208,浦东,潍坊,潍坊七村两房朝那 两个露台 满五少税 诚意卖看房方便必看好房,455万,2室1厅 | 53.32平米 | 南 | 简装 | 低楼层(共6层) | 1982年建 | 板楼,https://image1.ljcdn.com/310000-inspection/pc1_RCQG8tR4u_1.jpg.296x216.jpg
20200208,浦东,潍坊,房屋位置楼层良好，户型方正，有装修，业主诚意出售必看好房,384万,1室0厅 | 35.24平米 | 南 | 简装 | 高楼层(共6层) | 1983年建 | 板楼,https://image1.ljcdn.com/310000-inspection/pc1_wHvREZ5lw_1.jpg.296x216.jpg
20200208,浦东,潍坊,13年二手买进，满五年唯一、产权清晰、户型正气、必看好房,217万,1室1厅 | 33.7平米 | 南 | 简装 | 高楼层(共6层) | 1983年建 | 板楼,https://image1.ljcdn.com/310000-inspection/6610c1ff-b4db-4933-a70f-649ad078d9e5_1000.jpg.296x216.jpg
20200208,浦东,潍坊,小区花园位置、户型方正、位置安静、看房随时必看好房,377万,1室0厅 | 29.8平米 | 南 | 简装 | 中楼层(共6层) | 1986年建 | 板楼,https://image1.ljcdn.com/310000-inspection/pc1_IsnQGHPGs_1.jpg.296x216.jpg
20200208,浦东,潍坊,潍坊四村，一门关两户，西边套全明，楼层适中必看好房,265万,1室1厅 | 40.63平米 | 南 | 简装 | 中楼层(共6层) | 1982年建 | 板楼,https://image1.ljcdn.com/310000-inspection/pc1_ak5ELZ8oQ_1.jpg.296x216.jpg
20200208,浦东,潍坊,潍坊十村精装一房、位置好、楼层好、诚意出售必看好房,383万,1室1厅 | 37.88平米 | 南 | 精装 | 高楼层(共6层) | 1985年建 | 板楼,https://image1.ljcdn.com/310000-inspection/2e585301-0580-48fb-ad89-f9a3519b7822_1000.jpg.296x216.jpg
20200208,浦东,潍坊,潍坊九村+精装一房+诚意出售+看房方便必看好房,376万,1室0厅 | 29.68平米 | 南 | 简装 | 高楼层(共6层) | 1986年建 | 板楼,https://image1.ljcdn.com/310000-inspection/prod-f2b3ee0f-3dab-4464-8edb-55a602d25b73.jpg.296x216.jpg
20200208,浦东,潍坊,独栋 花园相伴 视野无遮挡 采光通风好,359万,2室1厅 | 54.69平米 | 东南 | 简装 | 高楼层(共6层) | 1979年建 | 板楼,https://image1.ljcdn.com/310000-inspection/test-e2b04dad-bef7-4afd-84a6-1575bb49b2ca.png.296x216.jpg
20200208,浦东,潍坊,小区花园位置，朝南边套全明一房，房东诚意出售,400万,1室1厅 | 40.37平米 | 南 | 简装 | 高楼层(共6层) | 1987年建 | 板楼,https://image1.ljcdn.com/310000-inspection/prod-30575ae2-cb02-49a6-a6e5-13c89c8670dc.jpg.296x216.jpg
20200208,浦东,潍坊,内环内商品房，朝南大客厅落地窗，俯瞰张家浜河景,748万,3室2厅 | 118.49平米 | 南 | 精装 | 中楼层(共28层) | 2001年建 | 板楼,https://image1.ljcdn.com/310000-inspection/prod-eb0c1b80-6841-46fa-a43b-763151fd07ae.jpg.296x216.jpg
20200208,浦东,潍坊,潍坊双南两房  中间楼层  花园位置 居家精装 诚意出售,475万,2室1厅 | 47.86平米 | 南 | 精装 | 中楼层(共6层) | 1985年建 | 板楼,https://image1.ljcdn.com/310000-inspection/prod-f2c4a3ce-a045-4bd3-94d3-af3acc51802f.jpg.296x216.jpg
20200208,浦东,潍坊,1995年房龄，标准一室一厅格局，价格实惠，可塑性强,270万,1室1厅 | 42.17平米 | 南 | 简装 | 高楼层(共6层) | 1995年建 | 板楼,https://image1.ljcdn.com/310000-inspection/pc1_8LKGUkoSr_1.jpg.296x216.jpg
20200208,浦东,潍坊,泉东（二）小区满五唯一南北全明两房是售后公房税费少房主自荐,460万,2室0厅 | 42.17平米 | 南 北 | 简装 | 高楼层(共6层) | 1991年建 | 板楼,https://image1.ljcdn.com/310000-inspection/test-614ed092-ff62-4aed-83f8-d1bdea015851.png.296x216.jpg
20200208,浦东,潍坊,一楼精装修，小区靠后排，环境静谧,265万,1室1厅 | 38平米 | 南 | 精装 | 低楼层(共5层) | 1980年建 | 板楼,https://image1.ljcdn.com/310000-inspection/prod-59cd3867-6d7f-474d-b57e-5be306d75fb2.jpg.296x216.jpg
20200208,浦东,潍坊,四轨交汇 泉东小区 双南精装大两房  满五年 产权清晰,539万,2室1厅 | 61.28平米 | 南 | 精装 | 高楼层(共6层) | 1987年建 | 板楼,https://image1.ljcdn.com/310000-inspection/pc1_KbzG9ItwN.jpg.296x216.jpg
20200208,浦东,潍坊,浦明一房一厅，全明户型厅带窗，中间楼层，没有个税,270万,1室1厅 | 39.93平米 | 南 | 简装 | 中楼层(共5层) | 1980年建 | 板楼,https://image1.ljcdn.com/310000-inspection/pc1_Z1wti6anq.jpg.296x216.jpg
20200208,浦东,潍坊,好房必卖 看房方便 诚意出售 产权清晰 正常走流,459万,2室1厅 | 52.32平米 | 南 | 精装 | 高楼层(共6层) | 1986年建 | 板楼,https://image1.ljcdn.com/310000-inspection/pc1_H2bQMQGlt.jpg.296x216.jpg
20200208,浦东,潍坊,双南带露台+产权清晰+不占用+2楼、精装修+陆家嘴地段,485万,2室1厅 | 47.63平米 | 南 | 其他 | 低楼层(共6层) | 1985年建 | 板楼,https://image1.ljcdn.com/310000-inspection/pc1_6i4R40YqO_1.jpg.296x216.jpg
20200208,浦东,潍坊,潍坊九村，中间楼层一房，诚意出售,398万,1室1厅 | 37.01平米 | 南 | 简装 | 中楼层(共6层) | 1986年建 | 板楼,https://image1.ljcdn.com/310000-inspection/pc1_DRqy9iTLD.jpg.296x216.jpg
20200208,浦东,潍坊,双南大两房+单价低+采光好+中间楼层+精装居家,540万,2室1厅 | 69.7平米 | 南 | 简装 | 中楼层(共6层) | 1986年建 | 板楼,https://image1.ljcdn.com/310000-inspection/prod-78d8580c-122c-4187-bb54-b255199688d0.jpg.296x216.jpg
20200208,浦东,潍坊,一梯三户+少有的三房+南北通透全明+诚意售价可谈,545万,3室0厅 | 70.78平米 | 南 北 | 简装 | 高楼层(共6层) | 1985年建 | 板楼,https://image1.ljcdn.com/310000-inspection/test-8883729c-2510-4a31-8199-1f311d4f27a9.png.296x216.jpg
20200208,浦东,潍坊,小区花园位置，中间楼层，拎包入住，房东急售,410万,1室1厅 | 39.22平米 | 南 | 精装 | 中楼层(共6层) | 1986年建 | 板楼,https://image1.ljcdn.com/310000-inspection/prod-47ccd3d5-4844-4ceb-a9f5-2ecc56ec369f.jpg.296x216.jpg
20200208,浦东,潍坊,朱家滩小区 精装双东两房 产权清晰 诚意出售,510万,2室1厅 | 53.42平米 | 东 | 精装 | 高楼层(共6层) | 1989年建 | 板楼,https://image1.ljcdn.com/310000-inspection/974fe345-f3ec-48b2-a767-4d82c1a917ba_1000.jpg.296x216.jpg
20200208,浦东,潍坊,附带阁楼，税费少，位置好，价格可谈,290万,1室2厅 | 40.18平米 | 南 | 精装 | 高楼层(共5层) | 1983年建 | 板楼,https://image1.ljcdn.com/310000-inspection/pc1_oGzADAHEo.jpg.296x216.jpg
20200208,浦东,潍坊,泉东小区 南北精装修大一房 售后公房 满五唯一房主自荐,470万,1室1厅 | 46.47平米 | 南 北 | 简装 | 高楼层(共6层) | 1993年建 | 板楼,https://image1.ljcdn.com/310000-inspection/prod-e06d7812-3875-4d26-bf3b-162d2e218ef9.jpg.296x216.jpg
20200208,浦东,潍坊,繁荣昌盛+随时看+采光好+无遮挡+户型方正+9号线商城路,697万,2室1厅 | 82.62平米 | 南 西 | 简装 | 中楼层(共26层) | 1996年建 | 塔楼,https://image1.ljcdn.com/310000-inspection/pc1_qmaFBkAlG_1.jpg.296x216.jpg
20200208,浦东,潍坊,潍坊四村，独门独户，一楼带天井，简单装修，好看房,260万,1室1厅 | 41.46平米 | 南 | 简装 | 低楼层(共6层) | 1982年建 | 板楼,https://image1.ljcdn.com/310000-inspection/pc1_IYKBjpzaU.jpg.296x216.jpg
20200208,浦东,潍坊,售后公房，满五唯一，户型方正，采光无遮挡，诚意可谈,570万,3室0厅 | 74.56平米 | 南 | 精装 | 高楼层(共6层) | 1986年建 | 板楼,https://image1.ljcdn.com/310000-inspection/pc1_iPE0wPaze.jpg.296x216.jpg
20200208,浦东,潍坊,双南两房 中间楼层  采光良好  业主诚售房主自荐,320万,2室0厅 | 45.84平米 | 南 | 简装 | 中楼层(共6层) | 1978年建 | 板楼,https://image1.ljcdn.com/310000-inspection/pc1_szOpDDCF2_1.jpg.296x216.jpg
20200208,浦东,潍坊,南北的格局 楼层好视野宽阔. 采光充足配套齐全,586万,3室1厅 | 61.96平米 | 南 | 简装 | 中楼层(共6层) | 1984年建 | 板楼,https://image1.ljcdn.com/310000-inspection/pc1_y8mH0fAsz.jpg.296x216.jpg
20200208,浦东,潍坊,看房方便 诚意出售 产权清晰 正常走流程,无户口。。,360万,1室1厅 | 37.88平米 | 南 | 简装 | 高楼层(共6层) | 1985年建 | 板楼,https://image1.ljcdn.com/310000-inspection/pc1_TEf57zUfd.jpg.296x216.jpg
20200208,浦东,潍坊,潍坊八村，边套一室户，精装修，诚意出售,276万,1室0厅 | 34.63平米 | 南 | 精装 | 高楼层(共6层) | 1985年建 | 板楼,https://image1.ljcdn.com/310000-inspection/pc1_OS6xTL9Ne_1.jpg.296x216.jpg
20200208,浦东,潍坊,小区居中位置，个税，南北边套全明户型,460万,2室0厅 | 49.93平米 | 南 | 精装 | 高楼层(共6层) | 1985年建 | 板楼,https://image1.ljcdn.com/310000-inspection/63538dfd-5aeb-4633-91b3-936c0ae5f428_1000.jpg.296x216.jpg
20200208,浦东,潍坊,潍坊二村，温馨舒适，双南两房，小区中间，近地铁,298万,2室0厅 | 45.13平米 | 南 | 简装 | 中楼层(共5层) | 1979年建 | 板楼,https://image1.ljcdn.com/310000-inspection/test-9d907c7b-48d6-4227-b123-b04a9a96bdb3.png.296x216.jpg
20200208,浦东,潍坊,八佰伴明珠 满五税少 世纪大道2469地铁 钥匙 vip房源,480万,2室0厅 | 55.98平米 | 南 | 简装 | 高楼层(共6层) | 1987年建 | 板楼,https://image1.ljcdn.com/310000-inspection/test-c23bca50-99c6-4085-a312-851de161f680.png.296x216.jpg
20200208,浦东,潍坊,少有房源+双南+双花园+价格可谈+诚意出售+看房方便,465万,2室1厅 | 57.49平米 | 南 | 毛坯 | 低楼层(共6层) | 1985年建 | 板楼,https://image1.ljcdn.com/310000-inspection/prod-e672e643-bc0b-4f65-8557-fd5015eeabae.jpg.296x216.jpg
20200208,浦东,潍坊,满五唯一，诚心出售，看房方便，采光极好！！！,570万,3室1厅 | 68.18平米 | 南 北 | 简装 | 低楼层(共6层) | 1985年建 | 板楼,https://image1.ljcdn.com/310000-inspection/test-91e0e0a4-a17b-4088-b93e-413fa861ba5d.png.296x216.jpg
20200208,浦东,潍坊,泉东小区 南北两房 看房随时 世纪大道2469号地铁 诚售房主自荐,497万,2室1厅 | 49.57平米 | 南 北 | 简装 | 高楼层(共6层) | 1984年建 | 板楼,https://image1.ljcdn.com/310000-inspection/test-2d0afadc-5a3a-41ab-870e-5cd1f76196e4.png.296x216.jpg
20200208,浦东,潍坊,繁荣昌盛，楼层佳，采光好，满五，随时看房主自荐,685万,2室1厅 | 82.62平米 | 南 西 | 简装 | 高楼层(共26层) | 1996年建 | 塔楼,https://image1.ljcdn.com/310000-inspection/prod-a83deec6-867b-40b8-b004-aab53d79b3eb.jpg.296x216.jpg
20200208,浦东,潍坊,明珠B大三房，地段佳，采光好，价格可谈，诚意出售,580万,3室1厅 | 73.86平米 | 南 | 简装 | 高楼层(共6层) | 1985年建 | 板楼,https://image1.ljcdn.com/310000-inspection/pc1_O6weIXGWD.jpg.296x216.jpg
20200208,浦东,潍坊,南北边套全明户型，中间楼层，业主诚意售，满五唯一,465万,2室0厅 | 53.03平米 | 南 北 | 简装 | 低楼层(共6层) | 1983年建 | 板楼,https://image1.ljcdn.com/310000-inspection/pc1_rnSoT5SmS.jpg.296x216.jpg
20200208,浦东,潍坊,世纪大道精装三房 自住的好选择,810万,3室1厅 | 112.88平米 | 南 北 | 精装 | 低楼层(共26层)  | 塔楼,https://image1.ljcdn.com/310000-inspection/prod-3342d901-a20c-4d06-8a85-1de9f3ecc373.png.296x216.jpg
20200208,浦东,潍坊,总价低，满五唯一个税免征，精装修南北两房，随时看房房主自荐,296万,2室0厅 | 47.09平米 | 南 | 精装 | 低楼层(共6层) | 1982年建 | 板楼,https://image1.ljcdn.com/310000-inspection/538ff8de-3c36-4721-924f-be03cda28b16_1000.jpg.296x216.jpg
20200208,浦东,潍坊,总价低二楼双南十平米厨房，实用面积大，维护人有照片,300万,2室1厅 | 46.02平米 | 南 | 简装 | 中楼层(共5层) | 1983年建 | 板楼,https://image1.ljcdn.com/310000-inspection/pc1_UuaiI90s1_1.jpg.296x216.jpg
20200208,浦东,潍坊,一楼一室一厅户型，天井面积将近15平,275万,1室1厅 | 38.35平米 | 南 | 简装 | 低楼层(共6层) | 1981年建 | 板楼,https://image1.ljcdn.com/310000-inspection/pc1_1RO2lFuKM_1.jpg.296x216.jpg
20200208,浦东,潍坊,此房，楼层好采光好视野佳，安静舒适房主自荐,600万,2室1厅 | 65.01平米 | 南 西 | 精装 | 高楼层(共25层) | 1992年建 | 塔楼,https://image1.ljcdn.com/310000-inspection/prod-154e339e-dfa6-4469-bdc5-59a77bf72030.jpg.296x216.jpg
20200208,浦东,潍坊,浦明两房，中间楼层，带露台，满五，接受议价,316万,2室0厅 | 47.04平米 | 南 北 | 简装 | 中楼层(共5层) | 1983年建 | 板楼,https://image1.ljcdn.com/310000-inspection/prod-94317484-7df5-4270-ad91-113eb01a72c2.jpg.296x216.jpg
20200208,浦东,潍坊,南北通透 前排无遮挡 售后公房 满五 花园位置,458万,2室0厅 | 49.68平米 | 南 北 | 简装 | 低楼层(共6层) | 1987年建 | 板楼,https://image1.ljcdn.com/310000-inspection/prod-4a289556-35f8-43f8-bc6d-9c60f06779ed.jpg.296x216.jpg
20200208,浦东,潍坊,此房是泉东小区南向小一房中等装修楼层好产权清晰,435万,1室1厅 | 31.1平米 | 南 | 精装 | 低楼层(共6层) | 1987年建 | 板楼,https://image1.ljcdn.com/310000-inspection/prod-e8dcb9c8-f92a-47fc-9cd1-4f2727215156.jpg.296x216.jpg
20200208,浦东,潍坊,繁荣昌盛，满五，售后公房，税少，楼层佳,790万,3室1厅 | 112平米 | 东南 | 简装 | 低楼层(共26层)  | 塔楼,https://image1.ljcdn.com/310000-inspection/prod-639a1689-b195-47da-83aa-b6b1243f4414.jpg.296x216.jpg
20200208,浦东,潍坊,繁荣昌盛，精装三房，楼层佳，全明户型,720万,3室1厅 | 97.22平米 | 南 北 | 精装 | 低楼层(共26层) | 1996年建 | 塔楼,https://image1.ljcdn.com/310000-inspection/prod-59f427f7-9c03-4f7b-b7bc-650a1ff38fc5.jpg.296x216.jpg
20200208,浦东,潍坊,高楼层， 南北户型，满五年，业主诚意出售。,300万,2室1厅 | 46.36平米 | 南 北 | 简装 | 高楼层(共5层) | 1983年建 | 板楼,https://image1.ljcdn.com/310000-inspection/prod-2f9d5252-14b4-4059-a5f8-262cacdee6bf.jpg.296x216.jpg
20200208,浦东,潍坊,无个税，采光好，双南两房，改造空间大，业主诚意出售,290万,2室1厅 | 46.92平米 | 南 | 简装 | 高楼层(共6层) | 1982年建 | 板楼,https://image1.ljcdn.com/310000-inspection/prod-248bd3aa-80d8-4063-9a83-d17c6adcb6e6.jpg.296x216.jpg
20200208,浦东,潍坊,南北全明大一室一厅，采光通风好，满五年唯一,458万,1室1厅 | 43.56平米 | 南 | 精装 | 高楼层(共6层) | 1984年建 | 板楼,https://image1.ljcdn.com/310000-inspection/pc1_rrgQoiOZr.jpg.296x216.jpg
20200208,浦东,潍坊,东欣小区  诚意出售 边套全明 户型好 靠世纪大道站,600万,2室1厅 | 65.01平米 | 南 | 简装 | 中楼层(共25层) | 1991年建 | 塔楼,https://image1.ljcdn.com/310000-inspection/ea8967e0-8677-45dc-9e92-364161db9c39_1000.jpg.296x216.jpg
20200208,浦东,潍坊,楼层好，位置好，边套南北全明，通风好，房主自荐,310万,2室1厅 | 48.73平米 | 南 | 精装 | 中楼层(共5层) | 1979年建 | 板楼,https://image1.ljcdn.com/310000-inspection/pc1_NHCVkMFqV_1.jpg.296x216.jpg
20200208,浦东,潍坊,双南大俩房，楼层好，小区花园位置，装修好，采光好,475万,2室1厅 | 48.98平米 | 南 | 精装 | 中楼层(共6层) | 1986年建 | 板楼,https://image1.ljcdn.com/310000-inspection/388ae091-9180-492d-b220-260abd024138_1000.jpg.296x216.jpg
20200208,浦东,潍坊,潍坊七村两房带露台 精装修 红星美凯龙家具 户型通透房主自荐,439万,2室0厅 | 46.36平米 | 南 | 其他 | 低楼层(共6层) | 1983年建 | 板楼,https://image1.ljcdn.com/310000-inspection/44db951b-fee6-45c1-9407-887f36e3d7bd_1000.jpg.296x216.jpg
20200208,浦东,潍坊,业主急售，双南两房，采光好，不靠马路,380万,2室1厅 | 45.93平米 | 南 | 简装 | 高楼层(共6层) | 1983年建 | 板楼,https://image1.ljcdn.com/310000-inspection/pc1_WITPm3Pxg_1.jpg.296x216.jpg
20200208,浦东,潍坊,采光佳，交通方便，总价低，产权清晰，诚意售房主自荐,382万,1室0厅 | 30.06平米 | 南 | 简装 | 高楼层(共6层) | 1985年建 | 板楼,https://image1.ljcdn.com/310000-inspection/test-171773d6-8f4c-4ffd-8228-cf4b84c6d26a.png.296x216.jpg
20200208,浦东,潍坊,温馨舒适+产权清晰+花园位置+采光充足+配套成熟、,450万,2室1厅 | 49.18平米 | 南 北 | 简装 | 低楼层(共6层) | 1986年建 | 板楼,https://image1.ljcdn.com/310000-inspection/prod-5e413001-5d1e-4980-8e9c-808df38d052d.jpg.296x216.jpg
20200208,浦东,潍坊,精装修可拎包入住，看房方便，随时可签字,425万,1室0厅 | 31.1平米 | 南 | 简装 | 低楼层(共6层) | 1986年建 | 板楼,https://image1.ljcdn.com/310000-inspection/prod-04a47dd4-7911-414c-9147-95ee89ece2db.jpg.296x216.jpg
20200208,浦东,潍坊,一链倾城、双南精装大两房、适宜居家、小区中间位置、,425万,2室1厅 | 56.47平米 | 南 | 精装 | 低楼层(共6层) | 1982年建 | 板楼,https://image1.ljcdn.com/310000-inspection/pc1_r3FHloDth_1.jpg.296x216.jpg
20200208,浦东,潍坊,自住精装修，小区好户型，高区景观，俯瞰陆家嘴！,650万,2室1厅 | 94.1平米 | 南 | 精装 | 中楼层(共24层) | 1997年建 | 塔楼,https://image1.ljcdn.com/310000-inspection/pc1_EPFQYCZbd_1.jpg.296x216.jpg
20200208,浦东,潍坊,繁荣昌盛，自住三房，位置好，生活便利，价格实惠,690万,3室1厅 | 91.72平米 | 南 | 精装 | 低楼层(共26层) | 1996年建 | 塔楼,https://image1.ljcdn.com/310000-inspection/pc1_Fd3zPU71a_1.jpg.296x216.jpg
20200208,浦东,潍坊,售后公房，满五唯一，小区中间位置，中间楼层,急售。,560万,3室1厅 | 67.05平米 | 南 | 精装 | 中楼层(共6层) | 1983年建 | 板楼,https://image1.ljcdn.com/310000-inspection/pc1_bZ0GhNlw3_1.jpg.296x216.jpg
20200208,浦东,潍坊,小区中间位置+南北两房+全明户型+随时看房,500万,2室1厅 | 46.55平米 | 南 | 精装 | 高楼层(共6层) | 1988年建 | 板楼,https://image1.ljcdn.com/310000-inspection/pc1_gmM8JwbWl_1.jpg.296x216.jpg
20200208,浦东,潍坊,北高大楼 1室1厅 287万,287万,1室1厅 | 41平米 | 东南 西南 | 简装 | 高楼层(共17层) | 1987年建 | 塔楼,https://image1.ljcdn.com/310000-inspection/prod-5ccbc08e-b322-4d31-be2a-a3f2ab73e25d.jpg.296x216.jpg
20200208,浦东,潍坊,朱家滩小区 精致一房，位置好，楼层佳，诚心出售,430万,1室1厅 | 36.57平米 | 南 | 简装 | 低楼层(共6层) | 1985年建 | 板楼,https://image1.ljcdn.com/310000-inspection/test-e8c99935-8cb6-4d8a-8173-ac9b2740c945.png.296x216.jpg
20200208,浦东,潍坊,1995年房龄，双南全明标准两室一厅格局，带双花园，,425万,2室1厅 | 62.28平米 | 南 | 简装 | 低楼层(共6层) | 1995年建 | 板楼,https://image1.ljcdn.com/310000-inspection/fed3baff-8c12-4c55-ae0d-af64eb1942c8_1000.jpg.296x216.jpg
20200208,浦东,潍坊,繁荣昌盛，边套全明户型，楼层佳，售后公房,698万,2室1厅 | 82.62平米 | 西南 | 简装 | 中楼层(共26层) | 1996年建 | 塔楼,https://image1.ljcdn.com/310000-inspection/prod-e262c5bf-2d54-4947-9076-ea6ced1e9b57.jpg.296x216.jpg
20200208,浦东,潍坊,精装修20万 满五年 无住房 产权清晰 看房方便,450万,2室0厅 | 52.21平米 | 南 西 | 精装 | 低楼层(共6层) | 1983年建 | 板楼,https://image1.ljcdn.com/310000-inspection/prod-22bc4a1e-6301-4de1-93bc-9eccd0f24eaa.jpg.296x216.jpg
20200208,浦东,潍坊,南北通透采光好，附阁楼，视野开阔，环境适宜。,438万,2室1厅 | 47.32平米 | 南 北 | 精装 | 高楼层(共6层) | 1983年建 | 板楼,https://image1.ljcdn.com/310000-inspection/prod-f0b4df24-f106-421a-a567-dec8ed756357.jpg.296x216.jpg
20200208,浦东,潍坊,产权清晰+交通方便+陆家嘴地段+看房随时+不占用,428万,2室1厅 | 51.39平米 | 东南 | 毛坯 | 高楼层(共6层) | 1986年建 | 板楼,https://image1.ljcdn.com/310000-inspection/test-a5862d7e-4567-4a17-b981-5a42a2fb424a.png.296x216.jpg
20200208,浦东,潍坊,潍坊八村，双南大两房，户型方正，业主自住，产权清晰房主自荐,350万,2室1厅 | 48.79平米 | 南 | 精装 | 高楼层(共6层) | 1985年建 | 板楼,https://image1.ljcdn.com/310000-inspection/test-1c47b4ef-b436-4917-8e97-2ee2a16287fc.png.296x216.jpg
20200208,浦东,潍坊,近地铁  浦明师范，精装修 楼层低  出行便利,310万,1室1厅 | 40.8平米 | 南 | 精装 | 低楼层(共6层) | 1984年建 | 板楼,https://image1.ljcdn.com/310000-inspection/test-e8920707-f84f-4def-a569-1f4853eac077.png.296x216.jpg
20200208,浦东,潍坊,b区，双南双天井，低总价，花园位置，使用面积大,410万,2室1厅 | 49.43平米 | 南 | 毛坯 | 低楼层(共6层) | 1983年建 | 板楼,https://image1.ljcdn.com/310000-inspection/prod-24f95b4c-0730-496c-8f54-328da214c03f.jpg.296x216.jpg
20200208,浦东,潍坊,随时可看，满五唯一，采光十足，不临街，地铁世纪大道房主自荐,455万,1室1厅 | 46.47平米 | 南 | 精装 | 高楼层(共6层) | 1993年建 | 板楼,https://image1.ljcdn.com/310000-inspection/prod-5b4cb0f1-d063-4a29-a134-beaa9690c411.jpg.296x216.jpg
20200208,浦东,潍坊,双南采光佳，中间楼层，产权清晰，业主诚意出售,430万,2室1厅 | 46.81平米 | 南 | 简装 | 中楼层(共6层) | 1983年建 | 板楼,https://image1.ljcdn.com/310000-inspection/prod-71367a6a-c48d-4c84-b10c-1ab3cc1fee92.jpg.296x216.jpg
20200208,浦东,潍坊,繁荣昌盛，精装修，售后公房，楼层佳，采光好,740万,2室1厅 | 79.2平米 | 南 | 精装 | 高楼层(共26层) | 1996年建 | 塔楼,https://image1.ljcdn.com/310000-inspection/prod-f1136d3a-ad9b-4c8d-b037-6e7f478a8e65.jpg.296x216.jpg
20200208,浦东,潍坊,潍坊二村  南北两房 中间楼层 满五 采光好 随时看房,310万,2室1厅 | 47.33平米 | 南 | 简装 | 低楼层(共6层) | 1982年建 | 板楼,https://image1.ljcdn.com/310000-inspection/prod-5de8376f-a5d3-4476-8125-a09e474ac616.jpg.296x216.jpg
20200208,浦东,潍坊,满五唯一 精装拎包入住 浦南幼儿园  中 心区域边套房主自荐,263万,1室1厅 | 40.26平米 | 南 | 精装 | 高楼层(共6层) | 1982年建 | 板楼,https://image1.ljcdn.com/310000-inspection/prod-9a274cab-49af-4b15-ae1a-73d067feb0dd.jpg.296x216.jpg
20200208,浦东,潍坊,全明户型+浦南幼儿园+花园位置+小区花园位置+自住装修房主自荐,325万,2室1厅 | 47.68平米 | 南 | 精装 | 高楼层(共6层) | 1985年建 | 板楼,https://image1.ljcdn.com/310000-inspection/prod-dbf76bc2-17a2-4d6a-bafb-063d5cfa89f1.jpg.296x216.jpg
20200208,浦东,潍坊,潍坊八村 2室0厅 345万,345万,2室0厅 | 49.79平米 | 南 北 | 其他 | 高楼层(共6层) | 1984年建 | 板楼,https://image1.ljcdn.com/310000-inspection/prod-a0ec5006-6b0e-4814-8702-73946b2a2ab4.jpg.296x216.jpg
20200208,浦东,潍坊,地铁100米，电梯一房，自住出租皆相宜，房东诚意出售房主自荐,280万,1室1厅 | 41.08平米 | 南 | 简装 | 低楼层(共17层) | 1990年建 | 塔楼,https://image1.ljcdn.com/310000-inspection/prod-31b8970d-9db4-4cba-b067-78a731a5c60c.jpg.296x216.jpg
20200208,浦东,潍坊,满五唯一 免征个税  业主诚意 看中可谈,303万,2室1厅 | 47.85平米 | 南 | 简装 | 低楼层(共6层) | 1978年建 | 板楼,https://image1.ljcdn.com/310000-inspection/pc1_SfSDW8jBT.jpg.296x216.jpg
20200208,浦东,潍坊,东欣小区，一房房型，业主诚意出售，此房满五,455万,1室2厅 | 43.41平米 | 东南 | 简装 | 中楼层(共25层) | 1991年建 | 塔楼,https://image1.ljcdn.com/310000-inspection/pc1_PSCLCvvld_1.jpg.296x216.jpg
20200208,浦东,潍坊,王家宅小区 1室1厅 305万,305万,1室1厅 | 45.95平米 | 南 | 简装 | 低楼层(共6层) | 1994年建 | 板楼,https://image1.ljcdn.com/310000-inspection/prod-d6c0e5a7-6df9-403b-978d-60427b291e47.jpg.296x216.jpg
20200208,浦东,潍坊,潍坊七村 正气两房 中间楼层 满二少税 有钥匙随时看房,445万,2室0厅 | 52.21平米 | 南 | 简装 | 中楼层(共6层) | 1983年建 | 板楼,https://image1.ljcdn.com/310000-inspection/pc1_uNhk4Etgy_1.jpg.296x216.jpg
20200208,浦东,潍坊,南北边套户型 福利分房 产权户口清晰 价到签字,480万,2室1厅 | 52平米 | 南 | 简装 | 高楼层(共6层) | 1987年建 | 板楼,https://image1.ljcdn.com/310000-inspection/pc1_NsqT77914_1.jpg.296x216.jpg
20200208,浦东,潍坊,潍坊七村 小区位置 50平  427万 满五唯一 诚意出售,427万,2室0厅 | 50.38平米 | 南 | 简装 | 低楼层(共6层) | 1983年建 | 板楼,https://image1.ljcdn.com/310000-inspection/pc1_Xi0Id788R_1.jpg.296x216.jpg
20200208,浦东,潍坊,潍坊九村，精装修，双南两房，中间楼层,493万,2室1厅 | 51.66平米 | 南 | 精装 | 中楼层(共6层) | 1987年建 | 板楼,https://image1.ljcdn.com/310000-inspection/pc1_p4crqpSnY_1.jpg.296x216.jpg
20200208,浦东,潍坊,开发浦东双南户型大两房，高楼层，采光无遮挡，精装修,640万,2室2厅 | 76.37平米 | 南 | 精装 | 中楼层(共25层) | 1990年建 | 塔楼,https://image1.ljcdn.com/310000-inspection/9c6998f6-6dd7-4c34-95f7-b3da6c114dd0_1000.jpg.296x216.jpg
20200208,浦东,潍坊,此房满五唯一，个税免征，楼层好，距地铁站800米房主自荐,232万,1室0厅 | 34.18平米 | 南 | 简装 | 高楼层(共6层) | 1985年建 | 板楼,https://image1.ljcdn.com/310000-inspection/78d369ae-e08e-4cc6-835b-6b44fca0b525_1000.jpg.296x216.jpg
20200208,浦东,潍坊,东欣小区 精装修，带地暖， 户型好 靠世纪大道站房主自荐,563万,2室1厅 | 69.58平米 | 南 | 精装 | 低楼层(共25层) | 1991年建 | 塔楼,https://image1.ljcdn.com/310000-inspection/pc1_zX9NvMVD6_1.jpg.296x216.jpg
20200208,浦东,潍坊,双南采光充足，无遮挡，独门独户，满五唯一，个税免征房主自荐,310万,2室0厅 | 46.58平米 | 南 | 简装 | 高楼层(共6层) | 1979年建 | 板楼,https://image1.ljcdn.com/310000-inspection/pc1_1KlRcU6X8_1.jpg.296x216.jpg
20200208,浦东,潍坊,精装大三房 诚心出售，看房方便，采光极好！！！,588万,3室1厅 | 74.56平米 | 南 | 精装 | 高楼层(共6层) | 1986年建 | 板楼,https://image1.ljcdn.com/310000-inspection/d5a620d6-d8ec-4b57-b30f-4a3af05ea3fd_1000.jpg.296x216.jpg
20200208,浦东,潍坊,一房一厅，中高楼层，满五唯一，采光佳,560万,1室1厅 | 60.1平米 | 西南 | 简装 | 中楼层(共26层)  | 塔楼,https://image1.ljcdn.com/310000-inspection/pc1_IscYVUPnC_1.jpg.296x216.jpg
20200208,浦东,潍坊,NEW好房源，业主诚意出售，高区阳光房，看房方便,450万,1室1厅 | 43.48平米 | 南 | 简装 | 高楼层(共6层) | 1984年建 | 板楼,https://image1.ljcdn.com/310000-inspection/pc1_53LKkJsQi_1.jpg.296x216.jpg
20200208,浦东,潍坊,潍坊一村 2室0厅 309万,309万,2室0厅 | 46.67平米 | 南 北 | 简装 | 高楼层(共6层) | 1983年建 | 板楼,https://image1.ljcdn.com/310000-inspection/pc1_gqTaRVSHn_1.jpg.296x216.jpg
20200208,浦东,潍坊,潍坊一村，中间楼层，采光通透，安静适宜,220万,1室1厅 | 30.37平米 | 南 | 其他 | 中楼层(共5层) | 1984年建 | 板楼,https://image1.ljcdn.com/310000-inspection/8f8beab0-22de-4697-9b61-858b46772a1c_1000.jpg.296x216.jpg
20200208,浦东,潍坊,明珠A区电梯高区南北全明两室，诚意出售，看房方便,570万,2室1厅 | 67.07平米 | 西南 | 精装 | 高楼层(共25层) | 1991年建 | 塔楼,https://image1.ljcdn.com/310000-inspection/pc1_6LzEKnKk1_1.jpg.296x216.jpg
20200208,浦东,潍坊,东欣小区  精装  产权清晰，诚意出售,565万,2室1厅 | 69.58平米 | 南 | 精装 | 低楼层(共25层) | 1993年建 | 塔楼,https://image1.ljcdn.com/310000-inspection/pc1_ZhDGvH6aU_1.jpg.296x216.jpg
20200208,浦东,潍坊,东边套， 满五 ，产权清晰  精装修 产权1人、户口可迁,392万,1室1厅 | 39.14平米 | 南 | 简装 | 高楼层(共6层) | 1983年建 | 板楼,https://image1.ljcdn.com/310000-inspection/pc1_vuhpSd6xu_1.jpg.296x216.jpg
20200208,浦东,潍坊,潍坊八村 2室0厅 358万,358万,2室0厅 | 48.15平米 | 南 | 简装 | 中楼层(共6层) | 1985年建 | 板楼,https://image1.ljcdn.com/310000-inspection/prod-872af961-5fb2-4b8d-88bd-3cc913744c1b.jpg.296x216.jpg
20200208,浦东,潍坊,泉东小区 双南两房 售后公房 采光充足 业主诚意出售,520万,2室1厅 | 57.44平米 | 南 | 简装 | 高楼层(共6层) | 1987年建 | 板楼,https://image1.ljcdn.com/310000-inspection/pc1_ieWWjJFo2_1.jpg.296x216.jpg
20200208,浦东,潍坊,精装朝南一居室，中间楼层，视野宽阔，采光充足,245万,1室0厅 | 33.55平米 | 南 | 精装 | 中楼层(共6层) | 1982年建 | 板楼,https://image1.ljcdn.com/310000-inspection/pc1_rSZRDkvCd_1.jpg.296x216.jpg
20200208,浦东,潍坊,浦南幼儿园，双南户型，中楼层，别让孩子输在起跑线上,338万,2室0厅 | 52平米 | 南 | 精装 | 中楼层(共6层) | 1983年建 | 板楼,https://image1.ljcdn.com/310000-inspection/pc1_Tfit4rkXN_1.jpg.296x216.jpg
20200208,浦东,潍坊,边套南北两房+精装修+带阁楼+业主诚心卖。,315万,2室0厅 | 46.56平米 | 南 | 精装 | 高楼层(共5层) | 1979年建 | 板楼,https://image1.ljcdn.com/310000-inspection/pc1_3PFB2sRpG_1.jpg.296x216.jpg
20200208,浦东,潍坊,2楼 边套南北通户型 位置安静 精装修拎包入住,398万,1室0厅 | 38.91平米 | 南 | 简装 | 低楼层(共6层) | 1987年建 | 板楼,https://image1.ljcdn.com/310000-inspection/pc1_ZK4VZCiix_1.jpg.296x216.jpg
20200208,浦东,潍坊,产二户三，边套全明，通风好。。。。,384万,1室0厅 | 32.74平米 | 南 | 简装 | 低楼层(共6层) | 1987年建 | 板楼,https://image1.ljcdn.com/310000-inspection/pc1_lkH7zkZE1_1.jpg.296x216.jpg
20200208,浦东,潍坊,满五唯一，楼层佳，精装修，自住出租都很好,550万,1室1厅 | 60.1平米 | 东南 | 精装 | 低楼层(共26层)  | 塔楼,https://image1.ljcdn.com/310000-inspection/pc1_CtLJsgBgt_1.jpg.296x216.jpg
20200208,浦东,潍坊,此房一房一厅，交通便利，配套设施齐全，采光没的说,470万,1室1厅 | 37.04平米 | 南 | 精装 | 低楼层(共6层) | 1993年建 | 板楼,https://image1.ljcdn.com/310000-inspection/pc1_weiEjCjwA_1.jpg.296x216.jpg
20200208,浦东,潍坊,潍坊九村双南两房中间楼层花园位置 居家精装 诚意出售,470万,2室0厅 | 48.12平米 | 南 | 精装 | 高楼层(共6层) | 1986年建 | 板楼,https://image1.ljcdn.com/310000-inspection/pc1_xvMrsy2rE_1.jpg.296x216.jpg
20200208,浦东,潍坊,泉东小区，南北格局，交通便利，配套设施齐全。,480万,2室0厅 | 46.47平米 | 南 | 精装 | 中楼层(共6层) | 1993年建 | 板楼,https://image1.ljcdn.com/310000-inspection/pc1_RLIIVurvm_1.jpg.296x216.jpg
20200208,浦东,潍坊,双南两房+采光充足+小区中间位置+满五+随时看房,312万,2室0厅 | 47.41平米 | 南 | 毛坯 | 高楼层(共5层) | 1980年建 | 板楼,https://image1.ljcdn.com/310000-inspection/test-2e3475e6-cf7e-43a3-b1fe-4188f4b885e3.png.296x216.jpg
20200208,浦东,潍坊,泉东小区 南向小一房 产权清晰 楼层好 带露台,415万,1室1厅 | 31.1平米 | 南 | 简装 | 低楼层(共6层) | 1987年建 | 板楼,https://image1.ljcdn.com/310000-inspection/pc1_SqCXV1fNj_1.jpg.296x216.jpg
20200208,浦东,潍坊,浦电路地铁100米，精装修花园位置，朝南温馨房,368万,1室0厅 | 29.3平米 | 南 | 简装 | 高楼层(共6层) | 1986年建 | 板楼,https://image1.ljcdn.com/310000-inspection/prod-38f4bcde-e768-4ac6-a6d1-ee5a3acb8699.jpg.296x216.jpg
20200208,浦东,潍坊,朱家滩小区、南北全明户型，看房有钥匙,520万,2室1厅 | 52.11平米 | 南 北 | 简装 | 高楼层(共6层) | 1989年建 | 板楼,https://image1.ljcdn.com/310000-inspection/prod-7cd8da87-c8c6-403a-9dfc-e9ca7b06d366.jpg.296x216.jpg
20200208,浦东,潍坊,高区景观，俯瞰公园，三房朝南，位置佳，视野好！房主自荐,899万,3室2厅 | 129.75平米 | 南 | 精装 | 高楼层(共28层) | 2001年建 | 板楼,https://image1.ljcdn.com/310000-inspection/prod-8d91a7e7-e26e-44ec-a3cd-d6e5312de7ad.jpg.296x216.jpg
20200208,浦东,潍坊,精装修低楼层，南北通两房，小区中间位置，繁华地段，,305万,2室1厅 | 46.76平米 | 南 | 简装 | 低楼层(共6层) | 1978年建 | 板楼,https://image1.ljcdn.com/310000-inspection/test-4c413e1e-29fd-4d3c-933c-8512bfc9bf2d.png.296x216.jpg
20200208,浦东,潍坊,潍坊板块+稍有小户型+独门独户+中间楼层+房东诚意出售,315万,2室1厅 | 52.09平米 | 西南 | 简装 | 中楼层(共6层) | 1982年建 | 板楼,https://image1.ljcdn.com/310000-inspection/prod-be6cd42a-a8bb-4469-bd2d-21276f6f0b4f.jpg.296x216.jpg
20200208,浦东,潍坊,潍坊十村 2室1厅 435万,435万,2室1厅 | 45.43平米 | 南 | 简装 | 低楼层(共6层) | 1985年建 | 板楼,https://image1.ljcdn.com/310000-inspection/prod-6fb560e4-382a-49eb-93ec-c5cab2b29bc4.jpg.296x216.jpg
20200208,浦东,潍坊,九村（稀）（缺）东边套，南北通两房，花园位置,451万,2室1厅 | 51.58平米 | 东 南 北 | 简装 | 高楼层(共6层) | 1986年建 | 板楼,https://image1.ljcdn.com/310000-inspection/prod-a7ac5bb9-7db2-4452-abc3-2c03914eb321.jpg.296x216.jpg
20200208,浦东,潍坊,南北户型+ 免增值税+ 不占用+ 产权清晰+无户口+诚售,455万,2室1厅 | 48.29平米 | 南 北 | 简装 | 低楼层(共6层) | 1986年建 | 板楼,https://image1.ljcdn.com/310000-inspection/prod-a1180ee8-e415-4145-9430-81759c1c84a9.jpg.296x216.jpg
20200208,浦东,潍坊,稀有精装双南两房，近地铁站，随时看房，业主诚意出售,448万,2室1厅 | 51.26平米 | 南 | 精装 | 低楼层(共6层) | 1982年建 | 板楼,https://image1.ljcdn.com/310000-inspection/prod-753375ef-9baa-43f6-9133-024a633996d1.jpg.296x216.jpg
20200208,浦东,潍坊,总价低一套，小区中间位置，温馨舒适，近地铁,255万,1室1厅 | 37.8平米 | 南 | 简装 | 中楼层(共6层) | 1979年建 | 板楼,https://image1.ljcdn.com/310000-inspection/test-9a551d43-9160-4d6b-b227-c0199e86cd95.png.296x216.jpg
20200208,浦东,潍坊,新出房源，两房全明户型，房型方正。看房随时。,450万,2室1厅 | 47.95平米 | 南 | 简装 | 低楼层(共6层) | 1985年建 | 板楼,https://image1.ljcdn.com/310000-inspection/544e2f90-7f50-40bf-8f53-8708796a2fa2_1000.jpg.296x216.jpg
20200208,浦东,潍坊,泉东小区 1室1厅 450万,450万,1室1厅 | 43.17平米 | 南 | 简装 | 低楼层(共6层) | 1993年建 | 板楼,https://image1.ljcdn.com/310000-inspection/784422ff-7d6b-4491-8a96-275078dc4b50_1000.jpg.296x216.jpg
20200208,浦东,潍坊,潍坊四村，婚房装修，全明户型，安静位置，诚意出售！,319万,2室0厅 | 46.55平米 | 东 南 北 | 精装 | 高楼层(共6层) | 1981年建 | 板楼,https://image1.ljcdn.com/310000-inspection/prod-ff885999-fdd4-44fc-a701-e7f8e0d91920.jpg.296x216.jpg
20200208,浦东,潍坊,潍坊八村，近地铁，产权清晰，，诚心出售,380万,2室1厅 | 54.43平米 | 东 南 北 | 精装 | 高楼层(共6层) | 1988年建 | 板楼,https://image1.ljcdn.com/310000-inspection/prod-b472925b-d7f1-4e7a-afc1-db72fd56708f.jpg.296x216.jpg
20200208,浦东,潍坊,潍坊三村一房，内环内1994年房龄，一梯三户，带露台,230万,1室1厅 | 32.83平米 | 南 | 简装 | 中楼层(共5层) | 1994年建 | 板楼,https://image1.ljcdn.com/310000-inspection/84487a71-f92b-4ced-b87c-655c47945b90_1000.jpg.296x216.jpg
20200208,浦东,潍坊,房屋位置佳，户型方正，装修精致空间利用好，b区,389万,1室0厅 | 36.8平米 | 南 | 精装 | 中楼层(共6层) | 1983年建 | 板楼,https://image1.ljcdn.com/310000-inspection/81ae568c-7239-4c99-8956-15f7b5a9e8ed_1000.jpg.296x216.jpg
20200208,浦东,潍坊,潍坊十村 1室1厅 405万,405万,1室1厅 | 40.78平米 | 南 | 简装 | 低楼层(共6层) | 1985年建 | 板楼,https://image1.ljcdn.com/310000-inspection/pc1_TiOSgRprL_1.jpg.296x216.jpg
20200208,浦东,潍坊,此房满五年，二楼方便，生活便利，业主诚意出售,270万,1室0厅 | 34.5平米 | 南 | 毛坯 | 低楼层(共6层) | 1985年建 | 板楼,https://image1.ljcdn.com/310000-inspection/pc1_7ddGR8yY1_1.jpg.296x216.jpg
20200208,浦东,潍坊,东建新村 1室0厅 195万,195万,1室0厅 | 30.79平米 | 南 | 简装 | 中楼层(共5层) | 1975年建 | 板楼,https://image1.ljcdn.com/310000-inspection/8fb4ed87-0548-41e4-917d-2b4bfaffee3e_1000.jpg.296x216.jpg
20200208,浦东,潍坊,浦南幼儿园示范园，南北全明户型，精装二楼，诚意出售,268万,1室1厅 | 35.02平米 | 南 | 精装 | 中楼层(共5层) | 1984年建 | 板楼,https://image1.ljcdn.com/310000-inspection/7b4d525a-2c37-4aeb-bbac-c0b1847f2109_1000.jpg.296x216.jpg
20200208,浦东,潍坊,小区中间位置+中间楼层+全明户型+诚心出售,438万,1室1厅 | 31.7平米 | 南 | 精装 | 中楼层(共6层) | 1991年建 | 板楼,https://image1.ljcdn.com/310000-inspection/pc1_UYSG1a5Ay_1.jpg.296x216.jpg
20200208,浦东,潍坊,小区中间位置+全明户型+精装修+诚心出售,435万,1室1厅 | 31.7平米 | 南 | 精装 | 低楼层(共6层) | 1991年建 | 板楼,https://image1.ljcdn.com/310000-inspection/pc1_TadihURgE_1.jpg.296x216.jpg
20200208,浦东,潍坊,小区中间低楼层大面积一房，诚心出售，看房提前联系,370万,1室1厅 | 34.55平米 | 南 | 简装 | 低楼层(共6层) | 1983年建 | 板楼,https://image1.ljcdn.com/310000-inspection/pc1_zh8prqmKu_1.jpg.296x216.jpg
20200208,浦东,潍坊,八村近地铁，近塘桥公园，浦明师范就在小区内,243万,1室1厅 | 30.2平米 | 南 | 简装 | 中楼层(共6层) | 1984年建 | 板楼,https://image1.ljcdn.com/310000-inspection/b861ad91-bef8-4c00-9d17-6d795eb24b10_1000.jpg.296x216.jpg
20200208,浦东,潍坊,：潍坊五村，户型方正，精装修，小户型，近地铁,245万,1室1厅 | 31.35平米 | 南 | 简装 | 低楼层(共6层) | 1982年建 | 板楼,https://image1.ljcdn.com/310000-inspection/pc1_V15YbHwEj_1.jpg.296x216.jpg
20200208,浦东,潍坊,精装修，满两年，采光好，近世纪大道地铁站，诚意出售,350万,1室1厅 | 32.82平米 | 南 | 精装 | 高楼层(共6层) | 1982年建 | 板楼,https://image1.ljcdn.com/310000-inspection/pc1_pXODWRN1E_1.jpg.296x216.jpg
20200208,浦东,潍坊,满五不唯一  看房基本方便   总价低   价格空间有,369万,1室1厅 | 31.1平米 | 南 | 简装 | 低楼层(共6层) | 1985年建 | 板楼,https://image1.ljcdn.com/310000-inspection/pc1_VMQ5H2mgD_1.jpg.296x216.jpg
20200208,浦东,潍坊,花园位置+精装+视野开阔++诚意出售+无户口房主自荐,383万,1室0厅 | 33.08平米 | 南 | 精装 | 高楼层(共6层) | 1985年建 | 板楼,https://image1.ljcdn.com/310000-inspection/pc1_Bxj6CY6fM_1.jpg.296x216.jpg
20200208,浦东,潍坊,三房+高层+视野好+采光好+居家装修+工作日看房方便,573万,3室1厅 | 71.64平米 | 南 | 精装 | 高楼层(共17层) | 1990年建 | 塔楼,https://image1.ljcdn.com/310000-inspection/prod-c9ecd121-4e60-4950-b511-8a878d79570b.jpg.296x216.jpg
20200208,浦东,潍坊,双南小两房，高楼层，采光无遮挡，近公交站,295万,2室0厅 | 45.14平米 | 南 | 简装 | 高楼层(共6层) | 1979年建 | 板楼,https://image1.ljcdn.com/310000-inspection/prod-f896e4e7-25dc-4269-8c70-b1bbb77e32d8.jpg.296x216.jpg
20200208,浦东,潍坊,此房满五，精装修，楼层佳，双南大两房，采光好,710万,2室1厅 | 79.2平米 | 南 北 | 精装 | 高楼层(共26层) | 1996年建 | 塔楼,https://image1.ljcdn.com/310000-inspection/prod-ee67c300-eb2c-4729-af1a-f9d0f06495ed.jpg.296x216.jpg
20200208,浦东,潍坊,精装两房，采光好，不靠马路，业主诚心出售,437万,2室0厅 | 51.26平米 | 南 | 精装 | 高楼层(共6层) | 1983年建 | 板楼,https://image1.ljcdn.com/310000-inspection/prod-b15ab155-beb0-4755-8f82-ed745fae3e81.jpg.296x216.jpg
20200208,浦东,潍坊,潍坊十村一房、位置好、楼层好、诚意出售,388万,1室1厅 | 32.23平米 | 南 | 简装 | 中楼层(共6层) | 1985年建 | 板楼,https://image1.ljcdn.com/310000-inspection/pc1_0VyscybTB_1.jpg.296x216.jpg
20200208,浦东,潍坊,近地铁，b区，中层朝南精装，采光佳，产权户口清晰,395万,1室1厅 | 39.14平米 | 南 | 精装 | 中楼层(共6层) | 1983年建 | 板楼,https://image1.ljcdn.com/310000-inspection/prod-3be4be33-6c3a-4fc4-bf12-a4a740d9616e.jpg.296x216.jpg
20200208,浦东,潍坊,房屋位置佳，户型方正，空间利用好，b区，业主诚意,390万,1室1厅 | 38.92平米 | 南 | 简装 | 低楼层(共6层) | 1983年建 | 板楼,https://image1.ljcdn.com/310000-inspection/7aa9ab9e-48e3-444d-99f3-11cf14d9187c_1000.jpg.296x216.jpg
20200208,浦东,潍坊,明珠大一室半，小陆家嘴精装方便自住，好出租,460万,1室1厅 | 41.5平米 | 南 | 精装 | 低楼层(共6层) | 1984年建 | 板楼,https://image1.ljcdn.com/310000-inspection/pc1_w9aPH42BC_1.jpg.296x216.jpg
20200208,浦东,潍坊,东欣小区，一房房型，业主诚意出售，此房满五,465万,1室1厅 | 43.41平米 | 南 | 简装 | 中楼层(共25层) | 1993年建 | 塔楼,https://image1.ljcdn.com/310000-inspection/pc1_mFtH3mV5e_1.jpg.296x216.jpg
20200208,浦东,潍坊,潍坊五村，采光通透，安静适宜，近地铁,260万,1室0厅 | 36.12平米 | 南 | 精装 | 高楼层(共6层) | 1984年建 | 板楼,https://image1.ljcdn.com/310000-inspection/pc1_mj2gF75gN_1.jpg.296x216.jpg
20200208,浦东,潍坊,售后公房，满五唯一，诚意出售，看房方便,560万,1室1厅 | 60.1平米 | 南 | 精装 | 低楼层(共26层)  | 塔楼,https://image1.ljcdn.com/310000-inspection/pc1_yE1nRgVk9_1.jpg.296x216.jpg
20200208,浦东,潍坊,浦南幼儿园，南北户型，三楼南北通全明两房，业主诚售,350万,2室1厅 | 51平米 | 南 | 简装 | 中楼层(共6层) | 1984年建 | 板楼,https://image1.ljcdn.com/310000-inspection/5ccc0e40-3903-4574-8982-a0f539c92701_1000.jpg.296x216.jpg
20200208,浦东,潍坊,【明珠A】低总价、单价、税费，超惠两室，诚意出售！,529万,2室1厅 | 67.41平米 | 南 西 | 精装 | 低楼层(共25层) | 1990年建 | 塔楼,https://image1.ljcdn.com/310000-inspection/pc1_mEIRZHtG3_1.jpg.296x216.jpg
20200208,浦东,潍坊,满五唯一，诚意出售，精装两房带阁楼,310万,2室1厅 | 47.86平米 | 南 | 精装 | 高楼层(共5层) | 1983年建 | 板楼,https://image1.ljcdn.com/310000-inspection/test-b8d10b75-ddfb-43b0-ad66-efae8eae6a46.png.296x216.jpg
20200208,浦东,潍坊,泉东小区 满五唯一朝南一室格局好视野广阔采光充足,435万,1室0厅 | 37.17平米 | 南 | 精装 | 高楼层(共6层) | 1984年建 | 板楼,https://image1.ljcdn.com/310000-inspection/prod-71cf7a4b-28b3-4cc0-9e9d-cc9b4fe409a5.jpg.296x216.jpg
20200208,浦东,潍坊,小区中 心位置，户型好，采光充足 93年房龄,440万,1室1厅 | 37.04平米 | 南 | 简装 | 高楼层(共6层) | 1993年建 | 板楼,https://image1.ljcdn.com/310000-inspection/prod-6fcb0602-ba46-4110-89a8-1c96f4afd3f8.jpg.296x216.jpg
20200208,浦东,潍坊,精装、正对花园、安静+诚意出售、价可谈+视野开阔,395万,1室1厅 | 33.05平米 | 南 | 精装 | 高楼层(共6层) | 1985年建 | 板楼,https://image1.ljcdn.com/310000-inspection/prod-6daedfc5-cf21-4cd9-b145-e999fa87af69.jpg.296x216.jpg
20200208,浦东,潍坊,潍坊五村，双南户型，采光充足，户型方正，诚意出售,315万,2室0厅 | 49.29平米 | 南 | 简装 | 高楼层(共6层) | 1983年建 | 板楼,https://image1.ljcdn.com/310000-inspection/prod-5426589d-5a8d-4899-8ee7-13fa3b3351c5.jpg.296x216.jpg
20200208,浦东,潍坊,二楼，一房一厅，采光好，视野佳，看房随时！,257万,1室1厅 | 41.53平米 | 南 | 精装 | 低楼层(共6层) | 1983年建 | 板楼,https://image1.ljcdn.com/310000-inspection/prod-9321861b-90e3-480b-baa0-8a91be92aef9.jpg.296x216.jpg
20200208,浦东,潍坊,潍坊十村，精装一房，交通便利，诚意出售,395万,1室1厅 | 35.73平米 | 南 | 精装 | 低楼层(共6层) | 1995年建 | 板楼,https://image1.ljcdn.com/310000-inspection/prod-2c42908f-045c-4bd2-b903-978f6673139a.jpg.296x216.jpg
20200208,浦东,潍坊,潍坊次新房，近浦电路4号口，两房带厅，采光好,370万,2室1厅 | 53.63平米 | 南 | 其他 | 中楼层(共6层) | 1994年建 | 板楼,https://image1.ljcdn.com/310000-inspection/pc1_RLxffLEEL.jpg.296x216.jpg
20200208,浦东,潍坊,小区中间位置+全明户型+采光充足+诚心出售,540万,2室0厅 | 55.06平米 | 南 北 | 精装 | 高楼层(共6层) | 1988年建 | 板楼,https://image1.ljcdn.com/310000-inspection/pc1_ZuXBvX10h_1.jpg.296x216.jpg
20200208,浦东,潍坊,浦潍大楼 2室0厅 455万,455万,2室0厅 | 60.94平米 | 西 北 | 其他 | 高楼层(共17层) | 1987年建 | 塔楼,https://image1.ljcdn.com/310000-inspection/pc1_swYKxl4kk_1.jpg.296x216.jpg
20200208,浦东,潍坊,房间格局周正合理、精装修干净明亮、交通便利,580万,3室0厅 | 72.18平米 | 南 | 精装 | 高楼层(共6层) | 1985年建 | 板楼,https://image1.ljcdn.com/310000-inspection/pc1_BXQL9ixeZ_1.jpg.296x216.jpg
20200208,浦东,潍坊,使用面积大，采光充足，装修20w，提包入住，诚意出售,415万,1室1厅 | 33.7平米 | 南 | 简装 | 中楼层(共6层) | 1986年建 | 板楼,https://image1.ljcdn.com/310000-inspection/pc1_iCIjKRteN_1.jpg.296x216.jpg
20200208,浦东,潍坊,采光佳，楼层好，税费少，看房随时,445万,2室0厅 | 51.39平米 | 南 | 简装 | 低楼层(共6层) | 1986年建 | 板楼,https://image1.ljcdn.com/310000-inspection/test-10cadf87-1db3-4edf-aa55-3c826932189d.png.296x216.jpg
20200208,浦东,潍坊,售后公房，满五年唯一，无增值无个税；产权清晰，诚售,620万,2室2厅 | 76.37平米 | 南 | 毛坯 | 低楼层(共25层) | 1990年建 | 塔楼,https://image1.ljcdn.com/310000-inspection/pc1_Gp0YknpyR_1.jpg.296x216.jpg
20200208,浦东,潍坊,潍坊五村 2室1厅 430万,430万,2室1厅 | 63.51平米 | 南 | 简装 | 低楼层(共6层) | 1983年建 | 板楼,https://image1.ljcdn.com/310000-inspection/pc1_nxzQZjO4p_1.jpg.296x216.jpg
20200208,浦东,潍坊,满五年，产权清晰，有户口随时可迁，业主急售,430万,2室1厅 | 50.38平米 | 东南 | 精装 | 低楼层(共6层) | 1983年建 | 板楼,https://image1.ljcdn.com/310000-inspection/test-e89553cf-b962-49e9-b507-91893ad4b0a2.png.296x216.jpg
20200208,浦东,潍坊,精装修，诚意卖 ，房型方正，面积利用率高,530万,2室1厅 | 67.41平米 | 南 | 精装 | 低楼层(共25层) | 1991年建 | 塔楼,https://image1.ljcdn.com/310000-inspection/pc1_vmafXVVUI_1.jpg.296x216.jpg
20200208,浦东,潍坊,闹中取静，一年前婚房装修，厨卫全明，诚意出售！,625万,2室2厅 | 94.13平米 | 南 | 精装 | 低楼层(共24层) | 1997年建 | 塔楼,https://image1.ljcdn.com/310000-inspection/prod-af565811-ed8e-4d1b-856c-44c4fedb7f4a.jpg.296x216.jpg
20200208,浦东,潍坊,此房双南户型， 带双天井，低总价，近花园位置,455万,2室1厅 | 47.33平米 | 南 | 简装 | 低楼层(共6层) | 1986年建 | 板楼,https://image1.ljcdn.com/310000-inspection/prod-17617793-5e11-4e31-b76a-08f4c22108cb.jpg.296x216.jpg
20200208,浦东,潍坊,此房满五不唯一，地铁口位置，产权清晰，诚意出售,400万,2室1厅 | 64.31平米 | 南 | 简装 | 高楼层(共6层) | 1985年建 | 板楼,https://image1.ljcdn.com/310000-inspection/prod-9c154188-9013-404f-a97a-7a4a1878f9c0.jpg.296x216.jpg
20200208,浦东,潍坊,潍坊八村，出门即是地铁，满五唯一，诚心售,350万,2室1厅 | 50.73平米 | 南 北 | 简装 | 高楼层(共6层) | 1985年建 | 板楼,https://image1.ljcdn.com/310000-inspection/prod-eca2f9b2-7f4e-4c16-ab2f-87ce54ae4be5.jpg.296x216.jpg
20200208,浦东,潍坊,此房是售后公房产权清晰、满五唯一、视野开阔、采光足,330万,2室1厅 | 48.7平米 | 南 | 简装 | 高楼层(共6层) | 1980年建 | 塔楼,https://image1.ljcdn.com/310000-inspection/prod-dd557996-5808-4ebb-821f-8c58c331eaae.jpg.296x216.jpg
20200208,浦东,潍坊,繁荣昌盛，双南两房，精装修，满五，楼层好,718万,2室1厅 | 79.2平米 | 南 | 精装 | 高楼层(共26层) | 1996年建 | 塔楼,https://image1.ljcdn.com/310000-inspection/prod-8bba150b-7659-41fd-b5e8-df8a9b4b2f5f.jpg.296x216.jpg
20200208,浦东,潍坊,潍坊七村 精装婚房 必看好房 满五唯一 产权清晰,445万,2室0厅 | 52.21平米 | 西南 | 精装 | 中楼层(共6层) | 1983年建 | 板楼,https://image1.ljcdn.com/310000-inspection/prod-5c84a5b8-a83f-46b2-a6c2-c26c597febeb.jpg.296x216.jpg
20200208,浦东,潍坊,潍坊四村，东边套全明户型，自如装修，不靠马路,260万,1室1厅 | 40.63平米 | 南 | 精装 | 高楼层(共6层) | 1982年建 | 板楼,https://image1.ljcdn.com/310000-inspection/prod-4918ab04-e01b-4970-9a7d-dcc3d83862bc.jpg.296x216.jpg
20200208,浦东,潍坊,近明zhu，近地铁，配套全，采光佳，满五唯一,390万,1室0厅 | 40.67平米 | 东南 南 | 简装 | 高楼层(共6层) | 1985年建 | 板楼,https://image1.ljcdn.com/310000-inspection/prod-18b11c66-c845-464e-8891-30db3a6f9002.jpg.296x216.jpg
20200208,浦东,潍坊,精装修舒适小两房，业主诚售，自住看房方便,660万,2室1厅 | 69.83平米 | 东 | 精装 | 中楼层(共18层) | 1993年建 | 塔楼,https://image1.ljcdn.com/310000-inspection/prod-6c3cce6b-8a34-488a-b3c9-402fb8e4bc37.jpg.296x216.jpg
20200208,浦东,潍坊,八佰伴明珠 价格可谈有空间 八佰伴商圈 世纪大道2469,510万,2室1厅 | 54.73平米 | 南 | 其他 | 低楼层(共6层) | 1985年建 | 板楼,https://image1.ljcdn.com/310000-inspection/prod-5554f7fd-10fe-4a11-b927-4b599708becc.jpg.296x216.jpg
20200208,浦东,潍坊,浦明两房，地铁6号线，满五年税少，南北相通采光好,295万,2室0厅 | 47.08平米 | 南 北 | 精装 | 低楼层(共6层) | 1978年建 | 板楼,https://image1.ljcdn.com/310000-inspection/prod-e3d11f3b-a84d-4d5e-9ec9-254b3bf24eea.jpg.296x216.jpg
20200208,浦东,潍坊,潍坊八村，宝钢户型，双南两房，不靠路，诚意出售,370万,2室0厅 | 52.3平米 | 南 | 毛坯 | 低楼层(共6层) | 1984年建 | 板楼,https://image1.ljcdn.com/310000-inspection/test-61be5ae1-65e3-4a89-9d05-b997e3f6cbca.png.296x216.jpg
20200208,浦东,潍坊,边套南北通户型、位置安静，精装修，拎包入住,388万,1室0厅 | 34.72平米 | 南 | 简装 | 高楼层(共6层) | 1987年建 | 板楼,https://image1.ljcdn.com/310000-inspection/pc1_wVCdbgcOV_1.jpg.296x216.jpg
20200208,浦东,潍坊,潍坊五村，采光通透，安静适宜，近地铁,248万,1室0厅 | 31.58平米 | 南 | 其他 | 高楼层(共6层) | 1983年建 | 板楼,https://image1.ljcdn.com/310000-inspection/pc1_mIZgcpMvz_1.jpg.296x216.jpg
20200208,浦东,潍坊,满五不唯一，楼层好，采光好，装修可以随时拎包入住,445万,2室1厅 | 52.2平米 | 东 | 其他 | 高楼层(共6层) | 1983年建 | 板楼,https://image1.ljcdn.com/310000-inspection/pc1_jaeiNoGkQ_1.jpg.296x216.jpg
20200208,浦东,潍坊,中间楼层采光好，精装距离八佰伴50米,630万,2室1厅 | 72.35平米 | 西南 | 简装 | 中楼层(共18层) | 1993年建 | 塔楼,https://image1.ljcdn.com/310000-inspection/prod-5a46409f-ebb1-4abb-8807-c442f8ec510d.jpg.296x216.jpg
20200208,浦东,潍坊,泉东(二)小区 1室0厅 410万,410万,1室0厅 | 34.63平米 | 南 | 简装 | 高楼层(共6层) | 1988年建 | 板楼,https://image1.ljcdn.com/310000-inspection/pc1_IBrPyH92M_1.jpg.296x216.jpg
20200208,浦东,潍坊,面积大，户型好，楼层好，南北通，满五唯一。,425万,1室0厅 | 40.32平米 | 南 | 简装 | 低楼层(共6层) | 1986年建 | 板楼,https://image1.ljcdn.com/310000-inspection/pc1_S1r66cbjd.jpg.296x216.jpg
20200208,浦东,潍坊,边套一室户，精装适合自住，业主诚售,375万,1室1厅 | 39.14平米 | 南 | 精装 | 高楼层(共6层) | 1983年建 | 板楼,https://image1.ljcdn.com/310000-inspection/pc1_3gYt0ZCcD.jpg.296x216.jpg
20200208,浦东,潍坊,潍坊七村 三房 两南一北 面积68.93 平 业主诚心出售,560万,3室1厅 | 68.93平米 | 南 北 | 简装 | 高楼层(共6层) | 1983年建 | 板楼,https://image1.ljcdn.com/310000-inspection/58d83356-5fb5-4680-8ed7-9093b2826513_1000.jpg.296x216.jpg
20200208,浦东,潍坊,精装南北两房，采光充足，晚间可观赏不一样的金融大厦,488万,2室0厅 | 42.69平米 | 南 北 | 精装 | 中楼层(共6层) | 1994年建 | 板楼,https://image1.ljcdn.com/310000-inspection/pc1_MRhRFtU00_1.jpg.296x216.jpg
20200208,浦东,潍坊,双南全明户型，业主诚意出售，看房方便，价格可谈,640万,2室1厅 | 72平米 | 南 | 简装 | 低楼层(共18层) | 1993年建 | 塔楼,https://image1.ljcdn.com/310000-inspection/pc1_A5sVhABwK_1.jpg.296x216.jpg
20200208,浦东,潍坊,此房小区中间位置，楼层好，采光充足，精装修,410万,1室1厅 | 39.78平米 | 南 | 精装 | 低楼层(共6层) | 1985年建 | 板楼,https://image1.ljcdn.com/310000-inspection/pc1_8faLjv04h.jpg.296x216.jpg
20200208,浦东,潍坊,低总价双南大两房、满五唯一、售后公房产权清晰,380万,2室1厅 | 57.03平米 | 南 | 简装 | 低楼层(共6层) | 1981年建 | 板楼,https://image1.ljcdn.com/310000-inspection/0f5e692c-d7f2-4912-8274-fa146e67fd34_1000.jpg.296x216.jpg
20200208,浦东,潍坊,潍坊七村 南北两房 面积46.36 业主诚心出售,440万,2室0厅 | 46.36平米 | 南 北 | 精装 | 中楼层(共6层) | 1983年建 | 板楼,https://image1.ljcdn.com/310000-inspection/pc1_4Y3W6rhut_1.jpg.296x216.jpg
20200208,浦东,潍坊,中间楼层精装修，采光好，房东诚意出售,390万,1室0厅 | 29.33平米 | 南 | 精装 | 中楼层(共6层) | 1986年建 | 板楼,https://image1.ljcdn.com/310000-inspection/pc1_I5Mcnj9lr.jpg.296x216.jpg
20200208,浦东,潍坊,中间楼层，边套全明户型，业主诚意出售,460万,1室1厅 | 41.69平米 | 南 | 简装 | 中楼层(共6层) | 1987年建 | 板楼,https://image1.ljcdn.com/310000-inspection/pc1_3qp7LmWZA_1.jpg.296x216.jpg
20200208,浦东,潍坊,潍坊九村，不靠马路位置，中间套双南大两房，婚房装修,470万,2室1厅 | 49.55平米 | 南 | 精装 | 低楼层(共6层) | 1987年建 | 板楼,https://image1.ljcdn.com/310000-inspection/pc1_66aIO3F9S.jpg.296x216.jpg
20200208,浦东,潍坊,3楼，南北两房，次卧带边窗，边套全明，不靠马路,325万,2室0厅 | 49.5平米 | 南 北 | 简装 | 中楼层(共6层) | 1978年建 | 板楼,https://image1.ljcdn.com/310000-inspection/75247da2-b7de-48b7-8ecd-286df605b0c5_1000.jpg.296x216.jpg
20200208,浦东,潍坊,朱家滩小区在售少量一室半户型，看房方便，诚意出售,465万,2室1厅 | 43.73平米 | 南 | 简装 | 中楼层(共6层) | 1986年建 | 板楼,https://image1.ljcdn.com/310000-inspection/pc1_8fMBdfKez_1.jpg.296x216.jpg
20200208,浦东,潍坊,好房必卖 看房方便 诚意出售 产权清晰 正常走流,485万,2室0厅 | 52.32平米 | 南 | 简装 | 低楼层(共6层) | 1986年建 | 板楼,https://image1.ljcdn.com/310000-inspection/pc1_F9PIh1SKN_1.jpg.296x216.jpg
20200208,浦东,潍坊,浦南+浦明！ 纯毛坯！一楼带院子！无遮挡采光好！,255万,1室1厅 | 39.61平米 | 南 | 毛坯 | 低楼层(共6层) | 1982年建 | 板楼,https://image1.ljcdn.com/310000-inspection/pc1_ipLsXT318_1.jpg.296x216.jpg
20200208,浦东,潍坊,此房不靠马路位置安静，产权干净，单价低，诚意出售,395万,1室1厅 | 34.72平米 | 南 | 精装 | 高楼层(共6层) | 1987年建 | 板楼,https://image1.ljcdn.com/310000-inspection/1f3150b0-1607-4f93-a5d2-a6b9e6d703cf_1000.jpg.296x216.jpg
20200208,浦东,潍坊,潍坊四村，全明户型，采光充足，干净清爽，拎包入住,310万,2室0厅 | 52.09平米 | 西 | 简装 | 高楼层(共6层) | 1982年建 | 板楼,https://image1.ljcdn.com/310000-inspection/pc1_dspAowywi_1.jpg.296x216.jpg
20200208,浦东,潍坊,潍坊一村 2室0厅 320万,320万,2室0厅 | 51.63平米 | 南 | 简装 | 高楼层(共6层) | 1985年建 | 板楼,https://image1.ljcdn.com/310000-inspection/pc1_X4GYtRDKF.jpg.296x216.jpg
20200208,浦东,潍坊,超大露台 边套全明 产权户口清晰 满二年唯一,315万,2室1厅 | 46.36平米 | 南 北 | 简装 | 中楼层(共5层) | 1983年建 | 板楼,https://image1.ljcdn.com/310000-inspection/pc1_mTNF0Ui5N_1.jpg.296x216.jpg
20200208,浦东,潍坊,河景房，视野好，采光好，近地铁，精装修！,250万,1室0厅 | 30.27平米 | 南 | 精装 | 低楼层(共6层) | 1984年建 | 板楼,https://image1.ljcdn.com/310000-inspection/pc1_KyQtfidAC_1.jpg.296x216.jpg
20200208,浦东,潍坊,店长推荐、满五年唯一、自住精装、装修比图美房主自荐,435万,1室0厅 | 32.94平米 | 南 | 精装 | 高楼层(共6层) | 1984年建 | 板楼,https://image1.ljcdn.com/310000-inspection/ad557b62-288d-4687-b9ca-8070f82bed70_1000.jpg.296x216.jpg
20200208,浦东,潍坊,潍坊三村，精装修一室带明厅，南北通边套户型,268万,1室1厅 | 39.93平米 | 南 | 精装 | 中楼层(共5层) | 1980年建 | 板楼,https://image1.ljcdn.com/310000-inspection/pc1_zO6OZdhsn_1.jpg.296x216.jpg
20200208,浦东,潍坊,朝南一室户，采光好，业主诚意出售,380万,1室1厅 | 38.41平米 | 南 | 简装 | 高楼层(共6层) | 1983年建 | 板楼,https://image1.ljcdn.com/310000-inspection/pc1_zIggJ0yjL_1.jpg.296x216.jpg
20200208,浦东,潍坊,拒绝顶楼！双南两房，小区中间位置，采光好！,310万,2室1厅 | 48.62平米 | 南 | 简装 | 高楼层(共6层) | 1982年建 | 板楼,https://image1.ljcdn.com/310000-inspection/pc1_dCJI5SUXZ_1.jpg.296x216.jpg
20200208,浦东,潍坊,泉东（二）小区 精装南北小两房 全明格局 业主诚售,475万,2室1厅 | 42.17平米 | 南 | 精装 | 高楼层(共6层) | 1991年建 | 板楼,https://image1.ljcdn.com/310000-inspection/pc1_MqDI575Bh_1.jpg.296x216.jpg
20200208,浦东,潍坊,中间楼层，朝南大一房，满五唯一，上新房源,388万,1室1厅 | 36.9平米 | 南 | 简装 | 中楼层(共6层) | 1986年建 | 板楼,https://image1.ljcdn.com/310000-inspection/pc1_IyVtfh0kq_1.jpg.296x216.jpg
20200208,浦东,潍坊,此房满五唯一，产权干净，单价低，诚意出售,380万,1室1厅 | 38.5平米 | 南 | 简装 | 高楼层(共6层) | 1986年建 | 板楼,https://image1.ljcdn.com/310000-inspection/pc1_WHFGPNR9G.jpg.296x216.jpg
20200208,浦东,潍坊,潍坊五村 1室0厅 230万,230万,1室0厅 | 31.73平米 | 南 | 精装 | 高楼层(共6层) | 1982年建 | 板楼,https://image1.ljcdn.com/310000-inspection/pc1_uGt90BbP5_1.jpg.296x216.jpg
20200208,浦东,潍坊,潍坊一村 2室0厅 330万,330万,2室0厅 | 49.8平米 | 南 | 简装 | 高楼层(共5层) | 1984年建 | 板楼,https://image1.ljcdn.com/310000-inspection/pc1_RleeRbbv8_1.jpg.296x216.jpg
20200208,浦东,潍坊,房子 很好   采光很好  通风很好,215万,1室1厅 | 39.1平米 | 南 | 简装 | 高楼层(共6层) | 1976年建 | 板楼,https://image1.ljcdn.com/310000-inspection/pc1_Uar27PHCH_1.jpg.296x216.jpg
20200208,浦东,潍坊,潍坊五村 2室1厅 340万,340万,2室1厅 | 53.17平米 | 南 | 其他 | 高楼层(共6层) | 1982年建 | 板楼,https://image1.ljcdn.com/310000-inspection/pc1_5SrMFV3M2_2.jpg.296x216.jpg
20200208,浦东,潍坊,此房售后公房，小区花园位置，产权干净，诚意出售房主自荐,470万,2室0厅 | 48.12平米 | 南 | 简装 | 高楼层(共6层) | 1986年建 | 板楼,https://image1.ljcdn.com/310000-inspection/pc1_x4oYqoC4h_1.jpg.296x216.jpg
20200208,浦东,潍坊,边套全明。配套设施齐全，交通便利。,400万,1室1厅 | 37.19平米 | 南 | 精装 | 低楼层(共6层) | 1985年建 | 板楼,https://image1.ljcdn.com/310000-inspection/pc1_czmq5MMxx_1.jpg.296x216.jpg
20200208,浦东,潍坊,潍坊十村双南两房，楼层好，采光好。,460万,2室1厅 | 49.1平米 | 南 | 简装 | 低楼层(共6层) | 1985年建 | 板楼,https://image1.ljcdn.com/310000-inspection/pc1_RqZQAeIAQ_1.jpg.296x216.jpg
20200208,浦东,潍坊,精装南北两房，中间楼层，拎包入住，位置居中,485万,2室0厅 | 50.3平米 | 南 | 精装 | 中楼层(共6层) | 1986年建 | 板楼,https://image1.ljcdn.com/310000-inspection/pc1_L0eahpsC4_1.jpg.296x216.jpg
20200208,浦东,潍坊,满五唯一，中间楼层，无遮挡，看房方便 ，价可谈,320万,2室0厅 | 46.58平米 | 南 | 简装 | 中楼层(共6层) | 1979年建 | 板楼,https://image1.ljcdn.com/310000-inspection/pc1_MCmeIgDAu_1.jpg.296x216.jpg
20200208,浦东,潍坊,潍坊十村一室户，户型方正，边套全明户型,400万,1室1厅 | 40.47平米 | 南 | 简装 | 低楼层(共6层) | 1986年建 | 板楼,https://image1.ljcdn.com/310000-inspection/b0a25453-e841-4e2c-bacd-565b75d59db2_1000.jpg.296x216.jpg
20200208,浦东,潍坊,精装修好房源，业主诚意出售，中间楼层，小区中间位置,465万,1室1厅 | 43.61平米 | 南 | 简装 | 中楼层(共6层) | 1986年建 | 板楼,https://image1.ljcdn.com/310000-inspection/pc1_S63dyrFdm_1.jpg.296x216.jpg
20200208,浦东,潍坊,南北户型通风好，采光好，业主自住装修，可自行装修,275万,1室1厅 | 34.5平米 | 南 | 简装 | 高楼层(共6层) | 1984年建 | 板楼,https://image1.ljcdn.com/310000-inspection/pc1_JOgqzkyZo_1.jpg.296x216.jpg
20200208,浦东,潍坊,拒绝顶楼，双南两房，采光好，位置佳，诚意出售！,320万,2室1厅 | 48.87平米 | 南 | 简装 | 高楼层(共6层) | 1982年建 | 板楼,https://image1.ljcdn.com/310000-inspection/pc1_GMJbBHBfy_1.jpg.296x216.jpg
20200208,浦东,潍坊,王家宅小区 2室1厅 405万,405万,2室1厅 | 61.48平米 | 南 | 其他 | 高楼层(共6层) | 1994年建 | 板楼,https://image1.ljcdn.com/310000-inspection/pc1_ZrLVoFPZQ_1.jpg.296x216.jpg
20200208,浦东,潍坊,潍坊五村，独门独户，中间套户型，精装修，不靠马路,248万,1室1厅 | 31.73平米 | 南 | 其他 | 高楼层(共6层) | 1982年建 | 板楼,https://image1.ljcdn.com/310000-inspection/pc1_iwCvTRyZg_1.jpg.296x216.jpg
20200208,浦东,潍坊,朱家滩小区 2室1厅 510万,510万,2室1厅 | 50.17平米 | 南 北 | 其他 | 高楼层(共6层) | 1987年建 | 板楼,https://image1.ljcdn.com/310000-inspection/pc1_sD3SS4JAh_1.jpg.296x216.jpg
20200208,浦东,潍坊,泉东小区 南向小一房 售后公房 楼层好 业主诚意出售,455万,1室1厅 | 38.63平米 | 南 | 精装 | 低楼层(共6层) | 1987年建 | 板楼,https://image1.ljcdn.com/310000-inspection/prod-bc2fc1ae-a445-4dd9-87da-669823d2901f.jpg.296x216.jpg
20200208,浦东,潍坊,潍坊小户型，小区位置安静，业主诚售,252万,1室1厅 | 35.72平米 | 南 | 简装 | 低楼层(共6层) | 1994年建 | 板楼,https://image1.ljcdn.com/310000-inspection/prod-3eeb40b6-c1e7-42e7-9fe6-4785204dda6c.jpg.296x216.jpg
20200208,浦东,潍坊,采光充足，两房一厅全明户型，拎包入住，温馨舒适。,305万,2室1厅 | 51.94平米 | 南 北 | 精装 | 高楼层(共6层) | 1979年建 | 板楼,https://image1.ljcdn.com/310000-inspection/prod-76e590d6-5978-4102-9470-63060ec06cd4.jpg.296x216.jpg
20200208,浦东,潍坊,潍坊八村，一房小户型，边套全明，位置安静,255万,1室1厅 | 34.63平米 | 南 | 精装 | 高楼层(共6层) | 1984年建 | 板楼,https://image1.ljcdn.com/310000-inspection/prod-ae97103c-2b4f-43c4-81ca-58aa5f39821c.jpg.296x216.jpg
20200208,浦东,潍坊,泉东(二)小区 南向小一房 楼层好 不占用 诚意出售,428万,1室0厅 | 31.7平米 | 南 | 简装 | 低楼层(共6层) | 1991年建 | 板楼,https://image1.ljcdn.com/310000-inspection/prod-da1a493e-c49b-4904-b948-9307e82541fe.jpg.296x216.jpg
20200208,浦东,潍坊,总价低，诚意售，看房方便，楼层好，位置好,225万,1室1厅 | 28.25平米 | 南 | 简装 | 低楼层(共6层) | 1979年建 | 板楼,https://image1.ljcdn.com/310000-inspection/test-b67cff68-9ed1-4955-9eb8-c1817b927427.jpg.296x216.jpg
20200208,浦东,潍坊,低楼层不靠马路，月供1.3万压力小，诚心出售,370万,1室0厅 | 32.5平米 | 南 | 其他 | 低楼层(共6层) | 1983年建 | 板楼,https://image1.ljcdn.com/310000-inspection/prod-ecbf0652-e7a0-4239-8050-56c74f16f8aa.jpg.296x216.jpg
20200208,浦东,潍坊,产权户口清晰、非底楼，户型方正，满两年免征增值税,430万,1室1厅 | 33.08平米 | 南 | 精装 | 低楼层(共6层) | 1984年建 | 板楼,https://image1.ljcdn.com/310000-inspection/prod-07d55b36-9afc-48d9-bb8a-fcddb1786f82.jpg.296x216.jpg
20200208,浦东,潍坊,明珠03年小区，电梯高区视野好，户型方正，满五唯一,1280万,3室2厅 | 130.9平米 | 南 | 精装 | 高楼层(共11层) | 2003年建 | 板楼,https://image1.ljcdn.com/310000-inspection/prod-7d3ac8f5-369e-427b-b98c-23dcba73acc0.jpg.296x216.jpg
20200208,浦东,潍坊,此房总价低，离地铁近，配套齐全，业主诚意出售。,390万,1室1厅 | 27.92平米 | 南 | 精装 | 低楼层(共6层) | 1987年建 | 板楼,https://image1.ljcdn.com/310000-inspection/pc1_STnzJrvyl_1.jpg.296x216.jpg
20200208,浦东,潍坊,朝南一室户，不靠路，中间楼层，户型方正，生活便利,417万,1室1厅 | 33.08平米 | 南 | 简装 | 中楼层(共6层) | 1984年建 | 板楼,https://image1.ljcdn.com/310000-inspection/dfbbd353-80cd-4f20-9143-a66bb7183ba3_1000.jpg.296x216.jpg
20200208,浦东,潍坊,优质房源，近地铁，配套成熟，诚意出售,450万,1室0厅 | 37.04平米 | 南 | 简装 | 高楼层(共6层) | 1993年建 | 板楼,https://image1.ljcdn.com/310000-inspection/pc1_IXfUD3eui_1.jpg.296x216.jpg
20200208,浦东,潍坊,此房满五不唯一，产权干净，单价低，诚意出售,400万,1室1厅 | 38.77平米 | 南 | 精装 | 中楼层(共6层) | 1987年建 | 板楼,https://image1.ljcdn.com/310000-inspection/pc1_hnzNh9vFb_2.jpg.296x216.jpg
20200208,浦东,潍坊,明珠、业主自住一房，装修清爽，看房方便、诚意出售,445万,1室1厅 | 35.84平米 | 南 | 其他 | 低楼层(共6层) | 1986年建 | 板楼,https://image1.ljcdn.com/310000-inspection/pc1_deXYXmZ8w_1.jpg.296x216.jpg
20200208,浦东,潍坊,产权清晰，不占用。边套全明，通风好，近地铁、八佰伴,385万,1室1厅 | 38.77平米 | 南 | 简装 | 高楼层(共6层) | 1987年建 | 板楼,https://image1.ljcdn.com/310000-inspection/pc1_f0MO4pWxI_1.jpg.296x216.jpg
20200208,浦东,潍坊,独门独户，3楼，不靠马路，户型好，采光好，通风好,240万,1室1厅 | 33.01平米 | 南 | 简装 | 中楼层(共5层) | 1976年建 | 板楼,https://image1.ljcdn.com/310000-inspection/pc1_ddEyA5B54_1.jpg.296x216.jpg
20200208,浦东,潍坊,低总价一房 360万 满二年少税 产权清晰 诚意看中即签,360万,1室1厅 | 32.92平米 | 南 | 精装 | 高楼层(共6层) | 1983年建 | 板楼,https://image1.ljcdn.com/310000-inspection/pc1_mfbToJUNw_1.jpg.296x216.jpg
20200208,浦东,潍坊,户型方正，低楼层，采光通透，安静适宜，近地铁,225万,1室1厅 | 32.79平米 | 南 | 其他 | 低楼层(共6层) | 1985年建 | 板楼,https://image1.ljcdn.com/310000-inspection/pc1_OhX44NDX2_1.jpg.296x216.jpg
20200208,浦东,潍坊,【明珠A】电梯高区三房，产户清晰，户型方正，诚卖！,705万,3室1厅 | 88.54平米 | 南 | 简装 | 高楼层(共25层) | 1991年建 | 塔楼,https://image1.ljcdn.com/310000-inspection/prod-c5a8178f-52e1-40fe-96eb-69fb2c464382.jpg.296x216.jpg
20200208,浦东,潍坊,八佰伴+巴黎春天+塘桥公园+陆家觜软件园+诚意出售,265万,1室1厅 | 41.05平米 | 南 | 其他 | 高楼层(共5层) | 1975年建 | 板楼,https://image1.ljcdn.com/310000-inspection/prod-745d8cba-f24e-46fc-83dc-d58dad3845ae.jpg.296x216.jpg
20200208,浦东,潍坊,业主急售，价格可谈，楼层好，位置好,250万,1室1厅 | 38.4平米 | 南 | 简装 | 中楼层(共5层) | 1979年建 | 板楼,https://image1.ljcdn.com/310000-inspection/prod-aba61e96-d4d1-4db9-980a-60cb837be1cf.jpg.296x216.jpg
20200208,浦东,潍坊,精装一房，楼层好，业主诚意出售,415万,1室1厅 | 39.22平米 | 南 | 精装 | 中楼层(共6层) | 1986年建 | 板楼,https://image1.ljcdn.com/310000-inspection/prod-933f025f-a331-4406-9d65-3a954bacd9df.jpg.296x216.jpg
20200208,浦东,潍坊,河景房，视野超棒，采光充足，浦明未用,350万,2室0厅 | 52.03平米 | 南 | 精装 | 高楼层(共6层) | 1986年建 | 板楼,https://image1.ljcdn.com/310000-inspection/prod-ced4c1b8-0aa3-418a-9109-7ebf595fd264.jpg.296x216.jpg
20200208,浦东,潍坊,朱家滩此房实用率高，自住方便看，业主诚意售可带租约,515万,2室0厅 | 53.42平米 | 东 | 简装 | 高楼层(共6层) | 1989年建 | 板楼,https://image1.ljcdn.com/310000-inspection/prod-70c4d33b-2aea-47d7-8a77-65b42ddacf9d.jpg.296x216.jpg
20200208,浦东,潍坊,泉东贰小区视野开阔朝南小一房，满五唯一产权清晰,435万,1室1厅 | 31.7平米 | 东南 南 | 简装 | 高楼层(共6层) | 1991年建 | 板楼,https://image1.ljcdn.com/310000-inspection/7061fcf9-fa7b-491f-9c41-7432b90b88b0_1000.jpg.296x216.jpg
20200208,浦东,潍坊,潍坊二村中间楼层两房/花园位置/通透全明 诚意出售,330万,2室1厅 | 54.69平米 | 东南 | 简装 | 低楼层(共6层) | 1979年建 | 板楼,https://image1.ljcdn.com/310000-inspection/prod-38cda500-904f-416d-ac12-e1d3e7e617b9.jpg.296x216.jpg
20200208,浦东,潍坊,小区中间位置+全明户型+采光充足+诚心出售,460万,1室1厅 | 38.75平米 | 南 | 简装 | 高楼层(共6层) | 1988年建 | 板楼,https://image1.ljcdn.com/310000-inspection/pc1_7dzznkzQf_1.jpg.296x216.jpg
20200208,浦东,潍坊,好房必卖 看房方便 诚意出售 产权清晰 正常走流,463万,2室0厅 | 49.48平米 | 南 | 简装 | 高楼层(共6层) | 1986年建 | 板楼,https://image1.ljcdn.com/310000-inspection/test-f44a6179-4723-4a5f-80af-a855a6b8020a.png.296x216.jpg
20200208,浦东,潍坊,潍坊八村，宝钢双南两房，独门独户精装修，诚意出售,385万,2室1厅 | 52.3平米 | 南 | 精装 | 中楼层(共6层) | 1985年建 | 板楼,https://image1.ljcdn.com/310000-inspection/test-0b86cc64-af06-4427-878e-f46097f9aa60.png.296x216.jpg
20200208,浦东,潍坊,潍坊四村，宝钢户型，南北两房，通风性好，采光好,310万,2室0厅 | 46.55平米 | 南 | 简装 | 高楼层(共6层) | 1982年建 | 板楼,https://image1.ljcdn.com/310000-inspection/pc1_nGoWaH8IW_2.jpg.296x216.jpg
20200208,浦东,潍坊,【新出】明珠A电梯自住精装南北全明两室，欢迎看房！,575万,2室1厅 | 67.07平米 | 南 北 | 精装 | 低楼层(共25层) | 1991年建 | 塔楼,https://image1.ljcdn.com/310000-inspection/dc5981fa-6ccd-403e-9a69-6e76b8d9cdcc_1000.jpg.296x216.jpg
20200208,浦东,潍坊,边套全明一房一厅格局 满五年  小区位置 有名 额,382万,1室1厅 | 40.47平米 | 南 | 其他 | 高楼层(共6层) | 1983年建 | 板楼,https://image1.ljcdn.com/310000-inspection/prod-3374d9eb-af77-4241-8d2e-a705e6b04b8d.jpg.296x216.jpg
20200208,浦东,潍坊,小区精选房源，业主诚意出售，随时看房,645万,2室1厅 | 82.62平米 | 南 | 简装 | 低楼层(共26层)  | 塔楼,https://image1.ljcdn.com/310000-inspection/prod-142b1cd8-e9c6-4d0c-a861-77d2db35b1bf.jpg.296x216.jpg
20200208,浦东,潍坊,泉东小区朝南一房，生活跟交通便利，配套设施齐全。,425万,1室0厅 | 31.7平米 | 南 | 简装 | 高楼层(共6层) | 1991年建 | 板楼,https://image1.ljcdn.com/310000-inspection/prod-d3a8f5b9-3271-46f1-96c7-e0418dc144fe.jpg.296x216.jpg
20200208,浦东,潍坊,泉东小区 四轨交汇 一房一厅 满五唯一 售后公房,468万,1室1厅 | 41.69平米 | 南 北 | 简装 | 高楼层(共6层) | 1987年建 | 板楼,https://image1.ljcdn.com/310000-inspection/pc1_RlwfUNqZB_1.jpg.296x216.jpg
20200208,浦东,潍坊,精装修，西南全明户型，格局合理，出租自住很不错,820万,3室2厅 | 112.8平米 | 南 北 | 精装 | 低楼层(共26层)  | 塔楼,https://image1.ljcdn.com/310000-inspection/pc1_Ttu98Gn3J_1.jpg.296x216.jpg
20200208,浦东,潍坊,小区中间位置， 产权清晰 不靠马路 中间楼层,455万,1室1厅 | 35.98平米 | 南 | 其他 | 中楼层(共6层) | 1989年建 | 板楼,https://image1.ljcdn.com/310000-inspection/prod-96e4ed65-329c-49e4-bbdf-72fea8a6ba46.jpg.296x216.jpg
20200208,浦东,潍坊,近明珠，可用，中层双南精装两房，产权、户口清晰,435万,2室1厅 | 45.66平米 | 南 | 精装 | 低楼层(共6层) | 1983年建 | 板楼,https://image1.ljcdn.com/310000-inspection/prod-40999ff6-27b3-4256-a18d-f87459921c87.jpg.296x216.jpg
20200208,浦东,潍坊,潍坊小户型+地铁沿线+因房子小换大+繁华地段,290万,1室1厅 | 40.7平米 | 南 | 简装 | 中楼层(共6层) | 1984年建 | 板楼,https://image1.ljcdn.com/shfdfs-image/20170908/4b23ed55-c79f-4022-9806-57fd8f2aadab.jpg.296x216.jpg
20200208,浦东,潍坊,潍坊八村，小户型，总价低，朝向好，业主诚意出售。房主自荐,248万,1室0厅 | 30.27平米 | 南 | 精装 | 高楼层(共6层) | 1984年建 | 板楼,https://image1.ljcdn.com/310000-inspection/3b802958-fe3b-4523-aff8-24b90b823cb5.jpg.296x216.jpg
20200208,浦东,潍坊,小区中间位置 业主婚房装修 售后公房 近世纪大道,465万,1室1厅 | 41.67平米 | 南 | 精装 | 高楼层(共6层) | 1988年建 | 板楼,https://image1.ljcdn.com/310000-inspection/pc1_VEwo4FDtT.jpg.296x216.jpg
20200208,浦东,潍坊,精装修  房龄新   交通便利 采光好,618万,1室1厅 | 62.42平米 | 南 | 其他 | 中楼层(共6层) | 2006年建 | 板楼,https://image1.ljcdn.com/310000-inspection/pc1_eHjUcf4lm_1.jpg.296x216.jpg
20200208,浦东,潍坊,嘉德品质，高区河景房，闹中取静，房型正气，诚意出售,735万,3室2厅 | 108.33平米 | 南 | 简装 | 低楼层(共28层) | 2001年建 | 板楼,https://image1.ljcdn.com/310000-inspection/0a6c8642-f166-4b19-a290-ccc0d9c4b41c.jpg.296x216.jpg
20200208,浦东,潍坊,边套全明户型，精装修，安静位置，未用，满五唯一,328万,1室1厅 | 40.63平米 | 南 | 其他 | 中楼层(共6层) | 1985年建 | 板楼,https://image1.ljcdn.com/310000-inspection/pc1_S6FMaecOQ.jpg.296x216.jpg
20200208,浦东,潍坊,地体近、采光佳，交通方便，总价低，面积大,400万,1室1厅 | 39.99平米 | 东南 | 简装 | 低楼层(共6层) | 1987年建 | 板楼,https://image1.ljcdn.com/310000-inspection/pc1_DyrtTSnQr.jpg.296x216.jpg
20200208,浦东,潍坊,边套15万精装大一房一厅  看房方便 房龄94年,300万,1室1厅 | 44.77平米 | 南 | 精装 | 高楼层(共5层) | 1994年建 | 板楼,https://image1.ljcdn.com/310000-inspection/test-19c5f9d1-5315-41ff-927c-c287eadcf9d9.png.296x216.jpg
20200208,浦东,潍坊,一梯两户，，得房率高，业主自住，保养适宜,520万,2室2厅 | 81.84平米 | 南 | 简装 | 高楼层(共6层) | 1995年建 | 板楼,https://image1.ljcdn.com/310000-inspection/e533bb05-bb94-4fee-a015-9b52bb1630b4.jpg.296x216.jpg
20200208,浦东,潍坊,繁荣昌盛，精装修，闹中取静，业主诚意出售房主自荐,818万,3室1厅 | 112.88平米 | 南 | 精装 | 低楼层(共26层) | 1996年建 | 塔楼,https://image1.ljcdn.com/310000-inspection/prod-3dffe700-ff94-4feb-8b92-d0a229d2498c.jpg.296x216.jpg
20200208,浦东,潍坊,潍坊八村，浦明师范，楼层适中，浦明师范就在小区里,276万,1室1厅 | 37.9平米 | 南 | 简装 | 低楼层(共6层) | 1985年建 | 板楼,https://image1.ljcdn.com/310000-inspection/c7be6035-4df8-4cc0-886b-35f255bdc749.jpg.296x216.jpg
20200208,浦东,潍坊,潍坊四村 1室1厅 250万,250万,1室1厅 | 40.63平米 | 南 | 精装 | 高楼层(共6层) | 1982年建 | 板楼,https://image1.ljcdn.com/310000-inspection/rsp_pic_upload17e1536c-a109-4e7b-b9aa-083f3f8e7029.jpg.296x216.jpg
20200208,浦东,潍坊,东建新村 1室0厅 215万,215万,1室0厅 | 32.9平米 | 南 | 精装 | 低楼层(共5层) | 1976年建 | 板楼,https://image1.ljcdn.com/310000-inspection/pc1_mJv8E9QKK_2.jpg.296x216.jpg
20200208,浦东,潍坊,东欣小区  诚意出售 自住精装 户型好 靠世纪大道站,610万,2室1厅 | 65.01平米 | 南 西 | 精装 | 中楼层(共25层) | 1993年建 | 塔楼,https://image1.ljcdn.com/310000-inspection/rsp_pic_upload98ce3c05-06c4-4d19-aade-dce167535c02.jpg.296x216.jpg
20200208,浦东,潍坊,繁荣昌盛+小户型+精装修+随时看+自住保养的好,560万,2室1厅 | 60.1平米 | 西南 | 精装 | 中楼层(共26层) | 1996年建 | 塔楼,https://image1.ljcdn.com/310000-inspection/pc1_EQFrJnV29_1.jpg.296x216.jpg
20200208,浦东,潍坊,目前是唯一一套在卖的温馨小三房业主诚意出售看房随时,535万,3室1厅 | 61.96平米 | 南 | 精装 | 高楼层(共6层) | 1984年建 | 板楼,https://image1.ljcdn.com/310000-inspection/test-ab5bcb09-21b5-464b-878b-7b9549f55613.png.296x216.jpg
20200208,浦东,潍坊,潍坊八村，精装两房，满五唯一，上学方便,365万,2室0厅 | 55.18平米 | 东南 | 精装 | 中楼层(共6层) | 1984年建 | 板楼,https://image1.ljcdn.com/310000-inspection/prod-e550edde-5d7c-412a-9e63-a781fefe745e.jpg.296x216.jpg
20200208,浦东,潍坊,潍坊四村 2室0厅 320万,320万,2室0厅 | 48.62平米 | 南 | 简装 | 高楼层(共6层) | 1982年建 | 板楼,https://image1.ljcdn.com/310000-inspection/test-b305f8c7-8674-4efe-b42e-91fd3466f48c.png.296x216.jpg
20200208,浦东,潍坊,二梯队 房龄新 双南户型 得房率高 小区中间，近地铁,350万,2室1厅 | 54平米 | 南 | 精装 | 低楼层(共6层) | 1994年建 | 板楼,https://image1.ljcdn.com/x-se/hdic-frame/8bdff4b9-9652-45c9-8417-ecbfaad5f7e1.png.296x216.jpg
20200208,浦东,潍坊,潍坊九村小区花园位置，产权干净，精装自住，诚意出售,470万,2室0厅 | 48.29平米 | 南 北 | 精装 | 低楼层(共6层) | 1986年建 | 板楼,https://image1.ljcdn.com/310000-inspection/prod-82ae42f1-8b9b-46e1-9fc0-ec22ff541237.jpg.296x216.jpg
20200208,浦东,潍坊,陆家嘴+电梯大两房朝南+适合居住+房型方正+滿五唯一。,560万,2室1厅 | 80.87平米 | 南 | 精装 | 低楼层(共24层) | 1997年建 | 塔楼,https://image1.ljcdn.com/310000-inspection/test-83823120-e178-4908-80d5-92de75901a64.png.296x216.jpg
20200208,浦东,潍坊,潍坊七村 2室1厅 480万,480万,2室1厅 | 51.47平米 | 南 | 其他 | 低楼层(共6层) | 1983年建 | 板楼,https://image1.ljcdn.com/310000-inspection/934bab6d-0bd2-41d2-b2cf-8aae4db5e9f1_1000.jpg.296x216.jpg
20200208,浦东,潍坊,泉东小区 南向一室一厅 不临街  产权清晰 诚意出售,469万,1室1厅 | 41.69平米 | 南 | 简装 | 高楼层(共6层) | 1987年建 | 板楼,https://image1.ljcdn.com/310000-inspection/prod-a75a1ca6-e690-4128-8070-6d15b5cf7a78.jpg.296x216.jpg
20200208,浦东,潍坊,小区中间位置+全明户型+诚心出售,490万,1室1厅 | 41.55平米 | 南 | 简装 | 低楼层(共6层) | 1987年建 | 板楼,https://image1.ljcdn.com/310000-inspection/pc1_Rgey2YUpx_1.jpg.296x216.jpg
20200208,浦东,潍坊,售后公房，一楼带天井，适合居住，看房方便,300万,1室1厅 | 38.86平米 | 南 | 精装 | 低楼层(共6层) | 1984年建 | 板楼,https://image1.ljcdn.com/310000-inspection/pc1_Xvs4Wctfk_1.jpg.296x216.jpg
20200208,浦东,潍坊,潍坊七村 南北两室户 面积56.11平 业主诚心出售,480万,2室1厅 | 56.11平米 | 南 | 简装 | 低楼层(共6层) | 1983年建 | 板楼,https://image1.ljcdn.com/310000-inspection/pc1_qm84vvTyW_1.jpg.296x216.jpg
20200208,浦东,潍坊,家的港湾 爱的始点 梦的归宿 满五唯一 示范级幼儿园,330万,2室1厅 | 48.59平米 | 南 | 精装 | 高楼层(共6层) | 1984年建 | 板楼,https://image1.ljcdn.com/310000-inspection/pc1_jJTVyBjJ9_1.jpg.296x216.jpg
20200208,浦东,潍坊,东建新村 2室1厅 290万,290万,2室1厅 | 48.44平米 | 南 | 其他 | 高楼层(共6层) | 1977年建 | 板楼,https://image1.ljcdn.com/310000-inspection/pc1_WQjT9vudO_1.jpg.296x216.jpg
20200208,浦东,潍坊,潍坊七村 两房朝南 有钥匙 满五少税 老业主委托专属,470万,2室1厅 | 53.32平米 | 南 | 精装 | 中楼层(共6层) | 1982年建 | 板楼,https://image1.ljcdn.com/310000-inspection/455399bd-76d1-43f2-84ac-f805b1c2cb28_1000.jpg.296x216.jpg
20200208,浦东,潍坊,精装修好房，小区中间位置，业主诚意出售，看房方便,475万,1室1厅 | 43.73平米 | 南 | 简装 | 中楼层(共6层) | 1986年建 | 板楼,https://image1.ljcdn.com/310000-inspection/pc1_gkaPCnh0u_1.jpg.296x216.jpg
20200208,浦东,潍坊,户型方正，产权户口清晰，采光充足，视野开阔,400万,2室1厅 | 65.19平米 | 南 | 精装 | 高楼层(共6层) | 1978年建 | 板楼,https://image1.ljcdn.com/310000-inspection/test-4b2d5f3f-c424-47b1-8e49-ec826957c6b8.png.296x216.jpg
20200208,浦东,潍坊,文化气息浓厚，舒适度高，精装修,450万,2室1厅 | 49.47平米 | 东南 | 精装 | 低楼层(共6层) | 1986年建 | 板楼,https://image1.ljcdn.com/x-se/hdic-frame/e1ec0f2b-fa75-4111-9796-ebeb7b340510.png.296x216.jpg
20200208,浦东,潍坊,中间楼层 精装 看房方便 产权清晰 塘桥公园景观,265万,1室1厅 | 30.27平米 | 南 | 精装 | 高楼层(共6层) | 1985年建 | 板楼,https://image1.ljcdn.com/310000-inspection/prod-be8fa138-cef2-4a7d-ba7d-f3deb6459212.jpg.296x216.jpg
20200208,浦东,潍坊,新明大楼，很少在售的双南户型，满五年唯一，未用！,630万,2室1厅 | 67.04平米 | 南 | 简装 | 高楼层(共18层) | 1993年建 | 塔楼,https://image1.ljcdn.com/310000-inspection/prod-8ad7aa83-1648-48d3-bd55-17d9413d7cee.jpg.296x216.jpg
20200208,浦东,潍坊,满五年唯一，户口两人，产权清晰，看房随时，可签字,499万,2室1厅 | 53.03平米 | 南 北 | 简装 | 中楼层(共6层) | 1983年建 | 板楼,https://image1.ljcdn.com/310000-inspection/prod-10963c17-f806-4377-8dcb-e8e32418251b.jpg.296x216.jpg
20200208,浦东,潍坊,潍坊三村 1室1厅 290万,290万,1室1厅 | 40.64平米 | 南 | 精装 | 中楼层(共5层) | 1980年建 | 板楼,https://image1.ljcdn.com/310000-inspection/12e8aeef-de98-4f7f-817b-40fe3f109187_1000.jpg.296x216.jpg
20200208,浦东,潍坊,潍坊五村，户型方正，边套全明，采光通透，近地铁,265万,1室1厅 | 41.07平米 | 南 | 简装 | 高楼层(共6层) | 1983年建 | 板楼,https://image1.ljcdn.com/310000-inspection/prod-79cf0a13-3197-4d7e-a9b0-7c308477fb84.jpg.296x216.jpg
20200208,浦东,潍坊,潍坊八村，南北两房，通风性好，采光好，精装修,375万,2室0厅 | 51.61平米 | 东 南 北 | 精装 | 高楼层(共6层) | 1984年建 | 板楼,https://image1.ljcdn.com/310000-inspection/prod-3fd8ab5f-6350-4cc1-97bd-72455a2583a1.png.296x216.jpg
20200208,浦东,潍坊,一房带天井，简单装修，诚意出售,420万,1室1厅 | 41.85平米 | 南 | 简装 | 低楼层(共6层) | 1983年建 | 板楼,https://image1.ljcdn.com/310000-inspection/prod-ab940b20-e084-4360-9345-2816f245e91f.jpg.296x216.jpg
20200208,浦东,潍坊,一房的价格买两房，厨卫全明，业主诚意出售，看房随时,255万,2室1厅 | 47.72平米 | 南 | 简装 | 高楼层(共6层) | 1975年建 | 板楼,https://image1.ljcdn.com/310000-inspection/prod-d7a7dc2e-7c82-4dc8-a42d-94e1a301a79f.jpg.296x216.jpg
20200208,浦东,潍坊,新光大楼两室一厅，自住精装修，交通便利,627万,2室1厅 | 69.83平米 | 北 | 精装 | 低楼层(共18层) | 1993年建 | 塔楼,https://image1.ljcdn.com/310000-inspection/prod-44361a95-a095-4c19-86c7-cd7a1a9fae00.jpg.296x216.jpg
20200208,浦东,潍坊,嘉德公寓 3室2厅 788万,788万,3室2厅 | 108平米 | 南 | 其他 | 低楼层(共28层) | 2001年建 | 板楼,https://image1.ljcdn.com/310000-inspection/pc1_TKXJXCht4_1.jpg.296x216.jpg
20200208,浦东,潍坊,精装修，家具家电全新，自住装修,520万,2室1厅 | 59.3平米 | 南 | 精装 | 高楼层(共6层) | 1987年建 | 板楼,https://image1.ljcdn.com/310000-inspection/prod-7f9c4e49-ee5d-4b71-be25-be5689726e1a.jpg.296x216.jpg
20200208,浦东,潍坊,离校近、采光佳，交通方便，总价低，诚意出售,510万,2室1厅 | 55.31平米 | 南 | 精装 | 高楼层(共6层) | 1985年建 | 板楼,https://image1.ljcdn.com/310000-inspection/prod-cb9574d8-89f1-45ae-a54c-b45e632eb56f.jpg.296x216.jpg
20200208,浦东,潍坊,精装好位置，楼层好，视野采光好，业主诚心出售。,580万,3室1厅 | 67.05平米 | 南 | 精装 | 高楼层(共6层) | 1983年建 | 板楼,https://image1.ljcdn.com/310000-inspection/prod-27ccb77f-c559-48b2-8cce-8a26e0efa7cb.jpg.296x216.jpg
20200208,浦东,潍坊,东欣小区，满五，边套全明户型，采光好，通风棒,610万,2室1厅 | 65.01平米 | 南 西 | 精装 | 低楼层(共25层) | 1991年建 | 塔楼,https://image1.ljcdn.com/310000-inspection/prod-984cdfa4-5221-4627-8be3-6a6ae946cc69.jpg.296x216.jpg
20200208,浦东,潍坊,双南大两房，不靠马路，自带花圃园，产权户口干净清爽,525万,2室1厅 | 56.67平米 | 南 | 简装 | 低楼层(共6层) | 1987年建 | 板楼,https://image1.ljcdn.com/310000-inspection/pc1_cVtMu6xlx_1.jpg.296x216.jpg
20200208,浦东,潍坊,此房满五南北户型楼层好视野宽阔.采光充足配套成熟,600万,3室1厅 | 61.69平米 | 南 | 简装 | 中楼层(共6层) | 1984年建 | 板楼,https://image1.ljcdn.com/310000-inspection/pc1_eh9KoVBqi_1.jpg.296x216.jpg
20200208,浦东,潍坊,嘉德公寓 3室2厅 798万,798万,3室2厅 | 108.34平米 | 南 | 精装 | 中楼层(共28层) | 2001年建 | 板楼,https://image1.ljcdn.com/310000-inspection/pc1_9HoUi2w0g_1.jpg.296x216.jpg
20200208,浦东,潍坊,泉东小区，南北两房，精装修，诚意出售,570万,2室0厅 | 51.94平米 | 南 | 精装 | 高楼层(共6层) | 1993年建 | 板楼,https://image1.ljcdn.com/310000-inspection/pc1_fo1WMUBd2_1.jpg.296x216.jpg
20200208,浦东,潍坊,浦明小一房  总价低 楼层好 近小区门口 出行方便,230万,1室0厅 | 28.08平米 | 南 | 简装 | 中楼层(共6层) | 1979年建 | 板楼,https://image1.ljcdn.com/310000-inspection/pc1_nqaVK5DuG_1.jpg.296x216.jpg
20200208,浦东,潍坊,大面积两房，业主诚意度满满，随时可看房。,365万,2室1厅 | 50.7平米 | 南 | 简装 | 高楼层(共6层) | 1985年建 | 板楼,https://image1.ljcdn.com/310000-inspection/prod-7675dd73-91ae-4a9b-b74c-d445363b16eb.jpg.296x216.jpg
20200208,浦东,潍坊,小区中间位置全明户型诚心出售满五唯一产权都比较清晰,465万,1室0厅 | 37.17平米 | 南 | 简装 | 高楼层(共6层) | 1984年建 | 板楼,https://image1.ljcdn.com/310000-inspection/prod-428c3fc4-116f-44ed-a33a-5c8a85409a8b.jpg.296x216.jpg
20200208,浦东,潍坊,电梯中高区，采光好，视野棒，双南大两房，诚意出售！,580万,2室1厅 | 80.9平米 | 南 | 精装 | 中楼层(共24层) | 1997年建 | 塔楼,https://image1.ljcdn.com/310000-inspection/prod-f016ba2b-c01b-4df8-befa-f2e47859a6bc.jpg.296x216.jpg
20200208,浦东,潍坊,双南，楼层好，户型好，看房方便，价可谈,645万,2室2厅 | 76.37平米 | 南 | 精装 | 高楼层(共25层) | 1990年建 | 塔楼,https://image1.ljcdn.com/310000-inspection/c2c8fe73-09f5-4241-805f-9010a0b94963.jpg.296x216.jpg
20200208,浦东,潍坊,老房东专属委托，浦南幼儿园，精装修，楼层好，位置好,248万,1室0厅 | 33.81平米 | 南 | 简装 | 高楼层(共6层) | 1982年建 | 板楼,https://image1.ljcdn.com/310000-inspection/test-b115e249-6580-4537-a747-e48ed7b0f9a0.png.296x216.jpg
20200208,浦东,潍坊,双南两房采光好、无遮挡、满五年少税、随时可看,355万,2室0厅 | 53.17平米 | 南 | 简装 | 高楼层(共6层) | 1982年建 | 板楼,https://image1.ljcdn.com/310000-inspection/prod-725a7be8-c645-474d-884b-73250e7e0d86.jpg.296x216.jpg
20200208,浦东,潍坊,地铁100米，电梯，自住出租皆相宜，房东诚意出售,450万,2室0厅 | 61.1平米 | 南 | 精装 | 中楼层(共17层) | 1990年建 | 塔楼,https://image1.ljcdn.com/310000-inspection/prod-d4866820-29b6-4a38-9076-df4f24bd711d.jpg.296x216.jpg
20200208,浦东,潍坊,此房产权清晰，楼层好，诚意出售，,390万,1室0厅 | 29.68平米 | 南 | 简装 | 低楼层(共6层) | 1986年建 | 板楼,https://image1.ljcdn.com/310000-inspection/prod-983e94ca-b2fd-4d4b-a42e-7f812e9ec548.jpg.296x216.jpg
20200208,浦东,潍坊,东建新村 1室1厅 215万,215万,1室1厅 | 28.7平米 | 南 | 精装 | 高楼层(共5层) | 1976年建 | 板楼,https://image1.ljcdn.com/310000-inspection/pc1_Ec9QZe4bD_1.jpg.296x216.jpg
20200208,浦东,潍坊,此房满五不唯一，小区中间位置，业主诚意出售,555万,2室1厅 | 67平米 | 南 西南 | 精装 | 低楼层(共25层) | 1993年建 | 塔楼,https://image1.ljcdn.com/310000-inspection/prod-4617296c-0b38-4c56-acf5-cb88c6303c00.jpg.296x216.jpg
20200208,浦东,潍坊,免征个税，经典双南小两房，业主诚售价可谈，有钥匙,313万,2室1厅 | 46.7平米 | 南 | 简装 | 高楼层(共6层) | 1982年建 | 板楼,https://image1.ljcdn.com/310000-inspection/prod-cb05b9f6-2aa7-41e2-8002-de6ba3161ef9.jpg.296x216.jpg
20200208,浦东,潍坊,电梯房两室一厅，户型明亮正气，近距八佰伴，商城路站,630万,2室1厅 | 72.35平米 | 东南 | 精装 | 低楼层(共18层) | 1993年建 | 塔楼,https://image1.ljcdn.com/310000-inspection/prod-ef403a29-fabc-4ebf-b48b-6730ceb78394.jpg.296x216.jpg
20200208,浦东,潍坊,小区中间位置+中间楼层+全明户型+诚心出售,590万,2室1厅 | 55.63平米 | 南 | 精装 | 中楼层(共6层) | 1987年建 | 板楼,https://image1.ljcdn.com/310000-inspection/prod-00e83fca-71e4-4287-a85e-1e72d20c19b0.jpg.296x216.jpg
20200208,浦东,潍坊,精装朝南一室户 八佰伴明珠 八佰伴商圈 世纪大道地铁,450万,1室1厅 | 35.91平米 | 南 | 精装 | 中楼层(共6层) | 1987年建 | 板楼,https://image1.ljcdn.com/310000-inspection/prod-6d6b583d-6162-4d2b-85a8-34dd9a7f0802.jpg.296x216.jpg
20200208,浦东,潍坊,东欣小区  诚意出售 自住精装 户型好 靠世纪大道站,630万,2室1厅 | 65平米 | 南 北 | 精装 | 中楼层(共25层) | 1993年建 | 塔楼,https://image1.ljcdn.com/310000-inspection/pc1_pbsJJ3vld.jpg.296x216.jpg
20200208,浦东,潍坊,70年产权的电梯次新房，地铁口  拎包入住 ，,320万,1室0厅 | 51.52平米 | 西南 | 简装 | 17层 | 2003年建 | 塔楼,https://image1.ljcdn.com/310000-inspection/pc1_qp6KVaxk4.jpg.296x216.jpg
20200208,浦东,潍坊,东边套户型  一室半  房子朝南  采光充足,282万,1室1厅 | 40.63平米 | 南 | 其他 | 中楼层(共6层) | 1982年建 | 板楼,https://image1.ljcdn.com/310000-inspection/c2cf8efd-bfb0-42ac-8aea-44f1581f27ab_1000.jpg.296x216.jpg
20200208,浦东,潍坊,潍坊一村 2室0厅 365万,365万,2室0厅 | 48.59平米 | 南 | 其他 | 高楼层(共6层) | 1984年建 | 板楼,https://image1.ljcdn.com/310000-inspection/pc1_iiJzfbIVM_1.jpg.296x216.jpg
