20200208,徐汇,长桥,新笋盘，小区内不靠马路，好楼层，拎包入住！必看好房,370万,1室1厅 | 41.96平米 | 南 | 精装 | 中楼层(共6层) | 1989年建 | 板楼,https://image1.ljcdn.com/310000-inspection/pc1_58LEUoz6T_1.jpg.296x216.jpg
20200208,徐汇,长桥,正南正北，正规一房一厅，五一房，总价低，诚意出售必看好房,183万,1室1厅 | 43.58平米 | 南 | 简装 | 高楼层(共6层) | 1993年建 | 板楼,https://image1.ljcdn.com/310000-inspection/prod-1e9d5a49-e6da-42c9-b86d-2549de47d136.jpg.296x216.jpg
20200208,徐汇,长桥,一梯两户+自住装修+双南大两居+高区采光好必看好房,288万,2室1厅 | 65.8平米 | 南 | 精装 | 高楼层(共6层) | 1994年建 | 板楼,https://image1.ljcdn.com/310000-inspection/pc1_SVuQJZZf6_1.jpg.296x216.jpg
20200208,徐汇,长桥,满五年不唯一 看房方便 位置好 诚心出售必看好房,158万,1室0厅 | 32.92平米 | 南 | 简装 | 高楼层(共6层) | 1989年建 | 板楼,https://image1.ljcdn.com/310000-inspection/pc1_FkoWJut73_1.jpg.296x216.jpg
20200208,徐汇,长桥,徐汇新城税费低，两房朝南客厅朝北，全明户型采光好。必看好房,579万,2室1厅 | 81.78平米 | 南 | 精装 | 15层 | 2008年建 | 板楼,https://image1.ljcdn.com/310000-inspection/pc1_DWHgyTQ1h_1.jpg.296x216.jpg
20200208,徐汇,长桥,业主急急急售，中间楼层，难得四房户型，一级棒装修房主自荐,900万,4室2厅 | 139.37平米 | 南 | 精装 | 6层 | 2005年建 | 板楼,https://image1.ljcdn.com/310000-inspection/pc1_47KnEdRKm_1.jpg.296x216.jpg
20200208,徐汇,长桥,长桥五村电梯房，装修好，采光棒，有名、额房主自荐,515万,2室1厅 | 77.61平米 | 南 | 精装 | 高楼层(共24层) | 1990年建 | 塔楼,https://image1.ljcdn.com/310000-inspection/pc1_j6UkIuiMC_1.jpg.296x216.jpg
20200208,徐汇,长桥,此房西边套 电梯房中区 看中可谈,830万,3室2厅 | 97.93平米 | 南 | 精装 | 高楼层(共10层) | 2007年建 | 板楼,https://image1.ljcdn.com/310000-inspection/prod-675d4629-1294-443f-ada8-fc151de472d9.jpg.296x216.jpg
20200208,徐汇,长桥,长桥一村 经典小一房 一梯两户 诚意出售,385万,1室1厅 | 39.98平米 | 南 | 精装 | 中楼层(共5层) | 1985年建 | 板楼,https://image1.ljcdn.com/310000-inspection/pc1_BkbSgzWrh_1.jpg.296x216.jpg
20200208,徐汇,长桥,稀有房源！公房的价格买商品房！房主自荐,315万,2室1厅 | 57.59平米 | 南 | 精装 | 中楼层(共16层) | 1991年建 | 塔楼,https://image1.ljcdn.com/310000-inspection/prod-26d3fb28-57a1-4712-b726-3c9d1135dda1.jpg.296x216.jpg
20200208,徐汇,长桥,94年商品房，满五唯一，可以拎包入住,505万,2室1厅 | 71.69平米 | 南 | 精装 | 低楼层(共16层) | 1994年建 | 塔楼,https://image1.ljcdn.com/310000-inspection/pc1_ysK5zmulR_1.jpg.296x216.jpg
20200208,徐汇,长桥,热门成交户型+两房朝南一房朝北+两个卫生间+双阳台房主自荐,810万,3室2厅 | 121.75平米 | 南 北 | 简装 | 7层 | 2005年建 | 板楼,https://image1.ljcdn.com/310000-inspection/pc1_W5OsmQwLF_1.jpg.296x216.jpg
20200208,徐汇,长桥,此房满五唯一.南北通透.楼层好阳光足.配套齐全,980万,3室2厅 | 126.57平米 | 南 北 | 简装 | 6层 | 2008年建 | 板楼,https://image1.ljcdn.com/310000-inspection/test-b2138309-2369-41cb-8f06-020d9e959a93.png.296x216.jpg
20200208,徐汇,长桥,南北两房，低楼层，交通便利，看房方便,450万,2室0厅 | 52.08平米 | 南 | 简装 | 低楼层(共6层) | 1989年建 | 板楼,https://image1.ljcdn.com/310000-inspection/pc1_o6fQaLfp6_1.jpg.296x216.jpg
20200208,徐汇,长桥,长桥五村 售后公房 满五唯一 双南电梯两房 户型正气,480万,2室1厅 | 68.01平米 | 南 | 简装 | 中楼层(共24层) | 1990年建 | 塔楼,https://image1.ljcdn.com/310000-inspection/pc1_IUOp2s1mt_1.jpg.296x216.jpg
20200208,徐汇,长桥,好房推荐 位置安静 两个房间朝南 诚意出售,280万,2室1厅 | 57.46平米 | 南 | 简装 | 高楼层(共6层) | 1993年建 | 板楼,https://image1.ljcdn.com/310000-inspection/prod-a85c7f51-3471-43f3-bfcf-cc834866cabd.jpg.296x216.jpg
20200208,徐汇,长桥,稀有房源！公房的价格买商品房！房主自荐,290万,1室1厅 | 48.43平米 | 南 | 精装 | 中楼层(共16层) | 1991年建 | 塔楼,https://image1.ljcdn.com/310000-inspection/prod-e093889c-4eb7-4106-8248-4e53e7b41e24.jpg.296x216.jpg
20200208,徐汇,长桥,精装修南北全明两房，厨卫朝西，全明户型，满五唯一房主自荐,220万,2室0厅 | 44.31平米 | 南 | 精装 | 高楼层(共6层) | 1992年建 | 板楼,https://image1.ljcdn.com/310000-inspection/pc1_55uYacNEi_1.jpg.296x216.jpg
20200208,徐汇,长桥,小区安静位置 东边套全明，房东自住看房方便,1050万,3室2厅 | 123.01平米 | 南 | 精装 | 低楼层(共8层) | 2007年建 | 板楼,https://image1.ljcdn.com/310000-inspection/prod-657831d9-9702-4415-b053-e75f0a8c3d93.jpg.296x216.jpg
20200208,徐汇,长桥,三房向南，住户多为公司高管，价格可谈,770万,3室2厅 | 117.56平米 | 南 | 精装 | 低楼层(共11层) | 2006年建 | 板楼,https://image1.ljcdn.com/310000-inspection/pc1_66jtBopNM_1.jpg.296x216.jpg
20200208,徐汇,长桥,动迁房无增值税，94年双南电梯房，房东置换诚意出售房主自荐,450万,2室1厅 | 62.11平米 | 南 | 简装 | 中楼层(共17层) | 1994年建 | 塔楼,https://image1.ljcdn.com/310000-inspection/prod-18a83784-97e2-45aa-b448-a5efe353e8f8.jpg.296x216.jpg
20200208,徐汇,长桥,99年电梯房，采光好，视野开阔，老房东诚心出售房主自荐,445万,2室2厅 | 92.69平米 | 东 北 | 简装 | 低楼层(共25层) | 1999年建 | 板楼,https://image1.ljcdn.com/310000-inspection/test-adaf46f7-2ce1-45dd-ae46-ae4bfc188e3b.png.296x216.jpg
20200208,徐汇,长桥,十五号线地铁口，双南全明户型，很适合刚需客户。房主自荐,287万,2室1厅 | 57平米 | 南 | 其他 | 6层 | 1992年建 | 板楼,https://image1.ljcdn.com/310000-inspection/pc1_670DP7p7c_1.jpg.296x216.jpg
20200208,徐汇,长桥,长桥三村 2室1厅 290万,290万,2室1厅 | 55.73平米 | 南 | 其他 | 中楼层(共6层) | 1989年建 | 板楼,https://image1.ljcdn.com/310000-inspection/pc1_Fc78qiH9f_1.jpg.296x216.jpg
20200208,徐汇,长桥,一梯两户，得房率高，采光无遮挡，有钥匙，随时看房主自荐,200万,1室1厅 | 41.47平米 | 南 | 简装 | 低楼层(共6层) | 1989年建 | 板楼,https://image1.ljcdn.com/310000-inspection/prod-51517d50-8c07-41ee-8adc-88e237606850.jpg.296x216.jpg
20200208,徐汇,长桥,此房通透，采光好，电梯两房，交通便捷，配套齐全,470万,2室1厅 | 71平米 | 东 | 简装 | 高楼层(共16层) | 1994年建 | 塔楼,https://image1.ljcdn.com/310000-inspection/prod-51f82ead-69f9-49a7-b1e0-987c766a2832.jpg.296x216.jpg
20200208,徐汇,长桥,长桥精装一室户，低总价，有钥匙看房方便,175万,1室1厅 | 37.32平米 | 南 | 精装 | 高楼层(共6层) | 1985年建 | 板楼,https://image1.ljcdn.com/310000-inspection/prod-08b5ddd9-c32d-4cb4-881a-bdb37bac1aa5.jpg.296x216.jpg
20200208,徐汇,长桥,罗秀河景房，中间楼层，采光好，通风好，适宜各种人群,195万,1室1厅 | 41.12平米 | 南 东 | 毛坯 | 中楼层(共6层) | 1995年建 | 板楼,https://image1.ljcdn.com/310000-inspection/prod-007426dd-9c2b-4a0d-a43c-4fc210a5ba81.jpg.296x216.jpg
20200208,徐汇,长桥,中间楼层，采光好，通风好，适宜各种人群,182万,1室1厅 | 38.98平米 | 南 | 简装 | 低楼层(共6层) | 1995年建 | 板楼,https://image1.ljcdn.com/310000-inspection/pc1_SInM1h1E3_1.jpg.296x216.jpg
20200208,徐汇,长桥,总价低，楼层好，一梯两户，房东诚意出售。,380万,1室1厅 | 42.79平米 | 东南 | 简装 | 中楼层(共6层) | 1990年建 | 板楼,https://image1.ljcdn.com/310000-inspection/prod-182d0f23-c217-41cd-82fe-3dfb96575997.jpg.296x216.jpg
20200208,徐汇,长桥,房型好，视野宽阔，全明户型，中间位置.看房方便,335万,2室1厅 | 71.6平米 | 南 | 毛坯 | 高楼层(共6层) | 1994年建 | 板楼,https://image1.ljcdn.com/310000-inspection/pc1_mySKrIYj0_1.jpg.296x216.jpg
20200208,徐汇,长桥,满五年唯一  东边套 全明 位置好  楼层好,218万,1室1厅 | 43.67平米 | 南 | 简装 | 中楼层(共6层) | 1993年建 | 板楼,https://image1.ljcdn.com/310000-inspection/pc1_Aunqiqgsr_1.jpg.296x216.jpg
20200208,徐汇,长桥,电梯两房，采光视野好，简单装修，有钥匙诚意出售,299万,2室1厅 | 68.31平米 | 东北 西 | 简装 | 高楼层(共16层) | 1993年建 | 塔楼,https://image1.ljcdn.com/310000-inspection/pc1_iMTEZLRY4_1.jpg.296x216.jpg
20200208,徐汇,长桥,长桥五村 电梯两房，单价低，看房方便,485万,2室1厅 | 73.86平米 | 东南 | 简装 | 低楼层(共24层) | 1990年建 | 塔楼,https://image1.ljcdn.com/310000-inspection/pc1_7jLPrZAVv_1.jpg.296x216.jpg
20200208,徐汇,长桥,链家优选新上两房，双南非顶楼，采光视野好，房型方正,295万,2室1厅 | 57.03平米 | 南 | 简装 | 高楼层(共6层) | 1993年建 | 板楼,https://image1.ljcdn.com/310000-inspection/pc1_7cHlVfYzt_1.jpg.296x216.jpg
20200208,徐汇,长桥,西边套 全明 3楼 售后公房 看房方便,234万,2室0厅 | 46.66平米 | 南 | 毛坯 | 中楼层(共5层) | 1984年建 | 板楼,https://image1.ljcdn.com/310000-inspection/pc1_l135hn52M_1.jpg.296x216.jpg
20200208,徐汇,长桥,中间楼层，采光好，满五唯一，税费少，房东诚心出售,455万,2室1厅 | 68.1平米 | 南 | 毛坯 | 中楼层(共24层) | 1990年建 | 塔楼,https://image1.ljcdn.com/310000-inspection/pc1_rd7EsUZZ9_1.jpg.296x216.jpg
20200208,徐汇,长桥,长桥六村 1室1厅 229万,229万,1室1厅 | 44.01平米 | 南 | 简装 | 高楼层(共6层) | 1993年建 | 板楼,https://image1.ljcdn.com/310000-inspection/pc1_noSU4db4t_1.jpg.296x216.jpg
20200208,徐汇,长桥,双南电梯房+楼层好+采光好+近出口房主自荐,355万,2室1厅 | 74平米 | 南 | 简装 | 低楼层(共16层) | 1993年建 | 塔楼,https://image1.ljcdn.com/310000-inspection/prod-42866452-32a3-41d2-8feb-9019a41b525d.jpg.296x216.jpg
20200208,徐汇,长桥,热门小区+南北通风经典五房带阁楼户型+精装修拎包入住,928万,5室2厅 | 139.25平米 | 南 | 精装 | 6层 | 2005年建 | 板楼,https://image1.ljcdn.com/310000-inspection/prod-f7499d7a-7c49-41fa-b993-d18f3cd4f540.jpg.296x216.jpg
20200208,徐汇,长桥,长桥一村少有电梯大三房，两南一西带大厅，诚意出售,730万,3室1厅 | 104.94平米 | 南 | 简装 | 高楼层(共17层) | 1994年建 | 塔楼,https://image1.ljcdn.com/310000-inspection/prod-513ddb6e-0e5b-43ad-b26c-3e1394001ea9.jpg.296x216.jpg
20200208,徐汇,长桥,罗秀新村    好楼层   好房型  房东诚意,380万,2室1厅 | 71.61平米 | 南 | 简装 | 中楼层(共6层) | 1994年建 | 板楼,https://image1.ljcdn.com/310000-inspection/pc1_ADyDUOjAL_1.jpg.296x216.jpg
20200208,徐汇,长桥,长桥一房，楼层佳，采光好,业主诚心出售，满五年,395万,1室1厅 | 44.04平米 | 南 | 简装 | 低楼层(共6层) | 1988年建 | 板楼,https://image1.ljcdn.com/310000-inspection/prod-e57bcf4b-bf78-4a63-bf63-86f278c466a3.jpg.296x216.jpg
20200208,徐汇,长桥,满五年不唯一 全明户型 售后公房 一梯3户,290万,2室1厅 | 58.96平米 | 南 北 | 简装 | 高楼层(共6层) | 1989年建 | 板楼,https://image1.ljcdn.com/310000-inspection/pc1_QzB8PqM0g_1.jpg.296x216.jpg
20200208,徐汇,长桥,一梯一户加错层双南全明户型加四面通风,345万,2室1厅 | 67.95平米 | 南 | 毛坯 | 高楼层(共7层) | 1990年建 | 板楼,https://image1.ljcdn.com/310000-inspection/test-1a45d429-519b-42c9-a33a-701cf3ba2886.png.296x216.jpg
20200208,徐汇,长桥,小区安静位置，视野好，采光好，看房方便,600万,2室2厅 | 91.83平米 | 南 | 简装 | 7层 | 2005年建 | 板楼,https://image1.ljcdn.com/310000-inspection/pc1_XDBlGRB1h_1.jpg.296x216.jpg
20200208,徐汇,长桥,2007年次新小区 一手动迁房 税费少 中高楼层采光好,825万,3室2厅 | 98.79平米 | 南 北 | 精装 | 中楼层(共18层) | 2007年建 | 板楼,https://image1.ljcdn.com/310000-inspection/test-bf2e4263-9a98-4a13-b2ce-c2a02af60c67.png.296x216.jpg
20200208,徐汇,长桥,长桥一村 1室1厅 370万,370万,1室1厅 | 40.11平米 | 东南 | 精装 | 低楼层(共6层) | 1989年建 | 板楼,https://image1.ljcdn.com/310000-inspection/pc1_XbkkfdORL_1.jpg.296x216.jpg
20200208,徐汇,长桥,罗秀新村  西边套采光好  房东诚意出售,326万,2室1厅 | 65.94平米 | 南 | 简装 | 低楼层(共6层) | 1994年建 | 板楼,https://image1.ljcdn.com/310000-inspection/pc1_uDRJehTAy_1.jpg.296x216.jpg
20200208,徐汇,长桥,长桥版块，链家真实房源，业主诚意出售，欢迎看房咨询,236.9万,2室1厅 | 52.08平米 | 东南 | 简装 | 中楼层(共6层) | 1989年建 | 板楼,https://image1.ljcdn.com/310000-inspection/prod-63411600-dc14-4221-b0ce-cd077fa144b2.jpg.296x216.jpg
20200208,徐汇,长桥,罗秀二村大一房，售后公房，房东诚心出售房主自荐,186万,1室1厅 | 39.56平米 | 南 | 简装 | 高楼层(共6层) | 1995年建 | 板楼,https://image1.ljcdn.com/310000-inspection/pc1_jfa8duxLj_1.jpg.296x216.jpg
20200208,徐汇,长桥,长桥七村 2室1厅 305万,305万,2室1厅 | 57.64平米 | 南 | 其他 | 6层 | 1992年建 | 板楼,https://image1.ljcdn.com/310000-inspection/pc1_vuVbG6h5R_1.jpg.296x216.jpg
20200208,徐汇,长桥,长桥七村 1室1厅 220万,220万,1室1厅 | 43.48平米 | 南 | 简装 | 6层 | 1990年建 | 板楼,https://image1.ljcdn.com/310000-inspection/pc1_f0OqNlI2U_1.jpg.296x216.jpg
20200208,徐汇,长桥,书香逸居 2室1厅 780万,780万,2室1厅 | 98.78平米 | 南 | 其他 | 中楼层(共23层) | 2007年建 | 板楼,https://image1.ljcdn.com/310000-inspection/pc1_rn0OplaKM_1.jpg.296x216.jpg
20200208,徐汇,长桥,此房满五唯一，视野宽阔，全明户型，中间位置.,420万,3室1厅 | 84平米 | 南 | 简装 | 高楼层(共6层) | 1994年建 | 板楼,https://image1.ljcdn.com/310000-inspection/prod-92e0592f-1dde-4254-aab1-1a3877b3b753.jpg.296x216.jpg
20200208,徐汇,长桥,精装修大两房，适合自住，采光好，无遮挡，一梯两户,450万,2室1厅 | 56.07平米 | 东南 | 精装 | 低楼层(共6层) | 1989年建 | 板楼,https://image1.ljcdn.com/310000-inspection/prod-a5030933-ce4c-41b8-8105-dd43b4d528cc.jpg.296x216.jpg
20200208,徐汇,长桥,业主诚意出售 看房提前预约 边套全明,414万,1室1厅 | 43.37平米 | 南 | 精装 | 中楼层(共5层) | 1994年建 | 板楼,https://image1.ljcdn.com/310000-inspection/prod-91a27d48-3d4d-4e4a-8760-dd68d49ab156.jpg.296x216.jpg
20200208,徐汇,长桥,满五唯一税费少，南北户型西边套，全明户型采光好，,215万,1室1厅 | 44.46平米 | 东南 | 简装 | 低楼层(共6层) | 1993年建 | 板楼,https://image1.ljcdn.com/310000-inspection/prod-1d54f418-c140-4254-9042-b997b5120b10.jpg.296x216.jpg
20200208,徐汇,长桥,长桥五村 2室1厅 530万,530万,2室1厅 | 77.61平米 | 南 | 精装 | 高楼层(共24层) | 1990年建 | 塔楼,https://image1.ljcdn.com/310000-inspection/prod-6fecbb2a-e574-4dcd-a40c-c5893da680b7.jpg.296x216.jpg
20200208,徐汇,长桥,低楼层，全明两房，满五一，房东零税，诚意售房。,290万,2室1厅 | 57.44平米 | 东南 | 简装 | 中楼层(共6层) | 1993年建 | 板楼,https://image1.ljcdn.com/310000-inspection/pc1_cqSVGhVom_1.jpg.296x216.jpg
20200208,徐汇,长桥,长桥四村 2室1厅 308万,308万,2室1厅 | 68.31平米 | 东北 | 简装 | 中楼层(共16层) | 1993年建 | 塔楼,https://image1.ljcdn.com/310000-inspection/pc1_aSzR66y9M_1.jpg.296x216.jpg
20200208,徐汇,长桥,经典一房，全明户型，采光充足，简装，可拎包入住,360万,1室1厅 | 32.98平米 | 南 | 简装 | 低楼层(共5层) | 1985年建 | 板楼,https://image1.ljcdn.com/310000-inspection/pc1_LQOpiJcCB_1.jpg.296x216.jpg
20200208,徐汇,长桥,老房东委托  长桥三村  一房  视野开阔,190万,1室0厅 | 38.65平米 | 南 | 简装 | 高楼层(共6层) | 1985年建 | 板楼,https://image1.ljcdn.com/310000-inspection/pc1_CpxRRTMdf_1.jpg.296x216.jpg
20200208,徐汇,长桥,三村全明两房，一梯两户，采光好，无遮挡,256万,2室1厅 | 56.63平米 | 东南 | 简装 | 高楼层(共6层) | 1991年建 | 板楼,https://image1.ljcdn.com/310000-inspection/pc1_XQvC30ySc_1.jpg.296x216.jpg
20200208,徐汇,长桥,长桥五村，正气双南两房，一梯两户，小区中间位置,490万,2室1厅 | 55.28平米 | 南 | 简装 | 低楼层(共6层) | 1990年建 | 板楼,https://image1.ljcdn.com/310000-inspection/pc1_cM0DZeL97_1.jpg.296x216.jpg
20200208,徐汇,长桥,正南正北，一房一厅，采光通风好，总价低，诚意出售,210万,1室1厅 | 44.46平米 | 南 | 简装 | 高楼层(共6层) | 1993年建 | 板楼,https://image1.ljcdn.com/310000-inspection/pc1_wi4FLfVN8_1.jpg.296x216.jpg
20200208,徐汇,长桥,15号地铁罗秀路，楼层采光好，长桥六村链家优选。房主自荐,235万,1室1厅 | 44.01平米 | 南 | 简装 | 中楼层(共6层) | 1993年建 | 板楼,https://image1.ljcdn.com/310000-inspection/pc1_YjhIbGYXw_1.jpg.296x216.jpg
20200208,徐汇,长桥,罗秀二村 1室1厅 180万,180万,1室1厅 | 39.12平米 | 南 | 毛坯 | 高楼层(共6层) | 1995年建 | 板楼,https://image1.ljcdn.com/310000-inspection/pc1_qkhxtgwvr_1.jpg.296x216.jpg
20200208,徐汇,长桥,此房南北两房，电梯采光好，交通便捷，配套齐全,440万,2室1厅 | 59.43平米 | 南 | 精装 | 高楼层(共17层) | 1994年建 | 塔楼,https://image1.ljcdn.com/310000-inspection/pc1_s2ogOLbYW_1.jpg.296x216.jpg
20200208,徐汇,长桥,2房户型，正南户型，采光充足，精装修，有家具家电,460万,2室1厅 | 69.12平米 | 南 东北 | 简装 | 中楼层(共16层) | 1994年建 | 塔楼,https://image1.ljcdn.com/310000-inspection/pc1_njvbN3Xqk_1.jpg.296x216.jpg
20200208,徐汇,长桥,长桥三村 2室1厅 318万,318万,2室1厅 | 64.65平米 | 南 | 简装 | 高楼层(共6层) | 1989年建 | 板楼,https://image1.ljcdn.com/310000-inspection/pc1_zt1BchyTj_1.jpg.296x216.jpg
20200208,徐汇,长桥,精装大一房，自住舒适度高，小区位置方便,230万,1室1厅 | 42.4平米 | 南 | 简装 | 高楼层(共7层) | 1989年建 | 板楼,https://image1.ljcdn.com/310000-inspection/pc1_9KtAV1660_1.jpg.296x216.jpg
20200208,徐汇,长桥,好楼层，好户型，满五年，看房方便。房主自荐,465万,2室1厅 | 63.11平米 | 南 | 简装 | 高楼层(共17层) | 1994年建 | 塔楼,https://image1.ljcdn.com/310000-inspection/pc1_SnMt5UQN6_1.jpg.296x216.jpg
20200208,徐汇,长桥,没读过书，房子满五年的，无贷款，无抵押,390万,1室1厅 | 43.59平米 | 南 | 简装 | 中楼层(共6层) | 1989年建 | 板楼,https://image1.ljcdn.com/310000-inspection/pc1_JnbNbMVoa_1.jpg.296x216.jpg
20200208,徐汇,长桥,精装修+带阁楼+边套全明+南北通风+不临街,689万,3室2厅 | 89.7平米 | 南 | 精装 | 12层 | 2008年建 | 板楼,https://image1.ljcdn.com/310000-inspection/pc1_ZEqKBwJiI_1.jpg.296x216.jpg
20200208,徐汇,长桥,经典两房，全明户型，采光充足，简装，可拎包入住,498万,2室1厅 | 57平米 | 东南 南 | 简装 | 中楼层(共5层) | 1985年建 | 板楼,https://image1.ljcdn.com/310000-inspection/pc1_C4oafDNLw_1.jpg.296x216.jpg
20200208,徐汇,长桥,双南两房户型正气，不临马路，满五唯一税费少，诚心售房主自荐,303万,2室1厅 | 60.84平米 | 南 | 简装 | 高楼层(共6层) | 1991年建 | 板楼,https://image1.ljcdn.com/310000-inspection/prod-c797ac3e-3941-4064-ad53-c836172e5ee0.jpg.296x216.jpg
20200208,徐汇,长桥,2007年次新房 电梯高区 精装半年 采光好，诚售！,680万,2室2厅 | 83.89平米 | 南 | 精装 | 高楼层(共18层) | 2007年建 | 板楼,https://image1.ljcdn.com/310000-inspection/prod-e9c138dc-56e8-4caf-9983-cd311959b72b.jpg.296x216.jpg
20200208,徐汇,长桥,四村大一房  卧室改成小两房  采光好 视野佳,200万,1室1厅 | 38.9平米 | 南 | 简装 | 高楼层(共5层) | 1988年建 | 板楼,https://image1.ljcdn.com/310000-inspection/test-bcf0b17a-eb40-4c15-b62a-39c6a325e653.png.296x216.jpg
20200208,徐汇,长桥,电梯两房，户型方正，交通便利，配套齐全,455万,2室1厅 | 59.43平米 | 南 | 简装 | 高楼层(共17层) | 1994年建 | 塔楼,https://image1.ljcdn.com/310000-inspection/prod-504a207a-852d-4de0-a976-c61909c918ef.jpg.296x216.jpg
20200208,徐汇,长桥,长桥四村   南北的二房   房东置换,260万,2室0厅 | 52.91平米 | 南 | 简装 | 中楼层(共7层) | 1990年建 | 板楼,https://image1.ljcdn.com/310000-inspection/prod-28533479-3da1-4b2b-93f0-2699b0d36b21.jpg.296x216.jpg
20200208,徐汇,长桥,电梯房满五年，楼层好，看房方便,445万,2室1厅 | 69.47平米 | 东 | 简装 | 中楼层(共17层) | 1994年建 | 塔楼,https://image1.ljcdn.com/310000-inspection/prod-fa51aa40-309c-48c0-95d8-201c8d174cc6.jpg.296x216.jpg
20200208,徐汇,长桥,双南2房 装修好 拎包入住 看房方便,510万,2室1厅 | 72.38平米 | 南 | 其他 | 高楼层(共24层) | 1990年建 | 塔楼,https://image1.ljcdn.com/310000-inspection/prod-4dcfad13-79cf-41cd-a4c7-bdd34fa31697.jpg.296x216.jpg
20200208,徐汇,长桥,徐汇新城+精装修＋得房率高+品质小区＋看房方便房主自荐,710万,4室1厅 | 122.76平米 | 南 | 精装 | 12层 | 2008年建 | 板楼,https://image1.ljcdn.com/310000-inspection/test-cc9a8c4b-c514-4e88-9325-f7f18b213c4a.png.296x216.jpg
20200208,徐汇,长桥,罗秀新村+主卧朝南+全明户型+楼层俱佳+采光和视野不错,235万,1室1厅 | 48.41平米 | 南 | 简装 | 高楼层(共6层) | 1993年建 | 板楼,https://image1.ljcdn.com/310000-inspection/test-e8e10df5-24ae-4eb8-83ca-a7b76854856c.png.296x216.jpg
20200208,徐汇,长桥,长桥三村+一居室+小户型+业主诚意出售+采光好！,185万,1室1厅 | 38.65平米 | 南 | 简装 | 高楼层(共6层) | 1988年建 | 板楼,https://image1.ljcdn.com/310000-inspection/prod-f9d2018a-7194-4759-a248-31cbf76f917d.jpg.296x216.jpg
20200208,徐汇,长桥,长桥三村 1房1厅，中等装修，近花园，采光好房主自荐,205万,1室1厅 | 44平米 | 南 北 | 简装 | 高楼层(共6层) | 1989年建 | 板楼,https://image1.ljcdn.com/310000-inspection/prod-5bf532e3-f8cc-4c6e-b635-94a2b38fbcd7.jpg.296x216.jpg
20200208,徐汇,长桥,注意 注意 注意 总价低 一房带厅南北两边通透,168万,1室1厅 | 35平米 | 南 | 简装 | 高楼层(共6层) | 1989年建 | 板楼,https://image1.ljcdn.com/310000-inspection/prod-f2acba92-c2f3-4dd3-a5fe-79c1979cbb58.jpg.296x216.jpg
20200208,徐汇,长桥,全明三房，精装修，双南光好，位置安静，拎包入住,560万,3室1厅 | 69.52平米 | 南 | 简装 | 高楼层(共6层) | 1990年建 | 板楼,https://image1.ljcdn.com/310000-inspection/test-9e2a0ec4-1ede-4f3f-89f5-a846aaedeace.png.296x216.jpg
20200208,徐汇,长桥,满五年不唯一.好楼层，采光好.业主诚意出售.看房方便,370万,1室1厅 | 41.96平米 | 西南 | 简装 | 中楼层(共6层) | 1989年建 | 板楼,https://image1.ljcdn.com/310000-inspection/prod-da59ebb6-d0c0-429f-830c-ae4c08a63ee6.jpg.296x216.jpg
20200208,徐汇,长桥,长桥低总价两房一厅，一家三口适合自住,265万,2室1厅 | 58.64平米 | 南 | 简装 | 高楼层(共6层) | 1989年建 | 板楼,https://image1.ljcdn.com/310000-inspection/prod-30ce3d35-0390-4122-a3a7-ec125e7666e1.jpg.296x216.jpg
20200208,徐汇,长桥,罗秀新村 1室1厅 235万,235万,1室1厅 | 49.48平米 | 南 | 简装 | 高楼层(共6层) | 1994年建 | 板楼,https://image1.ljcdn.com/310000-inspection/pc1_TKX3A5koP_1.jpg.296x216.jpg
20200208,徐汇,长桥,正气一房  诚意出售 户型好  户口随时好迁出,380万,1室1厅 | 40.03平米 | 南 | 毛坯 | 高楼层(共5层) | 1983年建 | 板楼,https://image1.ljcdn.com/310000-inspection/pc1_1vw2v1LMX_1.jpg.296x216.jpg
20200208,徐汇,长桥,一梯二户，全明户型，采光好，出行t停车方便!,235万,1室1厅 | 48.41平米 | 南 | 简装 | 高楼层(共6层) | 1994年建 | 板楼,https://image1.ljcdn.com/310000-inspection/pc1_WrBVHeL3H_1.jpg.296x216.jpg
20200208,徐汇,长桥,电梯顶楼复式 带露台带产权车位一本产证两套房,1100万,2室4厅 | 129.4平米 | 南 | 精装 | 高楼层(共10层) | 2007年建 | 板楼,https://image1.ljcdn.com/310000-inspection/pc1_mwDqSOQRP_1.jpg.296x216.jpg
20200208,徐汇,长桥,楼层好，精装修，一梯二户，采光好，拎包入住！,230万,1室1厅 | 44.46平米 | 南 东南 | 精装 | 中楼层(共6层) | 1993年建 | 板楼,https://image1.ljcdn.com/310000-inspection/pc1_lKbS7ZLWY_1.jpg.296x216.jpg
20200208,徐汇,长桥,长桥一村 2室1厅 450万,450万,2室1厅 | 67.8平米 | 南 | 简装 | 低楼层(共6层) | 1989年建 | 板楼,https://image1.ljcdn.com/310000-inspection/pc1_PD2JIqSpq_1.jpg.296x216.jpg
20200208,徐汇,长桥,长桥三村 1室1厅 225万,225万,1室1厅 | 41.66平米 | 南 | 其他 | 低楼层(共6层) | 1989年建 | 板楼,https://image1.ljcdn.com/310000-inspection/pc1_qfpXeupqR_1.jpg.296x216.jpg
20200208,徐汇,长桥,长桥三村 1室1厅 220万,220万,1室1厅 | 43.77平米 | 南 | 其他 | 低楼层(共6层) | 1989年建 | 板楼,https://image1.ljcdn.com/310000-inspection/pc1_IPsik0rqh_1.jpg.296x216.jpg
20200208,徐汇,长桥,长桥五村 1室1厅 385万,385万,1室1厅 | 43.58平米 | 南 | 简装 | 高楼层(共6层) | 1989年建 | 板楼,https://image1.ljcdn.com/310000-inspection/pc1_aX2LzIqqU_1.jpg.296x216.jpg
20200208,徐汇,长桥,精装修南北两房、南北花园绿地！,680万,2室1厅 | 90.59平米 | 南 北 | 精装 | 12层 | 2008年建 | 板楼,https://image1.ljcdn.com/310000-inspection/pc1_maoTFMliC_1.jpg.296x216.jpg
20200208,徐汇,长桥,长桥三村 1室1厅 222万,222万,1室1厅 | 43.67平米 | 南 | 其他 | 中楼层(共6层) | 1993年建 | 板楼,https://image1.ljcdn.com/310000-inspection/pc1_DZwK5DvHl_1.jpg.296x216.jpg
20200208,徐汇,长桥,长桥五村 1室1厅 390万,390万,1室1厅 | 43.59平米 | 南 | 其他 | 高楼层(共6层) | 1989年建 | 板楼,https://image1.ljcdn.com/310000-inspection/pc1_UdCMXNw6J_1.jpg.296x216.jpg
20200208,徐汇,长桥,罗秀二村 1室1厅 182万,182万,1室1厅 | 39.12平米 | 南 | 简装 | 中楼层(共6层) | 1995年建 | 板楼,https://image1.ljcdn.com/310000-inspection/pc1_76ITnYIkv_1.jpg.296x216.jpg
20200208,徐汇,长桥,小区三房楼层好，视野宽阔，采光充足，配套齐全。,800万,3室2厅 | 113.6平米 | 南 北 | 简装 | 12层 | 2005年建 | 板楼,https://image1.ljcdn.com/310000-inspection/prod-cc695eda-612f-4564-b3ce-24b89042057b.jpg.296x216.jpg
20200208,徐汇,长桥,精装修一房一厅.房东诚意出售，房主自荐,200万,1室1厅 | 40.11平米 | 南 | 精装 | 高楼层(共6层) | 1995年建 | 板楼,https://image1.ljcdn.com/310000-inspection/prod-022af64e-fc0e-47e0-bed6-c495c5e8383c.jpg.296x216.jpg
20200208,徐汇,长桥,罗秀二村 1室1厅 202万,202万,1室1厅 | 39.48平米 | 南 | 精装 | 中楼层(共6层) | 1995年建 | 板楼,https://image1.ljcdn.com/310000-inspection/pc1_Mmuf7oyTa_1.jpg.296x216.jpg
20200208,徐汇,长桥,本周热推 正气一房，全明户型，采光充足，精装修,375万,1室1厅 | 41.14平米 | 东南 | 简装 | 中楼层(共6层) | 1989年建 | 板楼,https://image1.ljcdn.com/310000-inspection/pc1_hRmPSe6Qw_1.jpg.296x216.jpg
20200208,徐汇,长桥,电梯一室户，房源少，采光好，户型正气,388万,1室0厅 | 47.05平米 | 南 | 简装 | 低楼层(共17层) | 1994年建 | 塔楼,https://image1.ljcdn.com/310000-inspection/pc1_zgQpRjz5t_1.jpg.296x216.jpg
20200208,徐汇,长桥,急 ！ 急！急！重要的事情说三遍，没有比这套便宜的了,187万,1室1厅 | 44.46平米 | 东南 | 简装 | 高楼层(共6层) | 1993年建 | 板楼,https://image1.ljcdn.com/310000-inspection/test-a8cbf7c5-26e5-41b7-8a0f-1b1c7918ddc9.png.296x216.jpg
20200208,徐汇,长桥,双南电梯房   高区采光好  房型正气,465万,2室1厅 | 63.11平米 | 南 | 简装 | 高楼层(共17层) | 1994年建 | 塔楼,https://image1.ljcdn.com/310000-inspection/prod-08ecb7c9-990e-44b7-8aaf-e90a20e38c5f.jpg.296x216.jpg
20200208,徐汇,长桥,总价低，一梯二户，出行方便，优质好房,207万,1室1厅 | 43.48平米 | 东南 | 简装 | 6层 | 1990年建 | 板楼,https://image1.ljcdn.com/310000-inspection/prod-c10d3c00-eccc-4b09-8727-4a669fb4d886.jpg.296x216.jpg
20200208,徐汇,长桥,户型正气，低楼层，适宜老人，小区位子好。房主自荐,455万,2室1厅 | 55.9平米 | 东南 | 简装 | 低楼层(共6层) | 1989年建 | 板楼,https://image1.ljcdn.com/310000-inspection/prod-1a703215-7b50-4df7-a308-7d4098680619.jpg.296x216.jpg
20200208,徐汇,长桥,长桥四村 1室0厅 175万,175万,1室0厅 | 29.74平米 | 南 | 简装 | 低楼层(共7层) | 1990年建 | 板楼,https://image1.ljcdn.com/310000-inspection/prod-df6f9f10-83a1-4b05-adf6-ba37ee94aa8d.jpg.296x216.jpg
20200208,徐汇,长桥,此房满二唯一，五楼采光好，视野开阔，交通方便！,233万,1室1厅 | 49.66平米 | 南 | 简装 | 高楼层(共6层) | 1995年建 | 板楼,https://image1.ljcdn.com/310000-inspection/test-7647f18b-09fa-41b3-bdcc-bb72d7cf3736.png.296x216.jpg
20200208,徐汇,长桥,二楼一室户+朝南采光好+近出口方便+总价低,176万,1室0厅 | 30.65平米 | 南 | 精装 | 低楼层(共7层) | 1990年建 | 板楼,https://image1.ljcdn.com/310000-inspection/prod-b9b38d64-352a-4106-a245-3297715b899c.jpg.296x216.jpg
20200208,徐汇,长桥,长桥新村    南北一房    楼层好    视野开阔,179万,1室1厅 | 35.81平米 | 南 | 简装 | 高楼层(共5层) | 1988年建 | 板楼,https://image1.ljcdn.com/310000-inspection/prod-bcbf6bbf-296e-4173-9fd3-f5a92b7b9a94.jpg.296x216.jpg
20200208,徐汇,长桥,正气一室户，位置安静前无遮挡，诚意出售价格好谈。,180万,1室0厅 | 38.77平米 | 南 | 简装 | 高楼层(共6层) | 1991年建 | 板楼,https://image1.ljcdn.com/310000-inspection/pc1_ewscUp0mN_1.jpg.296x216.jpg
20200208,徐汇,长桥,全明西边套，采光无遮挡，五年精装修，超大楼间距,435万,2室1厅 | 51.1平米 | 南 | 精装 | 高楼层(共5层) | 1987年建 | 板楼,https://image1.ljcdn.com/310000-inspection/prod-86d3dfb8-6258-463b-8a54-4e9569b3c1da.jpg.296x216.jpg
20200208,徐汇,长桥,星罗苑商品房环境好精装修带阁楼,790万,2室1厅 | 95平米 | 南 | 精装 | 高楼层(共6层) | 2005年建 | 板楼,https://image1.ljcdn.com/310000-inspection/prod-d5edc7c1-e9cc-4bcb-9737-1b22e1c8a652.jpg.296x216.jpg
20200208,徐汇,长桥,全明户型，格局正气，采光充足，视野开阔,460万,2室1厅 | 66.75平米 | 东南 | 精装 | 中楼层(共6层) | 1988年建 | 板楼,https://image1.ljcdn.com/310000-inspection/prod-14566189-722e-4423-ac2e-466fd65edca6.jpg.296x216.jpg
20200208,徐汇,长桥,星罗苑 3室1厅 808万,808万,3室1厅 | 93.95平米 | 南 北 | 简装 | 中楼层(共6层) | 2005年建 | 板楼,https://image1.ljcdn.com/310000-inspection/test-918dd732-e0d7-4e52-a8a5-a903d812eb3d.png.296x216.jpg
20200208,徐汇,长桥,高区电梯房，采光好，视野开阔，通风性好，税费少,390万,2室1厅 | 81.3平米 | 东南 | 简装 | 中楼层(共25层) | 1999年建 | 板楼,https://image1.ljcdn.com/310000-inspection/test-6e8f5764-1591-4c14-a0fa-20c6ffa855d6.png.296x216.jpg
20200208,徐汇,长桥,品质小区 南北通风 楼层好  精装修保养好  诚意出售,820万,2室2厅 | 96平米 | 南 | 精装 | 中楼层(共6层) | 2005年建 | 板楼,https://image1.ljcdn.com/shfdfs-image/20171224/f05609f8-bcd7-4692-a412-d49737195ff4.jpg.296x216.jpg
20200208,徐汇,长桥,小区优势位置，不临街，室内室外风景独好，包车位。房主自荐,960万,4室2厅 | 161.45平米 | 南 北 | 简装 | 7层 | 2005年建 | 板楼,https://image1.ljcdn.com/310000-inspection/57cc9ed7-ef48-4271-9c5d-7a6585fc5390.jpg.296x216.jpg
20200208,徐汇,长桥,电梯房两房，自住精装修，房东诚心出售,370万,2室1厅 | 73.4平米 | 南 | 简装 | 高楼层(共25层) | 1999年建 | 板楼,https://image1.ljcdn.com/310000-inspection/bc622920-453a-4703-9b25-6e1acaddaad4.jpg.296x216.jpg
20200208,徐汇,长桥,南北二房，全明户型通透！楼层好！,256万,2室1厅 | 58.27平米 | 南 | 精装 | 低楼层(共6层) | 1995年建 | 板楼,https://image1.ljcdn.com/310000-inspection/rsp_pic_uploadcce73c29-472c-4857-9b5c-e13a171fd0b6.jpg.296x216.jpg
20200208,徐汇,长桥,长桥三村  老房东委托   大一房一厅 全明户型,200万,1室1厅 | 43.7平米 | 南 | 简装 | 高楼层(共6层) | 1989年建 | 板楼,https://image1.ljcdn.com/310000-inspection/rsp_pic_upload1e5d3a9a-e825-45d8-bf63-2c57e0b677da.jpg.296x216.jpg
20200208,徐汇,长桥,满五年，三村很少的双南楼层好，位置好，采光好无遮挡,305万,2室1厅 | 56.89平米 | 南 | 简装 | 低楼层(共6层) | 1989年建 | 板楼,https://image1.ljcdn.com/310000-inspection/fdfeab85-b834-4525-b756-75d5e83952d2.jpg.296x216.jpg
20200208,徐汇,长桥,环境好，户型方正，交通方便。。。,188万,1室1厅 | 40.23平米 | 南 | 精装 | 高楼层(共6层) | 1995年建 | 板楼,https://image1.ljcdn.com/310000-inspection/rsp_pic_upload3b1eb5a9-0e1b-4739-8358-312d2a484868.jpg.296x216.jpg
20200208,徐汇,长桥,电梯房，售后公房，daydayup，好房子要看过才知道哟！,475万,2室1厅 | 66.33平米 | 东 | 简装 | 中楼层(共24层) | 1990年建 | 塔楼,https://image1.ljcdn.com/310000-inspection/rsp_pic_upload669547d2-303c-4735-847e-24fe359f04f4.jpg.296x216.jpg
20200208,徐汇,长桥,长桥八村 1室1厅 285万,285万,1室1厅 | 43.73平米 | 南 | 简装 | 低楼层(共6层) | 1997年建 | 暂无数据,https://image1.ljcdn.com/310000-inspection/pc1_JEq5TSaW7_1.jpg.296x216.jpg
20200208,徐汇,长桥,华馨公寓 2室2厅 750万,750万,2室2厅 | 92.72平米 | 南 | 其他 | 高楼层(共11层) | 2006年建 | 板楼,https://image1.ljcdn.com/310000-inspection/pc1_yN4jwHT7x_1.jpg.296x216.jpg
20200208,徐汇,长桥,房子单价低，房龄新（2007），户型正气,850万,2室1厅 | 96.14平米 | 南 | 精装 | 中楼层(共10层) | 2007年建 | 板楼,https://image1.ljcdn.com/310000-inspection/prod-c6f0fc3b-0e72-4ef0-b40d-ab139060e51a.jpg.296x216.jpg
20200208,徐汇,长桥,长桥七村+两居室+一梯三户+双南户型+业主诚意出售！房主自荐,298万,2室1厅 | 57.85平米 | 南 | 简装 | 6层 | 1990年建 | 板楼,https://image1.ljcdn.com/shfdfs-image/20180119/237db101-c382-4338-954c-0f8a355aa948.jpg.296x216.jpg
20200208,徐汇,长桥,罗秀二村 1室1厅 188万,188万,1室1厅 | 39.48平米 | 南 | 简装 | 低楼层(共6层) | 1995年建 | 板楼,https://image1.ljcdn.com/310000-inspection/pc1_PXAI6HAec_1.jpg.296x216.jpg
20200208,徐汇,长桥,长桥八村 1室1厅 260万,260万,1室1厅 | 44.59平米 | 南 | 其他 | 低楼层(共6层) | 1996年建 | 暂无数据,https://image1.ljcdn.com/310000-inspection/pc1_CKVFNHWBv_1.jpg.296x216.jpg
20200208,徐汇,长桥,罗秀新村 1室1厅 255万,255万,1室1厅 | 49.39平米 | 南 | 简装 | 中楼层(共6层) | 1994年建 | 板楼,https://image1.ljcdn.com/310000-inspection/pc1_oiDnv9HJJ_1.jpg.296x216.jpg
20200208,徐汇,长桥,三梯队，非顶楼一房一厅，厅很宽敞，总价低清爽装修。,192万,1室1厅 | 41.1平米 | 南 东 | 简装 | 高楼层(共6层) | 1991年建 | 板楼,https://image1.ljcdn.com/310000-inspection/pc1_gPN4Gx49P_1.jpg.296x216.jpg
20200208,徐汇,长桥,长桥新村 2室0厅 250万,250万,2室0厅 | 45.79平米 | 南 | 简装 | 高楼层(共5层) | 1988年建 | 板楼,https://image1.ljcdn.com/310000-inspection/prod-fc074090-591b-4002-81a1-84b1a661a67d.jpg.296x216.jpg
20200208,徐汇,长桥,售后公房， 满五不唯一，楼层位置好，购房成本低。,408万,1室1厅 | 43.59平米 | 南 | 简装 | 中楼层(共6层) | 1989年建 | 板楼,https://image1.ljcdn.com/310000-inspection/pc1_xH8edg49i_1.jpg.296x216.jpg
20200208,徐汇,长桥,房子满五唯一，税费少，正气一房一厅，厨卫朝北。,250万,1室1厅 | 44.01平米 | 南 | 简装 | 6层 | 1990年建 | 板楼,https://image1.ljcdn.com/310000-inspection/prod-c6f08e8e-e340-4488-a02a-eaac1d1d5629.jpg.296x216.jpg
20200208,徐汇,长桥,中间楼层，一房一厅，采光通风好，总价低，诚意出售,225万,1室1厅 | 44.46平米 | 南 | 简装 | 中楼层(共6层) | 1993年建 | 板楼,https://image1.ljcdn.com/310000-inspection/pc1_cnDFH3F9r_1.jpg.296x216.jpg
20200208,徐汇,长桥,长桥七村上新链家优选好房，精装修，诚意出售的好房子,175万,1室0厅 | 34.05平米 | 南 | 精装 | 6层 | 1992年建 | 板楼,https://image1.ljcdn.com/310000-inspection/pc1_mLku8yvqI_1.jpg.296x216.jpg
20200208,徐汇,长桥,小区中间位置 双南小两房 高楼层通风采光好,277万,2室1厅 | 57.04平米 | 南 | 简装 | 高楼层(共6层) | 1989年建 | 板楼,https://image1.ljcdn.com/310000-inspection/pc1_JOXrdjrDZ_1.jpg.296x216.jpg
20200208,徐汇,长桥,双南两房.阳光好.售后公房满五唯一，楼层好.看房方便,475万,2室1厅 | 60.78平米 | 南 | 简装 | 高楼层(共6层) | 1988年建 | 板楼,https://image1.ljcdn.com/310000-inspection/pc1_prr5WI3ww_1.jpg.296x216.jpg
20200208,徐汇,长桥,新村94年的房子，西边套，不临街自住装修，诚意出售。,298万,2室1厅 | 54.89平米 | 南 | 简装 | 中楼层(共6层) | 1994年建 | 板楼,https://image1.ljcdn.com/310000-inspection/pc1_THQnocqGa_1.jpg.296x216.jpg
20200208,徐汇,长桥,罗秀二村 1室1厅 189万,189万,1室1厅 | 39平米 | 南 | 精装 | 高楼层(共6层) | 1995年建 | 板楼,https://image1.ljcdn.com/310000-inspection/pc1_mOhqSDrSC_1.jpg.296x216.jpg
20200208,徐汇,长桥,长桥四村 1室1厅 188万,188万,1室1厅 | 38.73平米 | 南 | 简装 | 高楼层(共6层) | 1988年建 | 板楼,https://image1.ljcdn.com/310000-inspection/pc1_uCAWgVWWr_1.jpg.296x216.jpg
20200208,徐汇,长桥,长桥四村南北2年.满二年.刚装修3年左右房东诚心出售房主自荐,260万,2室1厅 | 51.42平米 | 南 北 | 精装 | 高楼层(共6层) | 1989年建 | 板楼,https://image1.ljcdn.com/310000-inspection/prod-322f2546-acec-4b3e-9759-554a90f380b7.jpg.296x216.jpg
